"BehaviorSpace results (NetLogo 7.0.2)","Table version 2.0"
"modelo_redes_preferenciales.nlogox"
"main-pattern-positive-fixed-small-world"
"06/22/2026 04:22:26:997 -0500"
"min-pxcor","max-pxcor","min-pycor","max-pycor"
"-16","16","-16","16"
"[run number]","total-ticks","learning-rate","pairs-per-tick","confidence-threshold","influence-type","[step]","percentage-A","percentage-B","male-percentage-A","female-percentage-A"
"1","260","0.1","10","0","pos","0","60.5607476635514","39.4392523364486","59.06432748538012","61.93895870736086"
"1","260","0.1","10","0","pos","69","61.02803738317757","38.97196261682243","59.64912280701754","62.29802513464991"
"1","260","0.1","10","0","pos","166","62.33644859813084","37.663551401869164","60.23391812865497","64.27289048473968"
"10","260","0.5","20","0","pos","0","60.5607476635514","39.4392523364486","59.06432748538012","61.93895870736086"
"11","260","0.1","30","0","pos","0","60.5607476635514","39.4392523364486","59.06432748538012","61.93895870736086"
"2","260","0.2","10","0","pos","0","60.5607476635514","39.4392523364486","59.06432748538012","61.93895870736086"
"4","260","0.4","10","0","pos","0","60.5607476635514","39.4392523364486","59.06432748538012","61.93895870736086"
"1","260","0.1","10","0","pos","259","62.42990654205608","37.570093457943926","60.81871345029239","63.91382405745063"
"9","260","0.4","20","0","pos","0","60.5607476635514","39.4392523364486","59.06432748538012","61.93895870736086"
"7","260","0.2","20","0","pos","0","60.5607476635514","39.4392523364486","59.06432748538012","61.93895870736086"
"8","260","0.3","20","0","pos","0","60.5607476635514","39.4392523364486","59.06432748538012","61.93895870736086"
"6","260","0.1","20","0","pos","0","60.5607476635514","39.4392523364486","59.06432748538012","61.93895870736086"
"12","260","0.2","30","0","pos","0","60.5607476635514","39.4392523364486","59.06432748538012","61.93895870736086"
"11","260","0.1","30","0","pos","69","62.149532710280376","37.850467289719624","61.40350877192983","62.83662477558348"
"2","260","0.2","10","0","pos","69","61.308411214953274","38.691588785046726","59.84405458089669","62.65709156193896"
"3","260","0.3","10","0","pos","0","60.5607476635514","39.4392523364486","59.06432748538012","61.93895870736086"
"10","260","0.5","20","0","pos","69","64.20560747663552","35.794392523364486","66.08187134502924","62.47755834829444"
"4","260","0.4","10","0","pos","69","62.80373831775701","37.19626168224299","62.768031189083814","62.83662477558348"
"5","260","0.5","10","0","pos","0","60.5607476635514","39.4392523364486","59.06432748538012","61.93895870736086"
"9","260","0.4","20","0","pos","69","66.82242990654206","33.177570093457945","64.5224171539961","68.9407540394973"
"7","260","0.2","20","0","pos","69","61.6822429906542","38.31775700934579","62.37816764132553","61.04129263913825"
"8","260","0.3","20","0","pos","69","63.45794392523364","36.54205607476636","62.768031189083814","64.09335727109516"
"6","260","0.1","20","0","pos","69","60.93457943925233","39.06542056074767","59.25925925925925","62.47755834829444"
"4","260","0.4","10","0","pos","166","64.85981308411215","35.14018691588785","67.05653021442495","62.83662477558348"
"2","260","0.2","10","0","pos","166","62.33644859813084","37.663551401869164","61.59844054580896","63.016157989228006"
"5","260","0.5","10","0","pos","69","63.177570093457945","36.822429906542055","65.10721247563353","61.40035906642729"
"13","260","0.3","30","0","pos","0","60.5607476635514","39.4392523364486","59.06432748538012","61.93895870736086"
"11","260","0.1","30","0","pos","166","65.42056074766354","34.57943925233645","64.71734892787524","66.06822262118493"
"9","260","0.4","20","0","pos","166","74.39252336448598","25.607476635514022","74.85380116959064","73.96768402154399"
"3","260","0.3","10","0","pos","69","61.21495327102804","38.78504672897196","58.67446393762184","63.55475763016158"
"12","260","0.2","30","0","pos","69","64.57943925233644","35.42056074766355","63.35282651072125","65.70915619389586"
"7","260","0.2","20","0","pos","166","64.67289719626169","35.32710280373832","66.08187134502924","63.37522441651705"
"10","260","0.5","20","0","pos","166","71.49532710280374","28.504672897196258","72.12475633528264","70.91561938958706"
"4","260","0.4","10","0","pos","259","67.94392523364486","32.05607476635514","70.37037037037037","65.70915619389586"
"2","260","0.2","10","0","pos","259","63.55140186915887","36.44859813084112","63.35282651072125","63.73429084380611"
"9","260","0.4","20","0","pos","259","80.5607476635514","19.439252336448597","80.31189083820662","80.78994614003591"
"11","260","0.1","30","0","pos","259","68.87850467289721","31.121495327102807","68.2261208576998","69.47935368043088"
"3","260","0.3","10","0","pos","166","65.23364485981308","34.76635514018692","62.1832358674464","68.04308797127469"
"6","260","0.1","20","0","pos","166","62.523364485981304","37.47663551401869","61.59844054580896","63.37522441651705"
"8","260","0.3","20","0","pos","166","66.07476635514018","33.925233644859816","64.5224171539961","67.50448833034112"
"13","260","0.3","30","0","pos","69","64.67289719626169","35.32710280373832","63.74269005847953","65.52962298025135"
"5","260","0.5","10","0","pos","166","68.03738317757009","31.962616822429908","71.73489278752436","64.63195691202873"
"3","260","0.3","10","0","pos","259","67.00934579439253","32.99065420560748","64.71734892787524","69.12028725314184"
"10","260","0.5","20","0","pos","259","77.19626168224299","22.80373831775701","76.41325536062378","77.91741472172352"
"12","260","0.2","30","0","pos","166","68.69158878504673","31.308411214953267","67.2514619883041","70.01795332136446"
"7","260","0.2","20","0","pos","259","67.19626168224299","32.80373831775701","67.44639376218323","66.96588868940754"
"6","260","0.1","20","0","pos","259","64.20560747663552","35.794392523364486","63.1578947368421","65.1705565529623"
"5","260","0.5","10","0","pos","259","72.05607476635514","27.943925233644862","76.21832358674465","68.2226211849192"
"13","260","0.3","30","0","pos","166","71.40186915887851","28.598130841121495","72.70955165692008","70.19748653500898"
"12","260","0.2","30","0","pos","259","74.29906542056075","25.70093457943925","73.48927875243665","75.04488330341114"
"8","260","0.3","20","0","pos","259","68.22429906542055","31.775700934579437","68.03118908382066","68.40215439856372"
"17","260","0.2","40","0","pos","0","60.5607476635514","39.4392523364486","59.06432748538012","61.93895870736086"
"14","260","0.4","30","0","pos","0","60.5607476635514","39.4392523364486","59.06432748538012","61.93895870736086"
"13","260","0.3","30","0","pos","259","75.70093457943925","24.299065420560748","74.6588693957115","76.66068222621185"
"16","260","0.1","40","0","pos","0","60.5607476635514","39.4392523364486","59.06432748538012","61.93895870736086"
"17","260","0.2","40","0","pos","69","63.64485981308411","36.35514018691588","62.96296296296296","64.27289048473968"
"14","260","0.4","30","0","pos","69","68.41121495327103","31.588785046728972","67.44639376218323","69.29982046678636"
"15","260","0.5","30","0","pos","0","60.5607476635514","39.4392523364486","59.06432748538012","61.93895870736086"
"16","260","0.1","40","0","pos","69","62.24299065420561","37.75700934579439","61.01364522417154","63.37522441651705"
"14","260","0.4","30","0","pos","166","72.61682242990655","27.38317757009346","73.2943469785575","71.99281867145422"
"15","260","0.5","30","0","pos","69","68.5981308411215","31.401869158878505","70.9551656920078","66.42728904847397"
"17","260","0.2","40","0","pos","166","70.18691588785046","29.813084112149536","67.44639376218323","72.71095152603232"
"19","260","0.4","40","0","pos","0","60.5607476635514","39.4392523364486","59.06432748538012","61.93895870736086"
"14","260","0.4","30","0","pos","259","76.26168224299066","23.738317757009344","76.21832358674465","76.30161579892281"
"16","260","0.1","40","0","pos","166","67.57009345794393","32.429906542056074","66.66666666666666","68.40215439856372"
"18","260","0.3","40","0","pos","0","60.5607476635514","39.4392523364486","59.06432748538012","61.93895870736086"
"17","260","0.2","40","0","pos","259","74.95327102803738","25.04672897196262","72.90448343079922","76.84021543985638"
"25","260","0.5","50","0","pos","0","60.5607476635514","39.4392523364486","59.06432748538012","61.93895870736086"
"19","260","0.4","40","0","pos","69","70.8411214953271","29.1588785046729","69.20077972709552","72.35188509874327"
"22","260","0.2","50","0","pos","0","60.5607476635514","39.4392523364486","59.06432748538012","61.93895870736086"
"15","260","0.5","30","0","pos","166","80.18691588785046","19.813084112149532","78.16764132553607","82.04667863554758"
"16","260","0.1","40","0","pos","259","71.49532710280374","28.504672897196258","71.53996101364523","71.45421903052065"
"20","260","0.5","40","0","pos","0","60.5607476635514","39.4392523364486","59.06432748538012","61.93895870736086"
"18","260","0.3","40","0","pos","69","67.10280373831776","32.89719626168225","67.05653021442495","67.14542190305207"
"21","260","0.1","50","0","pos","0","60.5607476635514","39.4392523364486","59.06432748538012","61.93895870736086"
"25","260","0.5","50","0","pos","69","73.36448598130842","26.635514018691588","71.15009746588694","75.40394973070018"
"15","260","0.5","30","0","pos","259","86.07476635514018","13.925233644859814","85.18518518518519","86.89407540394973"
"23","260","0.3","50","0","pos","0","60.5607476635514","39.4392523364486","59.06432748538012","61.93895870736086"
"19","260","0.4","40","0","pos","166","78.31775700934578","21.682242990654206","78.3625730994152","78.27648114901257"
"20","260","0.5","40","0","pos","69","65.32710280373831","34.67289719626168","67.2514619883041","63.55475763016158"
"24","260","0.4","50","0","pos","0","60.5607476635514","39.4392523364486","59.06432748538012","61.93895870736086"
"22","260","0.2","50","0","pos","69","66.72897196261682","33.271028037383175","66.66666666666666","66.78635547576302"
"25","260","0.5","50","0","pos","166","84.57943925233646","15.42056074766355","85.7699805068226","83.48294434470377"
"21","260","0.1","50","0","pos","69","63.36448598130842","36.63551401869159","64.32748538011695","62.47755834829444"
"18","260","0.3","40","0","pos","166","76.72897196261682","23.271028037383175","77.38791423001949","76.12208258527828"
"19","260","0.4","40","0","pos","259","85.14018691588785","14.859813084112151","85.38011695906432","84.91921005385996"
"27","260","0.2","10","0","pos","0","60.5607476635514","39.4392523364486","59.06432748538012","61.93895870736086"
"22","260","0.2","50","0","pos","166","74.29906542056075","25.70093457943925","74.85380116959064","73.78815080789947"
"21","260","0.1","50","0","pos","166","67.85046728971963","32.149532710280376","68.81091617933723","66.96588868940754"
"26","260","0.1","10","0","pos","0","60.5607476635514","39.4392523364486","59.06432748538012","61.93895870736086"
"20","260","0.5","40","0","pos","166","75.32710280373833","24.67289719626168","75.6335282651072","75.04488330341114"
"27","260","0.2","10","0","pos","69","61.86915887850467","38.13084112149533","61.59844054580896","62.11849192100538"
"23","260","0.3","50","0","pos","69","71.77570093457943","28.22429906542056","69.5906432748538","73.78815080789947"
"24","260","0.4","50","0","pos","69","72.24299065420561","27.757009345794394","72.12475633528264","72.35188509874327"
"25","260","0.5","50","0","pos","259","89.34579439252337","10.654205607476635","90.83820662768031","87.97127468581688"
"26","260","0.1","10","0","pos","69","61.21495327102804","38.78504672897196","59.4541910331384","62.83662477558348"
"22","260","0.2","50","0","pos","259","80.65420560747664","19.345794392523363","81.48148148148148","79.89228007181327"
"18","260","0.3","40","0","pos","259","83.73831775700936","16.261682242990656","85.38011695906432","82.2262118491921"
"29","260","0.4","10","0","pos","0","60.5607476635514","39.4392523364486","59.06432748538012","61.93895870736086"
"28","260","0.3","10","0","pos","0","60.5607476635514","39.4392523364486","59.06432748538012","61.93895870736086"
"20","260","0.5","40","0","pos","259","82.99065420560747","17.009345794392523","83.62573099415205","82.40574506283662"
"21","260","0.1","50","0","pos","259","72.24299065420561","27.757009345794394","73.48927875243665","71.0951526032316"
"29","260","0.4","10","0","pos","69","60.65420560747663","39.345794392523366","59.4541910331384","61.759425493716336"
"23","260","0.3","50","0","pos","166","81.6822429906542","18.317757009345794","79.72709551656921","83.48294434470377"
"27","260","0.2","10","0","pos","166","63.64485981308411","36.35514018691588","62.57309941520468","64.63195691202873"
"24","260","0.4","50","0","pos","166","80.65420560747664","19.345794392523363","80.31189083820662","80.96947935368043"
"26","260","0.1","10","0","pos","166","62.71028037383177","37.28971962616822","61.01364522417154","64.27289048473968"
"30","260","0.5","10","0","pos","0","60.5607476635514","39.4392523364486","59.06432748538012","61.93895870736086"
"29","260","0.4","10","0","pos","166","64.29906542056075","35.700934579439256","63.547758284600384","64.99102333931778"
"28","260","0.3","10","0","pos","69","61.96261682242991","38.03738317757009","61.01364522417154","62.83662477558348"
"26","260","0.1","10","0","pos","259","64.29906542056075","35.700934579439256","61.40350877192983","66.96588868940754"
"23","260","0.3","50","0","pos","259","85.51401869158879","14.485981308411214","83.62573099415205","87.25314183123878"
"27","260","0.2","10","0","pos","259","65.88785046728972","34.112149532710276","65.69200779727096","66.06822262118493"
"30","260","0.5","10","0","pos","69","61.21495327102804","38.78504672897196","60.23391812865497","62.11849192100538"
"31","260","0.1","20","0","pos","0","60.5607476635514","39.4392523364486","59.06432748538012","61.93895870736086"
"24","260","0.4","50","0","pos","259","86.16822429906541","13.831775700934578","85.38011695906432","86.89407540394973"
"31","260","0.1","20","0","pos","69","60.93457943925233","39.06542056074767","60.42884990253411","61.40035906642729"
"29","260","0.4","10","0","pos","259","68.22429906542055","31.775700934579437","68.61598440545808","67.86355475763017"
"32","260","0.2","20","0","pos","0","60.5607476635514","39.4392523364486","59.06432748538012","61.93895870736086"
"28","260","0.3","10","0","pos","166","63.73831775700934","36.26168224299066","65.10721247563353","62.47755834829444"
"31","260","0.1","20","0","pos","166","61.86915887850467","38.13084112149533","61.59844054580896","62.11849192100538"
"35","260","0.5","20","0","pos","0","60.5607476635514","39.4392523364486","59.06432748538012","61.93895870736086"
"30","260","0.5","10","0","pos","166","65.23364485981308","34.76635514018692","64.91228070175438","65.52962298025135"
"31","260","0.1","20","0","pos","259","63.084112149532714","36.915887850467286","62.96296296296296","63.19569120287253"
"33","260","0.3","20","0","pos","0","60.5607476635514","39.4392523364486","59.06432748538012","61.93895870736086"
"34","260","0.4","20","0","pos","0","60.5607476635514","39.4392523364486","59.06432748538012","61.93895870736086"
"32","260","0.2","20","0","pos","69","61.21495327102804","38.78504672897196","60.62378167641326","61.759425493716336"
"35","260","0.5","20","0","pos","69","63.64485981308411","36.35514018691588","62.768031189083814","64.4524236983842"
"30","260","0.5","10","0","pos","259","67.7570093457944","32.242990654205606","68.2261208576998","67.3249551166966"
"36","260","0.1","30","0","pos","0","60.5607476635514","39.4392523364486","59.06432748538012","61.93895870736086"
"34","260","0.4","20","0","pos","69","62.33644859813084","37.663551401869164","61.98830409356725","62.65709156193896"
"36","260","0.1","30","0","pos","69","62.80373831775701","37.19626168224299","62.37816764132553","63.19569120287253"
"37","260","0.2","30","0","pos","0","60.5607476635514","39.4392523364486","59.06432748538012","61.93895870736086"
"33","260","0.3","20","0","pos","69","62.523364485981304","37.47663551401869","62.768031189083814","62.29802513464991"
"38","260","0.3","30","0","pos","0","60.5607476635514","39.4392523364486","59.06432748538012","61.93895870736086"
"39","260","0.4","30","0","pos","0","60.5607476635514","39.4392523364486","59.06432748538012","61.93895870736086"
"40","260","0.5","30","0","pos","0","60.5607476635514","39.4392523364486","59.06432748538012","61.93895870736086"
"35","260","0.5","20","0","pos","166","71.49532710280374","28.504672897196258","73.09941520467837","70.01795332136446"
"37","260","0.2","30","0","pos","69","61.308411214953274","38.691588785046726","59.06432748538012","63.37522441651705"
"36","260","0.1","30","0","pos","166","67.38317757009345","32.61682242990654","66.66666666666666","68.04308797127469"
"28","260","0.3","10","0","pos","259","66.07476635514018","33.925233644859816","66.27680311890838","65.8886894075404"
"39","260","0.4","30","0","pos","69","66.16822429906543","33.83177570093458","64.91228070175438","67.3249551166966"
"32","260","0.2","20","0","pos","166","65.32710280373831","34.67289719626168","64.32748538011695","66.24775583482945"
"34","260","0.4","20","0","pos","166","66.54205607476635","33.45794392523365","65.10721247563353","67.86355475763017"
"36","260","0.1","30","0","pos","259","70.37383177570094","29.626168224299064","69.5906432748538","71.0951526032316"
"40","260","0.5","30","0","pos","69","65.14018691588785","34.859813084112155","65.69200779727096","64.63195691202873"
"38","260","0.3","30","0","pos","69","63.45794392523364","36.54205607476636","64.71734892787524","62.29802513464991"
"37","260","0.2","30","0","pos","166","67.4766355140187","32.52336448598131","65.8869395711501","68.9407540394973"
"39","260","0.4","30","0","pos","166","73.83177570093457","26.168224299065418","73.2943469785575","74.32675044883304"
"33","260","0.3","20","0","pos","166","66.72897196261682","33.271028037383175","66.66666666666666","66.78635547576302"
"35","260","0.5","20","0","pos","259","77.38317757009345","22.61682242990654","79.92202729044834","75.04488330341114"
"41","260","0.1","40","0","pos","0","60.5607476635514","39.4392523364486","59.06432748538012","61.93895870736086"
"34","260","0.4","20","0","pos","259","70.56074766355141","29.439252336448597","68.61598440545808","72.35188509874327"
"32","260","0.2","20","0","pos","259","68.69158878504673","31.308411214953267","67.83625730994152","69.47935368043088"
"40","260","0.5","30","0","pos","166","74.11214953271028","25.88785046728972","73.48927875243665","74.68581687612208"
"39","260","0.4","30","0","pos","259","78.31775700934578","21.682242990654206","77.97270955165692","78.63554757630162"
"41","260","0.1","40","0","pos","69","62.80373831775701","37.19626168224299","61.79337231968811","63.73429084380611"
"37","260","0.2","30","0","pos","259","71.1214953271028","28.878504672897197","68.81091617933723","73.24955116696589"
"42","260","0.2","40","0","pos","0","60.5607476635514","39.4392523364486","59.06432748538012","61.93895870736086"
"33","260","0.3","20","0","pos","259","68.87850467289721","31.121495327102807","69.00584795321637","68.76122082585279"
"38","260","0.3","30","0","pos","166","68.3177570093458","31.68224299065421","70.76023391812866","66.06822262118493"
"41","260","0.1","40","0","pos","166","67.28971962616822","32.71028037383177","67.44639376218323","67.14542190305207"
"40","260","0.5","30","0","pos","259","81.12149532710279","18.878504672897193","80.11695906432749","82.04667863554758"
"43","260","0.3","40","0","pos","0","60.5607476635514","39.4392523364486","59.06432748538012","61.93895870736086"
"44","260","0.4","40","0","pos","0","60.5607476635514","39.4392523364486","59.06432748538012","61.93895870736086"
"42","260","0.2","40","0","pos","69","64.67289719626169","35.32710280373832","63.35282651072125","65.8886894075404"
"44","260","0.4","40","0","pos","69","70.2803738317757","29.719626168224302","72.12475633528264","68.58168761220826"
"41","260","0.1","40","0","pos","259","72.33644859813084","27.663551401869157","73.09941520467837","71.63375224416517"
"42","260","0.2","40","0","pos","166","72.05607476635514","27.943925233644862","69.20077972709552","74.68581687612208"
"48","260","0.3","50","0","pos","0","60.5607476635514","39.4392523364486","59.06432748538012","61.93895870736086"
"43","260","0.3","40","0","pos","69","67.19626168224299","32.80373831775701","65.69200779727096","68.58168761220826"
"38","260","0.3","30","0","pos","259","73.08411214953271","26.91588785046729","74.85380116959064","71.45421903052065"
"45","260","0.5","40","0","pos","0","60.5607476635514","39.4392523364486","59.06432748538012","61.93895870736086"
"48","260","0.3","50","0","pos","69","69.4392523364486","30.560747663551403","68.61598440545808","70.19748653500898"
"44","260","0.4","40","0","pos","166","81.6822429906542","18.317757009345794","81.48148148148148","81.86714542190305"
"46","260","0.1","50","0","pos","0","60.5607476635514","39.4392523364486","59.06432748538012","61.93895870736086"
"45","260","0.5","40","0","pos","69","70.37383177570094","29.626168224299064","69.78557504873294","70.91561938958706"
"49","260","0.4","50","0","pos","0","60.5607476635514","39.4392523364486","59.06432748538012","61.93895870736086"
"42","260","0.2","40","0","pos","259","75.23364485981308","24.766355140186917","72.31968810916179","77.91741472172352"
"46","260","0.1","50","0","pos","69","62.42990654205608","37.570093457943926","61.98830409356725","62.83662477558348"
"47","260","0.2","50","0","pos","0","60.5607476635514","39.4392523364486","59.06432748538012","61.93895870736086"
"50","260","0.5","50","0","pos","0","60.5607476635514","39.4392523364486","59.06432748538012","61.93895870736086"
"48","260","0.3","50","0","pos","166","75.04672897196262","24.95327102803738","73.2943469785575","76.66068222621185"
"49","260","0.4","50","0","pos","69","72.33644859813084","27.663551401869157","71.73489278752436","72.89048473967684"
"45","260","0.5","40","0","pos","166","76.54205607476635","23.457943925233646","75.82846003898635","77.19928186714542"
"50","260","0.5","50","0","pos","69","72.52336448598132","27.476635514018692","70.76023391812866","74.1472172351885"
"44","260","0.4","40","0","pos","259","85.70093457943925","14.299065420560748","84.21052631578947","87.07360861759426"
"48","260","0.3","50","0","pos","259","79.81308411214954","20.186915887850468","78.75243664717348","80.78994614003591"
"49","260","0.4","50","0","pos","166","80.74766355140187","19.252336448598133","79.92202729044834","81.50807899461401"
"45","260","0.5","40","0","pos","259","82.42990654205607","17.570093457943926","81.67641325536063","83.12387791741472"
"47","260","0.2","50","0","pos","69","63.83177570093458","36.16822429906542","62.96296296296296","64.63195691202873"
"46","260","0.1","50","0","pos","166","69.1588785046729","30.8411214953271","69.39571150097466","68.9407540394973"
"50","260","0.5","50","0","pos","166","84.95327102803738","15.046728971962617","83.62573099415205","86.17594254937163"
"43","260","0.3","40","0","pos","166","76.44859813084112","23.551401869158877","76.0233918128655","76.84021543985638"
"49","260","0.4","50","0","pos","259","89.25233644859813","10.74766355140187","87.32943469785575","91.02333931777379"
"51","260","0.1","10","0","pos","0","60.5607476635514","39.4392523364486","59.06432748538012","61.93895870736086"
"47","260","0.2","50","0","pos","166","73.27102803738318","26.72897196261682","73.48927875243665","73.07001795332137"
"50","260","0.5","50","0","pos","259","90.5607476635514","9.439252336448597","90.64327485380117","90.48473967684022"
"52","260","0.2","10","0","pos","0","60.5607476635514","39.4392523364486","59.06432748538012","61.93895870736086"
"53","260","0.3","10","0","pos","0","60.5607476635514","39.4392523364486","59.06432748538012","61.93895870736086"
"46","260","0.1","50","0","pos","259","73.73831775700934","26.261682242990652","71.73489278752436","75.58348294434471"
"43","260","0.3","40","0","pos","259","82.42990654205607","17.570093457943926","81.48148148148148","83.30341113105925"
"51","260","0.1","10","0","pos","69","61.02803738317757","38.97196261682243","59.64912280701754","62.29802513464991"
"47","260","0.2","50","0","pos","259","77.75700934579439","22.242990654205606","77.77777777777779","77.737881508079"
"56","260","0.1","20","0","pos","0","60.5607476635514","39.4392523364486","59.06432748538012","61.93895870736086"
"57","260","0.2","20","0","pos","0","60.5607476635514","39.4392523364486","59.06432748538012","61.93895870736086"
"52","260","0.2","10","0","pos","69","60.373831775700936","39.626168224299064","57.89473684210527","62.65709156193896"
"54","260","0.4","10","0","pos","0","60.5607476635514","39.4392523364486","59.06432748538012","61.93895870736086"
"51","260","0.1","10","0","pos","166","62.149532710280376","37.850467289719624","60.23391812865497","63.91382405745063"
"55","260","0.5","10","0","pos","0","60.5607476635514","39.4392523364486","59.06432748538012","61.93895870736086"
"57","260","0.2","20","0","pos","69","60.373831775700936","39.626168224299064","59.25925925925925","61.40035906642729"
"55","260","0.5","10","0","pos","69","59.7196261682243","40.2803738317757","61.01364522417154","58.52782764811491"
"58","260","0.3","20","0","pos","0","60.5607476635514","39.4392523364486","59.06432748538012","61.93895870736086"
"57","260","0.2","20","0","pos","166","63.45794392523364","36.54205607476636","62.96296296296296","63.91382405745063"
"55","260","0.5","10","0","pos","166","64.01869158878505","35.981308411214954","63.93762183235867","64.09335727109516"
"53","260","0.3","10","0","pos","69","61.86915887850467","38.13084112149533","62.768031189083814","61.04129263913825"
"54","260","0.4","10","0","pos","69","62.24299065420561","37.75700934579439","60.81871345029239","63.55475763016158"
"51","260","0.1","10","0","pos","259","63.084112149532714","36.915887850467286","60.62378167641326","65.35008976660683"
"58","260","0.3","20","0","pos","69","64.76635514018692","35.23364485981308","62.96296296296296","66.42728904847397"
"56","260","0.1","20","0","pos","69","60.46728971962617","39.532710280373834","58.86939571150097","61.93895870736086"
"52","260","0.2","10","0","pos","166","60.18691588785047","39.81308411214953","58.86939571150097","61.40035906642729"
"55","260","0.5","10","0","pos","259","63.73831775700934","36.26168224299066","62.96296296296296","64.4524236983842"
"57","260","0.2","20","0","pos","259","66.16822429906543","33.83177570093458","64.91228070175438","67.3249551166966"
"59","260","0.4","20","0","pos","0","60.5607476635514","39.4392523364486","59.06432748538012","61.93895870736086"
"54","260","0.4","10","0","pos","166","66.07476635514018","33.925233644859816","64.91228070175438","67.14542190305207"
"58","260","0.3","20","0","pos","166","70.2803738317757","29.719626168224302","69.20077972709552","71.27468581687613"
"62","260","0.2","30","0","pos","0","60.5607476635514","39.4392523364486","59.06432748538012","61.93895870736086"
"59","260","0.4","20","0","pos","69","65.42056074766354","34.57943925233645","64.13255360623782","66.6068222621185"
"56","260","0.1","20","0","pos","166","62.616822429906534","37.38317757009346","62.57309941520468","62.65709156193896"
"60","260","0.5","20","0","pos","0","60.5607476635514","39.4392523364486","59.06432748538012","61.93895870736086"
"52","260","0.2","10","0","pos","259","61.588785046728965","38.41121495327103","59.64912280701754","63.37522441651705"
"53","260","0.3","10","0","pos","166","64.39252336448598","35.60747663551402","64.91228070175438","63.91382405745063"
"61","260","0.1","30","0","pos","0","60.5607476635514","39.4392523364486","59.06432748538012","61.93895870736086"
"54","260","0.4","10","0","pos","259","69.81308411214954","30.186915887850468","68.2261208576998","71.27468581687613"
"58","260","0.3","20","0","pos","259","73.83177570093457","26.168224299065418","74.46393762183236","73.24955116696589"
"62","260","0.2","30","0","pos","69","64.85981308411215","35.14018691588785","63.547758284600384","66.06822262118493"
"60","260","0.5","20","0","pos","69","67.7570093457944","32.242990654205606","67.83625730994152","67.68402154398564"
"56","260","0.1","20","0","pos","259","64.11214953271028","35.88785046728972","64.32748538011695","63.91382405745063"
"61","260","0.1","30","0","pos","69","61.6822429906542","38.31775700934579","60.62378167641326","62.65709156193896"
"53","260","0.3","10","0","pos","259","66.07476635514018","33.925233644859816","67.05653021442495","65.1705565529623"
"59","260","0.4","20","0","pos","166","70.37383177570094","29.626168224299064","70.76023391812866","70.01795332136446"
"64","260","0.4","30","0","pos","0","60.5607476635514","39.4392523364486","59.06432748538012","61.93895870736086"
"64","260","0.4","30","0","pos","69","66.54205607476635","33.45794392523365","65.30214424951268","67.68402154398564"
"65","260","0.5","30","0","pos","0","60.5607476635514","39.4392523364486","59.06432748538012","61.93895870736086"
"62","260","0.2","30","0","pos","166","69.4392523364486","30.560747663551403","67.83625730994152","70.91561938958706"
"65","260","0.5","30","0","pos","69","64.95327102803739","35.046728971962615","63.74269005847953","66.06822262118493"
"64","260","0.4","30","0","pos","166","74.11214953271028","25.88785046728972","73.2943469785575","74.86535008976661"
"60","260","0.5","20","0","pos","166","72.61682242990655","27.38317757009346","72.51461988304094","72.71095152603232"
"59","260","0.4","20","0","pos","259","73.73831775700934","26.261682242990652","73.09941520467837","74.32675044883304"
"61","260","0.1","30","0","pos","166","64.67289719626169","35.32710280373832","63.35282651072125","65.8886894075404"
"62","260","0.2","30","0","pos","259","73.08411214953271","26.91588785046729","72.70955165692008","73.4290843806104"
"65","260","0.5","30","0","pos","166","77.57009345794393","22.429906542056074","79.14230019493176","76.12208258527828"
"67","260","0.2","40","0","pos","0","60.5607476635514","39.4392523364486","59.06432748538012","61.93895870736086"
"64","260","0.4","30","0","pos","259","80.09345794392523","19.906542056074766","77.77777777777779","82.2262118491921"
"70","260","0.5","40","0","pos","0","60.5607476635514","39.4392523364486","59.06432748538012","61.93895870736086"
"60","260","0.5","20","0","pos","259","78.13084112149534","21.869158878504674","78.3625730994152","77.91741472172352"
"63","260","0.3","30","0","pos","0","60.5607476635514","39.4392523364486","59.06432748538012","61.93895870736086"
"69","260","0.4","40","0","pos","0","60.5607476635514","39.4392523364486","59.06432748538012","61.93895870736086"
"65","260","0.5","30","0","pos","259","83.17757009345794","16.822429906542055","84.99025341130604","81.50807899461401"
"61","260","0.1","30","0","pos","259","67.66355140186916","32.33644859813084","67.05653021442495","68.2226211849192"
"63","260","0.3","30","0","pos","69","66.16822429906543","33.83177570093458","67.64132553606238","64.81149012567326"
"70","260","0.5","40","0","pos","69","72.24299065420561","27.757009345794394","73.48927875243665","71.0951526032316"
"68","260","0.3","40","0","pos","0","60.5607476635514","39.4392523364486","59.06432748538012","61.93895870736086"
"67","260","0.2","40","0","pos","69","65.51401869158879","34.48598130841122","64.32748538011695","66.6068222621185"
"68","260","0.3","40","0","pos","69","67.38317757009345","32.61682242990654","67.83625730994152","66.96588868940754"
"63","260","0.3","30","0","pos","166","73.55140186915888","26.448598130841123","75.04873294346979","72.17235188509873"
"69","260","0.4","40","0","pos","69","67.28971962616822","32.71028037383177","67.05653021442495","67.50448833034112"
"66","260","0.1","40","0","pos","0","60.5607476635514","39.4392523364486","59.06432748538012","61.93895870736086"
"70","260","0.5","40","0","pos","166","82.99065420560747","17.009345794392523","82.06627680311891","83.84201077199282"
"63","260","0.3","30","0","pos","259","77.75700934579439","22.242990654205606","80.31189083820662","75.40394973070018"
"68","260","0.3","40","0","pos","166","73.64485981308411","26.355140186915886","74.46393762183236","72.89048473967684"
"72","260","0.2","50","0","pos","0","60.5607476635514","39.4392523364486","59.06432748538012","61.93895870736086"
"69","260","0.4","40","0","pos","166","78.59813084112149","21.401869158878505","77.19298245614034","79.89228007181327"
"72","260","0.2","50","0","pos","69","65.70093457943925","34.29906542056075","63.547758284600384","67.68402154398564"
"67","260","0.2","40","0","pos","166","70.93457943925233","29.06542056074766","70.76023391812866","71.0951526032316"
"71","260","0.1","50","0","pos","0","60.5607476635514","39.4392523364486","59.06432748538012","61.93895870736086"
"66","260","0.1","40","0","pos","69","61.40186915887851","38.598130841121495","60.23391812865497","62.47755834829444"
"75","260","0.5","50","0","pos","0","60.5607476635514","39.4392523364486","59.06432748538012","61.93895870736086"
"73","260","0.3","50","0","pos","0","60.5607476635514","39.4392523364486","59.06432748538012","61.93895870736086"
"76","260","0.1","10","0","pos","0","60.5607476635514","39.4392523364486","59.06432748538012","61.93895870736086"
"75","260","0.5","50","0","pos","69","67.7570093457944","32.242990654205606","68.42105263157895","67.14542190305207"
"68","260","0.3","40","0","pos","259","80","20","81.87134502923976","78.27648114901257"
"73","260","0.3","50","0","pos","69","70.65420560747664","29.345794392523366","68.61598440545808","72.5314183123878"
"72","260","0.2","50","0","pos","166","74.95327102803738","25.04672897196262","73.68421052631578","76.12208258527828"
"75","260","0.5","50","0","pos","166","79.43925233644859","20.5607476635514","80.89668615984405","78.09694793536805"
"71","260","0.1","50","0","pos","69","62.99065420560748","37.00934579439252","61.20857699805068","64.63195691202873"
"74","260","0.4","50","0","pos","0","60.5607476635514","39.4392523364486","59.06432748538012","61.93895870736086"
"67","260","0.2","40","0","pos","259","76.16822429906543","23.83177570093458","76.0233918128655","76.30161579892281"
"76","260","0.1","10","0","pos","69","60.747663551401864","39.25233644859813","59.06432748538012","62.29802513464991"
"66","260","0.1","40","0","pos","166","64.29906542056075","35.700934579439256","63.547758284600384","64.99102333931778"
"73","260","0.3","50","0","pos","166","75.98130841121495","24.018691588785046","75.24366471734892","76.66068222621185"
"69","260","0.4","40","0","pos","259","84.39252336448598","15.60747663551402","84.40545808966861","84.38061041292639"
"70","260","0.5","40","0","pos","259","88.59813084112149","11.401869158878505","87.91423001949317","89.22800718132855"
"74","260","0.4","50","0","pos","69","71.30841121495327","28.69158878504673","74.07407407407408","68.76122082585279"
"72","260","0.2","50","0","pos","259","80.46728971962617","19.532710280373834","80.50682261208577","80.43087971274686"
"66","260","0.1","40","0","pos","259","68.3177570093458","31.68224299065421","69.39571150097466","67.3249551166966"
"75","260","0.5","50","0","pos","259","87.85046728971963","12.149532710280374","87.5243664717349","88.1508078994614"
"73","260","0.3","50","0","pos","259","82.2429906542056","17.75700934579439","81.28654970760235","83.12387791741472"
"71","260","0.1","50","0","pos","166","67.4766355140187","32.52336448598131","66.66666666666666","68.2226211849192"
"77","260","0.2","10","0","pos","0","60.5607476635514","39.4392523364486","59.06432748538012","61.93895870736086"
"74","260","0.4","50","0","pos","166","82.61682242990655","17.38317757009346","83.82066276803118","81.50807899461401"
"76","260","0.1","10","0","pos","166","61.40186915887851","38.598130841121495","60.42884990253411","62.29802513464991"
"77","260","0.2","10","0","pos","69","60.46728971962617","39.532710280373834","58.86939571150097","61.93895870736086"
"71","260","0.1","50","0","pos","259","72.05607476635514","27.943925233644862","72.51461988304094","71.63375224416517"
"77","260","0.2","10","0","pos","166","61.12149532710281","38.87850467289719","61.20857699805068","61.04129263913825"
"82","260","0.2","20","0","pos","0","60.5607476635514","39.4392523364486","59.06432748538012","61.93895870736086"
"83","260","0.3","20","0","pos","0","60.5607476635514","39.4392523364486","59.06432748538012","61.93895870736086"
"74","260","0.4","50","0","pos","259","90.09345794392523","9.906542056074766","90.44834307992203","89.76660682226212"
"76","260","0.1","10","0","pos","259","61.02803738317757","38.97196261682243","60.42884990253411","61.57989228007181"
"78","260","0.3","10","0","pos","0","60.5607476635514","39.4392523364486","59.06432748538012","61.93895870736086"
"80","260","0.5","10","0","pos","0","60.5607476635514","39.4392523364486","59.06432748538012","61.93895870736086"
"83","260","0.3","20","0","pos","69","64.57943925233644","35.42056074766355","63.35282651072125","65.70915619389586"
"84","260","0.4","20","0","pos","0","60.5607476635514","39.4392523364486","59.06432748538012","61.93895870736086"
"81","260","0.1","20","0","pos","0","60.5607476635514","39.4392523364486","59.06432748538012","61.93895870736086"
"77","260","0.2","10","0","pos","259","63.27102803738318","36.728971962616825","64.13255360623782","62.47755834829444"
"80","260","0.5","10","0","pos","69","63.36448598130842","36.63551401869159","63.547758284600384","63.19569120287253"
"82","260","0.2","20","0","pos","69","62.24299065420561","37.75700934579439","60.03898635477582","64.27289048473968"
"83","260","0.3","20","0","pos","166","69.71962616822431","30.2803738317757","69.78557504873294","69.6588868940754"
"81","260","0.1","20","0","pos","69","60","40","58.47953216374269","61.40035906642729"
"78","260","0.3","10","0","pos","69","60.93457943925233","39.06542056074767","59.64912280701754","62.11849192100538"
"79","260","0.4","10","0","pos","0","60.5607476635514","39.4392523364486","59.06432748538012","61.93895870736086"
"85","260","0.5","20","0","pos","0","60.5607476635514","39.4392523364486","59.06432748538012","61.93895870736086"
"84","260","0.4","20","0","pos","69","62.33644859813084","37.663551401869164","61.40350877192983","63.19569120287253"
"81","260","0.1","20","0","pos","166","62.616822429906534","37.38317757009346","62.768031189083814","62.47755834829444"
"82","260","0.2","20","0","pos","166","67.10280373831776","32.89719626168225","66.08187134502924","68.04308797127469"
"83","260","0.3","20","0","pos","259","75.42056074766356","24.57943925233645","74.6588693957115","76.12208258527828"
"79","260","0.4","10","0","pos","69","64.85981308411215","35.14018691588785","63.93762183235867","65.70915619389586"
"85","260","0.5","20","0","pos","69","60.8411214953271","39.15887850467289","57.69980506822612","63.73429084380611"
"87","260","0.2","30","0","pos","0","60.5607476635514","39.4392523364486","59.06432748538012","61.93895870736086"
"80","260","0.5","10","0","pos","166","64.20560747663552","35.794392523364486","62.768031189083814","65.52962298025135"
"78","260","0.3","10","0","pos","166","63.83177570093458","36.16822429906542","62.96296296296296","64.63195691202873"
"84","260","0.4","20","0","pos","166","68.5981308411215","31.401869158878505","66.8615984405458","70.19748653500898"
"87","260","0.2","30","0","pos","69","63.27102803738318","36.728971962616825","62.57309941520468","63.91382405745063"
"79","260","0.4","10","0","pos","166","69.25233644859813","30.74766355140187","70.17543859649122","68.40215439856372"
"82","260","0.2","20","0","pos","259","68.97196261682244","31.02803738317757","65.8869395711501","71.8132854578097"
"81","260","0.1","20","0","pos","259","63.27102803738318","36.728971962616825","63.74269005847953","62.83662477558348"
"78","260","0.3","10","0","pos","259","67.7570093457944","32.242990654205606","66.66666666666666","68.76122082585279"
"80","260","0.5","10","0","pos","259","67.94392523364486","32.05607476635514","67.44639376218323","68.40215439856372"
"85","260","0.5","20","0","pos","166","71.21495327102804","28.785046728971963","69.39571150097466","72.89048473967684"
"86","260","0.1","30","0","pos","0","60.5607476635514","39.4392523364486","59.06432748538012","61.93895870736086"
"84","260","0.4","20","0","pos","259","73.17757009345794","26.822429906542055","72.90448343079922","73.4290843806104"
"87","260","0.2","30","0","pos","166","70.65420560747664","29.345794392523366","69.78557504873294","71.45421903052065"
"79","260","0.4","10","0","pos","259","71.1214953271028","28.878504672897197","71.9298245614035","70.3770197486535"
"85","260","0.5","20","0","pos","259","74.39252336448598","25.607476635514022","74.26900584795322","74.50628366247756"
"88","260","0.3","30","0","pos","0","60.5607476635514","39.4392523364486","59.06432748538012","61.93895870736086"
"89","260","0.4","30","0","pos","0","60.5607476635514","39.4392523364486","59.06432748538012","61.93895870736086"
"86","260","0.1","30","0","pos","69","62.05607476635514","37.94392523364486","60.81871345029239","63.19569120287253"
"88","260","0.3","30","0","pos","69","64.67289719626169","35.32710280373832","63.547758284600384","65.70915619389586"
"90","260","0.5","30","0","pos","0","60.5607476635514","39.4392523364486","59.06432748538012","61.93895870736086"
"87","260","0.2","30","0","pos","259","72.33644859813084","27.663551401869157","71.34502923976608","73.24955116696589"
"86","260","0.1","30","0","pos","166","63.177570093457945","36.822429906542055","61.79337231968811","64.4524236983842"
"89","260","0.4","30","0","pos","69","62.149532710280376","37.850467289719624","60.81871345029239","63.37522441651705"
"90","260","0.5","30","0","pos","69","67.10280373831776","32.89719626168225","66.08187134502924","68.04308797127469"
"86","260","0.1","30","0","pos","259","65.88785046728972","34.112149532710276","62.768031189083814","68.76122082585279"
"89","260","0.4","30","0","pos","166","69.62616822429906","30.373831775700932","67.64132553606238","71.45421903052065"
"88","260","0.3","30","0","pos","166","70.93457943925233","29.06542056074766","70.17543859649122","71.63375224416517"
"94","260","0.4","40","0","pos","0","60.5607476635514","39.4392523364486","59.06432748538012","61.93895870736086"
"93","260","0.3","40","0","pos","0","60.5607476635514","39.4392523364486","59.06432748538012","61.93895870736086"
"91","260","0.1","40","0","pos","0","60.5607476635514","39.4392523364486","59.06432748538012","61.93895870736086"
"89","260","0.4","30","0","pos","259","73.27102803738318","26.72897196261682","70.76023391812866","75.58348294434471"
"94","260","0.4","40","0","pos","69","66.9158878504673","33.084112149532714","64.5224171539961","69.12028725314184"
"90","260","0.5","30","0","pos","166","78.41121495327103","21.588785046728972","78.75243664717348","78.09694793536805"
"96","260","0.1","50","0","pos","0","60.5607476635514","39.4392523364486","59.06432748538012","61.93895870736086"
"93","260","0.3","40","0","pos","69","65.51401869158879","34.48598130841122","63.35282651072125","67.50448833034112"
"92","260","0.2","40","0","pos","0","60.5607476635514","39.4392523364486","59.06432748538012","61.93895870736086"
"88","260","0.3","30","0","pos","259","76.35514018691589","23.644859813084114","76.41325536062378","76.30161579892281"
"91","260","0.1","40","0","pos","69","62.89719626168224","37.10280373831776","61.59844054580896","64.09335727109516"
"92","260","0.2","40","0","pos","69","66.26168224299064","33.73831775700935","65.69200779727096","66.78635547576302"
"93","260","0.3","40","0","pos","166","73.17757009345794","26.822429906542055","70.37037037037037","75.76301615798923"
"95","260","0.5","40","0","pos","0","60.5607476635514","39.4392523364486","59.06432748538012","61.93895870736086"
"94","260","0.4","40","0","pos","166","77.10280373831776","22.897196261682243","76.0233918128655","78.09694793536805"
"97","260","0.2","50","0","pos","0","60.5607476635514","39.4392523364486","59.06432748538012","61.93895870736086"
"96","260","0.1","50","0","pos","69","63.45794392523364","36.54205607476636","60.81871345029239","65.8886894075404"
"92","260","0.2","40","0","pos","166","73.83177570093457","26.168224299065418","73.48927875243665","74.1472172351885"
"93","260","0.3","40","0","pos","259","77.57009345794393","22.429906542056074","76.99805068226121","78.09694793536805"
"94","260","0.4","40","0","pos","259","82.89719626168224","17.102803738317757","83.23586744639377","82.58527827648115"
"90","260","0.5","30","0","pos","259","85.51401869158879","14.485981308411214","85.57504873294347","85.45780969479354"
"95","260","0.5","40","0","pos","69","68.50467289719626","31.49532710280374","66.27680311890838","70.55655296229803"
"91","260","0.1","40","0","pos","166","67.38317757009345","32.61682242990654","64.91228070175438","69.6588868940754"
"99","260","0.4","50","0","pos","0","60.5607476635514","39.4392523364486","59.06432748538012","61.93895870736086"
"97","260","0.2","50","0","pos","69","63.925233644859816","36.074766355140184","63.93762183235867","63.91382405745063"
"95","260","0.5","40","0","pos","166","79.53271028037383","20.46728971962617","76.0233918128655","82.76481149012568"
"92","260","0.2","40","0","pos","259","77.47663551401868","22.523364485981308","76.60818713450293","78.27648114901257"
"96","260","0.1","50","0","pos","166","68.22429906542055","31.775700934579437","67.05653021442495","69.29982046678636"
"98","260","0.3","50","0","pos","0","60.5607476635514","39.4392523364486","59.06432748538012","61.93895870736086"
"91","260","0.1","40","0","pos","259","71.58878504672897","28.41121495327103","71.9298245614035","71.27468581687613"
"95","260","0.5","40","0","pos","259","87.28971962616822","12.710280373831775","85.38011695906432","89.04847396768402"
"101","260","0.1","10","0","pos","0","60.5607476635514","39.4392523364486","59.06432748538012","61.93895870736086"
"100","260","0.5","50","0","pos","0","60.5607476635514","39.4392523364486","59.06432748538012","61.93895870736086"
"99","260","0.4","50","0","pos","69","67.85046728971963","32.149532710280376","65.8869395711501","69.6588868940754"
"97","260","0.2","50","0","pos","166","69.1588785046729","30.8411214953271","70.76023391812866","67.68402154398564"
"101","260","0.1","10","0","pos","69","61.02803738317757","38.97196261682243","59.25925925925925","62.65709156193896"
"102","260","0.2","10","0","pos","0","60.5607476635514","39.4392523364486","59.06432748538012","61.93895870736086"
"98","260","0.3","50","0","pos","69","64.76635514018692","35.23364485981308","62.1832358674464","67.14542190305207"
"99","260","0.4","50","0","pos","166","77.47663551401868","22.523364485981308","77.77777777777779","77.19928186714542"
"96","260","0.1","50","0","pos","259","72.33644859813084","27.663551401869157","70.76023391812866","73.78815080789947"
"102","260","0.2","10","0","pos","69","59.25233644859813","40.74766355140187","57.89473684210527","60.502692998204665"
"101","260","0.1","10","0","pos","166","61.96261682242991","38.03738317757009","60.42884990253411","63.37522441651705"
"104","260","0.4","10","0","pos","0","60.5607476635514","39.4392523364486","59.06432748538012","61.93895870736086"
"99","260","0.4","50","0","pos","259","83.27102803738318","16.728971962616825","84.60038986354775","82.04667863554758"
"100","260","0.5","50","0","pos","69","73.17757009345794","26.822429906542055","72.31968810916179","73.96768402154399"
"104","260","0.4","10","0","pos","69","60.09345794392523","39.90654205607477","59.25925925925925","60.86175942549371"
"101","260","0.1","10","0","pos","259","62.71028037383177","37.28971962616822","61.40350877192983","63.91382405745063"
"102","260","0.2","10","0","pos","166","60.747663551401864","39.25233644859813","60.42884990253411","61.04129263913825"
"98","260","0.3","50","0","pos","166","70.37383177570094","29.626168224299064","68.42105263157895","72.17235188509873"
"97","260","0.2","50","0","pos","259","73.64485981308411","26.355140186915886","74.6588693957115","72.71095152603232"
"103","260","0.3","10","0","pos","0","60.5607476635514","39.4392523364486","59.06432748538012","61.93895870736086"
"102","260","0.2","10","0","pos","259","63.55140186915887","36.44859813084112","63.1578947368421","63.91382405745063"
"104","260","0.4","10","0","pos","166","64.48598130841121","35.51401869158878","64.91228070175438","64.09335727109516"
"106","260","0.1","20","0","pos","0","60.5607476635514","39.4392523364486","59.06432748538012","61.93895870736086"
"98","260","0.3","50","0","pos","259","75.79439252336448","24.205607476635514","74.07407407407408","77.37881508078995"
"107","260","0.2","20","0","pos","0","60.5607476635514","39.4392523364486","59.06432748538012","61.93895870736086"
"100","260","0.5","50","0","pos","166","85.23364485981308","14.766355140186915","84.40545808966861","85.99640933572711"
"103","260","0.3","10","0","pos","69","61.21495327102804","38.78504672897196","58.47953216374269","63.73429084380611"
"104","260","0.4","10","0","pos","259","65.60747663551402","34.39252336448598","65.10721247563353","66.06822262118493"
"105","260","0.5","10","0","pos","0","60.5607476635514","39.4392523364486","59.06432748538012","61.93895870736086"
"107","260","0.2","20","0","pos","69","63.084112149532714","36.915887850467286","63.547758284600384","62.65709156193896"
"106","260","0.1","20","0","pos","69","60.747663551401864","39.25233644859813","59.64912280701754","61.759425493716336"
"108","260","0.3","20","0","pos","0","60.5607476635514","39.4392523364486","59.06432748538012","61.93895870736086"
"109","260","0.4","20","0","pos","0","60.5607476635514","39.4392523364486","59.06432748538012","61.93895870736086"
"103","260","0.3","10","0","pos","166","62.80373831775701","37.19626168224299","59.4541910331384","65.8886894075404"
"108","260","0.3","20","0","pos","69","65.32710280373831","34.67289719626168","63.74269005847953","66.78635547576302"
"100","260","0.5","50","0","pos","259","92.14953271028037","7.850467289719626","92.98245614035088","91.38240574506284"
"106","260","0.1","20","0","pos","166","63.83177570093458","36.16822429906542","61.98830409356725","65.52962298025135"
"105","260","0.5","10","0","pos","69","61.40186915887851","38.598130841121495","62.1832358674464","60.68222621184919"
"103","260","0.3","10","0","pos","259","65.23364485981308","34.76635514018692","61.20857699805068","68.9407540394973"
"112","260","0.2","30","0","pos","0","60.5607476635514","39.4392523364486","59.06432748538012","61.93895870736086"
"111","260","0.1","30","0","pos","0","60.5607476635514","39.4392523364486","59.06432748538012","61.93895870736086"
"109","260","0.4","20","0","pos","69","63.73831775700934","36.26168224299066","60.81871345029239","66.42728904847397"
"107","260","0.2","20","0","pos","166","67.38317757009345","32.61682242990654","67.64132553606238","67.14542190305207"
"112","260","0.2","30","0","pos","69","62.149532710280376","37.850467289719624","59.25925925925925","64.81149012567326"
"108","260","0.3","20","0","pos","166","72.24299065420561","27.757009345794394","69.98050682261209","74.32675044883304"
"107","260","0.2","20","0","pos","259","71.1214953271028","28.878504672897197","69.78557504873294","72.35188509874327"
"111","260","0.1","30","0","pos","69","62.616822429906534","37.38317757009346","61.59844054580896","63.55475763016158"
"109","260","0.4","20","0","pos","166","67.85046728971963","32.149532710280376","66.66666666666666","68.9407540394973"
"110","260","0.5","20","0","pos","0","60.5607476635514","39.4392523364486","59.06432748538012","61.93895870736086"
"106","260","0.1","20","0","pos","259","66.07476635514018","33.925233644859816","63.74269005847953","68.2226211849192"
"112","260","0.2","30","0","pos","166","66.54205607476635","33.45794392523365","62.768031189083814","70.01795332136446"
"105","260","0.5","10","0","pos","166","63.64485981308411","36.35514018691588","65.10721247563353","62.29802513464991"
"109","260","0.4","20","0","pos","259","73.64485981308411","26.355140186915886","72.70955165692008","74.50628366247756"
"111","260","0.1","30","0","pos","166","65.88785046728972","34.112149532710276","65.10721247563353","66.6068222621185"
"113","260","0.3","30","0","pos","0","60.5607476635514","39.4392523364486","59.06432748538012","61.93895870736086"
"110","260","0.5","20","0","pos","69","63.55140186915887","36.44859813084112","62.37816764132553","64.63195691202873"
"112","260","0.2","30","0","pos","259","70.65420560747664","29.345794392523366","69.39571150097466","71.8132854578097"
"108","260","0.3","20","0","pos","259","75.04672897196262","24.95327102803738","72.70955165692008","77.19928186714542"
"110","260","0.5","20","0","pos","166","68.5981308411215","31.401869158878505","67.2514619883041","69.83842010771993"
"113","260","0.3","30","0","pos","69","63.73831775700934","36.26168224299066","62.768031189083814","64.63195691202873"
"105","260","0.5","10","0","pos","259","65.98130841121495","34.018691588785046","65.8869395711501","66.06822262118493"
"111","260","0.1","30","0","pos","259","67.4766355140187","32.52336448598131","67.64132553606238","67.3249551166966"
"110","260","0.5","20","0","pos","259","73.64485981308411","26.355140186915886","71.53996101364523","75.58348294434471"
"114","260","0.4","30","0","pos","0","60.5607476635514","39.4392523364486","59.06432748538012","61.93895870736086"
"116","260","0.1","40","0","pos","0","60.5607476635514","39.4392523364486","59.06432748538012","61.93895870736086"
"117","260","0.2","40","0","pos","0","60.5607476635514","39.4392523364486","59.06432748538012","61.93895870736086"
"113","260","0.3","30","0","pos","166","67.4766355140187","32.52336448598131","66.08187134502924","68.76122082585279"
"115","260","0.5","30","0","pos","0","60.5607476635514","39.4392523364486","59.06432748538012","61.93895870736086"
"116","260","0.1","40","0","pos","69","63.83177570093458","36.16822429906542","61.79337231968811","65.70915619389586"
"117","260","0.2","40","0","pos","69","66.82242990654206","33.177570093457945","65.69200779727096","67.86355475763017"
"114","260","0.4","30","0","pos","69","68.69158878504673","31.308411214953267","66.66666666666666","70.55655296229803"
"115","260","0.5","30","0","pos","69","64.95327102803739","35.046728971962615","63.74269005847953","66.06822262118493"
"120","260","0.5","40","0","pos","0","60.5607476635514","39.4392523364486","59.06432748538012","61.93895870736086"
"113","260","0.3","30","0","pos","259","71.77570093457943","28.22429906542056","70.9551656920078","72.5314183123878"
"117","260","0.2","40","0","pos","166","71.49532710280374","28.504672897196258","70.17543859649122","72.71095152603232"
"115","260","0.5","30","0","pos","166","73.17757009345794","26.822429906542055","72.31968810916179","73.96768402154399"
"120","260","0.5","40","0","pos","69","67.38317757009345","32.61682242990654","67.05653021442495","67.68402154398564"
"117","260","0.2","40","0","pos","259","75.70093457943925","24.299065420560748","74.26900584795322","77.0197486535009"
"114","260","0.4","30","0","pos","166","77.38317757009345","22.61682242990654","76.80311890838206","77.91741472172352"
"115","260","0.5","30","0","pos","259","79.53271028037383","20.46728971962617","78.16764132553607","80.78994614003591"
"116","260","0.1","40","0","pos","166","66.72897196261682","33.271028037383175","66.66666666666666","66.78635547576302"
"120","260","0.5","40","0","pos","166","78.03738317757009","21.962616822429908","76.99805068226121","78.99461400359067"
"119","260","0.4","40","0","pos","0","60.5607476635514","39.4392523364486","59.06432748538012","61.93895870736086"
"114","260","0.4","30","0","pos","259","82.99065420560747","17.009345794392523","83.23586744639377","82.76481149012568"
"124","260","0.4","50","0","pos","0","60.5607476635514","39.4392523364486","59.06432748538012","61.93895870736086"
"120","260","0.5","40","0","pos","259","85.23364485981308","14.766355140186915","83.23586744639377","87.07360861759426"
"118","260","0.3","40","0","pos","0","60.5607476635514","39.4392523364486","59.06432748538012","61.93895870736086"
"121","260","0.1","50","0","pos","0","60.5607476635514","39.4392523364486","59.06432748538012","61.93895870736086"
"116","260","0.1","40","0","pos","259","71.1214953271028","28.878504672897197","73.2943469785575","69.12028725314184"
"119","260","0.4","40","0","pos","69","70.09345794392523","29.906542056074763","69.78557504873294","70.3770197486535"
"121","260","0.1","50","0","pos","69","61.49532710280374","38.504672897196265","60.23391812865497","62.65709156193896"
"123","260","0.3","50","0","pos","0","60.5607476635514","39.4392523364486","59.06432748538012","61.93895870736086"
"124","260","0.4","50","0","pos","69","70.93457943925233","29.06542056074766","72.70955165692008","69.29982046678636"
"118","260","0.3","40","0","pos","69","69.81308411214954","30.186915887850468","68.42105263157895","71.0951526032316"
"122","260","0.2","50","0","pos","0","60.5607476635514","39.4392523364486","59.06432748538012","61.93895870736086"
"123","260","0.3","50","0","pos","69","67.38317757009345","32.61682242990654","65.69200779727096","68.9407540394973"
"119","260","0.4","40","0","pos","166","77.47663551401868","22.523364485981308","76.99805068226121","77.91741472172352"
"127","260","0.2","10","0","pos","0","60.5607476635514","39.4392523364486","59.06432748538012","61.93895870736086"
"122","260","0.2","50","0","pos","69","64.57943925233644","35.42056074766355","60.81871345029239","68.04308797127469"
"119","260","0.4","40","0","pos","259","83.3644859813084","16.635514018691588","83.23586744639377","83.48294434470377"
"123","260","0.3","50","0","pos","166","75.98130841121495","24.018691588785046","76.41325536062378","75.58348294434471"
"127","260","0.2","10","0","pos","69","62.71028037383177","37.28971962616822","61.98830409356725","63.37522441651705"
"118","260","0.3","40","0","pos","166","76.72897196261682","23.271028037383175","77.58284600389864","75.94254937163375"
"124","260","0.4","50","0","pos","166","78.78504672897196","21.214953271028037","79.33723196881091","78.27648114901257"
"125","260","0.5","50","0","pos","0","60.5607476635514","39.4392523364486","59.06432748538012","61.93895870736086"
"130","260","0.5","10","0","pos","0","60.5607476635514","39.4392523364486","59.06432748538012","61.93895870736086"
"129","260","0.4","10","0","pos","0","60.5607476635514","39.4392523364486","59.06432748538012","61.93895870736086"
"126","260","0.1","10","0","pos","0","60.5607476635514","39.4392523364486","59.06432748538012","61.93895870736086"
"121","260","0.1","50","0","pos","166","65.88785046728972","34.112149532710276","63.93762183235867","67.68402154398564"
"128","260","0.3","10","0","pos","0","60.5607476635514","39.4392523364486","59.06432748538012","61.93895870736086"
"123","260","0.3","50","0","pos","259","81.96261682242991","18.037383177570092","82.26120857699804","81.68761220825853"
"126","260","0.1","10","0","pos","69","61.308411214953274","38.691588785046726","59.64912280701754","62.83662477558348"
"127","260","0.2","10","0","pos","166","64.11214953271028","35.88785046728972","62.37816764132553","65.70915619389586"
"130","260","0.5","10","0","pos","69","61.49532710280374","38.504672897196265","60.03898635477582","62.83662477558348"
"124","260","0.4","50","0","pos","259","86.44859813084112","13.551401869158877","86.54970760233918","86.35547576301616"
"125","260","0.5","50","0","pos","69","71.58878504672897","28.41121495327103","72.90448343079922","70.3770197486535"
"126","260","0.1","10","0","pos","166","60.65420560747663","39.345794392523366","59.64912280701754","61.57989228007181"
"128","260","0.3","10","0","pos","69","59.90654205607476","40.09345794392523","57.50487329434698","62.11849192100538"
"129","260","0.4","10","0","pos","69","62.42990654205608","37.570093457943926","61.40350877192983","63.37522441651705"
"122","260","0.2","50","0","pos","166","70.8411214953271","29.1588785046729","70.17543859649122","71.45421903052065"
"127","260","0.2","10","0","pos","259","64.85981308411215","35.14018691588785","63.93762183235867","65.70915619389586"
"130","260","0.5","10","0","pos","166","64.95327102803739","35.046728971962615","63.74269005847953","66.06822262118493"
"118","260","0.3","40","0","pos","259","81.30841121495327","18.69158878504673","82.45614035087719","80.25134649910234"
"129","260","0.4","10","0","pos","166","65.7943925233645","34.205607476635514","64.13255360623782","67.3249551166966"
"128","260","0.3","10","0","pos","166","62.80373831775701","37.19626168224299","60.62378167641326","64.81149012567326"
"130","260","0.5","10","0","pos","259","67.94392523364486","32.05607476635514","67.05653021442495","68.76122082585279"
"121","260","0.1","50","0","pos","259","68.22429906542055","31.775700934579437","66.47173489278752","69.83842010771993"
"126","260","0.1","10","0","pos","259","61.96261682242991","38.03738317757009","60.81871345029239","63.016157989228006"
"122","260","0.2","50","0","pos","259","75.70093457943925","24.299065420560748","75.43859649122807","75.94254937163375"
"125","260","0.5","50","0","pos","166","81.02803738317756","18.97196261682243","83.82066276803118","78.45601436265709"
"129","260","0.4","10","0","pos","259","68.97196261682244","31.02803738317757","68.03118908382066","69.83842010771993"
"125","260","0.5","50","0","pos","259","88.3177570093458","11.682242990654206","90.05847953216374","86.71454219030521"
"128","260","0.3","10","0","pos","259","65.98130841121495","34.018691588785046","64.91228070175438","66.96588868940754"
"131","260","0.1","20","0","pos","0","60.5607476635514","39.4392523364486","59.06432748538012","61.93895870736086"
"132","260","0.2","20","0","pos","0","60.5607476635514","39.4392523364486","59.06432748538012","61.93895870736086"
"133","260","0.3","20","0","pos","0","60.5607476635514","39.4392523364486","59.06432748538012","61.93895870736086"
"132","260","0.2","20","0","pos","69","63.27102803738318","36.728971962616825","59.4541910331384","66.78635547576302"
"131","260","0.1","20","0","pos","69","61.308411214953274","38.691588785046726","59.64912280701754","62.83662477558348"
"133","260","0.3","20","0","pos","69","64.39252336448598","35.60747663551402","65.49707602339181","63.37522441651705"
"134","260","0.4","20","0","pos","0","60.5607476635514","39.4392523364486","59.06432748538012","61.93895870736086"
"133","260","0.3","20","0","pos","166","70.8411214953271","29.1588785046729","70.9551656920078","70.73608617594255"
"132","260","0.2","20","0","pos","166","66.44859813084112","33.55140186915888","63.547758284600384","69.12028725314184"
"137","260","0.2","30","0","pos","0","60.5607476635514","39.4392523364486","59.06432748538012","61.93895870736086"
"134","260","0.4","20","0","pos","69","63.084112149532714","36.915887850467286","62.96296296296296","63.19569120287253"
"131","260","0.1","20","0","pos","166","62.616822429906534","37.38317757009346","60.03898635477582","64.99102333931778"
"133","260","0.3","20","0","pos","259","76.26168224299066","23.738317757009344","77.19298245614034","75.40394973070018"
"135","260","0.5","20","0","pos","0","60.5607476635514","39.4392523364486","59.06432748538012","61.93895870736086"
"137","260","0.2","30","0","pos","69","64.67289719626169","35.32710280373832","67.44639376218323","62.11849192100538"
"136","260","0.1","30","0","pos","0","60.5607476635514","39.4392523364486","59.06432748538012","61.93895870736086"
"132","260","0.2","20","0","pos","259","69.06542056074765","30.934579439252335","66.66666666666666","71.27468581687613"
"135","260","0.5","20","0","pos","69","63.55140186915887","36.44859813084112","64.71734892787524","62.47755834829444"
"139","260","0.4","30","0","pos","0","60.5607476635514","39.4392523364486","59.06432748538012","61.93895870736086"
"138","260","0.3","30","0","pos","0","60.5607476635514","39.4392523364486","59.06432748538012","61.93895870736086"
"137","260","0.2","30","0","pos","166","68.87850467289721","31.121495327102807","69.98050682261209","67.86355475763017"
"134","260","0.4","20","0","pos","166","71.68224299065422","28.317757009345794","71.53996101364523","71.8132854578097"
"140","260","0.5","30","0","pos","0","60.5607476635514","39.4392523364486","59.06432748538012","61.93895870736086"
"136","260","0.1","30","0","pos","69","62.71028037383177","37.28971962616822","61.98830409356725","63.37522441651705"
"131","260","0.1","20","0","pos","259","63.64485981308411","36.35514018691588","62.1832358674464","64.99102333931778"
"139","260","0.4","30","0","pos","69","68.22429906542055","31.775700934579437","68.61598440545808","67.86355475763017"
"135","260","0.5","20","0","pos","166","70.74766355140187","29.252336448598133","71.34502923976608","70.19748653500898"
"137","260","0.2","30","0","pos","259","72.42990654205607","27.570093457943923","74.85380116959064","70.19748653500898"
"142","260","0.2","40","0","pos","0","60.5607476635514","39.4392523364486","59.06432748538012","61.93895870736086"
"138","260","0.3","30","0","pos","69","67.7570093457944","32.242990654205606","64.91228070175438","70.3770197486535"
"136","260","0.1","30","0","pos","166","67.38317757009345","32.61682242990654","64.71734892787524","69.83842010771993"
"134","260","0.4","20","0","pos","259","76.82242990654206","23.177570093457945","76.41325536062378","77.19928186714542"
"140","260","0.5","30","0","pos","69","65.14018691588785","34.859813084112155","67.05653021442495","63.37522441651705"
"139","260","0.4","30","0","pos","166","76.82242990654206","23.177570093457945","77.19298245614034","76.48114901256733"
"143","260","0.3","40","0","pos","0","60.5607476635514","39.4392523364486","59.06432748538012","61.93895870736086"
"136","260","0.1","30","0","pos","259","70","30","68.81091617933723","71.0951526032316"
"142","260","0.2","40","0","pos","69","65.88785046728972","34.112149532710276","65.69200779727096","66.06822262118493"
"135","260","0.5","20","0","pos","259","74.95327102803738","25.04672897196262","76.0233918128655","73.96768402154399"
"144","260","0.4","40","0","pos","0","60.5607476635514","39.4392523364486","59.06432748538012","61.93895870736086"
"143","260","0.3","40","0","pos","69","65.51401869158879","34.48598130841122","66.47173489278752","64.63195691202873"
"138","260","0.3","30","0","pos","166","75.32710280373833","24.67289719626168","74.07407407407408","76.48114901256733"
"141","260","0.1","40","0","pos","0","60.5607476635514","39.4392523364486","59.06432748538012","61.93895870736086"
"144","260","0.4","40","0","pos","69","69.71962616822431","30.2803738317757","70.56530214424951","68.9407540394973"
"139","260","0.4","30","0","pos","259","82.89719626168224","17.102803738317757","83.4307992202729","82.40574506283662"
"142","260","0.2","40","0","pos","166","72.14953271028037","27.850467289719628","71.15009746588694","73.07001795332137"
"140","260","0.5","30","0","pos","166","75.88785046728972","24.11214953271028","75.43859649122807","76.30161579892281"
"146","260","0.1","50","0","pos","0","60.5607476635514","39.4392523364486","59.06432748538012","61.93895870736086"
"138","260","0.3","30","0","pos","259","80","20","78.94736842105263","80.96947935368043"
"144","260","0.4","40","0","pos","166","80.65420560747664","19.345794392523363","80.50682261208577","80.78994614003591"
"142","260","0.2","40","0","pos","259","75.60747663551402","24.39252336448598","75.24366471734892","75.94254937163375"
"147","260","0.2","50","0","pos","0","60.5607476635514","39.4392523364486","59.06432748538012","61.93895870736086"
"145","260","0.5","40","0","pos","0","60.5607476635514","39.4392523364486","59.06432748538012","61.93895870736086"
"141","260","0.1","40","0","pos","69","62.05607476635514","37.94392523364486","59.84405458089669","64.09335727109516"
"148","260","0.3","50","0","pos","0","60.5607476635514","39.4392523364486","59.06432748538012","61.93895870736086"
"140","260","0.5","30","0","pos","259","83.17757009345794","16.822429906542055","82.84600389863547","83.48294434470377"
"143","260","0.3","40","0","pos","166","71.77570093457943","28.22429906542056","73.48927875243665","70.19748653500898"
"146","260","0.1","50","0","pos","69","63.45794392523364","36.54205607476636","60.42884990253411","66.24775583482945"
"144","260","0.4","40","0","pos","259","83.92523364485982","16.074766355140188","83.82066276803118","84.02154398563735"
"145","260","0.5","40","0","pos","69","69.06542056074765","30.934579439252335","67.83625730994152","70.19748653500898"
"147","260","0.2","50","0","pos","69","65.23364485981308","34.76635514018692","63.93762183235867","66.42728904847397"
"141","260","0.1","40","0","pos","166","65.14018691588785","34.859813084112155","63.93762183235867","66.24775583482945"
"148","260","0.3","50","0","pos","69","68.22429906542055","31.775700934579437","67.2514619883041","69.12028725314184"
"149","260","0.4","50","0","pos","0","60.5607476635514","39.4392523364486","59.06432748538012","61.93895870736086"
"143","260","0.3","40","0","pos","259","77.66355140186916","22.336448598130843","79.72709551656921","75.76301615798923"
"147","260","0.2","50","0","pos","166","71.1214953271028","28.878504672897197","70.17543859649122","71.99281867145422"
"146","260","0.1","50","0","pos","166","65.98130841121495","34.018691588785046","63.35282651072125","68.40215439856372"
"148","260","0.3","50","0","pos","166","75.51401869158877","24.485981308411215","73.2943469785575","77.55834829443447"
"150","260","0.5","50","0","pos","0","60.5607476635514","39.4392523364486","59.06432748538012","61.93895870736086"
"141","260","0.1","40","0","pos","259","68.69158878504673","31.308411214953267","67.44639376218323","69.83842010771993"
"149","260","0.4","50","0","pos","69","73.27102803738318","26.72897196261682","70.76023391812866","75.58348294434471"
"151","260","0.1","10","0","pos","0","60.5607476635514","39.4392523364486","59.06432748538012","61.93895870736086"
"145","260","0.5","40","0","pos","166","81.49532710280374","18.50467289719626","81.0916179337232","81.86714542190305"
"147","260","0.2","50","0","pos","259","76.44859813084112","23.551401869158877","76.41325536062378","76.48114901256733"
"150","260","0.5","50","0","pos","69","72.14953271028037","27.850467289719628","73.09941520467837","71.27468581687613"
"146","260","0.1","50","0","pos","259","69.71962616822431","30.2803738317757","66.66666666666666","72.5314183123878"
"148","260","0.3","50","0","pos","259","81.49532710280374","18.50467289719626","80.89668615984405","82.04667863554758"
"151","260","0.1","10","0","pos","69","60.8411214953271","39.15887850467289","58.67446393762184","62.83662477558348"
"145","260","0.5","40","0","pos","259","88.8785046728972","11.121495327102803","87.91423001949317","89.76660682226212"
"152","260","0.2","10","0","pos","0","60.5607476635514","39.4392523364486","59.06432748538012","61.93895870736086"
"149","260","0.4","50","0","pos","166","84.67289719626169","15.327102803738319","83.4307992202729","85.81687612208259"
"153","260","0.3","10","0","pos","0","60.5607476635514","39.4392523364486","59.06432748538012","61.93895870736086"
"151","260","0.1","10","0","pos","166","61.6822429906542","38.31775700934579","59.25925925925925","63.91382405745063"
"155","260","0.5","10","0","pos","0","60.5607476635514","39.4392523364486","59.06432748538012","61.93895870736086"
"150","260","0.5","50","0","pos","166","81.02803738317756","18.97196261682243","81.28654970760235","80.78994614003591"
"154","260","0.4","10","0","pos","0","60.5607476635514","39.4392523364486","59.06432748538012","61.93895870736086"
"149","260","0.4","50","0","pos","259","89.7196261682243","10.2803738317757","90.05847953216374","89.40754039497307"
"155","260","0.5","10","0","pos","69","62.71028037383177","37.28971962616822","61.79337231968811","63.55475763016158"
"152","260","0.2","10","0","pos","69","60.8411214953271","39.15887850467289","59.4541910331384","62.11849192100538"
"150","260","0.5","50","0","pos","259","86.82242990654206","13.177570093457943","86.54970760233918","87.07360861759426"
"151","260","0.1","10","0","pos","259","61.77570093457943","38.22429906542056","59.25925925925925","64.09335727109516"
"154","260","0.4","10","0","pos","69","60.09345794392523","39.90654205607477","59.25925925925925","60.86175942549371"
"155","260","0.5","10","0","pos","166","65.60747663551402","34.39252336448598","66.27680311890838","64.99102333931778"
"153","260","0.3","10","0","pos","69","60.09345794392523","39.90654205607477","60.42884990253411","59.78456014362658"
"157","260","0.2","20","0","pos","0","60.5607476635514","39.4392523364486","59.06432748538012","61.93895870736086"
"157","260","0.2","20","0","pos","69","61.588785046728965","38.41121495327103","61.20857699805068","61.93895870736086"
"152","260","0.2","10","0","pos","166","61.96261682242991","38.03738317757009","60.03898635477582","63.73429084380611"
"155","260","0.5","10","0","pos","259","67.66355140186916","32.33644859813084","68.61598440545808","66.78635547576302"
"154","260","0.4","10","0","pos","166","63.73831775700934","36.26168224299066","63.35282651072125","64.09335727109516"
"157","260","0.2","20","0","pos","166","64.76635514018692","35.23364485981308","62.96296296296296","66.42728904847397"
"153","260","0.3","10","0","pos","166","63.45794392523364","36.54205607476636","63.1578947368421","63.73429084380611"
"152","260","0.2","10","0","pos","259","63.64485981308411","36.35514018691588","61.79337231968811","65.35008976660683"
"159","260","0.4","20","0","pos","0","60.5607476635514","39.4392523364486","59.06432748538012","61.93895870736086"
"158","260","0.3","20","0","pos","0","60.5607476635514","39.4392523364486","59.06432748538012","61.93895870736086"
"157","260","0.2","20","0","pos","259","68.50467289719626","31.49532710280374","68.03118908382066","68.9407540394973"
"154","260","0.4","10","0","pos","259","68.78504672897196","31.21495327102804","68.81091617933723","68.76122082585279"
"161","260","0.1","30","0","pos","0","60.5607476635514","39.4392523364486","59.06432748538012","61.93895870736086"
"163","260","0.3","30","0","pos","0","60.5607476635514","39.4392523364486","59.06432748538012","61.93895870736086"
"156","260","0.1","20","0","pos","0","60.5607476635514","39.4392523364486","59.06432748538012","61.93895870736086"
"160","260","0.5","20","0","pos","0","60.5607476635514","39.4392523364486","59.06432748538012","61.93895870736086"
"158","260","0.3","20","0","pos","69","63.36448598130842","36.63551401869159","64.32748538011695","62.47755834829444"
"161","260","0.1","30","0","pos","69","61.308411214953274","38.691588785046726","59.06432748538012","63.37522441651705"
"163","260","0.3","30","0","pos","69","65.70093457943925","34.29906542056075","64.71734892787524","66.6068222621185"
"159","260","0.4","20","0","pos","69","65.51401869158879","34.48598130841122","63.74269005847953","67.14542190305207"
"156","260","0.1","20","0","pos","69","62.33644859813084","37.663551401869164","59.25925925925925","65.1705565529623"
"153","260","0.3","10","0","pos","259","64.29906542056075","35.700934579439256","65.69200779727096","63.016157989228006"
"162","260","0.2","30","0","pos","0","60.5607476635514","39.4392523364486","59.06432748538012","61.93895870736086"
"160","260","0.5","20","0","pos","69","63.73831775700934","36.26168224299066","63.1578947368421","64.27289048473968"
"161","260","0.1","30","0","pos","166","64.39252336448598","35.60747663551402","61.98830409356725","66.6068222621185"
"162","260","0.2","30","0","pos","69","63.55140186915887","36.44859813084112","62.37816764132553","64.63195691202873"
"163","260","0.3","30","0","pos","166","70","30","69.20077972709552","70.73608617594255"
"156","260","0.1","20","0","pos","166","64.95327102803739","35.046728971962615","62.96296296296296","66.78635547576302"
"161","260","0.1","30","0","pos","259","68.50467289719626","31.49532710280374","68.61598440545808","68.40215439856372"
"158","260","0.3","20","0","pos","166","67.94392523364486","32.05607476635514","68.2261208576998","67.68402154398564"
"163","260","0.3","30","0","pos","259","76.44859813084112","23.551401869158877","75.82846003898635","77.0197486535009"
"159","260","0.4","20","0","pos","166","68.41121495327103","31.588785046728972","67.64132553606238","69.12028725314184"
"162","260","0.2","30","0","pos","166","67.4766355140187","32.52336448598131","66.47173489278752","68.40215439856372"
"156","260","0.1","20","0","pos","259","67.66355140186916","32.33644859813084","66.08187134502924","69.12028725314184"
"160","260","0.5","20","0","pos","166","71.40186915887851","28.598130841121495","69.98050682261209","72.71095152603232"
"164","260","0.4","30","0","pos","0","60.5607476635514","39.4392523364486","59.06432748538012","61.93895870736086"
"159","260","0.4","20","0","pos","259","73.83177570093457","26.168224299065418","73.68421052631578","73.96768402154399"
"158","260","0.3","20","0","pos","259","70.37383177570094","29.626168224299064","68.81091617933723","71.8132854578097"
"162","260","0.2","30","0","pos","259","71.68224299065422","28.317757009345794","70.17543859649122","73.07001795332137"
"164","260","0.4","30","0","pos","69","67.10280373831776","32.89719626168225","64.32748538011695","69.6588868940754"
"160","260","0.5","20","0","pos","259","76.54205607476635","23.457943925233646","76.80311890838206","76.30161579892281"
"166","260","0.1","40","0","pos","0","60.5607476635514","39.4392523364486","59.06432748538012","61.93895870736086"
"165","260","0.5","30","0","pos","0","60.5607476635514","39.4392523364486","59.06432748538012","61.93895870736086"
"168","260","0.3","40","0","pos","0","60.5607476635514","39.4392523364486","59.06432748538012","61.93895870736086"
"164","260","0.4","30","0","pos","166","74.57943925233644","25.42056074766355","71.9298245614035","77.0197486535009"
"168","260","0.3","40","0","pos","69","68.03738317757009","31.962616822429908","67.64132553606238","68.40215439856372"
"170","260","0.5","40","0","pos","0","60.5607476635514","39.4392523364486","59.06432748538012","61.93895870736086"
"166","260","0.1","40","0","pos","69","62.24299065420561","37.75700934579439","61.01364522417154","63.37522441651705"
"165","260","0.5","30","0","pos","69","66.82242990654206","33.177570093457945","67.83625730994152","65.8886894075404"
"164","260","0.4","30","0","pos","259","81.12149532710279","18.878504672897193","78.94736842105263","83.12387791741472"
"170","260","0.5","40","0","pos","69","69.4392523364486","30.560747663551403","70.37037037037037","68.58168761220826"
"167","260","0.2","40","0","pos","0","60.5607476635514","39.4392523364486","59.06432748538012","61.93895870736086"
"168","260","0.3","40","0","pos","166","78.41121495327103","21.588785046728972","77.19298245614034","79.53321364452424"
"172","260","0.2","50","0","pos","0","60.5607476635514","39.4392523364486","59.06432748538012","61.93895870736086"
"169","260","0.4","40","0","pos","0","60.5607476635514","39.4392523364486","59.06432748538012","61.93895870736086"
"174","260","0.4","50","0","pos","0","60.5607476635514","39.4392523364486","59.06432748538012","61.93895870736086"
"166","260","0.1","40","0","pos","166","64.76635514018692","35.23364485981308","63.35282651072125","66.06822262118493"
"170","260","0.5","40","0","pos","166","77.47663551401868","22.523364485981308","76.41325536062378","78.45601436265709"
"165","260","0.5","30","0","pos","166","78.41121495327103","21.588785046728972","79.53216374269006","77.37881508078995"
"167","260","0.2","40","0","pos","69","66.26168224299064","33.73831775700935","65.8869395711501","66.6068222621185"
"171","260","0.1","50","0","pos","0","60.5607476635514","39.4392523364486","59.06432748538012","61.93895870736086"
"168","260","0.3","40","0","pos","259","84.29906542056075","15.700934579439252","82.65107212475633","85.81687612208259"
"169","260","0.4","40","0","pos","69","66.72897196261682","33.271028037383175","67.83625730994152","65.70915619389586"
"174","260","0.4","50","0","pos","69","75.88785046728972","24.11214953271028","75.82846003898635","75.94254937163375"
"173","260","0.3","50","0","pos","0","60.5607476635514","39.4392523364486","59.06432748538012","61.93895870736086"
"172","260","0.2","50","0","pos","69","65.04672897196262","34.953271028037385","64.91228070175438","65.1705565529623"
"171","260","0.1","50","0","pos","69","63.45794392523364","36.54205607476636","61.79337231968811","64.99102333931778"
"166","260","0.1","40","0","pos","259","69.34579439252336","30.654205607476637","68.2261208576998","70.3770197486535"
"169","260","0.4","40","0","pos","166","74.48598130841123","25.514018691588785","76.0233918128655","73.07001795332137"
"173","260","0.3","50","0","pos","69","69.4392523364486","30.560747663551403","68.2261208576998","70.55655296229803"
"174","260","0.4","50","0","pos","166","86.07476635514018","13.925233644859814","87.32943469785575","84.91921005385996"
"167","260","0.2","40","0","pos","166","72.80373831775701","27.19626168224299","71.73489278752436","73.78815080789947"
"172","260","0.2","50","0","pos","166","71.30841121495327","28.69158878504673","71.15009746588694","71.45421903052065"
"165","260","0.5","30","0","pos","259","85.04672897196261","14.953271028037381","86.15984405458089","84.02154398563735"
"170","260","0.5","40","0","pos","259","79.25233644859813","20.747663551401867","77.38791423001949","80.96947935368043"
"171","260","0.1","50","0","pos","166","67.28971962616822","32.71028037383177","65.10721247563353","69.29982046678636"
"175","260","0.5","50","0","pos","0","60.5607476635514","39.4392523364486","59.06432748538012","61.93895870736086"
"169","260","0.4","40","0","pos","259","78.78504672897196","21.214953271028037","79.53216374269006","78.09694793536805"
"176","260","0.1","10","0","pos","0","60.5607476635514","39.4392523364486","59.06432748538012","61.93895870736086"
"174","260","0.4","50","0","pos","259","89.81308411214954","10.186915887850468","90.25341130604289","89.40754039497307"
"171","260","0.1","50","0","pos","259","71.21495327102804","28.785046728971963","70.76023391812866","71.63375224416517"
"175","260","0.5","50","0","pos","69","73.17757009345794","26.822429906542055","73.68421052631578","72.71095152603232"
"172","260","0.2","50","0","pos","259","74.67289719626167","25.327102803738317","72.70955165692008","76.48114901256733"
"173","260","0.3","50","0","pos","166","78.31775700934578","21.682242990654206","76.99805068226121","79.53321364452424"
"176","260","0.1","10","0","pos","69","60.747663551401864","39.25233644859813","59.64912280701754","61.759425493716336"
"167","260","0.2","40","0","pos","259","76.35514018691589","23.644859813084114","75.6335282651072","77.0197486535009"
"175","260","0.5","50","0","pos","166","81.49532710280374","18.50467289719626","82.65107212475633","80.43087971274686"
"177","260","0.2","10","0","pos","0","60.5607476635514","39.4392523364486","59.06432748538012","61.93895870736086"
"177","260","0.2","10","0","pos","69","60.747663551401864","39.25233644859813","60.42884990253411","61.04129263913825"
"175","260","0.5","50","0","pos","259","91.77570093457945","8.224299065420562","92.98245614035088","90.66427289048474"
"176","260","0.1","10","0","pos","166","61.86915887850467","38.13084112149533","61.20857699805068","62.47755834829444"
"173","260","0.3","50","0","pos","259","82.80373831775701","17.19626168224299","81.28654970760235","84.20107719928187"
"176","260","0.1","10","0","pos","259","62.523364485981304","37.47663551401869","61.59844054580896","63.37522441651705"
"177","260","0.2","10","0","pos","166","63.55140186915887","36.44859813084112","62.37816764132553","64.63195691202873"
"180","260","0.5","10","0","pos","0","60.5607476635514","39.4392523364486","59.06432748538012","61.93895870736086"
"179","260","0.4","10","0","pos","0","60.5607476635514","39.4392523364486","59.06432748538012","61.93895870736086"
"177","260","0.2","10","0","pos","259","65.42056074766354","34.57943925233645","64.32748538011695","66.42728904847397"
"182","260","0.2","20","0","pos","0","60.5607476635514","39.4392523364486","59.06432748538012","61.93895870736086"
"180","260","0.5","10","0","pos","69","62.89719626168224","37.10280373831776","60.42884990253411","65.1705565529623"
"183","260","0.3","20","0","pos","0","60.5607476635514","39.4392523364486","59.06432748538012","61.93895870736086"
"179","260","0.4","10","0","pos","69","62.89719626168224","37.10280373831776","62.37816764132553","63.37522441651705"
"182","260","0.2","20","0","pos","69","62.523364485981304","37.47663551401869","61.20857699805068","63.73429084380611"
"178","260","0.3","10","0","pos","0","60.5607476635514","39.4392523364486","59.06432748538012","61.93895870736086"
"181","260","0.1","20","0","pos","0","60.5607476635514","39.4392523364486","59.06432748538012","61.93895870736086"
"180","260","0.5","10","0","pos","166","65.23364485981308","34.76635514018692","63.547758284600384","66.78635547576302"
"181","260","0.1","20","0","pos","69","61.02803738317757","38.97196261682243","58.67446393762184","63.19569120287253"
"182","260","0.2","20","0","pos","166","67.7570093457944","32.242990654205606","66.66666666666666","68.76122082585279"
"185","260","0.5","20","0","pos","0","60.5607476635514","39.4392523364486","59.06432748538012","61.93895870736086"
"186","260","0.1","30","0","pos","0","60.5607476635514","39.4392523364486","59.06432748538012","61.93895870736086"
"179","260","0.4","10","0","pos","166","65.14018691588785","34.859813084112155","67.2514619883041","63.19569120287253"
"180","260","0.5","10","0","pos","259","68.97196261682244","31.02803738317757","66.8615984405458","70.91561938958706"
"183","260","0.3","20","0","pos","69","62.71028037383177","37.28971962616822","61.40350877192983","63.91382405745063"
"178","260","0.3","10","0","pos","69","60.280373831775705","39.719626168224295","58.86939571150097","61.57989228007181"
"184","260","0.4","20","0","pos","0","60.5607476635514","39.4392523364486","59.06432748538012","61.93895870736086"
"186","260","0.1","30","0","pos","69","60.65420560747663","39.345794392523366","59.84405458089669","61.40035906642729"
"185","260","0.5","20","0","pos","69","63.177570093457945","36.822429906542055","63.547758284600384","62.83662477558348"
"181","260","0.1","20","0","pos","166","63.925233644859816","36.074766355140184","61.59844054580896","66.06822262118493"
"182","260","0.2","20","0","pos","259","69.62616822429906","30.373831775700932","67.83625730994152","71.27468581687613"
"184","260","0.4","20","0","pos","69","64.20560747663552","35.794392523364486","62.37816764132553","65.8886894075404"
"179","260","0.4","10","0","pos","259","68.5981308411215","31.401869158878505","70.76023391812866","66.6068222621185"
"178","260","0.3","10","0","pos","166","62.42990654205608","37.570093457943926","62.1832358674464","62.65709156193896"
"185","260","0.5","20","0","pos","166","68.50467289719626","31.49532710280374","66.27680311890838","70.55655296229803"
"183","260","0.3","20","0","pos","166","68.13084112149532","31.86915887850467","67.2514619883041","68.9407540394973"
"186","260","0.1","30","0","pos","166","63.83177570093458","36.16822429906542","62.57309941520468","64.99102333931778"
"189","260","0.4","30","0","pos","0","60.5607476635514","39.4392523364486","59.06432748538012","61.93895870736086"
"184","260","0.4","20","0","pos","166","71.68224299065422","28.317757009345794","69.39571150097466","73.78815080789947"
"188","260","0.3","30","0","pos","0","60.5607476635514","39.4392523364486","59.06432748538012","61.93895870736086"
"187","260","0.2","30","0","pos","0","60.5607476635514","39.4392523364486","59.06432748538012","61.93895870736086"
"181","260","0.1","20","0","pos","259","67.38317757009345","32.61682242990654","65.10721247563353","69.47935368043088"
"188","260","0.3","30","0","pos","69","67.94392523364486","32.05607476635514","65.8869395711501","69.83842010771993"
"186","260","0.1","30","0","pos","259","66.9158878504673","33.084112149532714","67.05653021442495","66.78635547576302"
"184","260","0.4","20","0","pos","259","74.85981308411215","25.140186915887853","74.6588693957115","75.04488330341114"
"185","260","0.5","20","0","pos","259","74.76635514018692","25.233644859813083","73.87914230019493","75.58348294434471"
"178","260","0.3","10","0","pos","259","64.95327102803739","35.046728971962615","64.5224171539961","65.35008976660683"
"183","260","0.3","20","0","pos","259","72.99065420560747","27.009345794392527","71.9298245614035","73.96768402154399"
"188","260","0.3","30","0","pos","166","73.17757009345794","26.822429906542055","72.31968810916179","73.96768402154399"
"187","260","0.2","30","0","pos","69","64.01869158878505","35.981308411214954","61.59844054580896","66.24775583482945"
"189","260","0.4","30","0","pos","69","65.23364485981308","34.76635514018692","62.96296296296296","67.3249551166966"
"190","260","0.5","30","0","pos","0","60.5607476635514","39.4392523364486","59.06432748538012","61.93895870736086"
"188","260","0.3","30","0","pos","259","79.25233644859813","20.747663551401867","77.58284600389864","80.78994614003591"
"187","260","0.2","30","0","pos","166","69.4392523364486","30.560747663551403","65.8869395711501","72.71095152603232"
"189","260","0.4","30","0","pos","166","71.68224299065422","28.317757009345794","70.17543859649122","73.07001795332137"
"192","260","0.2","40","0","pos","0","60.5607476635514","39.4392523364486","59.06432748538012","61.93895870736086"
"187","260","0.2","30","0","pos","259","73.92523364485982","26.074766355140188","71.15009746588694","76.48114901256733"
"190","260","0.5","30","0","pos","69","65.98130841121495","34.018691588785046","65.49707602339181","66.42728904847397"
"191","260","0.1","40","0","pos","0","60.5607476635514","39.4392523364486","59.06432748538012","61.93895870736086"
"189","260","0.4","30","0","pos","259","76.44859813084112","23.551401869158877","73.68421052631578","78.99461400359067"
"192","260","0.2","40","0","pos","69","64.20560747663552","35.794392523364486","63.547758284600384","64.81149012567326"
"190","260","0.5","30","0","pos","166","76.35514018691589","23.644859813084114","76.60818713450293","76.12208258527828"
"191","260","0.1","40","0","pos","69","62.523364485981304","37.47663551401869","61.59844054580896","63.37522441651705"
"193","260","0.3","40","0","pos","0","60.5607476635514","39.4392523364486","59.06432748538012","61.93895870736086"
"198","260","0.3","50","0","pos","0","60.5607476635514","39.4392523364486","59.06432748538012","61.93895870736086"
"192","260","0.2","40","0","pos","166","71.30841121495327","28.69158878504673","71.34502923976608","71.27468581687613"
"195","260","0.5","40","0","pos","0","60.5607476635514","39.4392523364486","59.06432748538012","61.93895870736086"
"194","260","0.4","40","0","pos","0","60.5607476635514","39.4392523364486","59.06432748538012","61.93895870736086"
"196","260","0.1","50","0","pos","0","60.5607476635514","39.4392523364486","59.06432748538012","61.93895870736086"
"191","260","0.1","40","0","pos","166","65.32710280373831","34.67289719626168","65.49707602339181","65.1705565529623"
"193","260","0.3","40","0","pos","69","66.9158878504673","33.084112149532714","65.30214424951268","68.40215439856372"
"197","260","0.2","50","0","pos","0","60.5607476635514","39.4392523364486","59.06432748538012","61.93895870736086"
"190","260","0.5","30","0","pos","259","83.17757009345794","16.822429906542055","83.4307992202729","82.9443447037702"
"199","260","0.4","50","0","pos","0","60.5607476635514","39.4392523364486","59.06432748538012","61.93895870736086"
"196","260","0.1","50","0","pos","69","62.71028037383177","37.28971962616822","61.59844054580896","63.73429084380611"
"198","260","0.3","50","0","pos","69","66.16822429906543","33.83177570093458","64.91228070175438","67.3249551166966"
"197","260","0.2","50","0","pos","69","68.50467289719626","31.49532710280374","67.64132553606238","69.29982046678636"
"193","260","0.3","40","0","pos","166","75.51401869158877","24.485981308411215","74.46393762183236","76.48114901256733"
"194","260","0.4","40","0","pos","69","67.7570093457944","32.242990654205606","67.64132553606238","67.86355475763017"
"201","260","0.1","10","0","pos","0","60.5607476635514","39.4392523364486","59.06432748538012","61.93895870736086"
"199","260","0.4","50","0","pos","69","71.58878504672897","28.41121495327103","71.15009746588694","71.99281867145422"
"195","260","0.5","40","0","pos","69","67.28971962616822","32.71028037383177","67.05653021442495","67.50448833034112"
"196","260","0.1","50","0","pos","166","67.4766355140187","32.52336448598131","67.44639376218323","67.50448833034112"
"192","260","0.2","40","0","pos","259","75.79439252336448","24.205607476635514","74.46393762183236","77.0197486535009"
"201","260","0.1","10","0","pos","69","60.5607476635514","39.4392523364486","59.4541910331384","61.57989228007181"
"193","260","0.3","40","0","pos","259","80.93457943925235","19.065420560747665","80.7017543859649","81.14901256732495"
"200","260","0.5","50","0","pos","0","60.5607476635514","39.4392523364486","59.06432748538012","61.93895870736086"
"197","260","0.2","50","0","pos","166","74.39252336448598","25.607476635514022","73.09941520467837","75.58348294434471"
"199","260","0.4","50","0","pos","166","83.45794392523365","16.542056074766357","83.82066276803118","83.12387791741472"
"191","260","0.1","40","0","pos","259","68.87850467289721","31.121495327102807","69.98050682261209","67.86355475763017"
"196","260","0.1","50","0","pos","259","71.40186915887851","28.598130841121495","71.73489278752436","71.0951526032316"
"194","260","0.4","40","0","pos","166","77.10280373831776","22.897196261682243","76.41325536062378","77.737881508079"
"197","260","0.2","50","0","pos","259","77.47663551401868","22.523364485981308","75.24366471734892","79.53321364452424"
"198","260","0.3","50","0","pos","166","74.11214953271028","25.88785046728972","72.51461988304094","75.58348294434471"
"199","260","0.4","50","0","pos","259","90.09345794392523","9.906542056074766","89.8635477582846","90.30520646319569"
"200","260","0.5","50","0","pos","69","73.55140186915888","26.448598130841123","70.37037037037037","76.48114901256733"
"201","260","0.1","10","0","pos","166","61.21495327102804","38.78504672897196","59.4541910331384","62.83662477558348"
"202","260","0.2","10","0","pos","0","60.5607476635514","39.4392523364486","59.06432748538012","61.93895870736086"
"198","260","0.3","50","0","pos","259","78.50467289719626","21.49532710280374","77.58284600389864","79.35368043087972"
"195","260","0.5","40","0","pos","166","80","20","79.72709551656921","80.25134649910234"
"200","260","0.5","50","0","pos","166","80.37383177570094","19.626168224299064","77.38791423001949","83.12387791741472"
"202","260","0.2","10","0","pos","69","60.373831775700936","39.626168224299064","60.23391812865497","60.502692998204665"
"201","260","0.1","10","0","pos","259","61.12149532710281","38.87850467289719","58.86939571150097","63.19569120287253"
"194","260","0.4","40","0","pos","259","85.04672897196261","14.953271028037381","84.99025341130604","85.09874326750449"
"202","260","0.2","10","0","pos","166","63.55140186915887","36.44859813084112","64.5224171539961","62.65709156193896"
"200","260","0.5","50","0","pos","259","85.79439252336448","14.205607476635516","84.01559454191033","87.4326750448833"
"203","260","0.3","10","0","pos","0","60.5607476635514","39.4392523364486","59.06432748538012","61.93895870736086"
"202","260","0.2","10","0","pos","259","65.60747663551402","34.39252336448598","67.44639376218323","63.91382405745063"
"204","260","0.4","10","0","pos","0","60.5607476635514","39.4392523364486","59.06432748538012","61.93895870736086"
"208","260","0.3","20","0","pos","0","60.5607476635514","39.4392523364486","59.06432748538012","61.93895870736086"
"195","260","0.5","40","0","pos","259","85.42056074766356","14.57943925233645","85.18518518518519","85.63734290843806"
"206","260","0.1","20","0","pos","0","60.5607476635514","39.4392523364486","59.06432748538012","61.93895870736086"
"207","260","0.2","20","0","pos","0","60.5607476635514","39.4392523364486","59.06432748538012","61.93895870736086"
"208","260","0.3","20","0","pos","69","64.48598130841121","35.51401869158878","62.96296296296296","65.8886894075404"
"205","260","0.5","10","0","pos","0","60.5607476635514","39.4392523364486","59.06432748538012","61.93895870736086"
"203","260","0.3","10","0","pos","69","60.5607476635514","39.4392523364486","60.42884990253411","60.68222621184919"
"207","260","0.2","20","0","pos","69","61.96261682242991","38.03738317757009","60.62378167641326","63.19569120287253"
"209","260","0.4","20","0","pos","0","60.5607476635514","39.4392523364486","59.06432748538012","61.93895870736086"
"206","260","0.1","20","0","pos","69","60.65420560747663","39.345794392523366","58.67446393762184","62.47755834829444"
"204","260","0.4","10","0","pos","69","64.29906542056075","35.700934579439256","63.35282651072125","65.1705565529623"
"205","260","0.5","10","0","pos","69","60.373831775700936","39.626168224299064","60.42884990253411","60.32315978456014"
"207","260","0.2","20","0","pos","166","62.89719626168224","37.10280373831776","60.62378167641326","64.99102333931778"
"206","260","0.1","20","0","pos","166","61.588785046728965","38.41121495327103","59.84405458089669","63.19569120287253"
"212","260","0.2","30","0","pos","0","60.5607476635514","39.4392523364486","59.06432748538012","61.93895870736086"
"210","260","0.5","20","0","pos","0","60.5607476635514","39.4392523364486","59.06432748538012","61.93895870736086"
"209","260","0.4","20","0","pos","69","65.42056074766354","34.57943925233645","64.13255360623782","66.6068222621185"
"204","260","0.4","10","0","pos","166","68.22429906542055","31.775700934579437","66.8615984405458","69.47935368043088"
"208","260","0.3","20","0","pos","166","67.57009345794393","32.429906542056074","68.03118908382066","67.14542190305207"
"207","260","0.2","20","0","pos","259","66.9158878504673","33.084112149532714","65.10721247563353","68.58168761220826"
"205","260","0.5","10","0","pos","166","64.85981308411215","35.14018691588785","63.547758284600384","66.06822262118493"
"206","260","0.1","20","0","pos","259","63.83177570093458","36.16822429906542","61.79337231968811","65.70915619389586"
"213","260","0.3","30","0","pos","0","60.5607476635514","39.4392523364486","59.06432748538012","61.93895870736086"
"203","260","0.3","10","0","pos","166","64.20560747663552","35.794392523364486","65.69200779727096","62.83662477558348"
"212","260","0.2","30","0","pos","69","64.39252336448598","35.60747663551402","62.57309941520468","66.06822262118493"
"208","260","0.3","20","0","pos","259","70.8411214953271","29.1588785046729","70.76023391812866","70.91561938958706"
"205","260","0.5","10","0","pos","259","67.66355140186916","32.33644859813084","67.2514619883041","68.04308797127469"
"210","260","0.5","20","0","pos","69","61.49532710280374","38.504672897196265","62.1832358674464","60.86175942549371"
"209","260","0.4","20","0","pos","166","67.66355140186916","32.33644859813084","68.2261208576998","67.14542190305207"
"204","260","0.4","10","0","pos","259","72.24299065420561","27.757009345794394","71.73489278752436","72.71095152603232"
"213","260","0.3","30","0","pos","69","66.54205607476635","33.45794392523365","67.44639376218323","65.70915619389586"
"210","260","0.5","20","0","pos","166","69.06542056074765","30.934579439252335","70.17543859649122","68.04308797127469"
"203","260","0.3","10","0","pos","259","68.50467289719626","31.49532710280374","69.5906432748538","67.50448833034112"
"214","260","0.4","30","0","pos","0","60.5607476635514","39.4392523364486","59.06432748538012","61.93895870736086"
"209","260","0.4","20","0","pos","259","72.99065420560747","27.009345794392527","73.48927875243665","72.5314183123878"
"211","260","0.1","30","0","pos","0","60.5607476635514","39.4392523364486","59.06432748538012","61.93895870736086"
"212","260","0.2","30","0","pos","166","70.37383177570094","29.626168224299064","68.61598440545808","71.99281867145422"
"213","260","0.3","30","0","pos","166","72.61682242990655","27.38317757009346","72.31968810916179","72.89048473967684"
"211","260","0.1","30","0","pos","69","60.8411214953271","39.15887850467289","60.81871345029239","60.86175942549371"
"214","260","0.4","30","0","pos","69","68.3177570093458","31.68224299065421","66.47173489278752","70.01795332136446"
"215","260","0.5","30","0","pos","0","60.5607476635514","39.4392523364486","59.06432748538012","61.93895870736086"
"216","260","0.1","40","0","pos","0","60.5607476635514","39.4392523364486","59.06432748538012","61.93895870736086"
"213","260","0.3","30","0","pos","259","76.82242990654206","23.177570093457945","74.6588693957115","78.81508078994614"
"212","260","0.2","30","0","pos","259","74.20560747663552","25.794392523364486","71.9298245614035","76.30161579892281"
"215","260","0.5","30","0","pos","69","67.00934579439253","32.99065420560748","65.8869395711501","68.04308797127469"
"216","260","0.1","40","0","pos","69","63.925233644859816","36.074766355140184","63.1578947368421","64.63195691202873"
"210","260","0.5","20","0","pos","259","72.52336448598132","27.476635514018692","75.04873294346979","70.19748653500898"
"219","260","0.4","40","0","pos","0","60.5607476635514","39.4392523364486","59.06432748538012","61.93895870736086"
"211","260","0.1","30","0","pos","166","62.99065420560748","37.00934579439252","63.74269005847953","62.29802513464991"
"219","260","0.4","40","0","pos","69","70.8411214953271","29.1588785046729","69.5906432748538","71.99281867145422"
"214","260","0.4","30","0","pos","166","74.67289719626167","25.327102803738317","75.04873294346979","74.32675044883304"
"220","260","0.5","40","0","pos","0","60.5607476635514","39.4392523364486","59.06432748538012","61.93895870736086"
"217","260","0.2","40","0","pos","0","60.5607476635514","39.4392523364486","59.06432748538012","61.93895870736086"
"211","260","0.1","30","0","pos","259","65.23364485981308","34.76635514018692","66.66666666666666","63.91382405745063"
"221","260","0.1","50","0","pos","0","60.5607476635514","39.4392523364486","59.06432748538012","61.93895870736086"
"215","260","0.5","30","0","pos","166","75.60747663551402","24.39252336448598","75.24366471734892","75.94254937163375"
"217","260","0.2","40","0","pos","69","65.32710280373831","34.67289719626168","62.96296296296296","67.50448833034112"
"218","260","0.3","40","0","pos","0","60.5607476635514","39.4392523364486","59.06432748538012","61.93895870736086"
"219","260","0.4","40","0","pos","166","81.21495327102804","18.785046728971963","80.89668615984405","81.50807899461401"
"220","260","0.5","40","0","pos","69","67.85046728971963","32.149532710280376","66.08187134502924","69.47935368043088"
"221","260","0.1","50","0","pos","69","61.12149532710281","38.87850467289719","59.84405458089669","62.29802513464991"
"217","260","0.2","40","0","pos","166","71.02803738317756","28.971962616822427","68.03118908382066","73.78815080789947"
"214","260","0.4","30","0","pos","259","80.28037383177569","19.7196261682243","81.28654970760235","79.35368043087972"
"218","260","0.3","40","0","pos","69","66.9158878504673","33.084112149532714","66.8615984405458","66.96588868940754"
"216","260","0.1","40","0","pos","166","65.23364485981308","34.76635514018692","63.547758284600384","66.78635547576302"
"219","260","0.4","40","0","pos","259","86.91588785046729","13.084112149532709","86.74463937621833","87.07360861759426"
"221","260","0.1","50","0","pos","166","67.10280373831776","32.89719626168225","66.66666666666666","67.50448833034112"
"215","260","0.5","30","0","pos","259","79.81308411214954","20.186915887850468","78.16764132553607","81.32854578096948"
"222","260","0.2","50","0","pos","0","60.5607476635514","39.4392523364486","59.06432748538012","61.93895870736086"
"218","260","0.3","40","0","pos","166","72.61682242990655","27.38317757009346","72.90448343079922","72.35188509874327"
"221","260","0.1","50","0","pos","259","70.18691588785046","29.813084112149536","68.61598440545808","71.63375224416517"
"220","260","0.5","40","0","pos","166","78.97196261682244","21.02803738317757","79.33723196881091","78.63554757630162"
"217","260","0.2","40","0","pos","259","75.32710280373833","24.67289719626168","72.90448343079922","77.55834829443447"
"222","260","0.2","50","0","pos","69","65.14018691588785","34.859813084112155","65.10721247563353","65.1705565529623"
"223","260","0.3","50","0","pos","0","60.5607476635514","39.4392523364486","59.06432748538012","61.93895870736086"
"218","260","0.3","40","0","pos","259","77.10280373831776","22.897196261682243","76.99805068226121","77.19928186714542"
"224","260","0.4","50","0","pos","0","60.5607476635514","39.4392523364486","59.06432748538012","61.93895870736086"
"225","260","0.5","50","0","pos","0","60.5607476635514","39.4392523364486","59.06432748538012","61.93895870736086"
"216","260","0.1","40","0","pos","259","68.97196261682244","31.02803738317757","67.05653021442495","70.73608617594255"
"220","260","0.5","40","0","pos","259","83.27102803738318","16.728971962616825","82.26120857699804","84.20107719928187"
"224","260","0.4","50","0","pos","69","67.38317757009345","32.61682242990654","66.27680311890838","68.40215439856372"
"226","260","0.1","10","0","pos","0","60.5607476635514","39.4392523364486","59.06432748538012","61.93895870736086"
"222","260","0.2","50","0","pos","166","73.55140186915888","26.448598130841123","73.09941520467837","73.96768402154399"
"223","260","0.3","50","0","pos","69","68.97196261682244","31.02803738317757","67.2514619883041","70.55655296229803"
"225","260","0.5","50","0","pos","69","69.1588785046729","30.8411214953271","67.64132553606238","70.55655296229803"
"226","260","0.1","10","0","pos","69","61.49532710280374","38.504672897196265","59.64912280701754","63.19569120287253"
"227","260","0.2","10","0","pos","0","60.5607476635514","39.4392523364486","59.06432748538012","61.93895870736086"
"226","260","0.1","10","0","pos","166","62.24299065420561","37.75700934579439","60.81871345029239","63.55475763016158"
"224","260","0.4","50","0","pos","166","77.10280373831776","22.897196261682243","73.87914230019493","80.07181328545781"
"222","260","0.2","50","0","pos","259","78.13084112149534","21.869158878504674","77.38791423001949","78.81508078994614"
"230","260","0.5","10","0","pos","0","60.5607476635514","39.4392523364486","59.06432748538012","61.93895870736086"
"228","260","0.3","10","0","pos","0","60.5607476635514","39.4392523364486","59.06432748538012","61.93895870736086"
"229","260","0.4","10","0","pos","0","60.5607476635514","39.4392523364486","59.06432748538012","61.93895870736086"
"230","260","0.5","10","0","pos","69","60.8411214953271","39.15887850467289","59.4541910331384","62.11849192100538"
"226","260","0.1","10","0","pos","259","63.27102803738318","36.728971962616825","61.59844054580896","64.81149012567326"
"223","260","0.3","50","0","pos","166","73.17757009345794","26.822429906542055","71.53996101364523","74.68581687612208"
"228","260","0.3","10","0","pos","69","60.280373831775705","39.719626168224295","57.30994152046783","63.016157989228006"
"229","260","0.4","10","0","pos","69","62.33644859813084","37.663551401869164","61.40350877192983","63.19569120287253"
"225","260","0.5","50","0","pos","166","82.33644859813084","17.66355140186916","80.89668615984405","83.66247755834829"
"232","260","0.2","20","0","pos","0","60.5607476635514","39.4392523364486","59.06432748538012","61.93895870736086"
"230","260","0.5","10","0","pos","166","64.20560747663552","35.794392523364486","62.57309941520468","65.70915619389586"
"227","260","0.2","10","0","pos","69","60.8411214953271","39.15887850467289","60.42884990253411","61.22082585278277"
"224","260","0.4","50","0","pos","259","81.86915887850468","18.13084112149533","80.89668615984405","82.76481149012568"
"223","260","0.3","50","0","pos","259","79.1588785046729","20.8411214953271","77.58284600389864","80.61041292639139"
"232","260","0.2","20","0","pos","69","61.02803738317757","38.97196261682243","61.01364522417154","61.04129263913825"
"230","260","0.5","10","0","pos","259","65.60747663551402","34.39252336448598","66.66666666666666","64.63195691202873"
"229","260","0.4","10","0","pos","166","64.11214953271028","35.88785046728972","62.96296296296296","65.1705565529623"
"228","260","0.3","10","0","pos","166","64.67289719626169","35.32710280373832","61.20857699805068","67.86355475763017"
"231","260","0.1","20","0","pos","0","60.5607476635514","39.4392523364486","59.06432748538012","61.93895870736086"
"227","260","0.2","10","0","pos","166","63.36448598130842","36.63551401869159","62.57309941520468","64.09335727109516"
"225","260","0.5","50","0","pos","259","90.18691588785047","9.813084112149532","89.47368421052632","90.84380610412927"
"229","260","0.4","10","0","pos","259","67.94392523364486","32.05607476635514","65.69200779727096","70.01795332136446"
"232","260","0.2","20","0","pos","166","64.57943925233644","35.42056074766355","64.71734892787524","64.4524236983842"
"233","260","0.3","20","0","pos","0","60.5607476635514","39.4392523364486","59.06432748538012","61.93895870736086"
"231","260","0.1","20","0","pos","69","60.09345794392523","39.90654205607477","58.67446393762184","61.40035906642729"
"235","260","0.5","20","0","pos","0","60.5607476635514","39.4392523364486","59.06432748538012","61.93895870736086"
"228","260","0.3","10","0","pos","259","67.4766355140187","32.52336448598131","63.74269005847953","70.91561938958706"
"231","260","0.1","20","0","pos","166","61.49532710280374","38.504672897196265","58.47953216374269","64.27289048473968"
"233","260","0.3","20","0","pos","69","63.83177570093458","36.16822429906542","64.32748538011695","63.37522441651705"
"232","260","0.2","20","0","pos","259","66.07476635514018","33.925233644859816","65.10721247563353","66.96588868940754"
"234","260","0.4","20","0","pos","0","60.5607476635514","39.4392523364486","59.06432748538012","61.93895870736086"
"227","260","0.2","10","0","pos","259","65.51401869158879","34.48598130841122","64.13255360623782","66.78635547576302"
"237","260","0.2","30","0","pos","0","60.5607476635514","39.4392523364486","59.06432748538012","61.93895870736086"
"235","260","0.5","20","0","pos","69","65.51401869158879","34.48598130841122","66.66666666666666","64.4524236983842"
"231","260","0.1","20","0","pos","259","63.83177570093458","36.16822429906542","61.01364522417154","66.42728904847397"
"233","260","0.3","20","0","pos","166","65.60747663551402","34.39252336448598","64.71734892787524","66.42728904847397"
"237","260","0.2","30","0","pos","69","63.83177570093458","36.16822429906542","61.20857699805068","66.24775583482945"
"233","260","0.3","20","0","pos","259","71.49532710280374","28.504672897196258","69.20077972709552","73.60861759425494"
"235","260","0.5","20","0","pos","166","71.40186915887851","28.598130841121495","71.34502923976608","71.45421903052065"
"234","260","0.4","20","0","pos","69","63.27102803738318","36.728971962616825","62.1832358674464","64.27289048473968"
"236","260","0.1","30","0","pos","0","60.5607476635514","39.4392523364486","59.06432748538012","61.93895870736086"
"240","260","0.5","30","0","pos","0","60.5607476635514","39.4392523364486","59.06432748538012","61.93895870736086"
"238","260","0.3","30","0","pos","0","60.5607476635514","39.4392523364486","59.06432748538012","61.93895870736086"
"241","260","0.1","40","0","pos","0","60.5607476635514","39.4392523364486","59.06432748538012","61.93895870736086"
"235","260","0.5","20","0","pos","259","78.59813084112149","21.401869158878505","79.53216374269006","77.737881508079"
"234","260","0.4","20","0","pos","166","67.28971962616822","32.71028037383177","65.69200779727096","68.76122082585279"
"240","260","0.5","30","0","pos","69","64.29906542056075","35.700934579439256","65.10721247563353","63.55475763016158"
"236","260","0.1","30","0","pos","69","62.42990654205608","37.570093457943926","60.81871345029239","63.91382405745063"
"237","260","0.2","30","0","pos","166","66.72897196261682","33.271028037383175","63.74269005847953","69.47935368043088"
"241","260","0.1","40","0","pos","69","62.616822429906534","37.38317757009346","60.81871345029239","64.27289048473968"
"234","260","0.4","20","0","pos","259","71.96261682242991","28.037383177570092","70.37037037037037","73.4290843806104"
"244","260","0.4","40","0","pos","0","60.5607476635514","39.4392523364486","59.06432748538012","61.93895870736086"
"238","260","0.3","30","0","pos","69","65.32710280373831","34.67289719626168","62.96296296296296","67.50448833034112"
"241","260","0.1","40","0","pos","166","67.28971962616822","32.71028037383177","67.2514619883041","67.3249551166966"
"240","260","0.5","30","0","pos","166","68.69158878504673","31.308411214953267","67.44639376218323","69.83842010771993"
"242","260","0.2","40","0","pos","0","60.5607476635514","39.4392523364486","59.06432748538012","61.93895870736086"
"243","260","0.3","40","0","pos","0","60.5607476635514","39.4392523364486","59.06432748538012","61.93895870736086"
"239","260","0.4","30","0","pos","0","60.5607476635514","39.4392523364486","59.06432748538012","61.93895870736086"
"241","260","0.1","40","0","pos","259","70.2803738317757","29.719626168224302","70.17543859649122","70.3770197486535"
"237","260","0.2","30","0","pos","259","71.68224299065422","28.317757009345794","69.39571150097466","73.78815080789947"
"236","260","0.1","30","0","pos","166","65.32710280373831","34.67289719626168","64.5224171539961","66.06822262118493"
"244","260","0.4","40","0","pos","69","68.5981308411215","31.401869158878505","69.20077972709552","68.04308797127469"
"238","260","0.3","30","0","pos","166","74.11214953271028","25.88785046728972","73.09941520467837","75.04488330341114"
"243","260","0.3","40","0","pos","69","67.10280373831776","32.89719626168225","67.05653021442495","67.14542190305207"
"242","260","0.2","40","0","pos","69","63.55140186915887","36.44859813084112","61.59844054580896","65.35008976660683"
"236","260","0.1","30","0","pos","259","67.7570093457944","32.242990654205606","65.8869395711501","69.47935368043088"
"239","260","0.4","30","0","pos","69","67.66355140186916","32.33644859813084","66.8615984405458","68.40215439856372"
"238","260","0.3","30","0","pos","259","77.75700934579439","22.242990654205606","77.97270955165692","77.55834829443447"
"240","260","0.5","30","0","pos","259","74.76635514018692","25.233644859813083","72.90448343079922","76.48114901256733"
"244","260","0.4","40","0","pos","166","77.19626168224299","22.80373831775701","77.38791423001949","77.0197486535009"
"243","260","0.3","40","0","pos","166","75.04672897196262","24.95327102803738","75.6335282651072","74.50628366247756"
"242","260","0.2","40","0","pos","166","70.46728971962617","29.53271028037383","69.00584795321637","71.8132854578097"
"246","260","0.1","50","0","pos","0","60.5607476635514","39.4392523364486","59.06432748538012","61.93895870736086"
"239","260","0.4","30","0","pos","166","75.79439252336448","24.205607476635514","75.82846003898635","75.76301615798923"
"244","260","0.4","40","0","pos","259","81.4018691588785","18.598130841121495","81.67641325536063","81.14901256732495"
"247","260","0.2","50","0","pos","0","60.5607476635514","39.4392523364486","59.06432748538012","61.93895870736086"
"242","260","0.2","40","0","pos","259","74.29906542056075","25.70093457943925","74.46393762183236","74.1472172351885"
"243","260","0.3","40","0","pos","259","80.09345794392523","19.906542056074766","80.7017543859649","79.53321364452424"
"239","260","0.4","30","0","pos","259","81.58878504672897","18.411214953271028","80.89668615984405","82.2262118491921"
"246","260","0.1","50","0","pos","69","63.83177570093458","36.16822429906542","62.37816764132553","65.1705565529623"
"245","260","0.5","40","0","pos","0","60.5607476635514","39.4392523364486","59.06432748538012","61.93895870736086"
"247","260","0.2","50","0","pos","69","66.44859813084112","33.55140186915888","63.1578947368421","69.47935368043088"
"248","260","0.3","50","0","pos","0","60.5607476635514","39.4392523364486","59.06432748538012","61.93895870736086"
"247","260","0.2","50","0","pos","166","72.14953271028037","27.850467289719628","68.61598440545808","75.40394973070018"
"246","260","0.1","50","0","pos","166","67.10280373831776","32.89719626168225","66.47173489278752","67.68402154398564"
"248","260","0.3","50","0","pos","69","68.03738317757009","31.962616822429908","66.27680311890838","69.6588868940754"
"245","260","0.5","40","0","pos","69","67.4766355140187","32.52336448598131","64.91228070175438","69.83842010771993"
"250","260","0.5","50","0","pos","0","60.5607476635514","39.4392523364486","59.06432748538012","61.93895870736086"
"251","260","0.1","10","0","pos","0","60.5607476635514","39.4392523364486","59.06432748538012","61.93895870736086"
"251","260","0.1","10","0","pos","69","60.373831775700936","39.626168224299064","58.47953216374269","62.11849192100538"
"248","260","0.3","50","0","pos","166","74.85981308411215","25.140186915887853","73.48927875243665","76.12208258527828"
"246","260","0.1","50","0","pos","259","71.49532710280374","28.504672897196258","72.12475633528264","70.91561938958706"
"251","260","0.1","10","0","pos","166","61.49532710280374","38.504672897196265","60.23391812865497","62.65709156193896"
"247","260","0.2","50","0","pos","259","76.16822429906543","23.83177570093458","74.26900584795322","77.91741472172352"
"253","260","0.3","10","0","pos","0","60.5607476635514","39.4392523364486","59.06432748538012","61.93895870736086"
"248","260","0.3","50","0","pos","259","81.4018691588785","18.598130841121495","81.87134502923976","80.96947935368043"
"256","260","0.1","20","0","pos","0","60.5607476635514","39.4392523364486","59.06432748538012","61.93895870736086"
"250","260","0.5","50","0","pos","69","68.78504672897196","31.21495327102804","68.61598440545808","68.9407540394973"
"254","260","0.4","10","0","pos","0","60.5607476635514","39.4392523364486","59.06432748538012","61.93895870736086"
"253","260","0.3","10","0","pos","69","61.96261682242991","38.03738317757009","62.1832358674464","61.759425493716336"
"252","260","0.2","10","0","pos","0","60.5607476635514","39.4392523364486","59.06432748538012","61.93895870736086"
"245","260","0.5","40","0","pos","166","75.60747663551402","24.39252336448598","73.2943469785575","77.737881508079"
"251","260","0.1","10","0","pos","259","62.616822429906534","37.38317757009346","61.98830409356725","63.19569120287253"
"254","260","0.4","10","0","pos","69","60.46728971962617","39.532710280373834","60.42884990253411","60.502692998204665"
"256","260","0.1","20","0","pos","69","61.12149532710281","38.87850467289719","59.06432748538012","63.016157989228006"
"249","260","0.4","50","0","pos","0","60.5607476635514","39.4392523364486","59.06432748538012","61.93895870736086"
"252","260","0.2","10","0","pos","69","62.24299065420561","37.75700934579439","60.81871345029239","63.55475763016158"
"255","260","0.5","10","0","pos","0","60.5607476635514","39.4392523364486","59.06432748538012","61.93895870736086"
"250","260","0.5","50","0","pos","166","81.30841121495327","18.69158878504673","81.67641325536063","80.96947935368043"
"254","260","0.4","10","0","pos","166","64.67289719626169","35.32710280373832","66.27680311890838","63.19569120287253"
"256","260","0.1","20","0","pos","166","63.177570093457945","36.822429906542055","61.59844054580896","64.63195691202873"
"255","260","0.5","10","0","pos","69","62.71028037383177","37.28971962616822","62.37816764132553","63.016157989228006"
"252","260","0.2","10","0","pos","166","64.57943925233644","35.42056074766355","62.37816764132553","66.6068222621185"
"249","260","0.4","50","0","pos","69","73.55140186915888","26.448598130841123","73.09941520467837","73.96768402154399"
"254","260","0.4","10","0","pos","259","66.35514018691589","33.64485981308411","66.8615984405458","65.8886894075404"
"256","260","0.1","20","0","pos","259","64.67289719626169","35.32710280373832","64.71734892787524","64.63195691202873"
"245","260","0.5","40","0","pos","259","81.49532710280374","18.50467289719626","78.75243664717348","84.02154398563735"
"250","260","0.5","50","0","pos","259","89.1588785046729","10.841121495327103","89.08382066276803","89.22800718132855"
"253","260","0.3","10","0","pos","166","62.71028037383177","37.28971962616822","63.35282651072125","62.11849192100538"
"257","260","0.2","20","0","pos","0","60.5607476635514","39.4392523364486","59.06432748538012","61.93895870736086"
"252","260","0.2","10","0","pos","259","67.85046728971963","32.149532710280376","66.08187134502924","69.47935368043088"
"259","260","0.4","20","0","pos","0","60.5607476635514","39.4392523364486","59.06432748538012","61.93895870736086"
"257","260","0.2","20","0","pos","69","62.523364485981304","37.47663551401869","59.64912280701754","65.1705565529623"
"253","260","0.3","10","0","pos","259","65.51401869158879","34.48598130841122","65.8869395711501","65.1705565529623"
"255","260","0.5","10","0","pos","166","67.28971962616822","32.71028037383177","67.64132553606238","66.96588868940754"
"257","260","0.2","20","0","pos","166","66.9158878504673","33.084112149532714","62.768031189083814","70.73608617594255"
"249","260","0.4","50","0","pos","166","85.14018691588785","14.859813084112151","84.99025341130604","85.27827648114902"
"260","260","0.5","20","0","pos","0","60.5607476635514","39.4392523364486","59.06432748538012","61.93895870736086"
"259","260","0.4","20","0","pos","69","62.80373831775701","37.19626168224299","60.42884990253411","64.99102333931778"
"257","260","0.2","20","0","pos","259","69.90654205607477","30.093457943925234","65.49707602339181","73.96768402154399"
"249","260","0.4","50","0","pos","259","90.28037383177569","9.719626168224298","90.44834307992203","90.12567324955117"
"258","260","0.3","20","0","pos","0","60.5607476635514","39.4392523364486","59.06432748538012","61.93895870736086"
"255","260","0.5","10","0","pos","259","69.81308411214954","30.186915887850468","69.00584795321637","70.55655296229803"
"260","260","0.5","20","0","pos","69","64.76635514018692","35.23364485981308","64.91228070175438","64.63195691202873"
"259","260","0.4","20","0","pos","166","66.44859813084112","33.55140186915888","62.57309941520468","70.01795332136446"
"261","260","0.1","30","0","pos","0","60.5607476635514","39.4392523364486","59.06432748538012","61.93895870736086"
"258","260","0.3","20","0","pos","69","62.523364485981304","37.47663551401869","61.40350877192983","63.55475763016158"
"264","260","0.4","30","0","pos","0","60.5607476635514","39.4392523364486","59.06432748538012","61.93895870736086"
"263","260","0.3","30","0","pos","0","60.5607476635514","39.4392523364486","59.06432748538012","61.93895870736086"
"262","260","0.2","30","0","pos","0","60.5607476635514","39.4392523364486","59.06432748538012","61.93895870736086"
"259","260","0.4","20","0","pos","259","71.86915887850466","28.130841121495326","69.78557504873294","73.78815080789947"
"261","260","0.1","30","0","pos","69","60.09345794392523","39.90654205607477","57.89473684210527","62.11849192100538"
"262","260","0.2","30","0","pos","69","63.27102803738318","36.728971962616825","62.57309941520468","63.91382405745063"
"258","260","0.3","20","0","pos","166","68.22429906542055","31.775700934579437","66.47173489278752","69.83842010771993"
"265","260","0.5","30","0","pos","0","60.5607476635514","39.4392523364486","59.06432748538012","61.93895870736086"
"263","260","0.3","30","0","pos","69","65.7943925233645","34.205607476635514","65.10721247563353","66.42728904847397"
"264","260","0.4","30","0","pos","69","62.89719626168224","37.10280373831776","63.74269005847953","62.11849192100538"
"266","260","0.1","40","0","pos","0","60.5607476635514","39.4392523364486","59.06432748538012","61.93895870736086"
"265","260","0.5","30","0","pos","69","65.14018691588785","34.859813084112155","63.547758284600384","66.6068222621185"
"260","260","0.5","20","0","pos","166","72.61682242990655","27.38317757009346","72.70955165692008","72.5314183123878"
"258","260","0.3","20","0","pos","259","72.14953271028037","27.850467289719628","71.73489278752436","72.5314183123878"
"261","260","0.1","30","0","pos","166","61.21495327102804","38.78504672897196","59.06432748538012","63.19569120287253"
"263","260","0.3","30","0","pos","166","75.23364485981308","24.766355140186917","73.87914230019493","76.48114901256733"
"265","260","0.5","30","0","pos","166","75.14018691588785","24.85981308411215","73.68421052631578","76.48114901256733"
"262","260","0.2","30","0","pos","166","69.06542056074765","30.934579439252335","68.81091617933723","69.29982046678636"
"266","260","0.1","40","0","pos","69","62.05607476635514","37.94392523364486","61.40350877192983","62.65709156193896"
"268","260","0.3","40","0","pos","0","60.5607476635514","39.4392523364486","59.06432748538012","61.93895870736086"
"261","260","0.1","30","0","pos","259","64.20560747663552","35.794392523364486","63.547758284600384","64.81149012567326"
"260","260","0.5","20","0","pos","259","77.10280373831776","22.897196261682243","76.99805068226121","77.19928186714542"
"267","260","0.2","40","0","pos","0","60.5607476635514","39.4392523364486","59.06432748538012","61.93895870736086"
"268","260","0.3","40","0","pos","69","67.28971962616822","32.71028037383177","67.44639376218323","67.14542190305207"
"264","260","0.4","30","0","pos","166","72.80373831775701","27.19626168224299","74.26900584795322","71.45421903052065"
"269","260","0.4","40","0","pos","0","60.5607476635514","39.4392523364486","59.06432748538012","61.93895870736086"
"263","260","0.3","30","0","pos","259","78.69158878504673","21.30841121495327","78.16764132553607","79.17414721723519"
"262","260","0.2","30","0","pos","259","73.36448598130842","26.635514018691588","73.09941520467837","73.60861759425494"
"265","260","0.5","30","0","pos","259","81.4018691588785","18.598130841121495","79.72709551656921","82.9443447037702"
"267","260","0.2","40","0","pos","69","65.60747663551402","34.39252336448598","64.71734892787524","66.42728904847397"
"268","260","0.3","40","0","pos","166","76.26168224299066","23.738317757009344","76.99805068226121","75.58348294434471"
"270","260","0.5","40","0","pos","0","60.5607476635514","39.4392523364486","59.06432748538012","61.93895870736086"
"266","260","0.1","40","0","pos","166","66.26168224299064","33.73831775700935","67.83625730994152","64.81149012567326"
"269","260","0.4","40","0","pos","69","67.7570093457944","32.242990654205606","67.64132553606238","67.86355475763017"
"267","260","0.2","40","0","pos","166","72.33644859813084","27.663551401869157","72.31968810916179","72.35188509874327"
"271","260","0.1","50","0","pos","0","60.5607476635514","39.4392523364486","59.06432748538012","61.93895870736086"
"264","260","0.4","30","0","pos","259","77.85046728971963","22.149532710280372","77.77777777777779","77.91741472172352"
"268","260","0.3","40","0","pos","259","81.30841121495327","18.69158878504673","81.67641325536063","80.96947935368043"
"270","260","0.5","40","0","pos","69","70","30","69.20077972709552","70.73608617594255"
"266","260","0.1","40","0","pos","259","69.62616822429906","30.373831775700932","70.76023391812866","68.58168761220826"
"267","260","0.2","40","0","pos","259","78.50467289719626","21.49532710280374","79.33723196881091","77.737881508079"
"273","260","0.3","50","0","pos","0","60.5607476635514","39.4392523364486","59.06432748538012","61.93895870736086"
"269","260","0.4","40","0","pos","166","77.38317757009345","22.61682242990654","77.97270955165692","76.84021543985638"
"272","260","0.2","50","0","pos","0","60.5607476635514","39.4392523364486","59.06432748538012","61.93895870736086"
"271","260","0.1","50","0","pos","69","63.925233644859816","36.074766355140184","60.81871345029239","66.78635547576302"
"273","260","0.3","50","0","pos","69","69.81308411214954","30.186915887850468","70.9551656920078","68.76122082585279"
"272","260","0.2","50","0","pos","69","66.26168224299064","33.73831775700935","65.8869395711501","66.6068222621185"
"269","260","0.4","40","0","pos","259","82.71028037383178","17.289719626168225","83.62573099415205","81.86714542190305"
"270","260","0.5","40","0","pos","166","80.93457943925235","19.065420560747665","80.89668615984405","80.96947935368043"
"275","260","0.5","50","0","pos","0","60.5607476635514","39.4392523364486","59.06432748538012","61.93895870736086"
"274","260","0.4","50","0","pos","0","60.5607476635514","39.4392523364486","59.06432748538012","61.93895870736086"
"273","260","0.3","50","0","pos","166","76.54205607476635","23.457943925233646","78.16764132553607","75.04488330341114"
"271","260","0.1","50","0","pos","166","68.87850467289721","31.121495327102807","66.47173489278752","71.0951526032316"
"275","260","0.5","50","0","pos","69","72.61682242990655","27.38317757009346","73.09941520467837","72.17235188509873"
"270","260","0.5","40","0","pos","259","88.03738317757009","11.962616822429908","89.08382066276803","87.07360861759426"
"272","260","0.2","50","0","pos","166","76.26168224299066","23.738317757009344","75.04873294346979","77.37881508078995"
"276","260","0.1","10","0","pos","0","60.5607476635514","39.4392523364486","59.06432748538012","61.93895870736086"
"274","260","0.4","50","0","pos","69","67.85046728971963","32.149532710280376","70.9551656920078","64.99102333931778"
"277","260","0.2","10","0","pos","0","60.5607476635514","39.4392523364486","59.06432748538012","61.93895870736086"
"278","260","0.3","10","0","pos","0","60.5607476635514","39.4392523364486","59.06432748538012","61.93895870736086"
"271","260","0.1","50","0","pos","259","72.99065420560747","27.009345794392527","69.78557504873294","75.94254937163375"
"277","260","0.2","10","0","pos","69","61.02803738317757","38.97196261682243","60.03898635477582","61.93895870736086"
"273","260","0.3","50","0","pos","259","79.90654205607477","20.093457943925234","80.31189083820662","79.53321364452424"
"276","260","0.1","10","0","pos","69","60.5607476635514","39.4392523364486","59.06432748538012","61.93895870736086"
"275","260","0.5","50","0","pos","166","84.29906542056075","15.700934579439252","84.40545808966861","84.20107719928187"
"278","260","0.3","10","0","pos","69","61.86915887850467","38.13084112149533","61.01364522417154","62.65709156193896"
"272","260","0.2","50","0","pos","259","81.21495327102804","18.785046728971963","80.7017543859649","81.68761220825853"
"280","260","0.5","10","0","pos","0","60.5607476635514","39.4392523364486","59.06432748538012","61.93895870736086"
"279","260","0.4","10","0","pos","0","60.5607476635514","39.4392523364486","59.06432748538012","61.93895870736086"
"276","260","0.1","10","0","pos","166","60","40","58.28460038986355","61.57989228007181"
"280","260","0.5","10","0","pos","69","61.588785046728965","38.41121495327103","58.67446393762184","64.27289048473968"
"278","260","0.3","10","0","pos","166","64.11214953271028","35.88785046728972","63.93762183235867","64.27289048473968"
"275","260","0.5","50","0","pos","259","91.58878504672897","8.411214953271028","90.64327485380117","92.45960502692998"
"277","260","0.2","10","0","pos","166","62.89719626168224","37.10280373831776","60.81871345029239","64.81149012567326"
"276","260","0.1","10","0","pos","259","60.8411214953271","39.15887850467289","59.64912280701754","61.93895870736086"
"279","260","0.4","10","0","pos","69","63.36448598130842","36.63551401869159","63.1578947368421","63.55475763016158"
"280","260","0.5","10","0","pos","166","66.16822429906543","33.83177570093458","62.768031189083814","69.29982046678636"
"278","260","0.3","10","0","pos","259","67.10280373831776","32.89719626168225","67.64132553606238","66.6068222621185"
"281","260","0.1","20","0","pos","0","60.5607476635514","39.4392523364486","59.06432748538012","61.93895870736086"
"274","260","0.4","50","0","pos","166","78.59813084112149","21.401869158878505","78.55750487329435","78.63554757630162"
"280","260","0.5","10","0","pos","259","68.50467289719626","31.49532710280374","66.66666666666666","70.19748653500898"
"279","260","0.4","10","0","pos","166","63.73831775700934","36.26168224299066","64.32748538011695","63.19569120287253"
"282","260","0.2","20","0","pos","0","60.5607476635514","39.4392523364486","59.06432748538012","61.93895870736086"
"277","260","0.2","10","0","pos","259","64.95327102803739","35.046728971962615","64.71734892787524","65.1705565529623"
"279","260","0.4","10","0","pos","259","65.7943925233645","34.205607476635514","66.08187134502924","65.52962298025135"
"281","260","0.1","20","0","pos","69","61.21495327102804","38.78504672897196","59.64912280701754","62.65709156193896"
"274","260","0.4","50","0","pos","259","85.70093457943925","14.299065420560748","86.35477582846003","85.09874326750449"
"283","260","0.3","20","0","pos","0","60.5607476635514","39.4392523364486","59.06432748538012","61.93895870736086"
"284","260","0.4","20","0","pos","0","60.5607476635514","39.4392523364486","59.06432748538012","61.93895870736086"
"283","260","0.3","20","0","pos","69","63.45794392523364","36.54205607476636","63.547758284600384","63.37522441651705"
"284","260","0.4","20","0","pos","69","60.46728971962617","39.532710280373834","59.25925925925925","61.57989228007181"
"282","260","0.2","20","0","pos","69","63.36448598130842","36.63551401869159","61.01364522417154","65.52962298025135"
"285","260","0.5","20","0","pos","0","60.5607476635514","39.4392523364486","59.06432748538012","61.93895870736086"
"281","260","0.1","20","0","pos","166","63.084112149532714","36.915887850467286","61.20857699805068","64.81149012567326"
"285","260","0.5","20","0","pos","69","63.55140186915887","36.44859813084112","64.32748538011695","62.83662477558348"
"283","260","0.3","20","0","pos","166","70.09345794392523","29.906542056074763","69.5906432748538","70.55655296229803"
"284","260","0.4","20","0","pos","166","68.13084112149532","31.86915887850467","69.39571150097466","66.96588868940754"
"281","260","0.1","20","0","pos","259","64.57943925233644","35.42056074766355","63.547758284600384","65.52962298025135"
"288","260","0.3","30","0","pos","0","60.5607476635514","39.4392523364486","59.06432748538012","61.93895870736086"
"286","260","0.1","30","0","pos","0","60.5607476635514","39.4392523364486","59.06432748538012","61.93895870736086"
"282","260","0.2","20","0","pos","166","66.72897196261682","33.271028037383175","63.1578947368421","70.01795332136446"
"284","260","0.4","20","0","pos","259","72.52336448598132","27.476635514018692","72.51461988304094","72.5314183123878"
"288","260","0.3","30","0","pos","69","64.76635514018692","35.23364485981308","63.547758284600384","65.8886894075404"
"283","260","0.3","20","0","pos","259","73.17757009345794","26.822429906542055","74.26900584795322","72.17235188509873"
"286","260","0.1","30","0","pos","69","62.80373831775701","37.19626168224299","61.79337231968811","63.73429084380611"
"289","260","0.4","30","0","pos","0","60.5607476635514","39.4392523364486","59.06432748538012","61.93895870736086"
"285","260","0.5","20","0","pos","166","68.78504672897196","31.21495327102804","68.81091617933723","68.76122082585279"
"287","260","0.2","30","0","pos","0","60.5607476635514","39.4392523364486","59.06432748538012","61.93895870736086"
"291","260","0.1","40","0","pos","0","60.5607476635514","39.4392523364486","59.06432748538012","61.93895870736086"
"282","260","0.2","20","0","pos","259","70.46728971962617","29.53271028037383","69.20077972709552","71.63375224416517"
"290","260","0.5","30","0","pos","0","60.5607476635514","39.4392523364486","59.06432748538012","61.93895870736086"
"288","260","0.3","30","0","pos","166","69.71962616822431","30.2803738317757","67.44639376218323","71.8132854578097"
"289","260","0.4","30","0","pos","69","66.26168224299064","33.73831775700935","66.66666666666666","65.8886894075404"
"286","260","0.1","30","0","pos","166","65.88785046728972","34.112149532710276","66.27680311890838","65.52962298025135"
"285","260","0.5","20","0","pos","259","74.76635514018692","25.233644859813083","74.07407407407408","75.40394973070018"
"290","260","0.5","30","0","pos","69","70.56074766355141","29.439252336448597","70.56530214424951","70.55655296229803"
"287","260","0.2","30","0","pos","69","63.084112149532714","36.915887850467286","61.79337231968811","64.27289048473968"
"291","260","0.1","40","0","pos","69","62.89719626168224","37.10280373831776","62.768031189083814","63.016157989228006"
"288","260","0.3","30","0","pos","259","74.29906542056075","25.70093457943925","72.90448343079922","75.58348294434471"
"286","260","0.1","30","0","pos","259","69.25233644859813","30.74766355140187","68.81091617933723","69.6588868940754"
"289","260","0.4","30","0","pos","166","74.67289719626167","25.327102803738317","76.60818713450293","72.89048473967684"
"290","260","0.5","30","0","pos","166","78.13084112149534","21.869158878504674","76.0233918128655","80.07181328545781"
"291","260","0.1","40","0","pos","166","66.72897196261682","33.271028037383175","66.8615984405458","66.6068222621185"
"289","260","0.4","30","0","pos","259","78.97196261682244","21.02803738317757","80.31189083820662","77.737881508079"
"287","260","0.2","30","0","pos","166","67.28971962616822","32.71028037383177","64.5224171539961","69.83842010771993"
"290","260","0.5","30","0","pos","259","85.14018691588785","14.859813084112151","84.21052631578947","85.99640933572711"
"295","260","0.5","40","0","pos","0","60.5607476635514","39.4392523364486","59.06432748538012","61.93895870736086"
"291","260","0.1","40","0","pos","259","70.93457943925233","29.06542056074766","70.76023391812866","71.0951526032316"
"294","260","0.4","40","0","pos","0","60.5607476635514","39.4392523364486","59.06432748538012","61.93895870736086"
"295","260","0.5","40","0","pos","69","70.18691588785046","29.813084112149536","69.39571150097466","70.91561938958706"
"296","260","0.1","50","0","pos","0","60.5607476635514","39.4392523364486","59.06432748538012","61.93895870736086"
"292","260","0.2","40","0","pos","0","60.5607476635514","39.4392523364486","59.06432748538012","61.93895870736086"
"287","260","0.2","30","0","pos","259","71.96261682242991","28.037383177570092","70.76023391812866","73.07001795332137"
"294","260","0.4","40","0","pos","69","72.61682242990655","27.38317757009346","71.73489278752436","73.4290843806104"
"292","260","0.2","40","0","pos","69","66.82242990654206","33.177570093457945","66.8615984405458","66.78635547576302"
"295","260","0.5","40","0","pos","166","80","20","80.89668615984405","79.17414721723519"
"297","260","0.2","50","0","pos","0","60.5607476635514","39.4392523364486","59.06432748538012","61.93895870736086"
"298","260","0.3","50","0","pos","0","60.5607476635514","39.4392523364486","59.06432748538012","61.93895870736086"
"296","260","0.1","50","0","pos","69","63.177570093457945","36.822429906542055","61.20857699805068","64.99102333931778"
"299","260","0.4","50","0","pos","0","60.5607476635514","39.4392523364486","59.06432748538012","61.93895870736086"
"293","260","0.3","40","0","pos","0","60.5607476635514","39.4392523364486","59.06432748538012","61.93895870736086"
"297","260","0.2","50","0","pos","69","64.48598130841121","35.51401869158878","61.40350877192983","67.3249551166966"
"298","260","0.3","50","0","pos","69","66.6355140186916","33.36448598130841","66.08187134502924","67.14542190305207"
"294","260","0.4","40","0","pos","166","82.89719626168224","17.102803738317757","82.65107212475633","83.12387791741472"
"296","260","0.1","50","0","pos","166","67.4766355140187","32.52336448598131","64.13255360623782","70.55655296229803"
"299","260","0.4","50","0","pos","69","69.53271028037383","30.467289719626166","68.42105263157895","70.55655296229803"
"295","260","0.5","40","0","pos","259","86.07476635514018","13.925233644859814","86.74463937621833","85.45780969479354"
"293","260","0.3","40","0","pos","69","68.41121495327103","31.588785046728972","67.2514619883041","69.47935368043088"
"300","260","0.5","50","0","pos","0","60.5607476635514","39.4392523364486","59.06432748538012","61.93895870736086"
"297","260","0.2","50","0","pos","166","72.24299065420561","27.757009345794394","69.78557504873294","74.50628366247756"
"294","260","0.4","40","0","pos","259","89.06542056074767","10.934579439252337","88.4990253411306","89.5870736086176"
"298","260","0.3","50","0","pos","166","75.60747663551402","24.39252336448598","75.04873294346979","76.12208258527828"
"296","260","0.1","50","0","pos","259","71.68224299065422","28.317757009345794","70.17543859649122","73.07001795332137"
"299","260","0.4","50","0","pos","166","78.13084112149534","21.869158878504674","78.75243664717348","77.55834829443447"
"293","260","0.3","40","0","pos","166","76.63551401869158","23.364485981308412","76.60818713450293","76.66068222621185"
"300","260","0.5","50","0","pos","69","73.17757009345794","26.822429906542055","72.70955165692008","73.60861759425494"
"302","260","0.2","10","0","pos","0","60.5607476635514","39.4392523364486","59.06432748538012","61.93895870736086"
"297","260","0.2","50","0","pos","259","78.13084112149534","21.869158878504674","76.80311890838206","79.35368043087972"
"301","260","0.1","10","0","pos","0","60.5607476635514","39.4392523364486","59.06432748538012","61.93895870736086"
"292","260","0.2","40","0","pos","166","72.24299065420561","27.757009345794394","71.9298245614035","72.5314183123878"
"298","260","0.3","50","0","pos","259","80.37383177570094","19.626168224299064","80.7017543859649","80.07181328545781"
"302","260","0.2","10","0","pos","69","61.49532710280374","38.504672897196265","59.4541910331384","63.37522441651705"
"293","260","0.3","40","0","pos","259","82.89719626168224","17.102803738317757","82.45614035087719","83.30341113105925"
"301","260","0.1","10","0","pos","69","61.308411214953274","38.691588785046726","60.23391812865497","62.29802513464991"
"299","260","0.4","50","0","pos","259","84.95327102803738","15.046728971962617","84.7953216374269","85.09874326750449"
"300","260","0.5","50","0","pos","166","85.98130841121495","14.018691588785046","86.15984405458089","85.81687612208259"
"302","260","0.2","10","0","pos","166","64.29906542056075","35.700934579439256","62.37816764132553","66.06822262118493"
"301","260","0.1","10","0","pos","166","60.65420560747663","39.345794392523366","58.0896686159844","63.016157989228006"
"292","260","0.2","40","0","pos","259","76.54205607476635","23.457943925233646","76.41325536062378","76.66068222621185"
"300","260","0.5","50","0","pos","259","91.4018691588785","8.598130841121495","92.5925925925926","90.30520646319569"
"301","260","0.1","10","0","pos","259","61.02803738317757","38.97196261682243","58.86939571150097","63.016157989228006"
"303","260","0.3","10","0","pos","0","60.5607476635514","39.4392523364486","59.06432748538012","61.93895870736086"
"306","260","0.1","20","0","pos","0","60.5607476635514","39.4392523364486","59.06432748538012","61.93895870736086"
"305","260","0.5","10","0","pos","0","60.5607476635514","39.4392523364486","59.06432748538012","61.93895870736086"
"303","260","0.3","10","0","pos","69","60.280373831775705","39.719626168224295","60.42884990253411","60.14362657091562"
"306","260","0.1","20","0","pos","69","60.747663551401864","39.25233644859813","60.42884990253411","61.04129263913825"
"307","260","0.2","20","0","pos","0","60.5607476635514","39.4392523364486","59.06432748538012","61.93895870736086"
"305","260","0.5","10","0","pos","69","61.6822429906542","38.31775700934579","59.84405458089669","63.37522441651705"
"302","260","0.2","10","0","pos","259","66.82242990654206","33.177570093457945","65.10721247563353","68.40215439856372"
"304","260","0.4","10","0","pos","0","60.5607476635514","39.4392523364486","59.06432748538012","61.93895870736086"
"308","260","0.3","20","0","pos","0","60.5607476635514","39.4392523364486","59.06432748538012","61.93895870736086"
"307","260","0.2","20","0","pos","69","62.71028037383177","37.28971962616822","61.98830409356725","63.37522441651705"
"303","260","0.3","10","0","pos","166","62.89719626168224","37.10280373831776","64.32748538011695","61.57989228007181"
"310","260","0.5","20","0","pos","0","60.5607476635514","39.4392523364486","59.06432748538012","61.93895870736086"
"306","260","0.1","20","0","pos","166","62.24299065420561","37.75700934579439","60.42884990253411","63.91382405745063"
"305","260","0.5","10","0","pos","166","64.01869158878505","35.981308411214954","63.1578947368421","64.81149012567326"
"308","260","0.3","20","0","pos","69","64.48598130841121","35.51401869158878","62.1832358674464","66.6068222621185"
"310","260","0.5","20","0","pos","69","66.07476635514018","33.925233644859816","63.35282651072125","68.58168761220826"
"307","260","0.2","20","0","pos","166","65.42056074766354","34.57943925233645","64.5224171539961","66.24775583482945"
"303","260","0.3","10","0","pos","259","64.39252336448598","35.60747663551402","65.30214424951268","63.55475763016158"
"306","260","0.1","20","0","pos","259","63.83177570093458","36.16822429906542","61.98830409356725","65.52962298025135"
"305","260","0.5","10","0","pos","259","65.42056074766354","34.57943925233645","66.27680311890838","64.63195691202873"
"309","260","0.4","20","0","pos","0","60.5607476635514","39.4392523364486","59.06432748538012","61.93895870736086"
"304","260","0.4","10","0","pos","69","62.42990654205608","37.570093457943926","61.98830409356725","62.83662477558348"
"312","260","0.2","30","0","pos","0","60.5607476635514","39.4392523364486","59.06432748538012","61.93895870736086"
"310","260","0.5","20","0","pos","166","71.02803738317756","28.971962616822427","70.17543859649122","71.8132854578097"
"313","260","0.3","30","0","pos","0","60.5607476635514","39.4392523364486","59.06432748538012","61.93895870736086"
"308","260","0.3","20","0","pos","166","69.90654205607477","30.093457943925234","68.61598440545808","71.0951526032316"
"309","260","0.4","20","0","pos","69","64.01869158878505","35.981308411214954","62.37816764132553","65.52962298025135"
"311","260","0.1","30","0","pos","0","60.5607476635514","39.4392523364486","59.06432748538012","61.93895870736086"
"312","260","0.2","30","0","pos","69","63.64485981308411","36.35514018691588","63.74269005847953","63.55475763016158"
"313","260","0.3","30","0","pos","69","64.01869158878505","35.981308411214954","64.71734892787524","63.37522441651705"
"307","260","0.2","20","0","pos","259","68.13084112149532","31.86915887850467","68.03118908382066","68.2226211849192"
"310","260","0.5","20","0","pos","259","75.14018691588785","24.85981308411215","73.87914230019493","76.30161579892281"
"309","260","0.4","20","0","pos","166","68.87850467289721","31.121495327102807","69.98050682261209","67.86355475763017"
"308","260","0.3","20","0","pos","259","75.70093457943925","24.299065420560748","73.48927875243665","77.737881508079"
"312","260","0.2","30","0","pos","166","70.46728971962617","29.53271028037383","69.78557504873294","71.0951526032316"
"313","260","0.3","30","0","pos","166","71.1214953271028","28.878504672897197","71.9298245614035","70.3770197486535"
"304","260","0.4","10","0","pos","166","64.29906542056075","35.700934579439256","62.96296296296296","65.52962298025135"
"311","260","0.1","30","0","pos","69","60.747663551401864","39.25233644859813","59.84405458089669","61.57989228007181"
"309","260","0.4","20","0","pos","259","73.45794392523365","26.542056074766357","72.90448343079922","73.96768402154399"
"314","260","0.4","30","0","pos","0","60.5607476635514","39.4392523364486","59.06432748538012","61.93895870736086"
"313","260","0.3","30","0","pos","259","74.95327102803738","25.04672897196262","75.6335282651072","74.32675044883304"
"312","260","0.2","30","0","pos","259","73.64485981308411","26.355140186915886","74.46393762183236","72.89048473967684"
"316","260","0.1","40","0","pos","0","60.5607476635514","39.4392523364486","59.06432748538012","61.93895870736086"
"304","260","0.4","10","0","pos","259","67.38317757009345","32.61682242990654","68.61598440545808","66.24775583482945"
"314","260","0.4","30","0","pos","69","64.67289719626169","35.32710280373832","62.768031189083814","66.42728904847397"
"317","260","0.2","40","0","pos","0","60.5607476635514","39.4392523364486","59.06432748538012","61.93895870736086"
"316","260","0.1","40","0","pos","69","62.80373831775701","37.19626168224299","62.57309941520468","63.016157989228006"
"317","260","0.2","40","0","pos","69","63.27102803738318","36.728971962616825","61.79337231968811","64.63195691202873"
"311","260","0.1","30","0","pos","166","64.11214953271028","35.88785046728972","63.74269005847953","64.4524236983842"
"315","260","0.5","30","0","pos","0","60.5607476635514","39.4392523364486","59.06432748538012","61.93895870736086"
"314","260","0.4","30","0","pos","166","72.14953271028037","27.850467289719628","71.34502923976608","72.89048473967684"
"319","260","0.4","40","0","pos","0","60.5607476635514","39.4392523364486","59.06432748538012","61.93895870736086"
"316","260","0.1","40","0","pos","166","66.6355140186916","33.36448598130841","66.8615984405458","66.42728904847397"
"317","260","0.2","40","0","pos","166","68.69158878504673","31.308411214953267","69.5906432748538","67.86355475763017"
"315","260","0.5","30","0","pos","69","66.82242990654206","33.177570093457945","67.05653021442495","66.6068222621185"
"318","260","0.3","40","0","pos","0","60.5607476635514","39.4392523364486","59.06432748538012","61.93895870736086"
"320","260","0.5","40","0","pos","0","60.5607476635514","39.4392523364486","59.06432748538012","61.93895870736086"
"314","260","0.4","30","0","pos","259","77.10280373831776","22.897196261682243","76.99805068226121","77.19928186714542"
"311","260","0.1","30","0","pos","259","66.72897196261682","33.271028037383175","67.2514619883041","66.24775583482945"
"316","260","0.1","40","0","pos","259","69.34579439252336","30.654205607476637","70.17543859649122","68.58168761220826"
"319","260","0.4","40","0","pos","69","64.76635514018692","35.23364485981308","64.91228070175438","64.63195691202873"
"318","260","0.3","40","0","pos","69","66.07476635514018","33.925233644859816","65.30214424951268","66.78635547576302"
"321","260","0.1","50","0","pos","0","60.5607476635514","39.4392523364486","59.06432748538012","61.93895870736086"
"315","260","0.5","30","0","pos","166","73.27102803738318","26.72897196261682","74.6588693957115","71.99281867145422"
"317","260","0.2","40","0","pos","259","73.55140186915888","26.448598130841123","72.70955165692008","74.32675044883304"
"323","260","0.3","50","0","pos","0","60.5607476635514","39.4392523364486","59.06432748538012","61.93895870736086"
"324","260","0.4","50","0","pos","0","60.5607476635514","39.4392523364486","59.06432748538012","61.93895870736086"
"320","260","0.5","40","0","pos","69","68.41121495327103","31.588785046728972","68.61598440545808","68.2226211849192"
"318","260","0.3","40","0","pos","166","74.48598130841123","25.514018691588785","74.07407407407408","74.86535008976661"
"322","260","0.2","50","0","pos","0","60.5607476635514","39.4392523364486","59.06432748538012","61.93895870736086"
"319","260","0.4","40","0","pos","166","72.33644859813084","27.663551401869157","71.73489278752436","72.89048473967684"
"323","260","0.3","50","0","pos","69","69.62616822429906","30.373831775700932","69.20077972709552","70.01795332136446"
"321","260","0.1","50","0","pos","69","62.24299065420561","37.75700934579439","61.20857699805068","63.19569120287253"
"315","260","0.5","30","0","pos","259","80.74766355140187","19.252336448598133","82.45614035087719","79.17414721723519"
"322","260","0.2","50","0","pos","69","67.85046728971963","32.149532710280376","67.05653021442495","68.58168761220826"
"320","260","0.5","40","0","pos","166","82.71028037383178","17.289719626168225","81.87134502923976","83.48294434470377"
"318","260","0.3","40","0","pos","259","82.99065420560747","17.009345794392523","81.28654970760235","84.56014362657092"
"319","260","0.4","40","0","pos","259","78.22429906542057","21.77570093457944","79.14230019493176","77.37881508078995"
"323","260","0.3","50","0","pos","166","77.94392523364486","22.05607476635514","77.77777777777779","78.09694793536805"
"321","260","0.1","50","0","pos","166","65.23364485981308","34.76635514018692","64.13255360623782","66.24775583482945"
"324","260","0.4","50","0","pos","69","73.17757009345794","26.822429906542055","69.5906432748538","76.48114901256733"
"320","260","0.5","40","0","pos","259","87.75700934579439","12.242990654205608","87.5243664717349","87.97127468581688"
"322","260","0.2","50","0","pos","166","78.13084112149534","21.869158878504674","76.80311890838206","79.35368043087972"
"323","260","0.3","50","0","pos","259","81.96261682242991","18.037383177570092","81.67641325536063","82.2262118491921"
"321","260","0.1","50","0","pos","259","69.06542056074765","30.934579439252335","67.64132553606238","70.3770197486535"
"325","260","0.5","50","0","pos","0","60.5607476635514","39.4392523364486","59.06432748538012","61.93895870736086"
"326","260","0.1","10","0","pos","0","60.5607476635514","39.4392523364486","59.06432748538012","61.93895870736086"
"322","260","0.2","50","0","pos","259","82.71028037383178","17.289719626168225","82.06627680311891","83.30341113105925"
"324","260","0.4","50","0","pos","166","83.92523364485982","16.074766355140188","82.26120857699804","85.45780969479354"
"325","260","0.5","50","0","pos","69","72.42990654205607","27.570093457943923","73.48927875243665","71.45421903052065"
"327","260","0.2","10","0","pos","0","60.5607476635514","39.4392523364486","59.06432748538012","61.93895870736086"
"324","260","0.4","50","0","pos","259","90.93457943925233","9.065420560747665","88.88888888888889","92.81867145421903"
"325","260","0.5","50","0","pos","166","81.4018691588785","18.598130841121495","83.04093567251462","79.89228007181327"
"330","260","0.5","10","0","pos","0","60.5607476635514","39.4392523364486","59.06432748538012","61.93895870736086"
"327","260","0.2","10","0","pos","69","60.18691588785047","39.81308411214953","59.64912280701754","60.68222621184919"
"331","260","0.1","20","0","pos","0","60.5607476635514","39.4392523364486","59.06432748538012","61.93895870736086"
"326","260","0.1","10","0","pos","69","60.747663551401864","39.25233644859813","58.86939571150097","62.47755834829444"
"329","260","0.4","10","0","pos","0","60.5607476635514","39.4392523364486","59.06432748538012","61.93895870736086"
"330","260","0.5","10","0","pos","69","61.588785046728965","38.41121495327103","61.20857699805068","61.93895870736086"
"332","260","0.2","20","0","pos","0","60.5607476635514","39.4392523364486","59.06432748538012","61.93895870736086"
"329","260","0.4","10","0","pos","69","62.149532710280376","37.850467289719624","61.20857699805068","63.016157989228006"
"327","260","0.2","10","0","pos","166","64.29906542056075","35.700934579439256","64.91228070175438","63.73429084380611"
"325","260","0.5","50","0","pos","259","86.72897196261682","13.271028037383179","87.91423001949317","85.63734290843806"
"334","260","0.4","20","0","pos","0","60.5607476635514","39.4392523364486","59.06432748538012","61.93895870736086"
"328","260","0.3","10","0","pos","0","60.5607476635514","39.4392523364486","59.06432748538012","61.93895870736086"
"331","260","0.1","20","0","pos","69","62.05607476635514","37.94392523364486","61.59844054580896","62.47755834829444"
"332","260","0.2","20","0","pos","69","62.99065420560748","37.00934579439252","64.13255360623782","61.93895870736086"
"333","260","0.3","20","0","pos","0","60.5607476635514","39.4392523364486","59.06432748538012","61.93895870736086"
"327","260","0.2","10","0","pos","259","67.38317757009345","32.61682242990654","68.2261208576998","66.6068222621185"
"329","260","0.4","10","0","pos","166","64.76635514018692","35.23364485981308","64.5224171539961","64.99102333931778"
"334","260","0.4","20","0","pos","69","66.54205607476635","33.45794392523365","64.71734892787524","68.2226211849192"
"330","260","0.5","10","0","pos","166","63.83177570093458","36.16822429906542","63.74269005847953","63.91382405745063"
"326","260","0.1","10","0","pos","166","61.40186915887851","38.598130841121495","60.23391812865497","62.47755834829444"
"332","260","0.2","20","0","pos","166","65.88785046728972","34.112149532710276","67.2514619883041","64.63195691202873"
"331","260","0.1","20","0","pos","166","63.73831775700934","36.26168224299066","62.96296296296296","64.4524236983842"
"333","260","0.3","20","0","pos","69","61.96261682242991","38.03738317757009","58.47953216374269","65.1705565529623"
"334","260","0.4","20","0","pos","166","73.08411214953271","26.91588785046729","72.31968810916179","73.78815080789947"
"329","260","0.4","10","0","pos","259","69.25233644859813","30.74766355140187","67.83625730994152","70.55655296229803"
"336","260","0.1","30","0","pos","0","60.5607476635514","39.4392523364486","59.06432748538012","61.93895870736086"
"335","260","0.5","20","0","pos","0","60.5607476635514","39.4392523364486","59.06432748538012","61.93895870736086"
"330","260","0.5","10","0","pos","259","67.38317757009345","32.61682242990654","68.03118908382066","66.78635547576302"
"332","260","0.2","20","0","pos","259","68.3177570093458","31.68224299065421","68.2261208576998","68.40215439856372"
"326","260","0.1","10","0","pos","259","62.89719626168224","37.10280373831776","61.79337231968811","63.91382405745063"
"328","260","0.3","10","0","pos","69","61.588785046728965","38.41121495327103","61.79337231968811","61.40035906642729"
"331","260","0.1","20","0","pos","259","66.82242990654206","33.177570093457945","66.27680311890838","67.3249551166966"
"333","260","0.3","20","0","pos","166","67.38317757009345","32.61682242990654","64.13255360623782","70.3770197486535"
"336","260","0.1","30","0","pos","69","62.33644859813084","37.663551401869164","60.62378167641326","63.91382405745063"
"335","260","0.5","20","0","pos","69","66.16822429906543","33.83177570093458","63.35282651072125","68.76122082585279"
"328","260","0.3","10","0","pos","166","64.57943925233644","35.42056074766355","65.8869395711501","63.37522441651705"
"333","260","0.3","20","0","pos","259","72.05607476635514","27.943925233644862","69.78557504873294","74.1472172351885"
"334","260","0.4","20","0","pos","259","78.41121495327103","21.588785046728972","79.53216374269006","77.37881508078995"
"328","260","0.3","10","0","pos","259","67.4766355140187","32.52336448598131","69.00584795321637","66.06822262118493"
"335","260","0.5","20","0","pos","166","72.14953271028037","27.850467289719628","70.37037037037037","73.78815080789947"
"337","260","0.2","30","0","pos","0","60.5607476635514","39.4392523364486","59.06432748538012","61.93895870736086"
"336","260","0.1","30","0","pos","166","65.14018691588785","34.859813084112155","63.547758284600384","66.6068222621185"
"335","260","0.5","20","0","pos","259","74.67289719626167","25.327102803738317","70.56530214424951","78.45601436265709"
"338","260","0.3","30","0","pos","0","60.5607476635514","39.4392523364486","59.06432748538012","61.93895870736086"
"337","260","0.2","30","0","pos","69","61.02803738317757","38.97196261682243","60.23391812865497","61.759425493716336"
"336","260","0.1","30","0","pos","259","67.57009345794393","32.429906542056074","67.83625730994152","67.3249551166966"
"341","260","0.1","40","0","pos","0","60.5607476635514","39.4392523364486","59.06432748538012","61.93895870736086"
"340","260","0.5","30","0","pos","0","60.5607476635514","39.4392523364486","59.06432748538012","61.93895870736086"
"342","260","0.2","40","0","pos","0","60.5607476635514","39.4392523364486","59.06432748538012","61.93895870736086"
"343","260","0.3","40","0","pos","0","60.5607476635514","39.4392523364486","59.06432748538012","61.93895870736086"
"338","260","0.3","30","0","pos","69","66.54205607476635","33.45794392523365","65.49707602339181","67.50448833034112"
"341","260","0.1","40","0","pos","69","62.80373831775701","37.19626168224299","62.37816764132553","63.19569120287253"
"343","260","0.3","40","0","pos","69","68.13084112149532","31.86915887850467","69.20077972709552","67.14542190305207"
"340","260","0.5","30","0","pos","69","70.09345794392523","29.906542056074763","68.81091617933723","71.27468581687613"
"337","260","0.2","30","0","pos","166","68.13084112149532","31.86915887850467","68.03118908382066","68.2226211849192"
"344","260","0.4","40","0","pos","0","60.5607476635514","39.4392523364486","59.06432748538012","61.93895870736086"
"339","260","0.4","30","0","pos","0","60.5607476635514","39.4392523364486","59.06432748538012","61.93895870736086"
"341","260","0.1","40","0","pos","166","65.98130841121495","34.018691588785046","65.49707602339181","66.42728904847397"
"345","260","0.5","40","0","pos","0","60.5607476635514","39.4392523364486","59.06432748538012","61.93895870736086"
"338","260","0.3","30","0","pos","166","73.17757009345794","26.822429906542055","73.2943469785575","73.07001795332137"
"342","260","0.2","40","0","pos","69","66.54205607476635","33.45794392523365","67.05653021442495","66.06822262118493"
"344","260","0.4","40","0","pos","69","68.03738317757009","31.962616822429908","66.8615984405458","69.12028725314184"
"346","260","0.1","50","0","pos","0","60.5607476635514","39.4392523364486","59.06432748538012","61.93895870736086"
"340","260","0.5","30","0","pos","166","78.8785046728972","21.121495327102803","79.33723196881091","78.45601436265709"
"343","260","0.3","40","0","pos","166","76.82242990654206","23.177570093457945","77.77777777777779","75.94254937163375"
"345","260","0.5","40","0","pos","69","71.21495327102804","28.785046728971963","71.34502923976608","71.0951526032316"
"339","260","0.4","30","0","pos","69","61.588785046728965","38.41121495327103","61.79337231968811","61.40035906642729"
"346","260","0.1","50","0","pos","69","63.084112149532714","36.915887850467286","61.98830409356725","64.09335727109516"
"338","260","0.3","30","0","pos","259","77.38317757009345","22.61682242990654","76.0233918128655","78.63554757630162"
"347","260","0.2","50","0","pos","0","60.5607476635514","39.4392523364486","59.06432748538012","61.93895870736086"
"344","260","0.4","40","0","pos","166","76.26168224299066","23.738317757009344","75.82846003898635","76.66068222621185"
"341","260","0.1","40","0","pos","259","68.22429906542055","31.775700934579437","67.44639376218323","68.9407540394973"
"348","260","0.3","50","0","pos","0","60.5607476635514","39.4392523364486","59.06432748538012","61.93895870736086"
"337","260","0.2","30","0","pos","259","72.24299065420561","27.757009345794394","70.9551656920078","73.4290843806104"
"345","260","0.5","40","0","pos","166","79.7196261682243","20.280373831775698","79.33723196881091","80.07181328545781"
"339","260","0.4","30","0","pos","166","72.05607476635514","27.943925233644862","72.90448343079922","71.27468581687613"
"340","260","0.5","30","0","pos","259","85.42056074766356","14.57943925233645","85.96491228070175","84.91921005385996"
"343","260","0.3","40","0","pos","259","79.43925233644859","20.5607476635514","79.33723196881091","79.53321364452424"
"347","260","0.2","50","0","pos","69","63.925233644859816","36.074766355140184","65.49707602339181","62.47755834829444"
"346","260","0.1","50","0","pos","166","70.37383177570094","29.626168224299064","69.00584795321637","71.63375224416517"
"344","260","0.4","40","0","pos","259","84.11214953271028","15.887850467289718","85.38011695906432","82.9443447037702"
"348","260","0.3","50","0","pos","69","71.30841121495327","28.69158878504673","70.9551656920078","71.63375224416517"
"342","260","0.2","40","0","pos","166","73.55140186915888","26.448598130841123","75.43859649122807","71.8132854578097"
"339","260","0.4","30","0","pos","259","75.88785046728972","24.11214953271028","76.99805068226121","74.86535008976661"
"345","260","0.5","40","0","pos","259","84.11214953271028","15.887850467289718","84.60038986354775","83.66247755834829"
"348","260","0.3","50","0","pos","166","80.18691588785046","19.813084112149532","79.53216374269006","80.78994614003591"
"346","260","0.1","50","0","pos","259","74.67289719626167","25.327102803738317","72.70955165692008","76.48114901256733"
"347","260","0.2","50","0","pos","166","70.46728971962617","29.53271028037383","73.48927875243665","67.68402154398564"
"342","260","0.2","40","0","pos","259","77.47663551401868","22.523364485981308","77.77777777777779","77.19928186714542"
"350","260","0.5","50","0","pos","0","60.5607476635514","39.4392523364486","59.06432748538012","61.93895870736086"
"349","260","0.4","50","0","pos","0","60.5607476635514","39.4392523364486","59.06432748538012","61.93895870736086"
"348","260","0.3","50","0","pos","259","84.57943925233646","15.42056074766355","83.4307992202729","85.63734290843806"
"350","260","0.5","50","0","pos","69","69.90654205607477","30.093457943925234","70.17543859649122","69.6588868940754"
"347","260","0.2","50","0","pos","259","74.67289719626167","25.327102803738317","76.21832358674465","73.24955116696589"
"353","260","0.3","10","0","pos","0","60.5607476635514","39.4392523364486","59.06432748538012","61.93895870736086"
"354","260","0.4","10","0","pos","0","60.5607476635514","39.4392523364486","59.06432748538012","61.93895870736086"
"351","260","0.1","10","0","pos","0","60.5607476635514","39.4392523364486","59.06432748538012","61.93895870736086"
"349","260","0.4","50","0","pos","69","68.78504672897196","31.21495327102804","66.66666666666666","70.73608617594255"
"350","260","0.5","50","0","pos","166","77.85046728971963","22.149532710280372","76.21832358674465","79.35368043087972"
"354","260","0.4","10","0","pos","69","62.33644859813084","37.663551401869164","61.20857699805068","63.37522441651705"
"352","260","0.2","10","0","pos","0","60.5607476635514","39.4392523364486","59.06432748538012","61.93895870736086"
"355","260","0.5","10","0","pos","0","60.5607476635514","39.4392523364486","59.06432748538012","61.93895870736086"
"353","260","0.3","10","0","pos","69","61.49532710280374","38.504672897196265","60.42884990253411","62.47755834829444"
"356","260","0.1","20","0","pos","0","60.5607476635514","39.4392523364486","59.06432748538012","61.93895870736086"
"351","260","0.1","10","0","pos","69","60.09345794392523","39.90654205607477","58.47953216374269","61.57989228007181"
"349","260","0.4","50","0","pos","166","77.75700934579439","22.242990654205606","75.82846003898635","79.53321364452424"
"352","260","0.2","10","0","pos","69","59.25233644859813","40.74766355140187","58.28460038986355","60.14362657091562"
"350","260","0.5","50","0","pos","259","86.44859813084112","13.551401869158877","85.18518518518519","87.61220825852783"
"354","260","0.4","10","0","pos","166","64.76635514018692","35.23364485981308","64.32748538011695","65.1705565529623"
"355","260","0.5","10","0","pos","69","61.77570093457943","38.22429906542056","61.79337231968811","61.759425493716336"
"356","260","0.1","20","0","pos","69","61.588785046728965","38.41121495327103","60.81871345029239","62.29802513464991"
"358","260","0.3","20","0","pos","0","60.5607476635514","39.4392523364486","59.06432748538012","61.93895870736086"
"349","260","0.4","50","0","pos","259","82.89719626168224","17.102803738317757","81.87134502923976","83.84201077199282"
"354","260","0.4","10","0","pos","259","65.88785046728972","34.112149532710276","66.8615984405458","64.99102333931778"
"357","260","0.2","20","0","pos","0","60.5607476635514","39.4392523364486","59.06432748538012","61.93895870736086"
"352","260","0.2","10","0","pos","166","61.308411214953274","38.691588785046726","60.62378167641326","61.93895870736086"
"351","260","0.1","10","0","pos","166","60.5607476635514","39.4392523364486","60.23391812865497","60.86175942549371"
"355","260","0.5","10","0","pos","166","64.85981308411215","35.14018691588785","66.27680311890838","63.55475763016158"
"353","260","0.3","10","0","pos","166","63.73831775700934","36.26168224299066","60.03898635477582","67.14542190305207"
"358","260","0.3","20","0","pos","69","59.7196261682243","40.2803738317757","57.69980506822612","61.57989228007181"
"356","260","0.1","20","0","pos","166","64.57943925233644","35.42056074766355","62.96296296296296","66.06822262118493"
"352","260","0.2","10","0","pos","259","62.523364485981304","37.47663551401869","61.98830409356725","63.016157989228006"
"357","260","0.2","20","0","pos","69","61.86915887850467","38.13084112149533","60.03898635477582","63.55475763016158"
"351","260","0.1","10","0","pos","259","61.308411214953274","38.691588785046726","61.20857699805068","61.40035906642729"
"353","260","0.3","10","0","pos","259","66.16822429906543","33.83177570093458","63.74269005847953","68.40215439856372"
"356","260","0.1","20","0","pos","259","66.26168224299064","33.73831775700935","64.91228070175438","67.50448833034112"
"357","260","0.2","20","0","pos","166","64.85981308411215","35.14018691588785","61.79337231968811","67.68402154398564"
"360","260","0.5","20","0","pos","0","60.5607476635514","39.4392523364486","59.06432748538012","61.93895870736086"
"358","260","0.3","20","0","pos","166","66.16822429906543","33.83177570093458","65.8869395711501","66.42728904847397"
"359","260","0.4","20","0","pos","0","60.5607476635514","39.4392523364486","59.06432748538012","61.93895870736086"
"355","260","0.5","10","0","pos","259","67.38317757009345","32.61682242990654","69.20077972709552","65.70915619389586"
"361","260","0.1","30","0","pos","0","60.5607476635514","39.4392523364486","59.06432748538012","61.93895870736086"
"357","260","0.2","20","0","pos","259","68.69158878504673","31.308411214953267","66.27680311890838","70.91561938958706"
"361","260","0.1","30","0","pos","69","62.89719626168224","37.10280373831776","60.81871345029239","64.81149012567326"
"363","260","0.3","30","0","pos","0","60.5607476635514","39.4392523364486","59.06432748538012","61.93895870736086"
"359","260","0.4","20","0","pos","69","63.27102803738318","36.728971962616825","62.96296296296296","63.55475763016158"
"360","260","0.5","20","0","pos","69","65.23364485981308","34.76635514018692","63.35282651072125","66.96588868940754"
"361","260","0.1","30","0","pos","166","66.82242990654206","33.177570093457945","65.69200779727096","67.86355475763017"
"358","260","0.3","20","0","pos","259","69.34579439252336","30.654205607476637","69.00584795321637","69.6588868940754"
"362","260","0.2","30","0","pos","0","60.5607476635514","39.4392523364486","59.06432748538012","61.93895870736086"
"364","260","0.4","30","0","pos","0","60.5607476635514","39.4392523364486","59.06432748538012","61.93895870736086"
"365","260","0.5","30","0","pos","0","60.5607476635514","39.4392523364486","59.06432748538012","61.93895870736086"
"362","260","0.2","30","0","pos","69","62.616822429906534","37.38317757009346","63.35282651072125","61.93895870736086"
"363","260","0.3","30","0","pos","69","63.925233644859816","36.074766355140184","63.1578947368421","64.63195691202873"
"361","260","0.1","30","0","pos","259","70","30","68.61598440545808","71.27468581687613"
"364","260","0.4","30","0","pos","69","67.10280373831776","32.89719626168225","66.47173489278752","67.68402154398564"
"365","260","0.5","30","0","pos","69","65.23364485981308","34.76635514018692","64.91228070175438","65.52962298025135"
"366","260","0.1","40","0","pos","0","60.5607476635514","39.4392523364486","59.06432748538012","61.93895870736086"
"359","260","0.4","20","0","pos","166","68.69158878504673","31.308411214953267","66.47173489278752","70.73608617594255"
"367","260","0.2","40","0","pos","0","60.5607476635514","39.4392523364486","59.06432748538012","61.93895870736086"
"366","260","0.1","40","0","pos","69","62.71028037383177","37.28971962616822","61.40350877192983","63.91382405745063"
"362","260","0.2","30","0","pos","166","67.19626168224299","32.80373831775701","65.8869395711501","68.40215439856372"
"364","260","0.4","30","0","pos","166","74.01869158878505","25.981308411214954","72.70955165692008","75.22441651705566"
"360","260","0.5","20","0","pos","166","71.77570093457943","28.22429906542056","71.34502923976608","72.17235188509873"
"365","260","0.5","30","0","pos","166","76.44859813084112","23.551401869158877","75.82846003898635","77.0197486535009"
"367","260","0.2","40","0","pos","69","66.9158878504673","33.084112149532714","66.47173489278752","67.3249551166966"
"359","260","0.4","20","0","pos","259","74.11214953271028","25.88785046728972","71.53996101364523","76.48114901256733"
"369","260","0.4","40","0","pos","0","60.5607476635514","39.4392523364486","59.06432748538012","61.93895870736086"
"365","260","0.5","30","0","pos","259","80.93457943925235","19.065420560747665","80.89668615984405","80.96947935368043"
"366","260","0.1","40","0","pos","166","64.57943925233644","35.42056074766355","64.13255360623782","64.99102333931778"
"363","260","0.3","30","0","pos","166","71.1214953271028","28.878504672897197","71.9298245614035","70.3770197486535"
"364","260","0.4","30","0","pos","259","78.22429906542057","21.77570093457944","75.82846003898635","80.43087971274686"
"367","260","0.2","40","0","pos","166","74.67289719626167","25.327102803738317","76.0233918128655","73.4290843806104"
"362","260","0.2","30","0","pos","259","69.71962616822431","30.2803738317757","69.20077972709552","70.19748653500898"
"366","260","0.1","40","0","pos","259","70.09345794392523","29.906542056074763","67.83625730994152","72.17235188509873"
"360","260","0.5","20","0","pos","259","77.57009345794393","22.429906542056074","75.82846003898635","79.17414721723519"
"363","260","0.3","30","0","pos","259","74.01869158878505","25.981308411214954","75.43859649122807","72.71095152603232"
"370","260","0.5","40","0","pos","0","60.5607476635514","39.4392523364486","59.06432748538012","61.93895870736086"
"368","260","0.3","40","0","pos","0","60.5607476635514","39.4392523364486","59.06432748538012","61.93895870736086"
"369","260","0.4","40","0","pos","69","70.93457943925233","29.06542056074766","71.73489278752436","70.19748653500898"
"367","260","0.2","40","0","pos","259","78.31775700934578","21.682242990654206","80.89668615984405","75.94254937163375"
"370","260","0.5","40","0","pos","69","69.62616822429906","30.373831775700932","69.5906432748538","69.6588868940754"
"368","260","0.3","40","0","pos","69","68.97196261682244","31.02803738317757","67.83625730994152","70.01795332136446"
"371","260","0.1","50","0","pos","0","60.5607476635514","39.4392523364486","59.06432748538012","61.93895870736086"
"369","260","0.4","40","0","pos","166","79.62616822429906","20.373831775700936","79.92202729044834","79.35368043087972"
"370","260","0.5","40","0","pos","166","81.49532710280374","18.50467289719626","82.45614035087719","80.61041292639139"
"368","260","0.3","40","0","pos","166","79.34579439252336","20.654205607476637","77.77777777777779","80.78994614003591"
"371","260","0.1","50","0","pos","69","63.83177570093458","36.16822429906542","64.13255360623782","63.55475763016158"
"368","260","0.3","40","0","pos","259","85.88785046728972","14.11214953271028","83.82066276803118","87.79174147217235"
"373","260","0.3","50","0","pos","0","60.5607476635514","39.4392523364486","59.06432748538012","61.93895870736086"
"370","260","0.5","40","0","pos","259","89.06542056074767","10.934579439252337","89.27875243664717","88.8689407540395"
"375","260","0.5","50","0","pos","0","60.5607476635514","39.4392523364486","59.06432748538012","61.93895870736086"
"372","260","0.2","50","0","pos","0","60.5607476635514","39.4392523364486","59.06432748538012","61.93895870736086"
"369","260","0.4","40","0","pos","259","86.63551401869158","13.36448598130841","86.35477582846003","86.89407540394973"
"374","260","0.4","50","0","pos","0","60.5607476635514","39.4392523364486","59.06432748538012","61.93895870736086"
"371","260","0.1","50","0","pos","166","68.50467289719626","31.49532710280374","68.61598440545808","68.40215439856372"
"378","260","0.3","10","0","pos","0","60.5607476635514","39.4392523364486","59.06432748538012","61.93895870736086"
"375","260","0.5","50","0","pos","69","69.53271028037383","30.467289719626166","69.20077972709552","69.83842010771993"
"376","260","0.1","10","0","pos","0","60.5607476635514","39.4392523364486","59.06432748538012","61.93895870736086"
"377","260","0.2","10","0","pos","0","60.5607476635514","39.4392523364486","59.06432748538012","61.93895870736086"
"373","260","0.3","50","0","pos","69","69.90654205607477","30.093457943925234","68.2261208576998","71.45421903052065"
"371","260","0.1","50","0","pos","259","72.80373831775701","27.19626168224299","72.70955165692008","72.89048473967684"
"378","260","0.3","10","0","pos","69","62.05607476635514","37.94392523364486","59.64912280701754","64.27289048473968"
"377","260","0.2","10","0","pos","69","62.05607476635514","37.94392523364486","61.20857699805068","62.83662477558348"
"375","260","0.5","50","0","pos","166","81.96261682242991","18.037383177570092","82.06627680311891","81.86714542190305"
"379","260","0.4","10","0","pos","0","60.5607476635514","39.4392523364486","59.06432748538012","61.93895870736086"
"373","260","0.3","50","0","pos","166","80","20","79.72709551656921","80.25134649910234"
"376","260","0.1","10","0","pos","69","61.40186915887851","38.598130841121495","59.84405458089669","62.83662477558348"
"372","260","0.2","50","0","pos","69","62.71028037383177","37.28971962616822","62.96296296296296","62.47755834829444"
"374","260","0.4","50","0","pos","69","72.99065420560747","27.009345794392527","70.56530214424951","75.22441651705566"
"379","260","0.4","10","0","pos","69","63.45794392523364","36.54205607476636","62.1832358674464","64.63195691202873"
"377","260","0.2","10","0","pos","166","64.01869158878505","35.981308411214954","61.20857699805068","66.6068222621185"
"373","260","0.3","50","0","pos","259","83.92523364485982","16.074766355140188","82.65107212475633","85.09874326750449"
"378","260","0.3","10","0","pos","166","64.29906542056075","35.700934579439256","62.37816764132553","66.06822262118493"
"379","260","0.4","10","0","pos","166","66.6355140186916","33.36448598130841","65.30214424951268","67.86355475763017"
"375","260","0.5","50","0","pos","259","90.28037383177569","9.719626168224298","89.47368421052632","91.02333931777379"
"377","260","0.2","10","0","pos","259","66.35514018691589","33.64485981308411","64.13255360623782","68.40215439856372"
"372","260","0.2","50","0","pos","166","69.62616822429906","30.373831775700932","71.53996101364523","67.86355475763017"
"381","260","0.1","20","0","pos","0","60.5607476635514","39.4392523364486","59.06432748538012","61.93895870736086"
"382","260","0.2","20","0","pos","0","60.5607476635514","39.4392523364486","59.06432748538012","61.93895870736086"
"376","260","0.1","10","0","pos","166","61.308411214953274","38.691588785046726","59.06432748538012","63.37522441651705"
"380","260","0.5","10","0","pos","0","60.5607476635514","39.4392523364486","59.06432748538012","61.93895870736086"
"374","260","0.4","50","0","pos","166","86.16822429906541","13.831775700934578","84.99025341130604","87.25314183123878"
"378","260","0.3","10","0","pos","259","67.00934579439253","32.99065420560748","66.08187134502924","67.86355475763017"
"381","260","0.1","20","0","pos","69","61.02803738317757","38.97196261682243","59.25925925925925","62.65709156193896"
"379","260","0.4","10","0","pos","259","67.94392523364486","32.05607476635514","64.5224171539961","71.0951526032316"
"382","260","0.2","20","0","pos","69","62.89719626168224","37.10280373831776","60.81871345029239","64.81149012567326"
"383","260","0.3","20","0","pos","0","60.5607476635514","39.4392523364486","59.06432748538012","61.93895870736086"
"380","260","0.5","10","0","pos","69","59.62616822429907","40.373831775700936","61.01364522417154","58.34829443447038"
"372","260","0.2","50","0","pos","259","74.67289719626167","25.327102803738317","75.6335282651072","73.78815080789947"
"374","260","0.4","50","0","pos","259","92.33644859813084","7.663551401869159","91.81286549707602","92.81867145421903"
"381","260","0.1","20","0","pos","166","62.33644859813084","37.663551401869164","59.4541910331384","64.99102333931778"
"382","260","0.2","20","0","pos","166","67.19626168224299","32.80373831775701","65.49707602339181","68.76122082585279"
"380","260","0.5","10","0","pos","166","61.308411214953274","38.691588785046726","62.1832358674464","60.502692998204665"
"383","260","0.3","20","0","pos","69","63.27102803738318","36.728971962616825","61.98830409356725","64.4524236983842"
"376","260","0.1","10","0","pos","259","62.523364485981304","37.47663551401869","60.62378167641326","64.27289048473968"
"381","260","0.1","20","0","pos","259","62.99065420560748","37.00934579439252","60.42884990253411","65.35008976660683"
"382","260","0.2","20","0","pos","259","70.56074766355141","29.439252336448597","69.39571150097466","71.63375224416517"
"384","260","0.4","20","0","pos","0","60.5607476635514","39.4392523364486","59.06432748538012","61.93895870736086"
"383","260","0.3","20","0","pos","166","65.88785046728972","34.112149532710276","65.8869395711501","65.8886894075404"
"380","260","0.5","10","0","pos","259","64.48598130841121","35.51401869158878","64.5224171539961","64.4524236983842"
"385","260","0.5","20","0","pos","0","60.5607476635514","39.4392523364486","59.06432748538012","61.93895870736086"
"384","260","0.4","20","0","pos","69","64.11214953271028","35.88785046728972","63.35282651072125","64.81149012567326"
"387","260","0.2","30","0","pos","0","60.5607476635514","39.4392523364486","59.06432748538012","61.93895870736086"
"385","260","0.5","20","0","pos","69","64.95327102803739","35.046728971962615","64.5224171539961","65.35008976660683"
"383","260","0.3","20","0","pos","259","68.97196261682244","31.02803738317757","69.20077972709552","68.76122082585279"
"388","260","0.3","30","0","pos","0","60.5607476635514","39.4392523364486","59.06432748538012","61.93895870736086"
"386","260","0.1","30","0","pos","0","60.5607476635514","39.4392523364486","59.06432748538012","61.93895870736086"
"387","260","0.2","30","0","pos","69","62.24299065420561","37.75700934579439","59.4541910331384","64.81149012567326"
"389","260","0.4","30","0","pos","0","60.5607476635514","39.4392523364486","59.06432748538012","61.93895870736086"
"388","260","0.3","30","0","pos","69","66.35514018691589","33.64485981308411","62.96296296296296","69.47935368043088"
"386","260","0.1","30","0","pos","69","61.49532710280374","38.504672897196265","59.64912280701754","63.19569120287253"
"385","260","0.5","20","0","pos","166","71.86915887850466","28.130841121495326","71.34502923976608","72.35188509874327"
"384","260","0.4","20","0","pos","166","70.56074766355141","29.439252336448597","69.20077972709552","71.8132854578097"
"389","260","0.4","30","0","pos","69","68.03738317757009","31.962616822429908","67.44639376218323","68.58168761220826"
"390","260","0.5","30","0","pos","0","60.5607476635514","39.4392523364486","59.06432748538012","61.93895870736086"
"387","260","0.2","30","0","pos","166","67.10280373831776","32.89719626168225","63.1578947368421","70.73608617594255"
"388","260","0.3","30","0","pos","166","71.77570093457943","28.22429906542056","69.5906432748538","73.78815080789947"
"385","260","0.5","20","0","pos","259","75.88785046728972","24.11214953271028","74.46393762183236","77.19928186714542"
"390","260","0.5","30","0","pos","69","70.37383177570094","29.626168224299064","70.37037037037037","70.3770197486535"
"389","260","0.4","30","0","pos","166","74.39252336448598","25.607476635514022","74.6588693957115","74.1472172351885"
"391","260","0.1","40","0","pos","0","60.5607476635514","39.4392523364486","59.06432748538012","61.93895870736086"
"387","260","0.2","30","0","pos","259","72.71028037383176","27.289719626168225","69.39571150097466","75.76301615798923"
"392","260","0.2","40","0","pos","0","60.5607476635514","39.4392523364486","59.06432748538012","61.93895870736086"
"393","260","0.3","40","0","pos","0","60.5607476635514","39.4392523364486","59.06432748538012","61.93895870736086"
"384","260","0.4","20","0","pos","259","74.85981308411215","25.140186915887853","73.09941520467837","76.48114901256733"
"386","260","0.1","30","0","pos","166","63.73831775700934","36.26168224299066","62.37816764132553","64.99102333931778"
"388","260","0.3","30","0","pos","259","78.41121495327103","21.588785046728972","76.60818713450293","80.07181328545781"
"390","260","0.5","30","0","pos","166","81.02803738317756","18.97196261682243","80.11695906432749","81.86714542190305"
"391","260","0.1","40","0","pos","69","62.42990654205608","37.570093457943926","60.03898635477582","64.63195691202873"
"389","260","0.4","30","0","pos","259","79.81308411214954","20.186915887850468","80.31189083820662","79.35368043087972"
"393","260","0.3","40","0","pos","69","65.42056074766354","34.57943925233645","67.2514619883041","63.73429084380611"
"390","260","0.5","30","0","pos","259","85.14018691588785","14.859813084112151","84.21052631578947","85.99640933572711"
"391","260","0.1","40","0","pos","166","65.98130841121495","34.018691588785046","63.74269005847953","68.04308797127469"
"393","260","0.3","40","0","pos","166","75.70093457943925","24.299065420560748","76.21832358674465","75.22441651705566"
"394","260","0.4","40","0","pos","0","60.5607476635514","39.4392523364486","59.06432748538012","61.93895870736086"
"386","260","0.1","30","0","pos","259","64.76635514018692","35.23364485981308","62.96296296296296","66.42728904847397"
"391","260","0.1","40","0","pos","259","69.81308411214954","30.186915887850468","68.81091617933723","70.73608617594255"
"392","260","0.2","40","0","pos","69","65.14018691588785","34.859813084112155","65.8869395711501","64.4524236983842"
"393","260","0.3","40","0","pos","259","81.86915887850468","18.13084112149533","82.45614035087719","81.32854578096948"
"394","260","0.4","40","0","pos","69","67.94392523364486","32.05607476635514","68.42105263157895","67.50448833034112"
"397","260","0.2","50","0","pos","0","60.5607476635514","39.4392523364486","59.06432748538012","61.93895870736086"
"394","260","0.4","40","0","pos","166","75.88785046728972","24.11214953271028","77.58284600389864","74.32675044883304"
"396","260","0.1","50","0","pos","0","60.5607476635514","39.4392523364486","59.06432748538012","61.93895870736086"
"398","260","0.3","50","0","pos","0","60.5607476635514","39.4392523364486","59.06432748538012","61.93895870736086"
"397","260","0.2","50","0","pos","69","69.06542056074765","30.934579439252335","69.78557504873294","68.40215439856372"
"392","260","0.2","40","0","pos","166","71.40186915887851","28.598130841121495","70.76023391812866","71.99281867145422"
"400","260","0.5","50","0","pos","0","60.5607476635514","39.4392523364486","59.06432748538012","61.93895870736086"
"399","260","0.4","50","0","pos","0","60.5607476635514","39.4392523364486","59.06432748538012","61.93895870736086"
"398","260","0.3","50","0","pos","69","69.1588785046729","30.8411214953271","68.03118908382066","70.19748653500898"
"395","260","0.5","40","0","pos","0","60.5607476635514","39.4392523364486","59.06432748538012","61.93895870736086"
"394","260","0.4","40","0","pos","259","80.74766355140187","19.252336448598133","81.28654970760235","80.25134649910234"
"400","260","0.5","50","0","pos","69","68.78504672897196","31.21495327102804","71.53996101364523","66.24775583482945"
"396","260","0.1","50","0","pos","69","64.11214953271028","35.88785046728972","65.10721247563353","63.19569120287253"
"395","260","0.5","40","0","pos","69","67.66355140186916","32.33644859813084","64.5224171539961","70.55655296229803"
"397","260","0.2","50","0","pos","166","75.32710280373833","24.67289719626168","75.6335282651072","75.04488330341114"
"398","260","0.3","50","0","pos","166","76.72897196261682","23.271028037383175","76.41325536062378","77.0197486535009"
"399","260","0.4","50","0","pos","69","69.62616822429906","30.373831775700932","68.81091617933723","70.3770197486535"
"402","260","0.2","10","0","pos","0","60.5607476635514","39.4392523364486","59.06432748538012","61.93895870736086"
"392","260","0.2","40","0","pos","259","75.88785046728972","24.11214953271028","76.41325536062378","75.40394973070018"
"401","260","0.1","10","0","pos","0","60.5607476635514","39.4392523364486","59.06432748538012","61.93895870736086"
"403","260","0.3","10","0","pos","0","60.5607476635514","39.4392523364486","59.06432748538012","61.93895870736086"
"404","260","0.4","10","0","pos","0","60.5607476635514","39.4392523364486","59.06432748538012","61.93895870736086"
"397","260","0.2","50","0","pos","259","79.7196261682243","20.280373831775698","80.31189083820662","79.17414721723519"
"395","260","0.5","40","0","pos","166","78.13084112149534","21.869158878504674","76.80311890838206","79.35368043087972"
"398","260","0.3","50","0","pos","259","82.14953271028037","17.850467289719628","82.26120857699804","82.04667863554758"
"402","260","0.2","10","0","pos","69","60.09345794392523","39.90654205607477","59.4541910331384","60.68222621184919"
"401","260","0.1","10","0","pos","69","60.8411214953271","39.15887850467289","58.47953216374269","63.016157989228006"
"400","260","0.5","50","0","pos","166","79.25233644859813","20.747663551401867","79.53216374269006","78.99461400359067"
"403","260","0.3","10","0","pos","69","59.62616822429907","40.373831775700936","58.86939571150097","60.32315978456014"
"396","260","0.1","50","0","pos","166","70.09345794392523","29.906542056074763","70.37037037037037","69.83842010771993"
"404","260","0.4","10","0","pos","69","60","40","58.86939571150097","61.04129263913825"
"395","260","0.5","40","0","pos","259","81.77570093457945","18.22429906542056","81.28654970760235","82.2262118491921"
"402","260","0.2","10","0","pos","166","62.89719626168224","37.10280373831776","61.20857699805068","64.4524236983842"
"399","260","0.4","50","0","pos","166","76.63551401869158","23.364485981308412","75.82846003898635","77.37881508078995"
"404","260","0.4","10","0","pos","166","62.89719626168224","37.10280373831776","61.79337231968811","63.91382405745063"
"396","260","0.1","50","0","pos","259","75.32710280373833","24.67289719626168","75.82846003898635","74.86535008976661"
"403","260","0.3","10","0","pos","166","62.71028037383177","37.28971962616822","62.37816764132553","63.016157989228006"
"401","260","0.1","10","0","pos","166","61.77570093457943","38.22429906542056","60.42884990253411","63.016157989228006"
"405","260","0.5","10","0","pos","0","60.5607476635514","39.4392523364486","59.06432748538012","61.93895870736086"
"404","260","0.4","10","0","pos","259","68.22429906542055","31.775700934579437","66.8615984405458","69.47935368043088"
"400","260","0.5","50","0","pos","259","84.2056074766355","15.794392523364486","85.18518518518519","83.30341113105925"
"405","260","0.5","10","0","pos","69","61.40186915887851","38.598130841121495","59.84405458089669","62.83662477558348"
"403","260","0.3","10","0","pos","259","64.57943925233644","35.42056074766355","63.547758284600384","65.52962298025135"
"399","260","0.4","50","0","pos","259","82.5233644859813","17.476635514018692","81.0916179337232","83.84201077199282"
"402","260","0.2","10","0","pos","259","65.32710280373831","34.67289719626168","63.547758284600384","66.96588868940754"
"405","260","0.5","10","0","pos","166","65.14018691588785","34.859813084112155","65.69200779727096","64.63195691202873"
"401","260","0.1","10","0","pos","259","62.05607476635514","37.94392523364486","60.23391812865497","63.73429084380611"
"406","260","0.1","20","0","pos","0","60.5607476635514","39.4392523364486","59.06432748538012","61.93895870736086"
"408","260","0.3","20","0","pos","0","60.5607476635514","39.4392523364486","59.06432748538012","61.93895870736086"
"409","260","0.4","20","0","pos","0","60.5607476635514","39.4392523364486","59.06432748538012","61.93895870736086"
"407","260","0.2","20","0","pos","0","60.5607476635514","39.4392523364486","59.06432748538012","61.93895870736086"
"405","260","0.5","10","0","pos","259","67.4766355140187","32.52336448598131","67.2514619883041","67.68402154398564"
"406","260","0.1","20","0","pos","69","61.12149532710281","38.87850467289719","58.86939571150097","63.19569120287253"
"409","260","0.4","20","0","pos","69","64.20560747663552","35.794392523364486","62.96296296296296","65.35008976660683"
"407","260","0.2","20","0","pos","69","63.73831775700934","36.26168224299066","61.01364522417154","66.24775583482945"
"408","260","0.3","20","0","pos","69","62.99065420560748","37.00934579439252","60.62378167641326","65.1705565529623"
"410","260","0.5","20","0","pos","0","60.5607476635514","39.4392523364486","59.06432748538012","61.93895870736086"
"409","260","0.4","20","0","pos","166","68.69158878504673","31.308411214953267","65.49707602339181","71.63375224416517"
"410","260","0.5","20","0","pos","69","66.44859813084112","33.55140186915888","65.49707602339181","67.3249551166966"
"407","260","0.2","20","0","pos","166","67.4766355140187","32.52336448598131","64.71734892787524","70.01795332136446"
"406","260","0.1","20","0","pos","166","62.149532710280376","37.850467289719624","59.4541910331384","64.63195691202873"
"414","260","0.4","30","0","pos","0","60.5607476635514","39.4392523364486","59.06432748538012","61.93895870736086"
"409","260","0.4","20","0","pos","259","74.85981308411215","25.140186915887853","73.68421052631578","75.94254937163375"
"407","260","0.2","20","0","pos","259","69.34579439252336","30.654205607476637","66.66666666666666","71.8132854578097"
"410","260","0.5","20","0","pos","166","72.89719626168224","27.102803738317753","72.51461988304094","73.24955116696589"
"408","260","0.3","20","0","pos","166","69.71962616822431","30.2803738317757","69.20077972709552","70.19748653500898"
"415","260","0.5","30","0","pos","0","60.5607476635514","39.4392523364486","59.06432748538012","61.93895870736086"
"412","260","0.2","30","0","pos","0","60.5607476635514","39.4392523364486","59.06432748538012","61.93895870736086"
"413","260","0.3","30","0","pos","0","60.5607476635514","39.4392523364486","59.06432748538012","61.93895870736086"
"414","260","0.4","30","0","pos","69","68.13084112149532","31.86915887850467","68.81091617933723","67.50448833034112"
"415","260","0.5","30","0","pos","69","69.06542056074765","30.934579439252335","68.42105263157895","69.6588868940754"
"410","260","0.5","20","0","pos","259","75.23364485981308","24.766355140186917","76.0233918128655","74.50628366247756"
"413","260","0.3","30","0","pos","69","64.39252336448598","35.60747663551402","64.32748538011695","64.4524236983842"
"406","260","0.1","20","0","pos","259","64.57943925233644","35.42056074766355","61.20857699805068","67.68402154398564"
"414","260","0.4","30","0","pos","166","76.07476635514018","23.925233644859816","77.77777777777779","74.50628366247756"
"411","260","0.1","30","0","pos","0","60.5607476635514","39.4392523364486","59.06432748538012","61.93895870736086"
"408","260","0.3","20","0","pos","259","72.14953271028037","27.850467289719628","71.34502923976608","72.89048473967684"
"417","260","0.2","40","0","pos","0","60.5607476635514","39.4392523364486","59.06432748538012","61.93895870736086"
"415","260","0.5","30","0","pos","166","79.06542056074767","20.93457943925234","76.80311890838206","81.14901256732495"
"412","260","0.2","30","0","pos","69","62.99065420560748","37.00934579439252","62.96296296296296","63.016157989228006"
"416","260","0.1","40","0","pos","0","60.5607476635514","39.4392523364486","59.06432748538012","61.93895870736086"
"411","260","0.1","30","0","pos","69","61.49532710280374","38.504672897196265","60.62378167641326","62.29802513464991"
"413","260","0.3","30","0","pos","166","70.74766355140187","29.252336448598133","70.56530214424951","70.91561938958706"
"416","260","0.1","40","0","pos","69","63.084112149532714","36.915887850467286","61.79337231968811","64.27289048473968"
"415","260","0.5","30","0","pos","259","83.92523364485982","16.074766355140188","81.48148148148148","86.17594254937163"
"417","260","0.2","40","0","pos","69","65.42056074766354","34.57943925233645","63.547758284600384","67.14542190305207"
"418","260","0.3","40","0","pos","0","60.5607476635514","39.4392523364486","59.06432748538012","61.93895870736086"
"411","260","0.1","30","0","pos","166","62.33644859813084","37.663551401869164","61.59844054580896","63.016157989228006"
"414","260","0.4","30","0","pos","259","81.21495327102804","18.785046728971963","83.23586744639377","79.35368043087972"
"413","260","0.3","30","0","pos","259","74.57943925233644","25.42056074766355","73.68421052631578","75.40394973070018"
"412","260","0.2","30","0","pos","166","67.66355140186916","32.33644859813084","67.64132553606238","67.68402154398564"
"419","260","0.4","40","0","pos","0","60.5607476635514","39.4392523364486","59.06432748538012","61.93895870736086"
"416","260","0.1","40","0","pos","166","67.10280373831776","32.89719626168225","67.44639376218323","66.78635547576302"
"418","260","0.3","40","0","pos","69","70.56074766355141","29.439252336448597","67.44639376218323","73.4290843806104"
"419","260","0.4","40","0","pos","69","66.44859813084112","33.55140186915888","66.08187134502924","66.78635547576302"
"420","260","0.5","40","0","pos","0","60.5607476635514","39.4392523364486","59.06432748538012","61.93895870736086"
"412","260","0.2","30","0","pos","259","71.68224299065422","28.317757009345794","71.9298245614035","71.45421903052065"
"416","260","0.1","40","0","pos","259","70","30","69.78557504873294","70.19748653500898"
"418","260","0.3","40","0","pos","166","78.31775700934578","21.682242990654206","75.82846003898635","80.61041292639139"
"417","260","0.2","40","0","pos","166","71.77570093457943","28.22429906542056","70.9551656920078","72.5314183123878"
"420","260","0.5","40","0","pos","69","66.35514018691589","33.64485981308411","61.59844054580896","70.73608617594255"
"422","260","0.2","50","0","pos","0","60.5607476635514","39.4392523364486","59.06432748538012","61.93895870736086"
"419","260","0.4","40","0","pos","166","71.68224299065422","28.317757009345794","70.76023391812866","72.5314183123878"
"411","260","0.1","30","0","pos","259","65.60747663551402","34.39252336448598","64.32748538011695","66.78635547576302"
"421","260","0.1","50","0","pos","0","60.5607476635514","39.4392523364486","59.06432748538012","61.93895870736086"
"422","260","0.2","50","0","pos","69","64.48598130841121","35.51401869158878","64.71734892787524","64.27289048473968"
"417","260","0.2","40","0","pos","259","75.88785046728972","24.11214953271028","74.46393762183236","77.19928186714542"
"419","260","0.4","40","0","pos","259","75.70093457943925","24.299065420560748","75.6335282651072","75.76301615798923"
"421","260","0.1","50","0","pos","69","62.523364485981304","37.47663551401869","60.62378167641326","64.27289048473968"
"423","260","0.3","50","0","pos","0","60.5607476635514","39.4392523364486","59.06432748538012","61.93895870736086"
"418","260","0.3","40","0","pos","259","82.5233644859813","17.476635514018692","81.0916179337232","83.84201077199282"
"420","260","0.5","40","0","pos","166","77.38317757009345","22.61682242990654","73.87914230019493","80.61041292639139"
"423","260","0.3","50","0","pos","69","71.02803738317756","28.971962616822427","69.98050682261209","71.99281867145422"
"425","260","0.5","50","0","pos","0","60.5607476635514","39.4392523364486","59.06432748538012","61.93895870736086"
"421","260","0.1","50","0","pos","166","67.10280373831776","32.89719626168225","63.93762183235867","70.01795332136446"
"422","260","0.2","50","0","pos","166","72.99065420560747","27.009345794392527","74.26900584795322","71.8132854578097"
"423","260","0.3","50","0","pos","166","80.09345794392523","19.906542056074766","79.72709551656921","80.43087971274686"
"424","260","0.4","50","0","pos","0","60.5607476635514","39.4392523364486","59.06432748538012","61.93895870736086"
"426","260","0.1","10","0","pos","0","60.5607476635514","39.4392523364486","59.06432748538012","61.93895870736086"
"420","260","0.5","40","0","pos","259","83.45794392523365","16.542056074766357","81.48148148148148","85.27827648114902"
"425","260","0.5","50","0","pos","69","72.52336448598132","27.476635514018692","71.53996101364523","73.4290843806104"
"427","260","0.2","10","0","pos","0","60.5607476635514","39.4392523364486","59.06432748538012","61.93895870736086"
"421","260","0.1","50","0","pos","259","71.1214953271028","28.878504672897197","69.78557504873294","72.35188509874327"
"422","260","0.2","50","0","pos","259","80.28037383177569","19.7196261682243","79.33723196881091","81.14901256732495"
"423","260","0.3","50","0","pos","259","84.85981308411215","15.14018691588785","84.99025341130604","84.73967684021544"
"426","260","0.1","10","0","pos","69","60.5607476635514","39.4392523364486","59.25925925925925","61.759425493716336"
"428","260","0.3","10","0","pos","0","60.5607476635514","39.4392523364486","59.06432748538012","61.93895870736086"
"424","260","0.4","50","0","pos","69","68.13084112149532","31.86915887850467","69.00584795321637","67.3249551166966"
"427","260","0.2","10","0","pos","69","60.46728971962617","39.532710280373834","58.0896686159844","62.65709156193896"
"428","260","0.3","10","0","pos","69","60.93457943925233","39.06542056074767","58.67446393762184","63.016157989228006"
"427","260","0.2","10","0","pos","166","61.21495327102804","38.78504672897196","58.0896686159844","64.09335727109516"
"430","260","0.5","10","0","pos","0","60.5607476635514","39.4392523364486","59.06432748538012","61.93895870736086"
"429","260","0.4","10","0","pos","0","60.5607476635514","39.4392523364486","59.06432748538012","61.93895870736086"
"425","260","0.5","50","0","pos","166","83.27102803738318","16.728971962616825","83.04093567251462","83.48294434470377"
"426","260","0.1","10","0","pos","166","61.86915887850467","38.13084112149533","60.62378167641326","63.016157989228006"
"428","260","0.3","10","0","pos","166","63.36448598130842","36.63551401869159","62.57309941520468","64.09335727109516"
"424","260","0.4","50","0","pos","166","75.70093457943925","24.299065420560748","75.6335282651072","75.76301615798923"
"430","260","0.5","10","0","pos","69","62.80373831775701","37.19626168224299","61.79337231968811","63.73429084380611"
"429","260","0.4","10","0","pos","69","59.62616822429907","40.373831775700936","60.62378167641326","58.707360861759426"
"431","260","0.1","20","0","pos","0","60.5607476635514","39.4392523364486","59.06432748538012","61.93895870736086"
"426","260","0.1","10","0","pos","259","62.99065420560748","37.00934579439252","61.98830409356725","63.91382405745063"
"428","260","0.3","10","0","pos","259","66.26168224299064","33.73831775700935","64.5224171539961","67.86355475763017"
"424","260","0.4","50","0","pos","259","82.42990654205607","17.570093457943926","83.04093567251462","81.86714542190305"
"427","260","0.2","10","0","pos","259","63.64485981308411","36.35514018691588","60.81871345029239","66.24775583482945"
"430","260","0.5","10","0","pos","166","65.7943925233645","34.205607476635514","63.74269005847953","67.68402154398564"
"429","260","0.4","10","0","pos","166","62.149532710280376","37.850467289719624","61.40350877192983","62.83662477558348"
"425","260","0.5","50","0","pos","259","89.06542056074767","10.934579439252337","88.88888888888889","89.22800718132855"
"431","260","0.1","20","0","pos","69","61.21495327102804","38.78504672897196","59.06432748538012","63.19569120287253"
"430","260","0.5","10","0","pos","259","69.71962616822431","30.2803738317757","68.61598440545808","70.73608617594255"
"429","260","0.4","10","0","pos","259","62.33644859813084","37.663551401869164","63.35282651072125","61.40035906642729"
"434","260","0.4","20","0","pos","0","60.5607476635514","39.4392523364486","59.06432748538012","61.93895870736086"
"432","260","0.2","20","0","pos","0","60.5607476635514","39.4392523364486","59.06432748538012","61.93895870736086"
"433","260","0.3","20","0","pos","0","60.5607476635514","39.4392523364486","59.06432748538012","61.93895870736086"
"435","260","0.5","20","0","pos","0","60.5607476635514","39.4392523364486","59.06432748538012","61.93895870736086"
"432","260","0.2","20","0","pos","69","60.5607476635514","39.4392523364486","58.67446393762184","62.29802513464991"
"434","260","0.4","20","0","pos","69","61.96261682242991","38.03738317757009","60.62378167641326","63.19569120287253"
"431","260","0.1","20","0","pos","166","64.20560747663552","35.794392523364486","61.59844054580896","66.6068222621185"
"435","260","0.5","20","0","pos","69","66.16822429906543","33.83177570093458","68.81091617933723","63.73429084380611"
"432","260","0.2","20","0","pos","166","65.98130841121495","34.018691588785046","62.96296296296296","68.76122082585279"
"433","260","0.3","20","0","pos","69","63.73831775700934","36.26168224299066","63.547758284600384","63.91382405745063"
"438","260","0.3","30","0","pos","0","60.5607476635514","39.4392523364486","59.06432748538012","61.93895870736086"
"437","260","0.2","30","0","pos","0","60.5607476635514","39.4392523364486","59.06432748538012","61.93895870736086"
"431","260","0.1","20","0","pos","259","66.44859813084112","33.55140186915888","65.49707602339181","67.3249551166966"
"435","260","0.5","20","0","pos","166","72.80373831775701","27.19626168224299","72.51461988304094","73.07001795332137"
"434","260","0.4","20","0","pos","166","66.54205607476635","33.45794392523365","64.91228070175438","68.04308797127469"
"439","260","0.4","30","0","pos","0","60.5607476635514","39.4392523364486","59.06432748538012","61.93895870736086"
"438","260","0.3","30","0","pos","69","64.20560747663552","35.794392523364486","61.98830409356725","66.24775583482945"
"432","260","0.2","20","0","pos","259","70.8411214953271","29.1588785046729","66.47173489278752","74.86535008976661"
"442","260","0.2","40","0","pos","0","60.5607476635514","39.4392523364486","59.06432748538012","61.93895870736086"
"440","260","0.5","30","0","pos","0","60.5607476635514","39.4392523364486","59.06432748538012","61.93895870736086"
"436","260","0.1","30","0","pos","0","60.5607476635514","39.4392523364486","59.06432748538012","61.93895870736086"
"439","260","0.4","30","0","pos","69","64.29906542056075","35.700934579439256","62.57309941520468","65.8886894075404"
"435","260","0.5","20","0","pos","259","79.06542056074767","20.93457943925234","77.97270955165692","80.07181328545781"
"440","260","0.5","30","0","pos","69","63.925233644859816","36.074766355140184","64.5224171539961","63.37522441651705"
"442","260","0.2","40","0","pos","69","66.82242990654206","33.177570093457945","63.93762183235867","69.47935368043088"
"434","260","0.4","20","0","pos","259","70.09345794392523","29.906542056074763","70.17543859649122","70.01795332136446"
"436","260","0.1","30","0","pos","69","61.77570093457943","38.22429906542056","60.62378167641326","62.83662477558348"
"441","260","0.1","40","0","pos","0","60.5607476635514","39.4392523364486","59.06432748538012","61.93895870736086"
"438","260","0.3","30","0","pos","166","70.74766355140187","29.252336448598133","69.00584795321637","72.35188509874327"
"437","260","0.2","30","0","pos","69","63.925233644859816","36.074766355140184","63.1578947368421","64.63195691202873"
"442","260","0.2","40","0","pos","166","73.92523364485982","26.074766355140188","72.12475633528264","75.58348294434471"
"440","260","0.5","30","0","pos","166","71.02803738317756","28.971962616822427","72.12475633528264","70.01795332136446"
"433","260","0.3","20","0","pos","166","67.10280373831776","32.89719626168225","68.42105263157895","65.8886894075404"
"436","260","0.1","30","0","pos","166","64.95327102803739","35.046728971962615","62.768031189083814","66.96588868940754"
"439","260","0.4","30","0","pos","166","73.55140186915888","26.448598130841123","73.87914230019493","73.24955116696589"
"438","260","0.3","30","0","pos","259","78.13084112149534","21.869158878504674","78.16764132553607","78.09694793536805"
"440","260","0.5","30","0","pos","259","77.85046728971963","22.149532710280372","79.53216374269006","76.30161579892281"
"442","260","0.2","40","0","pos","259","75.88785046728972","24.11214953271028","75.43859649122807","76.30161579892281"
"441","260","0.1","40","0","pos","69","62.05607476635514","37.94392523364486","60.23391812865497","63.73429084380611"
"439","260","0.4","30","0","pos","259","79.06542056074767","20.93457943925234","80.11695906432749","78.09694793536805"
"433","260","0.3","20","0","pos","259","72.42990654205607","27.570093457943923","72.70955165692008","72.17235188509873"
"444","260","0.4","40","0","pos","0","60.5607476635514","39.4392523364486","59.06432748538012","61.93895870736086"
"443","260","0.3","40","0","pos","0","60.5607476635514","39.4392523364486","59.06432748538012","61.93895870736086"
"437","260","0.2","30","0","pos","166","71.68224299065422","28.317757009345794","72.51461988304094","70.91561938958706"
"436","260","0.1","30","0","pos","259","67.4766355140187","32.52336448598131","65.49707602339181","69.29982046678636"
"445","260","0.5","40","0","pos","0","60.5607476635514","39.4392523364486","59.06432748538012","61.93895870736086"
"441","260","0.1","40","0","pos","166","64.76635514018692","35.23364485981308","63.74269005847953","65.70915619389586"
"443","260","0.3","40","0","pos","69","67.10280373831776","32.89719626168225","65.10721247563353","68.9407540394973"
"446","260","0.1","50","0","pos","0","60.5607476635514","39.4392523364486","59.06432748538012","61.93895870736086"
"445","260","0.5","40","0","pos","69","71.40186915887851","28.598130841121495","72.51461988304094","70.3770197486535"
"437","260","0.2","30","0","pos","259","74.85981308411215","25.140186915887853","75.82846003898635","73.96768402154399"
"441","260","0.1","40","0","pos","259","66.6355140186916","33.36448598130841","65.30214424951268","67.86355475763017"
"444","260","0.4","40","0","pos","69","67.66355140186916","32.33644859813084","66.08187134502924","69.12028725314184"
"446","260","0.1","50","0","pos","69","63.177570093457945","36.822429906542055","61.79337231968811","64.4524236983842"
"445","260","0.5","40","0","pos","166","78.78504672897196","21.214953271028037","80.31189083820662","77.37881508078995"
"446","260","0.1","50","0","pos","166","67.94392523364486","32.05607476635514","67.83625730994152","68.04308797127469"
"443","260","0.3","40","0","pos","166","72.33644859813084","27.663551401869157","70.37037037037037","74.1472172351885"
"450","260","0.5","50","0","pos","0","60.5607476635514","39.4392523364486","59.06432748538012","61.93895870736086"
"445","260","0.5","40","0","pos","259","86.91588785046729","13.084112149532709","87.5243664717349","86.35547576301616"
"448","260","0.3","50","0","pos","0","60.5607476635514","39.4392523364486","59.06432748538012","61.93895870736086"
"447","260","0.2","50","0","pos","0","60.5607476635514","39.4392523364486","59.06432748538012","61.93895870736086"
"446","260","0.1","50","0","pos","259","71.1214953271028","28.878504672897197","71.9298245614035","70.3770197486535"
"444","260","0.4","40","0","pos","166","73.08411214953271","26.91588785046729","73.2943469785575","72.89048473967684"
"443","260","0.3","40","0","pos","259","78.31775700934578","21.682242990654206","78.55750487329435","78.09694793536805"
"448","260","0.3","50","0","pos","69","68.22429906542055","31.775700934579437","64.71734892787524","71.45421903052065"
"447","260","0.2","50","0","pos","69","68.69158878504673","31.308411214953267","69.78557504873294","67.68402154398564"
"451","260","0.1","10","0","pos","0","60.5607476635514","39.4392523364486","59.06432748538012","61.93895870736086"
"450","260","0.5","50","0","pos","69","72.80373831775701","27.19626168224299","71.15009746588694","74.32675044883304"
"452","260","0.2","10","0","pos","0","60.5607476635514","39.4392523364486","59.06432748538012","61.93895870736086"
"449","260","0.4","50","0","pos","0","60.5607476635514","39.4392523364486","59.06432748538012","61.93895870736086"
"447","260","0.2","50","0","pos","166","77.47663551401868","22.523364485981308","80.7017543859649","74.50628366247756"
"448","260","0.3","50","0","pos","166","74.48598130841123","25.514018691588785","72.31968810916179","76.48114901256733"
"454","260","0.4","10","0","pos","0","60.5607476635514","39.4392523364486","59.06432748538012","61.93895870736086"
"452","260","0.2","10","0","pos","69","60.747663551401864","39.25233644859813","59.06432748538012","62.29802513464991"
"444","260","0.4","40","0","pos","259","79.62616822429906","20.373831775700936","80.89668615984405","78.45601436265709"
"451","260","0.1","10","0","pos","69","60.46728971962617","39.532710280373834","59.25925925925925","61.57989228007181"
"450","260","0.5","50","0","pos","166","85.51401869158879","14.485981308411214","84.99025341130604","85.99640933572711"
"449","260","0.4","50","0","pos","69","71.49532710280374","28.504672897196258","73.09941520467837","70.01795332136446"
"447","260","0.2","50","0","pos","259","82.71028037383178","17.289719626168225","84.7953216374269","80.78994614003591"
"454","260","0.4","10","0","pos","69","62.42990654205608","37.570093457943926","59.25925925925925","65.35008976660683"
"453","260","0.3","10","0","pos","0","60.5607476635514","39.4392523364486","59.06432748538012","61.93895870736086"
"451","260","0.1","10","0","pos","166","62.149532710280376","37.850467289719624","60.42884990253411","63.73429084380611"
"455","260","0.5","10","0","pos","0","60.5607476635514","39.4392523364486","59.06432748538012","61.93895870736086"
"448","260","0.3","50","0","pos","259","79.90654205607477","20.093457943925234","77.97270955165692","81.68761220825853"
"450","260","0.5","50","0","pos","259","91.6822429906542","8.317757009345794","90.83820662768031","92.45960502692998"
"452","260","0.2","10","0","pos","166","64.11214953271028","35.88785046728972","62.1832358674464","65.8886894075404"
"455","260","0.5","10","0","pos","69","60.46728971962617","39.532710280373834","59.64912280701754","61.22082585278277"
"449","260","0.4","50","0","pos","166","81.77570093457945","18.22429906542056","82.65107212475633","80.96947935368043"
"456","260","0.1","20","0","pos","0","60.5607476635514","39.4392523364486","59.06432748538012","61.93895870736086"
"451","260","0.1","10","0","pos","259","63.45794392523364","36.54205607476636","62.37816764132553","64.4524236983842"
"457","260","0.2","20","0","pos","0","60.5607476635514","39.4392523364486","59.06432748538012","61.93895870736086"
"453","260","0.3","10","0","pos","69","61.86915887850467","38.13084112149533","60.62378167641326","63.016157989228006"
"454","260","0.4","10","0","pos","166","62.80373831775701","37.19626168224299","61.01364522417154","64.4524236983842"
"452","260","0.2","10","0","pos","259","65.60747663551402","34.39252336448598","63.547758284600384","67.50448833034112"
"456","260","0.1","20","0","pos","69","61.77570093457943","38.22429906542056","60.03898635477582","63.37522441651705"
"457","260","0.2","20","0","pos","69","60.280373831775705","39.719626168224295","60.23391812865497","60.32315978456014"
"449","260","0.4","50","0","pos","259","89.43925233644859","10.560747663551401","91.61793372319687","87.4326750448833"
"453","260","0.3","10","0","pos","166","62.80373831775701","37.19626168224299","61.79337231968811","63.73429084380611"
"455","260","0.5","10","0","pos","166","64.01869158878505","35.981308411214954","62.96296296296296","64.99102333931778"
"454","260","0.4","10","0","pos","259","66.6355140186916","33.36448598130841","66.27680311890838","66.96588868940754"
"456","260","0.1","20","0","pos","166","64.29906542056075","35.700934579439256","61.98830409356725","66.42728904847397"
"453","260","0.3","10","0","pos","259","62.42990654205608","37.570093457943926","60.81871345029239","63.91382405745063"
"459","260","0.4","20","0","pos","0","60.5607476635514","39.4392523364486","59.06432748538012","61.93895870736086"
"457","260","0.2","20","0","pos","166","64.57943925233644","35.42056074766355","64.13255360623782","64.99102333931778"
"456","260","0.1","20","0","pos","259","65.42056074766354","34.57943925233645","62.768031189083814","67.86355475763017"
"458","260","0.3","20","0","pos","0","60.5607476635514","39.4392523364486","59.06432748538012","61.93895870736086"
"455","260","0.5","10","0","pos","259","67.28971962616822","32.71028037383177","65.49707602339181","68.9407540394973"
"459","260","0.4","20","0","pos","69","63.925233644859816","36.074766355140184","61.40350877192983","66.24775583482945"
"461","260","0.1","30","0","pos","0","60.5607476635514","39.4392523364486","59.06432748538012","61.93895870736086"
"460","260","0.5","20","0","pos","0","60.5607476635514","39.4392523364486","59.06432748538012","61.93895870736086"
"458","260","0.3","20","0","pos","69","63.177570093457945","36.822429906542055","60.42884990253411","65.70915619389586"
"461","260","0.1","30","0","pos","69","61.40186915887851","38.598130841121495","61.20857699805068","61.57989228007181"
"460","260","0.5","20","0","pos","69","64.20560747663552","35.794392523364486","66.08187134502924","62.47755834829444"
"459","260","0.4","20","0","pos","166","69.90654205607477","30.093457943925234","66.27680311890838","73.24955116696589"
"463","260","0.3","30","0","pos","0","60.5607476635514","39.4392523364486","59.06432748538012","61.93895870736086"
"457","260","0.2","20","0","pos","259","67.85046728971963","32.149532710280376","69.20077972709552","66.6068222621185"
"461","260","0.1","30","0","pos","166","64.57943925233644","35.42056074766355","65.30214424951268","63.91382405745063"
"460","260","0.5","20","0","pos","166","70","30","70.9551656920078","69.12028725314184"
"459","260","0.4","20","0","pos","259","75.32710280373833","24.67289719626168","73.48927875243665","77.0197486535009"
"462","260","0.2","30","0","pos","0","60.5607476635514","39.4392523364486","59.06432748538012","61.93895870736086"
"465","260","0.5","30","0","pos","0","60.5607476635514","39.4392523364486","59.06432748538012","61.93895870736086"
"463","260","0.3","30","0","pos","69","66.07476635514018","33.925233644859816","63.93762183235867","68.04308797127469"
"458","260","0.3","20","0","pos","166","67.38317757009345","32.61682242990654","64.32748538011695","70.19748653500898"
"464","260","0.4","30","0","pos","0","60.5607476635514","39.4392523364486","59.06432748538012","61.93895870736086"
"461","260","0.1","30","0","pos","259","69.25233644859813","30.74766355140187","69.00584795321637","69.47935368043088"
"460","260","0.5","20","0","pos","259","73.55140186915888","26.448598130841123","75.43859649122807","71.8132854578097"
"465","260","0.5","30","0","pos","69","66.26168224299064","33.73831775700935","65.49707602339181","66.96588868940754"
"464","260","0.4","30","0","pos","69","67.19626168224299","32.80373831775701","66.66666666666666","67.68402154398564"
"463","260","0.3","30","0","pos","166","73.83177570093457","26.168224299065418","71.73489278752436","75.76301615798923"
"462","260","0.2","30","0","pos","69","64.20560747663552","35.794392523364486","63.35282651072125","64.99102333931778"
"467","260","0.2","40","0","pos","0","60.5607476635514","39.4392523364486","59.06432748538012","61.93895870736086"
"458","260","0.3","20","0","pos","259","68.22429906542055","31.775700934579437","65.8869395711501","70.3770197486535"
"465","260","0.5","30","0","pos","166","74.48598130841123","25.514018691588785","76.21832358674465","72.89048473967684"
"463","260","0.3","30","0","pos","259","79.1588785046729","20.8411214953271","77.38791423001949","80.78994614003591"
"467","260","0.2","40","0","pos","69","63.36448598130842","36.63551401869159","62.57309941520468","64.09335727109516"
"466","260","0.1","40","0","pos","0","60.5607476635514","39.4392523364486","59.06432748538012","61.93895870736086"
"462","260","0.2","30","0","pos","166","67.28971962616822","32.71028037383177","68.61598440545808","66.06822262118493"
"465","260","0.5","30","0","pos","259","81.6822429906542","18.317757009345794","81.28654970760235","82.04667863554758"
"464","260","0.4","30","0","pos","166","74.39252336448598","25.607476635514022","74.46393762183236","74.32675044883304"
"468","260","0.3","40","0","pos","0","60.5607476635514","39.4392523364486","59.06432748538012","61.93895870736086"
"462","260","0.2","30","0","pos","259","71.96261682242991","28.037383177570092","72.31968810916179","71.63375224416517"
"467","260","0.2","40","0","pos","166","71.21495327102804","28.785046728971963","69.20077972709552","73.07001795332137"
"466","260","0.1","40","0","pos","69","62.89719626168224","37.10280373831776","63.35282651072125","62.47755834829444"
"469","260","0.4","40","0","pos","0","60.5607476635514","39.4392523364486","59.06432748538012","61.93895870736086"
"472","260","0.2","50","0","pos","0","60.5607476635514","39.4392523364486","59.06432748538012","61.93895870736086"
"471","260","0.1","50","0","pos","0","60.5607476635514","39.4392523364486","59.06432748538012","61.93895870736086"
"469","260","0.4","40","0","pos","69","66.16822429906543","33.83177570093458","64.32748538011695","67.86355475763017"
"468","260","0.3","40","0","pos","69","66.44859813084112","33.55140186915888","64.91228070175438","67.86355475763017"
"470","260","0.5","40","0","pos","0","60.5607476635514","39.4392523364486","59.06432748538012","61.93895870736086"
"464","260","0.4","30","0","pos","259","79.81308411214954","20.186915887850468","79.53216374269006","80.07181328545781"
"466","260","0.1","40","0","pos","166","67.94392523364486","32.05607476635514","68.42105263157895","67.50448833034112"
"467","260","0.2","40","0","pos","259","74.29906542056075","25.70093457943925","73.48927875243665","75.04488330341114"
"472","260","0.2","50","0","pos","69","66.72897196261682","33.271028037383175","66.47173489278752","66.96588868940754"
"471","260","0.1","50","0","pos","69","61.40186915887851","38.598130841121495","60.42884990253411","62.29802513464991"
"470","260","0.5","40","0","pos","69","70.93457943925233","29.06542056074766","69.20077972709552","72.5314183123878"
"473","260","0.3","50","0","pos","0","60.5607476635514","39.4392523364486","59.06432748538012","61.93895870736086"
"469","260","0.4","40","0","pos","166","77.10280373831776","22.897196261682243","75.24366471734892","78.81508078994614"
"474","260","0.4","50","0","pos","0","60.5607476635514","39.4392523364486","59.06432748538012","61.93895870736086"
"472","260","0.2","50","0","pos","166","72.89719626168224","27.102803738317753","72.31968810916179","73.4290843806104"
"471","260","0.1","50","0","pos","166","68.03738317757009","31.962616822429908","69.00584795321637","67.14542190305207"
"466","260","0.1","40","0","pos","259","72.14953271028037","27.850467289719628","72.51461988304094","71.8132854578097"
"470","260","0.5","40","0","pos","166","83.55140186915888","16.448598130841123","83.4307992202729","83.66247755834829"
"474","260","0.4","50","0","pos","69","72.33644859813084","27.663551401869157","72.51461988304094","72.17235188509873"
"469","260","0.4","40","0","pos","259","83.17757009345794","16.822429906542055","82.06627680311891","84.20107719928187"
"475","260","0.5","50","0","pos","0","60.5607476635514","39.4392523364486","59.06432748538012","61.93895870736086"
"468","260","0.3","40","0","pos","166","73.55140186915888","26.448598130841123","72.90448343079922","74.1472172351885"
"472","260","0.2","50","0","pos","259","77.10280373831776","22.897196261682243","76.21832358674465","77.91741472172352"
"471","260","0.1","50","0","pos","259","72.24299065420561","27.757009345794394","73.09941520467837","71.45421903052065"
"470","260","0.5","40","0","pos","259","88.3177570093458","11.682242990654206","87.71929824561403","88.8689407540395"
"473","260","0.3","50","0","pos","69","66.72897196261682","33.271028037383175","66.08187134502924","67.3249551166966"
"474","260","0.4","50","0","pos","166","81.12149532710279","18.878504672897193","81.28654970760235","80.96947935368043"
"475","260","0.5","50","0","pos","69","70.56074766355141","29.439252336448597","69.5906432748538","71.45421903052065"
"476","260","0.1","10","0","pos","0","60.5607476635514","39.4392523364486","59.06432748538012","61.93895870736086"
"474","260","0.4","50","0","pos","259","86.44859813084112","13.551401869158877","85.18518518518519","87.61220825852783"
"478","260","0.3","10","0","pos","0","60.5607476635514","39.4392523364486","59.06432748538012","61.93895870736086"
"468","260","0.3","40","0","pos","259","76.91588785046729","23.08411214953271","76.99805068226121","76.84021543985638"
"475","260","0.5","50","0","pos","166","82.99065420560747","17.009345794392523","82.06627680311891","83.84201077199282"
"473","260","0.3","50","0","pos","166","77.19626168224299","22.80373831775701","75.82846003898635","78.45601436265709"
"476","260","0.1","10","0","pos","69","61.12149532710281","38.87850467289719","60.03898635477582","62.11849192100538"
"478","260","0.3","10","0","pos","69","61.21495327102804","38.78504672897196","60.81871345029239","61.57989228007181"
"479","260","0.4","10","0","pos","0","60.5607476635514","39.4392523364486","59.06432748538012","61.93895870736086"
"480","260","0.5","10","0","pos","0","60.5607476635514","39.4392523364486","59.06432748538012","61.93895870736086"
"477","260","0.2","10","0","pos","0","60.5607476635514","39.4392523364486","59.06432748538012","61.93895870736086"
"478","260","0.3","10","0","pos","166","64.57943925233644","35.42056074766355","63.547758284600384","65.52962298025135"
"481","260","0.1","20","0","pos","0","60.5607476635514","39.4392523364486","59.06432748538012","61.93895870736086"
"480","260","0.5","10","0","pos","69","62.42990654205608","37.570093457943926","63.35282651072125","61.57989228007181"
"475","260","0.5","50","0","pos","259","86.63551401869158","13.36448598130841","86.15984405458089","87.07360861759426"
"479","260","0.4","10","0","pos","69","59.439252336448604","40.560747663551396","59.06432748538012","59.78456014362658"
"482","260","0.2","20","0","pos","0","60.5607476635514","39.4392523364486","59.06432748538012","61.93895870736086"
"477","260","0.2","10","0","pos","69","60.5607476635514","39.4392523364486","59.25925925925925","61.759425493716336"
"483","260","0.3","20","0","pos","0","60.5607476635514","39.4392523364486","59.06432748538012","61.93895870736086"
"473","260","0.3","50","0","pos","259","83.55140186915888","16.448598130841123","83.62573099415205","83.48294434470377"
"481","260","0.1","20","0","pos","69","60.373831775700936","39.626168224299064","58.28460038986355","62.29802513464991"
"476","260","0.1","10","0","pos","166","61.308411214953274","38.691588785046726","60.23391812865497","62.29802513464991"
"478","260","0.3","10","0","pos","259","67.10280373831776","32.89719626168225","65.69200779727096","68.40215439856372"
"483","260","0.3","20","0","pos","69","63.084112149532714","36.915887850467286","62.37816764132553","63.73429084380611"
"477","260","0.2","10","0","pos","166","62.05607476635514","37.94392523364486","60.03898635477582","63.91382405745063"
"482","260","0.2","20","0","pos","69","60.747663551401864","39.25233644859813","60.81871345029239","60.68222621184919"
"479","260","0.4","10","0","pos","166","63.27102803738318","36.728971962616825","63.35282651072125","63.19569120287253"
"481","260","0.1","20","0","pos","166","62.523364485981304","37.47663551401869","61.20857699805068","63.73429084380611"
"480","260","0.5","10","0","pos","166","67.66355140186916","32.33644859813084","66.8615984405458","68.40215439856372"
"485","260","0.5","20","0","pos","0","60.5607476635514","39.4392523364486","59.06432748538012","61.93895870736086"
"483","260","0.3","20","0","pos","166","69.62616822429906","30.373831775700932","70.17543859649122","69.12028725314184"
"477","260","0.2","10","0","pos","259","63.55140186915887","36.44859813084112","61.20857699805068","65.70915619389586"
"482","260","0.2","20","0","pos","166","65.60747663551402","34.39252336448598","64.71734892787524","66.42728904847397"
"479","260","0.4","10","0","pos","259","67.57009345794393","32.429906542056074","67.05653021442495","68.04308797127469"
"485","260","0.5","20","0","pos","69","64.85981308411215","35.14018691588785","63.93762183235867","65.70915619389586"
"481","260","0.1","20","0","pos","259","64.29906542056075","35.700934579439256","64.13255360623782","64.4524236983842"
"476","260","0.1","10","0","pos","259","61.308411214953274","38.691588785046726","60.03898635477582","62.47755834829444"
"483","260","0.3","20","0","pos","259","72.33644859813084","27.663551401869157","73.87914230019493","70.91561938958706"
"484","260","0.4","20","0","pos","0","60.5607476635514","39.4392523364486","59.06432748538012","61.93895870736086"
"482","260","0.2","20","0","pos","259","69.34579439252336","30.654205607476637","68.2261208576998","70.3770197486535"
"485","260","0.5","20","0","pos","166","69.34579439252336","30.654205607476637","69.5906432748538","69.12028725314184"
"480","260","0.5","10","0","pos","259","70.09345794392523","29.906542056074763","69.39571150097466","70.73608617594255"
"484","260","0.4","20","0","pos","69","63.177570093457945","36.822429906542055","63.547758284600384","62.83662477558348"
"486","260","0.1","30","0","pos","0","60.5607476635514","39.4392523364486","59.06432748538012","61.93895870736086"
"487","260","0.2","30","0","pos","0","60.5607476635514","39.4392523364486","59.06432748538012","61.93895870736086"
"488","260","0.3","30","0","pos","0","60.5607476635514","39.4392523364486","59.06432748538012","61.93895870736086"
"484","260","0.4","20","0","pos","166","71.02803738317756","28.971962616822427","71.53996101364523","70.55655296229803"
"485","260","0.5","20","0","pos","259","74.39252336448598","25.607476635514022","73.48927875243665","75.22441651705566"
"487","260","0.2","30","0","pos","69","63.084112149532714","36.915887850467286","61.98830409356725","64.09335727109516"
"488","260","0.3","30","0","pos","69","66.44859813084112","33.55140186915888","65.8869395711501","66.96588868940754"
"484","260","0.4","20","0","pos","259","75.23364485981308","24.766355140186917","76.41325536062378","74.1472172351885"
"489","260","0.4","30","0","pos","0","60.5607476635514","39.4392523364486","59.06432748538012","61.93895870736086"
"486","260","0.1","30","0","pos","69","60.93457943925233","39.06542056074767","60.62378167641326","61.22082585278277"
"490","260","0.5","30","0","pos","0","60.5607476635514","39.4392523364486","59.06432748538012","61.93895870736086"
"491","260","0.1","40","0","pos","0","60.5607476635514","39.4392523364486","59.06432748538012","61.93895870736086"
"489","260","0.4","30","0","pos","69","67.66355140186916","32.33644859813084","66.27680311890838","68.9407540394973"
"490","260","0.5","30","0","pos","69","65.60747663551402","34.39252336448598","63.547758284600384","67.50448833034112"
"493","260","0.3","40","0","pos","0","60.5607476635514","39.4392523364486","59.06432748538012","61.93895870736086"
"494","260","0.4","40","0","pos","0","60.5607476635514","39.4392523364486","59.06432748538012","61.93895870736086"
"491","260","0.1","40","0","pos","69","63.83177570093458","36.16822429906542","61.79337231968811","65.70915619389586"
"488","260","0.3","30","0","pos","166","73.55140186915888","26.448598130841123","73.48927875243665","73.60861759425494"
"492","260","0.2","40","0","pos","0","60.5607476635514","39.4392523364486","59.06432748538012","61.93895870736086"
"495","260","0.5","40","0","pos","0","60.5607476635514","39.4392523364486","59.06432748538012","61.93895870736086"
"487","260","0.2","30","0","pos","166","70.18691588785046","29.813084112149536","68.61598440545808","71.63375224416517"
"490","260","0.5","30","0","pos","166","72.24299065420561","27.757009345794394","72.70955165692008","71.8132854578097"
"489","260","0.4","30","0","pos","166","70.37383177570094","29.626168224299064","69.39571150097466","71.27468581687613"
"494","260","0.4","40","0","pos","69","67.00934579439253","32.99065420560748","66.47173489278752","67.50448833034112"
"493","260","0.3","40","0","pos","69","67.66355140186916","32.33644859813084","67.05653021442495","68.2226211849192"
"495","260","0.5","40","0","pos","69","67.66355140186916","32.33644859813084","66.8615984405458","68.40215439856372"
"491","260","0.1","40","0","pos","166","67.00934579439253","32.99065420560748","64.71734892787524","69.12028725314184"
"486","260","0.1","30","0","pos","166","63.55140186915887","36.44859813084112","64.71734892787524","62.47755834829444"
"487","260","0.2","30","0","pos","259","73.45794392523365","26.542056074766357","72.31968810916179","74.50628366247756"
"488","260","0.3","30","0","pos","259","78.22429906542057","21.77570093457944","78.3625730994152","78.09694793536805"
"490","260","0.5","30","0","pos","259","76.26168224299066","23.738317757009344","75.43859649122807","77.0197486535009"
"489","260","0.4","30","0","pos","259","76.44859813084112","23.551401869158877","76.99805068226121","75.94254937163375"
"494","260","0.4","40","0","pos","166","74.95327102803738","25.04672897196262","73.2943469785575","76.48114901256733"
"492","260","0.2","40","0","pos","69","63.45794392523364","36.54205607476636","61.20857699805068","65.52962298025135"
"496","260","0.1","50","0","pos","0","60.5607476635514","39.4392523364486","59.06432748538012","61.93895870736086"
"486","260","0.1","30","0","pos","259","65.60747663551402","34.39252336448598","65.8869395711501","65.35008976660683"
"491","260","0.1","40","0","pos","259","69.71962616822431","30.2803738317757","68.81091617933723","70.55655296229803"
"495","260","0.5","40","0","pos","166","78.41121495327103","21.588785046728972","77.38791423001949","79.35368043087972"
"496","260","0.1","50","0","pos","69","62.89719626168224","37.10280373831776","63.74269005847953","62.11849192100538"
"494","260","0.4","40","0","pos","259","79.90654205607477","20.093457943925234","76.80311890838206","82.76481149012568"
"495","260","0.5","40","0","pos","259","85.51401869158879","14.485981308411214","84.40545808966861","86.53500897666068"
"493","260","0.3","40","0","pos","166","77.28971962616824","22.710280373831775","75.6335282651072","78.81508078994614"
"496","260","0.1","50","0","pos","166","66.72897196261682","33.271028037383175","64.71734892787524","68.58168761220826"
"497","260","0.2","50","0","pos","0","60.5607476635514","39.4392523364486","59.06432748538012","61.93895870736086"
"492","260","0.2","40","0","pos","166","69.25233644859813","30.74766355140187","69.00584795321637","69.47935368043088"
"496","260","0.1","50","0","pos","259","71.21495327102804","28.785046728971963","70.37037037037037","71.99281867145422"
"493","260","0.3","40","0","pos","259","80.8411214953271","19.158878504672895","80.50682261208577","81.14901256732495"
"492","260","0.2","40","0","pos","259","72.52336448598132","27.476635514018692","71.53996101364523","73.4290843806104"
"498","260","0.3","50","0","pos","0","60.5607476635514","39.4392523364486","59.06432748538012","61.93895870736086"
"497","260","0.2","50","0","pos","69","70.09345794392523","29.906542056074763","69.00584795321637","71.0951526032316"
"499","260","0.4","50","0","pos","0","60.5607476635514","39.4392523364486","59.06432748538012","61.93895870736086"
"500","260","0.5","50","0","pos","0","60.5607476635514","39.4392523364486","59.06432748538012","61.93895870736086"
"501","260","0.1","10","0","pos","0","60.5607476635514","39.4392523364486","59.06432748538012","61.93895870736086"
"499","260","0.4","50","0","pos","69","70.18691588785046","29.813084112149536","69.5906432748538","70.73608617594255"
"502","260","0.2","10","0","pos","0","60.5607476635514","39.4392523364486","59.06432748538012","61.93895870736086"
"501","260","0.1","10","0","pos","69","60.93457943925233","39.06542056074767","59.84405458089669","61.93895870736086"
"500","260","0.5","50","0","pos","69","67.7570093457944","32.242990654205606","65.30214424951268","70.01795332136446"
"503","260","0.3","10","0","pos","0","60.5607476635514","39.4392523364486","59.06432748538012","61.93895870736086"
"497","260","0.2","50","0","pos","166","78.69158878504673","21.30841121495327","77.38791423001949","79.89228007181327"
"498","260","0.3","50","0","pos","69","68.22429906542055","31.775700934579437","68.42105263157895","68.04308797127469"
"504","260","0.4","10","0","pos","0","60.5607476635514","39.4392523364486","59.06432748538012","61.93895870736086"
"499","260","0.4","50","0","pos","166","80.09345794392523","19.906542056074766","78.75243664717348","81.32854578096948"
"502","260","0.2","10","0","pos","69","62.523364485981304","37.47663551401869","61.20857699805068","63.73429084380611"
"503","260","0.3","10","0","pos","69","63.177570093457945","36.822429906542055","59.4541910331384","66.6068222621185"
"504","260","0.4","10","0","pos","69","59.345794392523366","40.654205607476634","59.06432748538012","59.60502692998204"
"500","260","0.5","50","0","pos","166","77.85046728971963","22.149532710280372","77.58284600389864","78.09694793536805"
"505","260","0.5","10","0","pos","0","60.5607476635514","39.4392523364486","59.06432748538012","61.93895870736086"
"497","260","0.2","50","0","pos","259","82.5233644859813","17.476635514018692","83.04093567251462","82.04667863554758"
"499","260","0.4","50","0","pos","259","86.16822429906541","13.831775700934578","84.60038986354775","87.61220825852783"
"500","260","0.5","50","0","pos","259","83.0841121495327","16.91588785046729","82.06627680311891","84.02154398563735"
"504","260","0.4","10","0","pos","166","61.21495327102804","38.78504672897196","59.4541910331384","62.83662477558348"
"501","260","0.1","10","0","pos","166","61.96261682242991","38.03738317757009","61.79337231968811","62.11849192100538"
"503","260","0.3","10","0","pos","166","68.22429906542055","31.775700934579437","64.32748538011695","71.8132854578097"
"498","260","0.3","50","0","pos","166","75.23364485981308","24.766355140186917","75.43859649122807","75.04488330341114"
"505","260","0.5","10","0","pos","69","59.532710280373834","40.46728971962617","58.47953216374269","60.502692998204665"
"502","260","0.2","10","0","pos","166","63.55140186915887","36.44859813084112","64.5224171539961","62.65709156193896"
"506","260","0.1","20","0","pos","0","60.5607476635514","39.4392523364486","59.06432748538012","61.93895870736086"
"504","260","0.4","10","0","pos","259","65.42056074766354","34.57943925233645","65.69200779727096","65.1705565529623"
"503","260","0.3","10","0","pos","259","70.09345794392523","29.906542056074763","66.66666666666666","73.24955116696589"
"507","260","0.2","20","0","pos","0","60.5607476635514","39.4392523364486","59.06432748538012","61.93895870736086"
"506","260","0.1","20","0","pos","69","61.86915887850467","38.13084112149533","60.42884990253411","63.19569120287253"
"508","260","0.3","20","0","pos","0","60.5607476635514","39.4392523364486","59.06432748538012","61.93895870736086"
"501","260","0.1","10","0","pos","259","62.523364485981304","37.47663551401869","62.37816764132553","62.65709156193896"
"505","260","0.5","10","0","pos","166","64.57943925233644","35.42056074766355","66.47173489278752","62.83662477558348"
"502","260","0.2","10","0","pos","259","65.42056074766354","34.57943925233645","65.30214424951268","65.52962298025135"
"498","260","0.3","50","0","pos","259","80.65420560747664","19.345794392523363","81.0916179337232","80.25134649910234"
"508","260","0.3","20","0","pos","69","61.77570093457943","38.22429906542056","61.20857699805068","62.29802513464991"
"506","260","0.1","20","0","pos","166","63.55140186915887","36.44859813084112","61.20857699805068","65.70915619389586"
"507","260","0.2","20","0","pos","69","63.084112149532714","36.915887850467286","60.62378167641326","65.35008976660683"
"505","260","0.5","10","0","pos","259","69.25233644859813","30.74766355140187","69.98050682261209","68.58168761220826"
"509","260","0.4","20","0","pos","0","60.5607476635514","39.4392523364486","59.06432748538012","61.93895870736086"
"508","260","0.3","20","0","pos","166","65.32710280373831","34.67289719626168","64.91228070175438","65.70915619389586"
"511","260","0.1","30","0","pos","0","60.5607476635514","39.4392523364486","59.06432748538012","61.93895870736086"
"509","260","0.4","20","0","pos","69","65.23364485981308","34.76635514018692","63.1578947368421","67.14542190305207"
"510","260","0.5","20","0","pos","0","60.5607476635514","39.4392523364486","59.06432748538012","61.93895870736086"
"506","260","0.1","20","0","pos","259","65.23364485981308","34.76635514018692","63.547758284600384","66.78635547576302"
"507","260","0.2","20","0","pos","166","65.88785046728972","34.112149532710276","63.35282651072125","68.2226211849192"
"511","260","0.1","30","0","pos","69","62.523364485981304","37.47663551401869","61.01364522417154","63.91382405745063"
"512","260","0.2","30","0","pos","0","60.5607476635514","39.4392523364486","59.06432748538012","61.93895870736086"
"510","260","0.5","20","0","pos","69","68.13084112149532","31.86915887850467","68.42105263157895","67.86355475763017"
"509","260","0.4","20","0","pos","166","72.42990654205607","27.570093457943923","71.34502923976608","73.4290843806104"
"513","260","0.3","30","0","pos","0","60.5607476635514","39.4392523364486","59.06432748538012","61.93895870736086"
"513","260","0.3","30","0","pos","69","66.9158878504673","33.084112149532714","69.20077972709552","64.81149012567326"
"512","260","0.2","30","0","pos","69","63.177570093457945","36.822429906542055","62.768031189083814","63.55475763016158"
"514","260","0.4","30","0","pos","0","60.5607476635514","39.4392523364486","59.06432748538012","61.93895870736086"
"511","260","0.1","30","0","pos","166","65.98130841121495","34.018691588785046","65.30214424951268","66.6068222621185"
"508","260","0.3","20","0","pos","259","69.06542056074765","30.934579439252335","68.03118908382066","70.01795332136446"
"510","260","0.5","20","0","pos","166","74.20560747663552","25.794392523364486","75.04873294346979","73.4290843806104"
"509","260","0.4","20","0","pos","259","77.85046728971963","22.149532710280372","76.21832358674465","79.35368043087972"
"507","260","0.2","20","0","pos","259","68.97196261682244","31.02803738317757","66.27680311890838","71.45421903052065"
"515","260","0.5","30","0","pos","0","60.5607476635514","39.4392523364486","59.06432748538012","61.93895870736086"
"514","260","0.4","30","0","pos","69","65.88785046728972","34.112149532710276","64.71734892787524","66.96588868940754"
"517","260","0.2","40","0","pos","0","60.5607476635514","39.4392523364486","59.06432748538012","61.93895870736086"
"512","260","0.2","30","0","pos","166","66.82242990654206","33.177570093457945","66.8615984405458","66.78635547576302"
"511","260","0.1","30","0","pos","259","68.5981308411215","31.401869158878505","67.2514619883041","69.83842010771993"
"510","260","0.5","20","0","pos","259","77.85046728971963","22.149532710280372","79.53216374269006","76.30161579892281"
"515","260","0.5","30","0","pos","69","68.41121495327103","31.588785046728972","67.2514619883041","69.47935368043088"
"517","260","0.2","40","0","pos","69","65.32710280373831","34.67289719626168","64.71734892787524","65.8886894075404"
"514","260","0.4","30","0","pos","166","73.83177570093457","26.168224299065418","74.07407407407408","73.60861759425494"
"513","260","0.3","30","0","pos","166","72.24299065420561","27.757009345794394","71.9298245614035","72.5314183123878"
"512","260","0.2","30","0","pos","259","71.1214953271028","28.878504672897197","71.53996101364523","70.73608617594255"
"518","260","0.3","40","0","pos","0","60.5607476635514","39.4392523364486","59.06432748538012","61.93895870736086"
"516","260","0.1","40","0","pos","0","60.5607476635514","39.4392523364486","59.06432748538012","61.93895870736086"
"517","260","0.2","40","0","pos","166","69.90654205607477","30.093457943925234","70.37037037037037","69.47935368043088"
"514","260","0.4","30","0","pos","259","80.18691588785046","19.813084112149532","80.7017543859649","79.71274685816876"
"518","260","0.3","40","0","pos","69","65.88785046728972","34.112149532710276","62.96296296296296","68.58168761220826"
"516","260","0.1","40","0","pos","69","61.308411214953274","38.691588785046726","60.62378167641326","61.93895870736086"
"515","260","0.5","30","0","pos","166","77.28971962616824","22.710280373831775","76.21832358674465","78.27648114901257"
"517","260","0.2","40","0","pos","259","73.36448598130842","26.635514018691588","73.48927875243665","73.24955116696589"
"520","260","0.5","40","0","pos","0","60.5607476635514","39.4392523364486","59.06432748538012","61.93895870736086"
"518","260","0.3","40","0","pos","166","75.14018691588785","24.85981308411215","72.70955165692008","77.37881508078995"
"515","260","0.5","30","0","pos","259","81.4018691588785","18.598130841121495","79.53216374269006","83.12387791741472"
"513","260","0.3","30","0","pos","259","78.59813084112149","21.401869158878505","76.99805068226121","80.07181328545781"
"516","260","0.1","40","0","pos","166","66.54205607476635","33.45794392523365","66.08187134502924","66.96588868940754"
"519","260","0.4","40","0","pos","0","60.5607476635514","39.4392523364486","59.06432748538012","61.93895870736086"
"522","260","0.2","50","0","pos","0","60.5607476635514","39.4392523364486","59.06432748538012","61.93895870736086"
"523","260","0.3","50","0","pos","0","60.5607476635514","39.4392523364486","59.06432748538012","61.93895870736086"
"519","260","0.4","40","0","pos","69","68.97196261682244","31.02803738317757","68.61598440545808","69.29982046678636"
"522","260","0.2","50","0","pos","69","65.60747663551402","34.39252336448598","66.47173489278752","64.81149012567326"
"520","260","0.5","40","0","pos","69","68.69158878504673","31.308411214953267","69.39571150097466","68.04308797127469"
"523","260","0.3","50","0","pos","69","67.66355140186916","32.33644859813084","68.42105263157895","66.96588868940754"
"524","260","0.4","50","0","pos","0","60.5607476635514","39.4392523364486","59.06432748538012","61.93895870736086"
"522","260","0.2","50","0","pos","166","72.33644859813084","27.663551401869157","73.87914230019493","70.91561938958706"
"516","260","0.1","40","0","pos","259","69.53271028037383","30.467289719626166","69.78557504873294","69.29982046678636"
"525","260","0.5","50","0","pos","0","60.5607476635514","39.4392523364486","59.06432748538012","61.93895870736086"
"519","260","0.4","40","0","pos","166","77.66355140186916","22.336448598130843","77.77777777777779","77.55834829443447"
"518","260","0.3","40","0","pos","259","79.1588785046729","20.8411214953271","78.16764132553607","80.07181328545781"
"520","260","0.5","40","0","pos","166","77.47663551401868","22.523364485981308","77.58284600389864","77.37881508078995"
"523","260","0.3","50","0","pos","166","75.79439252336448","24.205607476635514","76.0233918128655","75.58348294434471"
"521","260","0.1","50","0","pos","0","60.5607476635514","39.4392523364486","59.06432748538012","61.93895870736086"
"524","260","0.4","50","0","pos","69","68.3177570093458","31.68224299065421","64.71734892787524","71.63375224416517"
"526","260","0.1","10","0","pos","0","60.5607476635514","39.4392523364486","59.06432748538012","61.93895870736086"
"522","260","0.2","50","0","pos","259","78.59813084112149","21.401869158878505","79.33723196881091","77.91741472172352"
"521","260","0.1","50","0","pos","69","64.67289719626169","35.32710280373832","63.74269005847953","65.52962298025135"
"523","260","0.3","50","0","pos","259","81.30841121495327","18.69158878504673","82.06627680311891","80.61041292639139"
"526","260","0.1","10","0","pos","69","60.93457943925233","39.06542056074767","59.06432748538012","62.65709156193896"
"525","260","0.5","50","0","pos","69","73.36448598130842","26.635514018691588","71.34502923976608","75.22441651705566"
"527","260","0.2","10","0","pos","0","60.5607476635514","39.4392523364486","59.06432748538012","61.93895870736086"
"520","260","0.5","40","0","pos","259","82.99065420560747","17.009345794392523","84.01559454191033","82.04667863554758"
"519","260","0.4","40","0","pos","259","84.01869158878505","15.981308411214954","84.99025341130604","83.12387791741472"
"528","260","0.3","10","0","pos","0","60.5607476635514","39.4392523364486","59.06432748538012","61.93895870736086"
"521","260","0.1","50","0","pos","166","69.34579439252336","30.654205607476637","68.81091617933723","69.83842010771993"
"527","260","0.2","10","0","pos","69","61.588785046728965","38.41121495327103","60.03898635477582","63.016157989228006"
"526","260","0.1","10","0","pos","166","61.308411214953274","38.691588785046726","58.86939571150097","63.55475763016158"
"524","260","0.4","50","0","pos","166","81.12149532710279","18.878504672897193","79.14230019493176","82.9443447037702"
"528","260","0.3","10","0","pos","69","61.12149532710281","38.87850467289719","60.03898635477582","62.11849192100538"
"521","260","0.1","50","0","pos","259","73.17757009345794","26.822429906542055","73.87914230019493","72.5314183123878"
"527","260","0.2","10","0","pos","166","64.11214953271028","35.88785046728972","64.32748538011695","63.91382405745063"
"526","260","0.1","10","0","pos","259","62.05607476635514","37.94392523364486","60.23391812865497","63.73429084380611"
"524","260","0.4","50","0","pos","259","87.19626168224299","12.803738317757011","85.7699805068226","88.50987432675045"
"530","260","0.5","10","0","pos","0","60.5607476635514","39.4392523364486","59.06432748538012","61.93895870736086"
"525","260","0.5","50","0","pos","166","84.39252336448598","15.60747663551402","83.04093567251462","85.63734290843806"
"529","260","0.4","10","0","pos","0","60.5607476635514","39.4392523364486","59.06432748538012","61.93895870736086"
"527","260","0.2","10","0","pos","259","65.04672897196262","34.953271028037385","65.49707602339181","64.63195691202873"
"531","260","0.1","20","0","pos","0","60.5607476635514","39.4392523364486","59.06432748538012","61.93895870736086"
"530","260","0.5","10","0","pos","69","62.24299065420561","37.75700934579439","61.40350877192983","63.016157989228006"
"528","260","0.3","10","0","pos","166","64.39252336448598","35.60747663551402","62.768031189083814","65.8886894075404"
"529","260","0.4","10","0","pos","69","62.149532710280376","37.850467289719624","61.79337231968811","62.47755834829444"
"532","260","0.2","20","0","pos","0","60.5607476635514","39.4392523364486","59.06432748538012","61.93895870736086"
"528","260","0.3","10","0","pos","259","67.4766355140187","32.52336448598131","64.5224171539961","70.19748653500898"
"531","260","0.1","20","0","pos","69","61.49532710280374","38.504672897196265","59.84405458089669","63.016157989228006"
"529","260","0.4","10","0","pos","166","65.04672897196262","34.953271028037385","61.79337231968811","68.04308797127469"
"525","260","0.5","50","0","pos","259","89.81308411214954","10.186915887850468","88.69395711500975","90.84380610412927"
"530","260","0.5","10","0","pos","166","65.88785046728972","34.112149532710276","63.93762183235867","67.68402154398564"
"532","260","0.2","20","0","pos","69","64.76635514018692","35.23364485981308","64.5224171539961","64.99102333931778"
"534","260","0.4","20","0","pos","0","60.5607476635514","39.4392523364486","59.06432748538012","61.93895870736086"
"531","260","0.1","20","0","pos","166","61.6822429906542","38.31775700934579","60.42884990253411","62.83662477558348"
"533","260","0.3","20","0","pos","0","60.5607476635514","39.4392523364486","59.06432748538012","61.93895870736086"
"529","260","0.4","10","0","pos","259","67.19626168224299","32.80373831775701","64.91228070175438","69.29982046678636"
"534","260","0.4","20","0","pos","69","63.55140186915887","36.44859813084112","63.93762183235867","63.19569120287253"
"535","260","0.5","20","0","pos","0","60.5607476635514","39.4392523364486","59.06432748538012","61.93895870736086"
"530","260","0.5","10","0","pos","259","68.50467289719626","31.49532710280374","65.49707602339181","71.27468581687613"
"533","260","0.3","20","0","pos","69","61.308411214953274","38.691588785046726","62.37816764132553","60.32315978456014"
"536","260","0.1","30","0","pos","0","60.5607476635514","39.4392523364486","59.06432748538012","61.93895870736086"
"531","260","0.1","20","0","pos","259","64.11214953271028","35.88785046728972","64.13255360623782","64.09335727109516"
"538","260","0.3","30","0","pos","0","60.5607476635514","39.4392523364486","59.06432748538012","61.93895870736086"
"535","260","0.5","20","0","pos","69","64.20560747663552","35.794392523364486","63.1578947368421","65.1705565529623"
"537","260","0.2","30","0","pos","0","60.5607476635514","39.4392523364486","59.06432748538012","61.93895870736086"
"532","260","0.2","20","0","pos","166","69.4392523364486","30.560747663551403","68.81091617933723","70.01795332136446"
"536","260","0.1","30","0","pos","69","63.084112149532714","36.915887850467286","62.57309941520468","63.55475763016158"
"533","260","0.3","20","0","pos","166","68.69158878504673","31.308411214953267","69.00584795321637","68.40215439856372"
"534","260","0.4","20","0","pos","166","70.8411214953271","29.1588785046729","74.6588693957115","67.3249551166966"
"538","260","0.3","30","0","pos","69","66.6355140186916","33.36448598130841","65.8869395711501","67.3249551166966"
"537","260","0.2","30","0","pos","69","62.523364485981304","37.47663551401869","61.79337231968811","63.19569120287253"
"539","260","0.4","30","0","pos","0","60.5607476635514","39.4392523364486","59.06432748538012","61.93895870736086"
"536","260","0.1","30","0","pos","166","67.28971962616822","32.71028037383177","67.64132553606238","66.96588868940754"
"533","260","0.3","20","0","pos","259","73.08411214953271","26.91588785046729","74.07407407407408","72.17235188509873"
"539","260","0.4","30","0","pos","69","67.38317757009345","32.61682242990654","65.30214424951268","69.29982046678636"
"537","260","0.2","30","0","pos","166","66.16822429906543","33.83177570093458","67.44639376218323","64.99102333931778"
"535","260","0.5","20","0","pos","166","70.37383177570094","29.626168224299064","69.20077972709552","71.45421903052065"
"538","260","0.3","30","0","pos","166","73.17757009345794","26.822429906542055","73.2943469785575","73.07001795332137"
"532","260","0.2","20","0","pos","259","73.55140186915888","26.448598130841123","73.2943469785575","73.78815080789947"
"540","260","0.5","30","0","pos","0","60.5607476635514","39.4392523364486","59.06432748538012","61.93895870736086"
"534","260","0.4","20","0","pos","259","72.61682242990655","27.38317757009346","74.6588693957115","70.73608617594255"
"536","260","0.1","30","0","pos","259","71.49532710280374","28.504672897196258","71.15009746588694","71.8132854578097"
"539","260","0.4","30","0","pos","166","79.25233644859813","20.747663551401867","77.77777777777779","80.61041292639139"
"537","260","0.2","30","0","pos","259","71.02803738317756","28.971962616822427","71.15009746588694","70.91561938958706"
"535","260","0.5","20","0","pos","259","74.20560747663552","25.794392523364486","73.48927875243665","74.86535008976661"
"541","260","0.1","40","0","pos","0","60.5607476635514","39.4392523364486","59.06432748538012","61.93895870736086"
"538","260","0.3","30","0","pos","259","77.47663551401868","22.523364485981308","76.80311890838206","78.09694793536805"
"542","260","0.2","40","0","pos","0","60.5607476635514","39.4392523364486","59.06432748538012","61.93895870736086"
"543","260","0.3","40","0","pos","0","60.5607476635514","39.4392523364486","59.06432748538012","61.93895870736086"
"539","260","0.4","30","0","pos","259","84.2056074766355","15.794392523364486","82.45614035087719","85.81687612208259"
"541","260","0.1","40","0","pos","69","62.616822429906534","37.38317757009346","61.79337231968811","63.37522441651705"
"540","260","0.5","30","0","pos","69","65.32710280373831","34.67289719626168","64.71734892787524","65.8886894075404"
"542","260","0.2","40","0","pos","69","62.99065420560748","37.00934579439252","60.62378167641326","65.1705565529623"
"543","260","0.3","40","0","pos","69","69.06542056074765","30.934579439252335","69.20077972709552","68.9407540394973"
"541","260","0.1","40","0","pos","166","64.01869158878505","35.981308411214954","63.93762183235867","64.09335727109516"
"542","260","0.2","40","0","pos","166","69.1588785046729","30.8411214953271","68.42105263157895","69.83842010771993"
"543","260","0.3","40","0","pos","166","78.31775700934578","21.682242990654206","77.19298245614034","79.35368043087972"
"544","260","0.4","40","0","pos","0","60.5607476635514","39.4392523364486","59.06432748538012","61.93895870736086"
"540","260","0.5","30","0","pos","166","73.55140186915888","26.448598130841123","72.12475633528264","74.86535008976661"
"542","260","0.2","40","0","pos","259","73.83177570093457","26.168224299065418","73.2943469785575","74.32675044883304"
"544","260","0.4","40","0","pos","69","70.37383177570094","29.626168224299064","71.15009746588694","69.6588868940754"
"540","260","0.5","30","0","pos","259","79.90654205607477","20.093457943925234","79.53216374269006","80.25134649910234"
"547","260","0.2","50","0","pos","0","60.5607476635514","39.4392523364486","59.06432748538012","61.93895870736086"
"549","260","0.4","50","0","pos","0","60.5607476635514","39.4392523364486","59.06432748538012","61.93895870736086"
"543","260","0.3","40","0","pos","259","82.05607476635514","17.94392523364486","80.89668615984405","83.12387791741472"
"541","260","0.1","40","0","pos","259","68.13084112149532","31.86915887850467","66.8615984405458","69.29982046678636"
"548","260","0.3","50","0","pos","0","60.5607476635514","39.4392523364486","59.06432748538012","61.93895870736086"
"545","260","0.5","40","0","pos","0","60.5607476635514","39.4392523364486","59.06432748538012","61.93895870736086"
"547","260","0.2","50","0","pos","69","65.32710280373831","34.67289719626168","64.71734892787524","65.8886894075404"
"544","260","0.4","40","0","pos","166","80.5607476635514","19.439252336448597","79.92202729044834","81.14901256732495"
"549","260","0.4","50","0","pos","69","68.50467289719626","31.49532710280374","66.8615984405458","70.01795332136446"
"551","260","0.1","10","0","pos","0","60.5607476635514","39.4392523364486","59.06432748538012","61.93895870736086"
"548","260","0.3","50","0","pos","69","66.72897196261682","33.271028037383175","66.47173489278752","66.96588868940754"
"545","260","0.5","40","0","pos","69","70.65420560747664","29.345794392523366","71.15009746588694","70.19748653500898"
"546","260","0.1","50","0","pos","0","60.5607476635514","39.4392523364486","59.06432748538012","61.93895870736086"
"550","260","0.5","50","0","pos","0","60.5607476635514","39.4392523364486","59.06432748538012","61.93895870736086"
"551","260","0.1","10","0","pos","69","60","40","58.47953216374269","61.40035906642729"
"547","260","0.2","50","0","pos","166","69.34579439252336","30.654205607476637","68.2261208576998","70.3770197486535"
"544","260","0.4","40","0","pos","259","84.67289719626169","15.327102803738319","84.60038986354775","84.73967684021544"
"549","260","0.4","50","0","pos","166","78.50467289719626","21.49532710280374","78.16764132553607","78.81508078994614"
"545","260","0.5","40","0","pos","166","82.14953271028037","17.850467289719628","82.26120857699804","82.04667863554758"
"550","260","0.5","50","0","pos","69","71.68224299065422","28.317757009345794","71.73489278752436","71.63375224416517"
"548","260","0.3","50","0","pos","166","77.75700934579439","22.242990654205606","76.0233918128655","79.35368043087972"
"549","260","0.4","50","0","pos","259","86.26168224299066","13.738317757009346","85.7699805068226","86.71454219030521"
"545","260","0.5","40","0","pos","259","89.7196261682243","10.2803738317757","90.25341130604289","89.22800718132855"
"548","260","0.3","50","0","pos","259","83.83177570093457","16.16822429906542","82.84600389863547","84.73967684021544"
"551","260","0.1","10","0","pos","166","61.02803738317757","38.97196261682243","59.64912280701754","62.29802513464991"
"546","260","0.1","50","0","pos","69","64.48598130841121","35.51401869158878","62.57309941520468","66.24775583482945"
"550","260","0.5","50","0","pos","166","82.71028037383178","17.289719626168225","83.4307992202729","82.04667863554758"
"547","260","0.2","50","0","pos","259","74.29906542056075","25.70093457943925","73.87914230019493","74.68581687612208"
"554","260","0.4","10","0","pos","0","60.5607476635514","39.4392523364486","59.06432748538012","61.93895870736086"
"555","260","0.5","10","0","pos","0","60.5607476635514","39.4392523364486","59.06432748538012","61.93895870736086"
"552","260","0.2","10","0","pos","0","60.5607476635514","39.4392523364486","59.06432748538012","61.93895870736086"
"554","260","0.4","10","0","pos","69","61.588785046728965","38.41121495327103","59.64912280701754","63.37522441651705"
"553","260","0.3","10","0","pos","0","60.5607476635514","39.4392523364486","59.06432748538012","61.93895870736086"
"551","260","0.1","10","0","pos","259","61.588785046728965","38.41121495327103","60.81871345029239","62.29802513464991"
"555","260","0.5","10","0","pos","69","60.8411214953271","39.15887850467289","61.79337231968811","59.964093357271096"
"550","260","0.5","50","0","pos","259","90","10","90.44834307992203","89.5870736086176"
"546","260","0.1","50","0","pos","166","69.71962616822431","30.2803738317757","68.03118908382066","71.27468581687613"
"553","260","0.3","10","0","pos","69","61.6822429906542","38.31775700934579","61.20857699805068","62.11849192100538"
"556","260","0.1","20","0","pos","0","60.5607476635514","39.4392523364486","59.06432748538012","61.93895870736086"
"555","260","0.5","10","0","pos","166","67.7570093457944","32.242990654205606","67.44639376218323","68.04308797127469"
"552","260","0.2","10","0","pos","69","60.46728971962617","39.532710280373834","60.03898635477582","60.86175942549371"
"554","260","0.4","10","0","pos","166","62.149532710280376","37.850467289719624","59.4541910331384","64.63195691202873"
"556","260","0.1","20","0","pos","69","60.65420560747663","39.345794392523366","59.84405458089669","61.40035906642729"
"546","260","0.1","50","0","pos","259","74.95327102803738","25.04672897196262","73.2943469785575","76.48114901256733"
"557","260","0.2","20","0","pos","0","60.5607476635514","39.4392523364486","59.06432748538012","61.93895870736086"
"555","260","0.5","10","0","pos","259","69.81308411214954","30.186915887850468","67.64132553606238","71.8132854578097"
"559","260","0.4","20","0","pos","0","60.5607476635514","39.4392523364486","59.06432748538012","61.93895870736086"
"557","260","0.2","20","0","pos","69","64.29906542056075","35.700934579439256","63.547758284600384","64.99102333931778"
"558","260","0.3","20","0","pos","0","60.5607476635514","39.4392523364486","59.06432748538012","61.93895870736086"
"552","260","0.2","10","0","pos","166","63.177570093457945","36.822429906542055","63.74269005847953","62.65709156193896"
"556","260","0.1","20","0","pos","166","61.6822429906542","38.31775700934579","60.42884990253411","62.83662477558348"
"554","260","0.4","10","0","pos","259","64.76635514018692","35.23364485981308","63.93762183235867","65.52962298025135"
"559","260","0.4","20","0","pos","69","62.05607476635514","37.94392523364486","62.768031189083814","61.40035906642729"
"553","260","0.3","10","0","pos","166","64.11214953271028","35.88785046728972","64.91228070175438","63.37522441651705"
"558","260","0.3","20","0","pos","69","65.32710280373831","34.67289719626168","65.10721247563353","65.52962298025135"
"557","260","0.2","20","0","pos","166","67.38317757009345","32.61682242990654","67.05653021442495","67.68402154398564"
"561","260","0.1","30","0","pos","0","60.5607476635514","39.4392523364486","59.06432748538012","61.93895870736086"
"552","260","0.2","10","0","pos","259","66.44859813084112","33.55140186915888","66.66666666666666","66.24775583482945"
"556","260","0.1","20","0","pos","259","63.27102803738318","36.728971962616825","62.57309941520468","63.91382405745063"
"562","260","0.2","30","0","pos","0","60.5607476635514","39.4392523364486","59.06432748538012","61.93895870736086"
"558","260","0.3","20","0","pos","166","72.24299065420561","27.757009345794394","74.26900584795322","70.3770197486535"
"557","260","0.2","20","0","pos","259","69.1588785046729","30.8411214953271","66.8615984405458","71.27468581687613"
"560","260","0.5","20","0","pos","0","60.5607476635514","39.4392523364486","59.06432748538012","61.93895870736086"
"559","260","0.4","20","0","pos","166","68.13084112149532","31.86915887850467","68.2261208576998","68.04308797127469"
"562","260","0.2","30","0","pos","69","64.29906542056075","35.700934579439256","63.547758284600384","64.99102333931778"
"561","260","0.1","30","0","pos","69","61.40186915887851","38.598130841121495","60.03898635477582","62.65709156193896"
"558","260","0.3","20","0","pos","259","75.98130841121495","24.018691588785046","76.60818713450293","75.40394973070018"
"560","260","0.5","20","0","pos","69","66.44859813084112","33.55140186915888","66.66666666666666","66.24775583482945"
"559","260","0.4","20","0","pos","259","72.33644859813084","27.663551401869157","70.37037037037037","74.1472172351885"
"562","260","0.2","30","0","pos","166","69.25233644859813","30.74766355140187","69.78557504873294","68.76122082585279"
"561","260","0.1","30","0","pos","166","64.01869158878505","35.981308411214954","62.57309941520468","65.35008976660683"
"553","260","0.3","10","0","pos","259","68.22429906542055","31.775700934579437","68.81091617933723","67.68402154398564"
"564","260","0.4","30","0","pos","0","60.5607476635514","39.4392523364486","59.06432748538012","61.93895870736086"
"560","260","0.5","20","0","pos","166","74.01869158878505","25.981308411214954","73.09941520467837","74.86535008976661"
"561","260","0.1","30","0","pos","259","65.7943925233645","34.205607476635514","64.91228070175438","66.6068222621185"
"562","260","0.2","30","0","pos","259","72.05607476635514","27.943925233644862","72.12475633528264","71.99281867145422"
"564","260","0.4","30","0","pos","69","66.07476635514018","33.925233644859816","67.83625730994152","64.4524236983842"
"565","260","0.5","30","0","pos","0","60.5607476635514","39.4392523364486","59.06432748538012","61.93895870736086"
"563","260","0.3","30","0","pos","0","60.5607476635514","39.4392523364486","59.06432748538012","61.93895870736086"
"566","260","0.1","40","0","pos","0","60.5607476635514","39.4392523364486","59.06432748538012","61.93895870736086"
"560","260","0.5","20","0","pos","259","79.81308411214954","20.186915887850468","78.3625730994152","81.14901256732495"
"567","260","0.2","40","0","pos","0","60.5607476635514","39.4392523364486","59.06432748538012","61.93895870736086"
"563","260","0.3","30","0","pos","69","64.29906542056075","35.700934579439256","65.49707602339181","63.19569120287253"
"565","260","0.5","30","0","pos","69","67.28971962616822","32.71028037383177","67.44639376218323","67.14542190305207"
"564","260","0.4","30","0","pos","166","71.77570093457943","28.22429906542056","75.04873294346979","68.76122082585279"
"566","260","0.1","40","0","pos","69","62.99065420560748","37.00934579439252","61.98830409356725","63.91382405745063"
"567","260","0.2","40","0","pos","69","63.64485981308411","36.35514018691588","64.91228070175438","62.47755834829444"
"568","260","0.3","40","0","pos","0","60.5607476635514","39.4392523364486","59.06432748538012","61.93895870736086"
"569","260","0.4","40","0","pos","0","60.5607476635514","39.4392523364486","59.06432748538012","61.93895870736086"
"570","260","0.5","40","0","pos","0","60.5607476635514","39.4392523364486","59.06432748538012","61.93895870736086"
"568","260","0.3","40","0","pos","69","69.62616822429906","30.373831775700932","68.2261208576998","70.91561938958706"
"567","260","0.2","40","0","pos","166","68.50467289719626","31.49532710280374","69.00584795321637","68.04308797127469"
"569","260","0.4","40","0","pos","69","66.9158878504673","33.084112149532714","65.69200779727096","68.04308797127469"
"571","260","0.1","50","0","pos","0","60.5607476635514","39.4392523364486","59.06432748538012","61.93895870736086"
"570","260","0.5","40","0","pos","69","72.05607476635514","27.943925233644862","72.70955165692008","71.45421903052065"
"564","260","0.4","30","0","pos","259","76.16822429906543","23.83177570093458","78.3625730994152","74.1472172351885"
"565","260","0.5","30","0","pos","166","74.95327102803738","25.04672897196262","75.04873294346979","74.86535008976661"
"573","260","0.3","50","0","pos","0","60.5607476635514","39.4392523364486","59.06432748538012","61.93895870736086"
"563","260","0.3","30","0","pos","166","70.18691588785046","29.813084112149536","69.20077972709552","71.0951526032316"
"568","260","0.3","40","0","pos","166","77.19626168224299","22.80373831775701","77.77777777777779","76.66068222621185"
"567","260","0.2","40","0","pos","259","71.49532710280374","28.504672897196258","72.51461988304094","70.55655296229803"
"572","260","0.2","50","0","pos","0","60.5607476635514","39.4392523364486","59.06432748538012","61.93895870736086"
"566","260","0.1","40","0","pos","166","68.3177570093458","31.68224299065421","67.83625730994152","68.76122082585279"
"571","260","0.1","50","0","pos","69","65.23364485981308","34.76635514018692","63.35282651072125","66.96588868940754"
"569","260","0.4","40","0","pos","166","72.80373831775701","27.19626168224299","73.2943469785575","72.35188509874327"
"570","260","0.5","40","0","pos","166","79.34579439252336","20.654205607476637","77.38791423001949","81.14901256732495"
"573","260","0.3","50","0","pos","69","67.85046728971963","32.149532710280376","69.98050682261209","65.8886894075404"
"568","260","0.3","40","0","pos","259","81.4018691588785","18.598130841121495","82.45614035087719","80.43087971274686"
"574","260","0.4","50","0","pos","0","60.5607476635514","39.4392523364486","59.06432748538012","61.93895870736086"
"563","260","0.3","30","0","pos","259","74.01869158878505","25.981308411214954","74.6588693957115","73.4290843806104"
"569","260","0.4","40","0","pos","259","78.59813084112149","21.401869158878505","78.94736842105263","78.27648114901257"
"571","260","0.1","50","0","pos","166","69.53271028037383","30.467289719626166","67.44639376218323","71.45421903052065"
"566","260","0.1","40","0","pos","259","72.33644859813084","27.663551401869157","72.51461988304094","72.17235188509873"
"572","260","0.2","50","0","pos","69","67.38317757009345","32.61682242990654","63.1578947368421","71.27468581687613"
"570","260","0.5","40","0","pos","259","84.01869158878505","15.981308411214954","83.82066276803118","84.20107719928187"
"573","260","0.3","50","0","pos","166","77.75700934579439","22.242990654205606","79.33723196881091","76.30161579892281"
"574","260","0.4","50","0","pos","69","68.3177570093458","31.68224299065421","67.64132553606238","68.9407540394973"
"571","260","0.1","50","0","pos","259","74.39252336448598","25.607476635514022","73.87914230019493","74.86535008976661"
"573","260","0.3","50","0","pos","259","83.17757009345794","16.822429906542055","82.26120857699804","84.02154398563735"
"574","260","0.4","50","0","pos","166","77.57009345794393","22.429906542056074","75.82846003898635","79.17414721723519"
"565","260","0.5","30","0","pos","259","81.12149532710279","18.878504672897193","79.92202729044834","82.2262118491921"
"572","260","0.2","50","0","pos","166","74.20560747663552","25.794392523364486","73.48927875243665","74.86535008976661"
"574","260","0.4","50","0","pos","259","85.14018691588785","14.859813084112151","83.82066276803118","86.35547576301616"
"577","260","0.2","10","0","pos","0","60.5607476635514","39.4392523364486","59.06432748538012","61.93895870736086"
"577","260","0.2","10","0","pos","69","61.308411214953274","38.691588785046726","60.42884990253411","62.11849192100538"
"579","260","0.4","10","0","pos","0","60.5607476635514","39.4392523364486","59.06432748538012","61.93895870736086"
"572","260","0.2","50","0","pos","259","78.03738317757009","21.962616822429908","77.19298245614034","78.81508078994614"
"581","260","0.1","20","0","pos","0","60.5607476635514","39.4392523364486","59.06432748538012","61.93895870736086"
"575","260","0.5","50","0","pos","0","60.5607476635514","39.4392523364486","59.06432748538012","61.93895870736086"
"578","260","0.3","10","0","pos","0","60.5607476635514","39.4392523364486","59.06432748538012","61.93895870736086"
"577","260","0.2","10","0","pos","166","62.89719626168224","37.10280373831776","62.37816764132553","63.37522441651705"
"576","260","0.1","10","0","pos","0","60.5607476635514","39.4392523364486","59.06432748538012","61.93895870736086"
"579","260","0.4","10","0","pos","69","64.01869158878505","35.981308411214954","62.96296296296296","64.99102333931778"
"582","260","0.2","20","0","pos","0","60.5607476635514","39.4392523364486","59.06432748538012","61.93895870736086"
"583","260","0.3","20","0","pos","0","60.5607476635514","39.4392523364486","59.06432748538012","61.93895870736086"
"578","260","0.3","10","0","pos","69","62.24299065420561","37.75700934579439","59.4541910331384","64.81149012567326"
"577","260","0.2","10","0","pos","259","63.55140186915887","36.44859813084112","63.74269005847953","63.37522441651705"
"580","260","0.5","10","0","pos","0","60.5607476635514","39.4392523364486","59.06432748538012","61.93895870736086"
"576","260","0.1","10","0","pos","69","60.373831775700936","39.626168224299064","58.86939571150097","61.759425493716336"
"575","260","0.5","50","0","pos","69","73.17757009345794","26.822429906542055","72.51461988304094","73.78815080789947"
"582","260","0.2","20","0","pos","69","62.616822429906534","37.38317757009346","60.62378167641326","64.4524236983842"
"583","260","0.3","20","0","pos","69","61.21495327102804","38.78504672897196","63.1578947368421","59.42549371633752"
"584","260","0.4","20","0","pos","0","60.5607476635514","39.4392523364486","59.06432748538012","61.93895870736086"
"579","260","0.4","10","0","pos","166","66.35514018691589","33.64485981308411","65.69200779727096","66.96588868940754"
"581","260","0.1","20","0","pos","69","60.8411214953271","39.15887850467289","59.06432748538012","62.47755834829444"
"578","260","0.3","10","0","pos","166","66.26168224299064","33.73831775700935","63.1578947368421","69.12028725314184"
"580","260","0.5","10","0","pos","69","62.149532710280376","37.850467289719624","63.35282651072125","61.04129263913825"
"585","260","0.5","20","0","pos","0","60.5607476635514","39.4392523364486","59.06432748538012","61.93895870736086"
"584","260","0.4","20","0","pos","69","64.76635514018692","35.23364485981308","61.98830409356725","67.3249551166966"
"582","260","0.2","20","0","pos","166","66.72897196261682","33.271028037383175","64.91228070175438","68.40215439856372"
"583","260","0.3","20","0","pos","166","68.50467289719626","31.49532710280374","69.78557504873294","67.3249551166966"
"579","260","0.4","10","0","pos","259","69.06542056074765","30.934579439252335","67.83625730994152","70.19748653500898"
"585","260","0.5","20","0","pos","69","63.177570093457945","36.822429906542055","63.74269005847953","62.65709156193896"
"580","260","0.5","10","0","pos","166","64.76635514018692","35.23364485981308","66.66666666666666","63.016157989228006"
"576","260","0.1","10","0","pos","166","61.77570093457943","38.22429906542056","60.03898635477582","63.37522441651705"
"584","260","0.4","20","0","pos","166","69.1588785046729","30.8411214953271","67.44639376218323","70.73608617594255"
"582","260","0.2","20","0","pos","259","70.65420560747664","29.345794392523366","69.98050682261209","71.27468581687613"
"583","260","0.3","20","0","pos","259","71.77570093457943","28.22429906542056","71.34502923976608","72.17235188509873"
"575","260","0.5","50","0","pos","166","83.83177570093457","16.16822429906542","83.4307992202729","84.20107719928187"
"585","260","0.5","20","0","pos","166","71.96261682242991","28.037383177570092","71.34502923976608","72.5314183123878"
"580","260","0.5","10","0","pos","259","68.41121495327103","31.588785046728972","68.2261208576998","68.58168761220826"
"581","260","0.1","20","0","pos","166","61.86915887850467","38.13084112149533","61.40350877192983","62.29802513464991"
"578","260","0.3","10","0","pos","259","68.03738317757009","31.962616822429908","66.08187134502924","69.83842010771993"
"584","260","0.4","20","0","pos","259","73.55140186915888","26.448598130841123","71.9298245614035","75.04488330341114"
"576","260","0.1","10","0","pos","259","62.24299065420561","37.75700934579439","60.42884990253411","63.91382405745063"
"587","260","0.2","30","0","pos","0","60.5607476635514","39.4392523364486","59.06432748538012","61.93895870736086"
"585","260","0.5","20","0","pos","259","76.82242990654206","23.177570093457945","76.80311890838206","76.84021543985638"
"586","260","0.1","30","0","pos","0","60.5607476635514","39.4392523364486","59.06432748538012","61.93895870736086"
"575","260","0.5","50","0","pos","259","87.19626168224299","12.803738317757011","87.32943469785575","87.07360861759426"
"587","260","0.2","30","0","pos","69","62.523364485981304","37.47663551401869","61.79337231968811","63.19569120287253"
"586","260","0.1","30","0","pos","69","62.42990654205608","37.570093457943926","61.40350877192983","63.37522441651705"
"581","260","0.1","20","0","pos","259","64.57943925233644","35.42056074766355","62.96296296296296","66.06822262118493"
"588","260","0.3","30","0","pos","0","60.5607476635514","39.4392523364486","59.06432748538012","61.93895870736086"
"587","260","0.2","30","0","pos","166","68.22429906542055","31.775700934579437","65.69200779727096","70.55655296229803"
"590","260","0.5","30","0","pos","0","60.5607476635514","39.4392523364486","59.06432748538012","61.93895870736086"
"586","260","0.1","30","0","pos","166","66.16822429906543","33.83177570093458","63.1578947368421","68.9407540394973"
"589","260","0.4","30","0","pos","0","60.5607476635514","39.4392523364486","59.06432748538012","61.93895870736086"
"588","260","0.3","30","0","pos","69","64.57943925233644","35.42056074766355","64.71734892787524","64.4524236983842"
"587","260","0.2","30","0","pos","259","72.89719626168224","27.102803738317753","70.56530214424951","75.04488330341114"
"590","260","0.5","30","0","pos","69","65.70093457943925","34.29906542056075","65.49707602339181","65.8886894075404"
"589","260","0.4","30","0","pos","69","66.44859813084112","33.55140186915888","66.27680311890838","66.6068222621185"
"586","260","0.1","30","0","pos","259","69.90654205607477","30.093457943925234","67.2514619883041","72.35188509874327"
"588","260","0.3","30","0","pos","166","70.65420560747664","29.345794392523366","71.73489278752436","69.6588868940754"
"594","260","0.4","40","0","pos","0","60.5607476635514","39.4392523364486","59.06432748538012","61.93895870736086"
"593","260","0.3","40","0","pos","0","60.5607476635514","39.4392523364486","59.06432748538012","61.93895870736086"
"591","260","0.1","40","0","pos","0","60.5607476635514","39.4392523364486","59.06432748538012","61.93895870736086"
"590","260","0.5","30","0","pos","166","72.33644859813084","27.663551401869157","72.31968810916179","72.35188509874327"
"589","260","0.4","30","0","pos","166","72.33644859813084","27.663551401869157","72.31968810916179","72.35188509874327"
"595","260","0.5","40","0","pos","0","60.5607476635514","39.4392523364486","59.06432748538012","61.93895870736086"
"593","260","0.3","40","0","pos","69","68.69158878504673","31.308411214953267","65.49707602339181","71.63375224416517"
"588","260","0.3","30","0","pos","259","74.76635514018692","25.233644859813083","74.07407407407408","75.40394973070018"
"591","260","0.1","40","0","pos","69","62.80373831775701","37.19626168224299","61.79337231968811","63.73429084380611"
"595","260","0.5","40","0","pos","69","68.97196261682244","31.02803738317757","68.03118908382066","69.83842010771993"
"590","260","0.5","30","0","pos","259","77.85046728971963","22.149532710280372","76.99805068226121","78.63554757630162"
"589","260","0.4","30","0","pos","259","76.35514018691589","23.644859813084114","75.43859649122807","77.19928186714542"
"594","260","0.4","40","0","pos","69","68.03738317757009","31.962616822429908","65.8869395711501","70.01795332136446"
"597","260","0.2","50","0","pos","0","60.5607476635514","39.4392523364486","59.06432748538012","61.93895870736086"
"593","260","0.3","40","0","pos","166","77.94392523364486","22.05607476635514","77.38791423001949","78.45601436265709"
"591","260","0.1","40","0","pos","166","66.26168224299064","33.73831775700935","64.91228070175438","67.50448833034112"
"592","260","0.2","40","0","pos","0","60.5607476635514","39.4392523364486","59.06432748538012","61.93895870736086"
"594","260","0.4","40","0","pos","166","76.35514018691589","23.644859813084114","74.26900584795322","78.27648114901257"
"593","260","0.3","40","0","pos","259","82.5233644859813","17.476635514018692","83.04093567251462","82.04667863554758"
"591","260","0.1","40","0","pos","259","69.1588785046729","30.8411214953271","69.00584795321637","69.29982046678636"
"598","260","0.3","50","0","pos","0","60.5607476635514","39.4392523364486","59.06432748538012","61.93895870736086"
"595","260","0.5","40","0","pos","166","78.41121495327103","21.588785046728972","79.53216374269006","77.37881508078995"
"592","260","0.2","40","0","pos","69","66.6355140186916","33.36448598130841","64.91228070175438","68.2226211849192"
"597","260","0.2","50","0","pos","69","67.4766355140187","32.52336448598131","66.47173489278752","68.40215439856372"
"594","260","0.4","40","0","pos","259","82.89719626168224","17.102803738317757","81.87134502923976","83.84201077199282"
"596","260","0.1","50","0","pos","0","60.5607476635514","39.4392523364486","59.06432748538012","61.93895870736086"
"599","260","0.4","50","0","pos","0","60.5607476635514","39.4392523364486","59.06432748538012","61.93895870736086"
"598","260","0.3","50","0","pos","69","67.57009345794393","32.429906542056074","66.66666666666666","68.40215439856372"
"596","260","0.1","50","0","pos","69","64.01869158878505","35.981308411214954","63.1578947368421","64.81149012567326"
"599","260","0.4","50","0","pos","69","69.62616822429906","30.373831775700932","68.03118908382066","71.0951526032316"
"600","260","0.5","50","0","pos","0","60.5607476635514","39.4392523364486","59.06432748538012","61.93895870736086"
"595","260","0.5","40","0","pos","259","85.14018691588785","14.859813084112151","86.35477582846003","84.02154398563735"
"598","260","0.3","50","0","pos","166","74.85981308411215","25.140186915887853","75.82846003898635","73.96768402154399"
"596","260","0.1","50","0","pos","166","67.4766355140187","32.52336448598131","67.83625730994152","67.14542190305207"
"597","260","0.2","50","0","pos","166","75.42056074766356","24.57943925233645","74.6588693957115","76.12208258527828"
"592","260","0.2","40","0","pos","166","73.27102803738318","26.72897196261682","73.48927875243665","73.07001795332137"
"599","260","0.4","50","0","pos","166","78.50467289719626","21.49532710280374","78.3625730994152","78.63554757630162"
"602","260","0.2","10","0","pos","0","60.5607476635514","39.4392523364486","59.06432748538012","61.93895870736086"
"600","260","0.5","50","0","pos","69","69.25233644859813","30.74766355140187","67.83625730994152","70.55655296229803"
"601","260","0.1","10","0","pos","0","60.5607476635514","39.4392523364486","59.06432748538012","61.93895870736086"
"596","260","0.1","50","0","pos","259","73.83177570093457","26.168224299065418","73.87914230019493","73.78815080789947"
"592","260","0.2","40","0","pos","259","77.75700934579439","22.242990654205606","77.97270955165692","77.55834829443447"
"601","260","0.1","10","0","pos","69","59.90654205607476","40.09345794392523","58.67446393762184","61.04129263913825"
"599","260","0.4","50","0","pos","259","83.83177570093457","16.16822429906542","83.4307992202729","84.20107719928187"
"602","260","0.2","10","0","pos","69","60.373831775700936","39.626168224299064","58.86939571150097","61.759425493716336"
"598","260","0.3","50","0","pos","259","80.18691588785046","19.813084112149532","79.92202729044834","80.43087971274686"
"597","260","0.2","50","0","pos","259","79.25233644859813","20.747663551401867","78.16764132553607","80.25134649910234"
"604","260","0.4","10","0","pos","0","60.5607476635514","39.4392523364486","59.06432748538012","61.93895870736086"
"603","260","0.3","10","0","pos","0","60.5607476635514","39.4392523364486","59.06432748538012","61.93895870736086"
"601","260","0.1","10","0","pos","166","60","40","59.06432748538012","60.86175942549371"
"605","260","0.5","10","0","pos","0","60.5607476635514","39.4392523364486","59.06432748538012","61.93895870736086"
"602","260","0.2","10","0","pos","166","63.084112149532714","36.915887850467286","62.37816764132553","63.73429084380611"
"603","260","0.3","10","0","pos","69","60.46728971962617","39.532710280373834","57.89473684210527","62.83662477558348"
"604","260","0.4","10","0","pos","69","62.42990654205608","37.570093457943926","62.37816764132553","62.47755834829444"
"600","260","0.5","50","0","pos","166","79.7196261682243","20.280373831775698","76.99805068226121","82.2262118491921"
"605","260","0.5","10","0","pos","69","59.813084112149525","40.18691588785047","60.42884990253411","59.245960502692995"
"601","260","0.1","10","0","pos","259","60.46728971962617","39.532710280373834","59.06432748538012","61.759425493716336"
"602","260","0.2","10","0","pos","259","65.23364485981308","34.76635514018692","64.71734892787524","65.70915619389586"
"604","260","0.4","10","0","pos","166","67.4766355140187","32.52336448598131","67.64132553606238","67.3249551166966"
"603","260","0.3","10","0","pos","166","62.523364485981304","37.47663551401869","61.79337231968811","63.19569120287253"
"605","260","0.5","10","0","pos","166","62.80373831775701","37.19626168224299","61.59844054580896","63.91382405745063"
"604","260","0.4","10","0","pos","259","72.99065420560747","27.009345794392527","72.12475633528264","73.78815080789947"
"603","260","0.3","10","0","pos","259","66.6355140186916","33.36448598130841","65.69200779727096","67.50448833034112"
"605","260","0.5","10","0","pos","259","65.70093457943925","34.29906542056075","64.91228070175438","66.42728904847397"
"600","260","0.5","50","0","pos","259","85.14018691588785","14.859813084112151","83.04093567251462","87.07360861759426"
"607","260","0.2","20","0","pos","0","60.5607476635514","39.4392523364486","59.06432748538012","61.93895870736086"
"609","260","0.4","20","0","pos","0","60.5607476635514","39.4392523364486","59.06432748538012","61.93895870736086"
"610","260","0.5","20","0","pos","0","60.5607476635514","39.4392523364486","59.06432748538012","61.93895870736086"
"611","260","0.1","30","0","pos","0","60.5607476635514","39.4392523364486","59.06432748538012","61.93895870736086"
"606","260","0.1","20","0","pos","0","60.5607476635514","39.4392523364486","59.06432748538012","61.93895870736086"
"610","260","0.5","20","0","pos","69","65.42056074766354","34.57943925233645","65.69200779727096","65.1705565529623"
"608","260","0.3","20","0","pos","0","60.5607476635514","39.4392523364486","59.06432748538012","61.93895870736086"
"607","260","0.2","20","0","pos","69","61.6822429906542","38.31775700934579","59.84405458089669","63.37522441651705"
"606","260","0.1","20","0","pos","69","61.588785046728965","38.41121495327103","60.62378167641326","62.47755834829444"
"610","260","0.5","20","0","pos","166","70.65420560747664","29.345794392523366","69.5906432748538","71.63375224416517"
"609","260","0.4","20","0","pos","69","62.05607476635514","37.94392523364486","62.1832358674464","61.93895870736086"
"613","260","0.3","30","0","pos","0","60.5607476635514","39.4392523364486","59.06432748538012","61.93895870736086"
"612","260","0.2","30","0","pos","0","60.5607476635514","39.4392523364486","59.06432748538012","61.93895870736086"
"611","260","0.1","30","0","pos","69","61.12149532710281","38.87850467289719","60.42884990253411","61.759425493716336"
"607","260","0.2","20","0","pos","166","65.14018691588785","34.859813084112155","62.768031189083814","67.3249551166966"
"608","260","0.3","20","0","pos","69","64.01869158878505","35.981308411214954","65.49707602339181","62.65709156193896"
"606","260","0.1","20","0","pos","166","63.084112149532714","36.915887850467286","61.20857699805068","64.81149012567326"
"612","260","0.2","30","0","pos","69","63.55140186915887","36.44859813084112","62.768031189083814","64.27289048473968"
"610","260","0.5","20","0","pos","259","74.57943925233644","25.42056074766355","73.09941520467837","75.94254937163375"
"614","260","0.4","30","0","pos","0","60.5607476635514","39.4392523364486","59.06432748538012","61.93895870736086"
"613","260","0.3","30","0","pos","69","66.44859813084112","33.55140186915888","65.30214424951268","67.50448833034112"
"609","260","0.4","20","0","pos","166","69.1588785046729","30.8411214953271","68.81091617933723","69.47935368043088"
"615","260","0.5","30","0","pos","0","60.5607476635514","39.4392523364486","59.06432748538012","61.93895870736086"
"606","260","0.1","20","0","pos","259","64.57943925233644","35.42056074766355","63.35282651072125","65.70915619389586"
"608","260","0.3","20","0","pos","166","70.18691588785046","29.813084112149536","70.56530214424951","69.83842010771993"
"616","260","0.1","40","0","pos","0","60.5607476635514","39.4392523364486","59.06432748538012","61.93895870736086"
"614","260","0.4","30","0","pos","69","68.41121495327103","31.588785046728972","65.8869395711501","70.73608617594255"
"615","260","0.5","30","0","pos","69","65.23364485981308","34.76635514018692","65.49707602339181","64.99102333931778"
"612","260","0.2","30","0","pos","166","69.81308411214954","30.186915887850468","68.81091617933723","70.73608617594255"
"609","260","0.4","20","0","pos","259","72.05607476635514","27.943925233644862","70.9551656920078","73.07001795332137"
"611","260","0.1","30","0","pos","166","61.86915887850467","38.13084112149533","60.42884990253411","63.19569120287253"
"607","260","0.2","20","0","pos","259","67.57009345794393","32.429906542056074","66.47173489278752","68.58168761220826"
"617","260","0.2","40","0","pos","0","60.5607476635514","39.4392523364486","59.06432748538012","61.93895870736086"
"616","260","0.1","40","0","pos","69","62.33644859813084","37.663551401869164","60.81871345029239","63.73429084380611"
"608","260","0.3","20","0","pos","259","76.07476635514018","23.925233644859816","75.43859649122807","76.66068222621185"
"613","260","0.3","30","0","pos","166","75.14018691588785","24.85981308411215","73.68421052631578","76.48114901256733"
"615","260","0.5","30","0","pos","166","72.80373831775701","27.19626168224299","72.31968810916179","73.24955116696589"
"617","260","0.2","40","0","pos","69","64.11214953271028","35.88785046728972","61.98830409356725","66.06822262118493"
"616","260","0.1","40","0","pos","166","64.20560747663552","35.794392523364486","61.59844054580896","66.6068222621185"
"613","260","0.3","30","0","pos","259","80.28037383177569","19.7196261682243","79.53216374269006","80.96947935368043"
"612","260","0.2","30","0","pos","259","72.42990654205607","27.570093457943923","72.31968810916179","72.5314183123878"
"615","260","0.5","30","0","pos","259","78.13084112149534","21.869158878504674","77.58284600389864","78.63554757630162"
"614","260","0.4","30","0","pos","166","78.8785046728972","21.121495327102803","75.82846003898635","81.68761220825853"
"617","260","0.2","40","0","pos","166","68.5981308411215","31.401869158878505","68.2261208576998","68.9407540394973"
"611","260","0.1","30","0","pos","259","64.20560747663552","35.794392523364486","63.547758284600384","64.81149012567326"
"616","260","0.1","40","0","pos","259","67.66355140186916","32.33644859813084","65.10721247563353","70.01795332136446"
"617","260","0.2","40","0","pos","259","70.65420560747664","29.345794392523366","70.37037037037037","70.91561938958706"
"618","260","0.3","40","0","pos","0","60.5607476635514","39.4392523364486","59.06432748538012","61.93895870736086"
"619","260","0.4","40","0","pos","0","60.5607476635514","39.4392523364486","59.06432748538012","61.93895870736086"
"614","260","0.4","30","0","pos","259","84.39252336448598","15.60747663551402","83.04093567251462","85.63734290843806"
"620","260","0.5","40","0","pos","0","60.5607476635514","39.4392523364486","59.06432748538012","61.93895870736086"
"618","260","0.3","40","0","pos","69","66.9158878504673","33.084112149532714","65.10721247563353","68.58168761220826"
"621","260","0.1","50","0","pos","0","60.5607476635514","39.4392523364486","59.06432748538012","61.93895870736086"
"620","260","0.5","40","0","pos","69","69.4392523364486","30.560747663551403","68.61598440545808","70.19748653500898"
"618","260","0.3","40","0","pos","166","75.70093457943925","24.299065420560748","76.60818713450293","74.86535008976661"
"623","260","0.3","50","0","pos","0","60.5607476635514","39.4392523364486","59.06432748538012","61.93895870736086"
"625","260","0.5","50","0","pos","0","60.5607476635514","39.4392523364486","59.06432748538012","61.93895870736086"
"619","260","0.4","40","0","pos","69","69.4392523364486","30.560747663551403","69.78557504873294","69.12028725314184"
"626","260","0.1","10","0","pos","0","60.5607476635514","39.4392523364486","59.06432748538012","61.93895870736086"
"622","260","0.2","50","0","pos","0","60.5607476635514","39.4392523364486","59.06432748538012","61.93895870736086"
"620","260","0.5","40","0","pos","166","75.79439252336448","24.205607476635514","75.04873294346979","76.48114901256733"
"627","260","0.2","10","0","pos","0","60.5607476635514","39.4392523364486","59.06432748538012","61.93895870736086"
"623","260","0.3","50","0","pos","69","70.37383177570094","29.626168224299064","67.64132553606238","72.89048473967684"
"625","260","0.5","50","0","pos","69","71.49532710280374","28.504672897196258","68.03118908382066","74.68581687612208"
"621","260","0.1","50","0","pos","69","62.80373831775701","37.19626168224299","62.768031189083814","62.83662477558348"
"624","260","0.4","50","0","pos","0","60.5607476635514","39.4392523364486","59.06432748538012","61.93895870736086"
"626","260","0.1","10","0","pos","69","60.18691588785047","39.81308411214953","58.67446393762184","61.57989228007181"
"618","260","0.3","40","0","pos","259","81.4018691588785","18.598130841121495","81.48148148148148","81.32854578096948"
"628","260","0.3","10","0","pos","0","60.5607476635514","39.4392523364486","59.06432748538012","61.93895870736086"
"622","260","0.2","50","0","pos","69","65.23364485981308","34.76635514018692","63.35282651072125","66.96588868940754"
"627","260","0.2","10","0","pos","69","60.8411214953271","39.15887850467289","59.84405458089669","61.759425493716336"
"620","260","0.5","40","0","pos","259","82.99065420560747","17.009345794392523","82.45614035087719","83.48294434470377"
"628","260","0.3","10","0","pos","69","60.8411214953271","39.15887850467289","60.62378167641326","61.04129263913825"
"625","260","0.5","50","0","pos","166","87.00934579439252","12.990654205607477","85.18518518518519","88.68940754039497"
"619","260","0.4","40","0","pos","166","76.16822429906543","23.83177570093458","75.6335282651072","76.66068222621185"
"624","260","0.4","50","0","pos","69","70","30","70.17543859649122","69.83842010771993"
"629","260","0.4","10","0","pos","0","60.5607476635514","39.4392523364486","59.06432748538012","61.93895870736086"
"621","260","0.1","50","0","pos","166","68.13084112149532","31.86915887850467","66.47173489278752","69.6588868940754"
"627","260","0.2","10","0","pos","166","62.523364485981304","37.47663551401869","61.40350877192983","63.55475763016158"
"622","260","0.2","50","0","pos","166","69.4392523364486","30.560747663551403","68.03118908382066","70.73608617594255"
"623","260","0.3","50","0","pos","166","79.25233644859813","20.747663551401867","76.60818713450293","81.68761220825853"
"629","260","0.4","10","0","pos","69","63.55140186915887","36.44859813084112","62.768031189083814","64.27289048473968"
"628","260","0.3","10","0","pos","166","64.67289719626169","35.32710280373832","65.8869395711501","63.55475763016158"
"625","260","0.5","50","0","pos","259","93.3644859813084","6.635514018691589","93.17738791423001","93.53680430879713"
"624","260","0.4","50","0","pos","166","80.18691588785046","19.813084112149532","81.87134502923976","78.63554757630162"
"626","260","0.1","10","0","pos","166","61.77570093457943","38.22429906542056","60.81871345029239","62.65709156193896"
"627","260","0.2","10","0","pos","259","63.64485981308411","36.35514018691588","64.13255360623782","63.19569120287253"
"622","260","0.2","50","0","pos","259","72.99065420560747","27.009345794392527","70.9551656920078","74.86535008976661"
"619","260","0.4","40","0","pos","259","80.5607476635514","19.439252336448597","79.33723196881091","81.68761220825853"
"621","260","0.1","50","0","pos","259","71.21495327102804","28.785046728971963","69.00584795321637","73.24955116696589"
"629","260","0.4","10","0","pos","166","64.01869158878505","35.981308411214954","63.93762183235867","64.09335727109516"
"624","260","0.4","50","0","pos","259","85.60747663551402","14.392523364485982","85.96491228070175","85.27827648114902"
"628","260","0.3","10","0","pos","259","66.6355140186916","33.36448598130841","67.64132553606238","65.70915619389586"
"626","260","0.1","10","0","pos","259","61.588785046728965","38.41121495327103","61.40350877192983","61.759425493716336"
"630","260","0.5","10","0","pos","0","60.5607476635514","39.4392523364486","59.06432748538012","61.93895870736086"
"623","260","0.3","50","0","pos","259","86.35514018691589","13.644859813084112","85.18518518518519","87.4326750448833"
"629","260","0.4","10","0","pos","259","67.85046728971963","32.149532710280376","68.2261208576998","67.50448833034112"
"631","260","0.1","20","0","pos","0","60.5607476635514","39.4392523364486","59.06432748538012","61.93895870736086"
"630","260","0.5","10","0","pos","69","61.588785046728965","38.41121495327103","59.25925925925925","63.73429084380611"
"631","260","0.1","20","0","pos","69","61.02803738317757","38.97196261682243","60.03898635477582","61.93895870736086"
"630","260","0.5","10","0","pos","166","64.48598130841121","35.51401869158878","61.40350877192983","67.3249551166966"
"632","260","0.2","20","0","pos","0","60.5607476635514","39.4392523364486","59.06432748538012","61.93895870736086"
"631","260","0.1","20","0","pos","166","63.27102803738318","36.728971962616825","61.40350877192983","64.99102333931778"
"633","260","0.3","20","0","pos","0","60.5607476635514","39.4392523364486","59.06432748538012","61.93895870736086"
"634","260","0.4","20","0","pos","0","60.5607476635514","39.4392523364486","59.06432748538012","61.93895870736086"
"630","260","0.5","10","0","pos","259","67.7570093457944","32.242990654205606","65.8869395711501","69.47935368043088"
"632","260","0.2","20","0","pos","69","61.96261682242991","38.03738317757009","60.03898635477582","63.73429084380611"
"631","260","0.1","20","0","pos","259","63.64485981308411","36.35514018691588","61.59844054580896","65.52962298025135"
"634","260","0.4","20","0","pos","69","66.44859813084112","33.55140186915888","66.27680311890838","66.6068222621185"
"637","260","0.2","30","0","pos","0","60.5607476635514","39.4392523364486","59.06432748538012","61.93895870736086"
"639","260","0.4","30","0","pos","0","60.5607476635514","39.4392523364486","59.06432748538012","61.93895870736086"
"632","260","0.2","20","0","pos","166","65.51401869158879","34.48598130841122","64.5224171539961","66.42728904847397"
"633","260","0.3","20","0","pos","69","63.73831775700934","36.26168224299066","61.20857699805068","66.06822262118493"
"637","260","0.2","30","0","pos","69","62.24299065420561","37.75700934579439","60.03898635477582","64.27289048473968"
"638","260","0.3","30","0","pos","0","60.5607476635514","39.4392523364486","59.06432748538012","61.93895870736086"
"634","260","0.4","20","0","pos","166","72.24299065420561","27.757009345794394","71.73489278752436","72.71095152603232"
"635","260","0.5","20","0","pos","0","60.5607476635514","39.4392523364486","59.06432748538012","61.93895870736086"
"632","260","0.2","20","0","pos","259","71.21495327102804","28.785046728971963","68.42105263157895","73.78815080789947"
"640","260","0.5","30","0","pos","0","60.5607476635514","39.4392523364486","59.06432748538012","61.93895870736086"
"641","260","0.1","40","0","pos","0","60.5607476635514","39.4392523364486","59.06432748538012","61.93895870736086"
"633","260","0.3","20","0","pos","166","68.22429906542055","31.775700934579437","67.05653021442495","69.29982046678636"
"638","260","0.3","30","0","pos","69","66.26168224299064","33.73831775700935","67.44639376218323","65.1705565529623"
"639","260","0.4","30","0","pos","69","66.44859813084112","33.55140186915888","65.30214424951268","67.50448833034112"
"637","260","0.2","30","0","pos","166","66.54205607476635","33.45794392523365","66.27680311890838","66.78635547576302"
"635","260","0.5","20","0","pos","69","65.51401869158879","34.48598130841122","66.8615984405458","64.27289048473968"
"636","260","0.1","30","0","pos","0","60.5607476635514","39.4392523364486","59.06432748538012","61.93895870736086"
"640","260","0.5","30","0","pos","69","67.57009345794393","32.429906542056074","69.00584795321637","66.24775583482945"
"641","260","0.1","40","0","pos","69","63.36448598130842","36.63551401869159","62.57309941520468","64.09335727109516"
"633","260","0.3","20","0","pos","259","72.99065420560747","27.009345794392527","71.9298245614035","73.96768402154399"
"638","260","0.3","30","0","pos","166","72.71028037383176","27.289719626168225","73.2943469785575","72.17235188509873"
"634","260","0.4","20","0","pos","259","76.26168224299066","23.738317757009344","76.99805068226121","75.58348294434471"
"637","260","0.2","30","0","pos","259","69.62616822429906","30.373831775700932","71.73489278752436","67.68402154398564"
"639","260","0.4","30","0","pos","166","78.41121495327103","21.588785046728972","77.58284600389864","79.17414721723519"
"636","260","0.1","30","0","pos","69","60.373831775700936","39.626168224299064","59.06432748538012","61.57989228007181"
"635","260","0.5","20","0","pos","166","71.58878504672897","28.41121495327103","73.68421052631578","69.6588868940754"
"640","260","0.5","30","0","pos","166","78.22429906542057","21.77570093457944","77.97270955165692","78.45601436265709"
"638","260","0.3","30","0","pos","259","77.38317757009345","22.61682242990654","77.97270955165692","76.84021543985638"
"641","260","0.1","40","0","pos","166","67.28971962616822","32.71028037383177","66.8615984405458","67.68402154398564"
"639","260","0.4","30","0","pos","259","83.3644859813084","16.635514018691588","83.23586744639377","83.48294434470377"
"642","260","0.2","40","0","pos","0","60.5607476635514","39.4392523364486","59.06432748538012","61.93895870736086"
"636","260","0.1","30","0","pos","166","62.24299065420561","37.75700934579439","60.62378167641326","63.73429084380611"
"642","260","0.2","40","0","pos","69","64.01869158878505","35.981308411214954","61.98830409356725","65.8886894075404"
"641","260","0.1","40","0","pos","259","71.96261682242991","28.037383177570092","71.73489278752436","72.17235188509873"
"643","260","0.3","40","0","pos","0","60.5607476635514","39.4392523364486","59.06432748538012","61.93895870736086"
"644","260","0.4","40","0","pos","0","60.5607476635514","39.4392523364486","59.06432748538012","61.93895870736086"
"635","260","0.5","20","0","pos","259","76.91588785046729","23.08411214953271","76.80311890838206","77.0197486535009"
"640","260","0.5","30","0","pos","259","83.55140186915888","16.448598130841123","83.4307992202729","83.66247755834829"
"643","260","0.3","40","0","pos","69","67.4766355140187","32.52336448598131","67.83625730994152","67.14542190305207"
"644","260","0.4","40","0","pos","69","67.4766355140187","32.52336448598131","67.64132553606238","67.3249551166966"
"636","260","0.1","30","0","pos","259","65.70093457943925","34.29906542056075","65.30214424951268","66.06822262118493"
"642","260","0.2","40","0","pos","166","71.21495327102804","28.785046728971963","69.78557504873294","72.5314183123878"
"645","260","0.5","40","0","pos","0","60.5607476635514","39.4392523364486","59.06432748538012","61.93895870736086"
"643","260","0.3","40","0","pos","166","73.64485981308411","26.355140186915886","74.46393762183236","72.89048473967684"
"644","260","0.4","40","0","pos","166","76.16822429906543","23.83177570093458","77.97270955165692","74.50628366247756"
"642","260","0.2","40","0","pos","259","77.19626168224299","22.80373831775701","75.82846003898635","78.45601436265709"
"645","260","0.5","40","0","pos","69","62.149532710280376","37.850467289719624","59.25925925925925","64.81149012567326"
"648","260","0.3","50","0","pos","0","60.5607476635514","39.4392523364486","59.06432748538012","61.93895870736086"
"643","260","0.3","40","0","pos","259","78.97196261682244","21.02803738317757","79.53216374269006","78.45601436265709"
"644","260","0.4","40","0","pos","259","82.2429906542056","17.75700934579439","84.7953216374269","79.89228007181327"
"647","260","0.2","50","0","pos","0","60.5607476635514","39.4392523364486","59.06432748538012","61.93895870736086"
"646","260","0.1","50","0","pos","0","60.5607476635514","39.4392523364486","59.06432748538012","61.93895870736086"
"645","260","0.5","40","0","pos","166","74.76635514018692","25.233644859813083","74.07407407407408","75.40394973070018"
"648","260","0.3","50","0","pos","69","67.28971962616822","32.71028037383177","66.47173489278752","68.04308797127469"
"650","260","0.5","50","0","pos","0","60.5607476635514","39.4392523364486","59.06432748538012","61.93895870736086"
"649","260","0.4","50","0","pos","0","60.5607476635514","39.4392523364486","59.06432748538012","61.93895870736086"
"647","260","0.2","50","0","pos","69","65.60747663551402","34.39252336448598","64.71734892787524","66.42728904847397"
"650","260","0.5","50","0","pos","69","75.23364485981308","24.766355140186917","75.43859649122807","75.04488330341114"
"645","260","0.5","40","0","pos","259","84.76635514018692","15.233644859813083","83.4307992202729","85.99640933572711"
"648","260","0.3","50","0","pos","166","75.60747663551402","24.39252336448598","76.80311890838206","74.50628366247756"
"651","260","0.1","10","0","pos","0","60.5607476635514","39.4392523364486","59.06432748538012","61.93895870736086"
"646","260","0.1","50","0","pos","69","63.36448598130842","36.63551401869159","63.74269005847953","63.016157989228006"
"653","260","0.3","10","0","pos","0","60.5607476635514","39.4392523364486","59.06432748538012","61.93895870736086"
"649","260","0.4","50","0","pos","69","66.07476635514018","33.925233644859816","64.91228070175438","67.14542190305207"
"651","260","0.1","10","0","pos","69","60.93457943925233","39.06542056074767","59.64912280701754","62.11849192100538"
"653","260","0.3","10","0","pos","69","62.42990654205608","37.570093457943926","62.1832358674464","62.65709156193896"
"647","260","0.2","50","0","pos","166","74.11214953271028","25.88785046728972","73.09941520467837","75.04488330341114"
"648","260","0.3","50","0","pos","259","80.5607476635514","19.439252336448597","82.45614035087719","78.81508078994614"
"650","260","0.5","50","0","pos","166","84.57943925233646","15.42056074766355","86.35477582846003","82.9443447037702"
"654","260","0.4","10","0","pos","0","60.5607476635514","39.4392523364486","59.06432748538012","61.93895870736086"
"652","260","0.2","10","0","pos","0","60.5607476635514","39.4392523364486","59.06432748538012","61.93895870736086"
"652","260","0.2","10","0","pos","69","59.90654205607476","40.09345794392523","57.1150097465887","62.47755834829444"
"651","260","0.1","10","0","pos","166","61.6822429906542","38.31775700934579","59.25925925925925","63.91382405745063"
"653","260","0.3","10","0","pos","166","64.57943925233644","35.42056074766355","63.1578947368421","65.8886894075404"
"656","260","0.1","20","0","pos","0","60.5607476635514","39.4392523364486","59.06432748538012","61.93895870736086"
"655","260","0.5","10","0","pos","0","60.5607476635514","39.4392523364486","59.06432748538012","61.93895870736086"
"654","260","0.4","10","0","pos","69","61.308411214953274","38.691588785046726","60.42884990253411","62.11849192100538"
"646","260","0.1","50","0","pos","166","67.66355140186916","32.33644859813084","67.83625730994152","67.50448833034112"
"656","260","0.1","20","0","pos","69","61.02803738317757","38.97196261682243","60.03898635477582","61.93895870736086"
"649","260","0.4","50","0","pos","166","76.35514018691589","23.644859813084114","75.43859649122807","77.19928186714542"
"652","260","0.2","10","0","pos","166","60.93457943925233","39.06542056074767","59.06432748538012","62.65709156193896"
"651","260","0.1","10","0","pos","259","60.93457943925233","39.06542056074767","58.86939571150097","62.83662477558348"
"655","260","0.5","10","0","pos","69","60.5607476635514","39.4392523364486","60.81871345029239","60.32315978456014"
"653","260","0.3","10","0","pos","259","66.16822429906543","33.83177570093458","66.27680311890838","66.06822262118493"
"647","260","0.2","50","0","pos","259","80.28037383177569","19.7196261682243","80.7017543859649","79.89228007181327"
"654","260","0.4","10","0","pos","166","65.32710280373831","34.67289719626168","65.8869395711501","64.81149012567326"
"650","260","0.5","50","0","pos","259","90.74766355140187","9.25233644859813","92.78752436647173","88.8689407540395"
"652","260","0.2","10","0","pos","259","63.084112149532714","36.915887850467286","61.20857699805068","64.81149012567326"
"656","260","0.1","20","0","pos","166","62.89719626168224","37.10280373831776","61.20857699805068","64.4524236983842"
"655","260","0.5","10","0","pos","166","64.20560747663552","35.794392523364486","65.10721247563353","63.37522441651705"
"657","260","0.2","20","0","pos","0","60.5607476635514","39.4392523364486","59.06432748538012","61.93895870736086"
"646","260","0.1","50","0","pos","259","71.30841121495327","28.69158878504673","70.9551656920078","71.63375224416517"
"654","260","0.4","10","0","pos","259","68.50467289719626","31.49532710280374","70.17543859649122","66.96588868940754"
"649","260","0.4","50","0","pos","259","83.83177570093457","16.16822429906542","82.65107212475633","84.91921005385996"
"656","260","0.1","20","0","pos","259","64.11214953271028","35.88785046728972","63.547758284600384","64.63195691202873"
"655","260","0.5","10","0","pos","259","68.3177570093458","31.68224299065421","67.2514619883041","69.29982046678636"
"657","260","0.2","20","0","pos","69","62.89719626168224","37.10280373831776","62.96296296296296","62.83662477558348"
"658","260","0.3","20","0","pos","0","60.5607476635514","39.4392523364486","59.06432748538012","61.93895870736086"
"657","260","0.2","20","0","pos","166","68.03738317757009","31.962616822429908","66.8615984405458","69.12028725314184"
"660","260","0.5","20","0","pos","0","60.5607476635514","39.4392523364486","59.06432748538012","61.93895870736086"
"658","260","0.3","20","0","pos","69","62.33644859813084","37.663551401869164","62.1832358674464","62.47755834829444"
"661","260","0.1","30","0","pos","0","60.5607476635514","39.4392523364486","59.06432748538012","61.93895870736086"
"657","260","0.2","20","0","pos","259","71.77570093457943","28.22429906542056","69.78557504873294","73.60861759425494"
"660","260","0.5","20","0","pos","69","65.23364485981308","34.76635514018692","65.10721247563353","65.35008976660683"
"663","260","0.3","30","0","pos","0","60.5607476635514","39.4392523364486","59.06432748538012","61.93895870736086"
"661","260","0.1","30","0","pos","69","61.77570093457943","38.22429906542056","60.23391812865497","63.19569120287253"
"663","260","0.3","30","0","pos","69","64.76635514018692","35.23364485981308","63.1578947368421","66.24775583482945"
"666","260","0.1","40","0","pos","0","60.5607476635514","39.4392523364486","59.06432748538012","61.93895870736086"
"660","260","0.5","20","0","pos","166","73.92523364485982","26.074766355140188","72.51461988304094","75.22441651705566"
"659","260","0.4","20","0","pos","0","60.5607476635514","39.4392523364486","59.06432748538012","61.93895870736086"
"667","260","0.2","40","0","pos","0","60.5607476635514","39.4392523364486","59.06432748538012","61.93895870736086"
"662","260","0.2","30","0","pos","0","60.5607476635514","39.4392523364486","59.06432748538012","61.93895870736086"
"658","260","0.3","20","0","pos","166","66.35514018691589","33.64485981308411","64.71734892787524","67.86355475763017"
"668","260","0.3","40","0","pos","0","60.5607476635514","39.4392523364486","59.06432748538012","61.93895870736086"
"666","260","0.1","40","0","pos","69","60.5607476635514","39.4392523364486","58.67446393762184","62.29802513464991"
"663","260","0.3","30","0","pos","166","71.21495327102804","28.785046728971963","70.9551656920078","71.45421903052065"
"664","260","0.4","30","0","pos","0","60.5607476635514","39.4392523364486","59.06432748538012","61.93895870736086"
"660","260","0.5","20","0","pos","259","78.03738317757009","21.962616822429908","76.41325536062378","79.53321364452424"
"667","260","0.2","40","0","pos","69","65.23364485981308","34.76635514018692","63.547758284600384","66.78635547576302"
"662","260","0.2","30","0","pos","69","62.523364485981304","37.47663551401869","59.06432748538012","65.70915619389586"
"661","260","0.1","30","0","pos","166","63.83177570093458","36.16822429906542","63.93762183235867","63.73429084380611"
"668","260","0.3","40","0","pos","69","67.4766355140187","32.52336448598131","66.8615984405458","68.04308797127469"
"658","260","0.3","20","0","pos","259","69.53271028037383","30.467289719626166","68.42105263157895","70.55655296229803"
"664","260","0.4","30","0","pos","69","66.07476635514018","33.925233644859816","67.05653021442495","65.1705565529623"
"659","260","0.4","20","0","pos","69","66.16822429906543","33.83177570093458","63.74269005847953","68.40215439856372"
"665","260","0.5","30","0","pos","0","60.5607476635514","39.4392523364486","59.06432748538012","61.93895870736086"
"663","260","0.3","30","0","pos","259","75.88785046728972","24.11214953271028","74.26900584795322","77.37881508078995"
"666","260","0.1","40","0","pos","166","64.39252336448598","35.60747663551402","65.30214424951268","63.55475763016158"
"661","260","0.1","30","0","pos","259","67.19626168224299","32.80373831775701","67.05653021442495","67.3249551166966"
"662","260","0.2","30","0","pos","166","69.90654205607477","30.093457943925234","67.05653021442495","72.5314183123878"
"668","260","0.3","40","0","pos","166","75.98130841121495","24.018691588785046","75.6335282651072","76.30161579892281"
"665","260","0.5","30","0","pos","69","67.28971962616822","32.71028037383177","64.13255360623782","70.19748653500898"
"664","260","0.4","30","0","pos","166","75.70093457943925","24.299065420560748","76.0233918128655","75.40394973070018"
"669","260","0.4","40","0","pos","0","60.5607476635514","39.4392523364486","59.06432748538012","61.93895870736086"
"666","260","0.1","40","0","pos","259","68.97196261682244","31.02803738317757","68.61598440545808","69.29982046678636"
"667","260","0.2","40","0","pos","166","71.77570093457943","28.22429906542056","69.98050682261209","73.4290843806104"
"662","260","0.2","30","0","pos","259","75.04672897196262","24.95327102803738","73.68421052631578","76.30161579892281"
"668","260","0.3","40","0","pos","259","80.65420560747664","19.345794392523363","81.0916179337232","80.25134649910234"
"665","260","0.5","30","0","pos","166","77.00934579439253","22.990654205607477","76.80311890838206","77.19928186714542"
"659","260","0.4","20","0","pos","166","72.42990654205607","27.570093457943923","72.31968810916179","72.5314183123878"
"669","260","0.4","40","0","pos","69","65.88785046728972","34.112149532710276","68.81091617933723","63.19569120287253"
"665","260","0.5","30","0","pos","259","82.42990654205607","17.570093457943926","81.28654970760235","83.48294434470377"
"670","260","0.5","40","0","pos","0","60.5607476635514","39.4392523364486","59.06432748538012","61.93895870736086"
"664","260","0.4","30","0","pos","259","80.46728971962617","19.532710280373834","80.11695906432749","80.78994614003591"
"667","260","0.2","40","0","pos","259","75.14018691588785","24.85981308411215","74.46393762183236","75.76301615798923"
"671","260","0.1","50","0","pos","0","60.5607476635514","39.4392523364486","59.06432748538012","61.93895870736086"
"669","260","0.4","40","0","pos","166","74.67289719626167","25.327102803738317","76.21832358674465","73.24955116696589"
"670","260","0.5","40","0","pos","69","69.4392523364486","30.560747663551403","69.78557504873294","69.12028725314184"
"659","260","0.4","20","0","pos","259","77.00934579439253","22.990654205607477","76.41325536062378","77.55834829443447"
"671","260","0.1","50","0","pos","69","62.24299065420561","37.75700934579439","61.79337231968811","62.65709156193896"
"673","260","0.3","50","0","pos","0","60.5607476635514","39.4392523364486","59.06432748538012","61.93895870736086"
"672","260","0.2","50","0","pos","0","60.5607476635514","39.4392523364486","59.06432748538012","61.93895870736086"
"670","260","0.5","40","0","pos","166","79.25233644859813","20.747663551401867","77.97270955165692","80.43087971274686"
"671","260","0.1","50","0","pos","166","66.54205607476635","33.45794392523365","67.44639376218323","65.70915619389586"
"672","260","0.2","50","0","pos","69","66.26168224299064","33.73831775700935","64.91228070175438","67.50448833034112"
"673","260","0.3","50","0","pos","69","70.74766355140187","29.252336448598133","70.76023391812866","70.73608617594255"
"670","260","0.5","40","0","pos","259","84.2056074766355","15.794392523364486","83.23586744639377","85.09874326750449"
"676","260","0.1","10","0","pos","0","60.5607476635514","39.4392523364486","59.06432748538012","61.93895870736086"
"675","260","0.5","50","0","pos","0","60.5607476635514","39.4392523364486","59.06432748538012","61.93895870736086"
"674","260","0.4","50","0","pos","0","60.5607476635514","39.4392523364486","59.06432748538012","61.93895870736086"
"671","260","0.1","50","0","pos","259","70.37383177570094","29.626168224299064","71.73489278752436","69.12028725314184"
"669","260","0.4","40","0","pos","259","79.25233644859813","20.747663551401867","78.94736842105263","79.53321364452424"
"672","260","0.2","50","0","pos","166","73.83177570093457","26.168224299065418","73.2943469785575","74.32675044883304"
"675","260","0.5","50","0","pos","69","74.48598130841123","25.514018691588785","72.70955165692008","76.12208258527828"
"673","260","0.3","50","0","pos","166","78.59813084112149","21.401869158878505","80.7017543859649","76.66068222621185"
"676","260","0.1","10","0","pos","69","60.747663551401864","39.25233644859813","59.64912280701754","61.759425493716336"
"672","260","0.2","50","0","pos","259","76.82242990654206","23.177570093457945","76.21832358674465","77.37881508078995"
"677","260","0.2","10","0","pos","0","60.5607476635514","39.4392523364486","59.06432748538012","61.93895870736086"
"674","260","0.4","50","0","pos","69","68.5981308411215","31.401869158878505","67.44639376218323","69.6588868940754"
"676","260","0.1","10","0","pos","166","60.373831775700936","39.626168224299064","59.4541910331384","61.22082585278277"
"677","260","0.2","10","0","pos","69","60.46728971962617","39.532710280373834","58.86939571150097","61.93895870736086"
"675","260","0.5","50","0","pos","166","87.10280373831776","12.897196261682243","84.99025341130604","89.04847396768402"
"674","260","0.4","50","0","pos","166","77.75700934579439","22.242990654205606","77.19298245614034","78.27648114901257"
"673","260","0.3","50","0","pos","259","83.55140186915888","16.448598130841123","84.99025341130604","82.2262118491921"
"676","260","0.1","10","0","pos","259","61.588785046728965","38.41121495327103","60.03898635477582","63.016157989228006"
"679","260","0.4","10","0","pos","0","60.5607476635514","39.4392523364486","59.06432748538012","61.93895870736086"
"677","260","0.2","10","0","pos","166","62.523364485981304","37.47663551401869","61.59844054580896","63.37522441651705"
"675","260","0.5","50","0","pos","259","92.80373831775701","7.196261682242991","91.61793372319687","93.89587073608617"
"679","260","0.4","10","0","pos","69","61.49532710280374","38.504672897196265","60.03898635477582","62.83662477558348"
"678","260","0.3","10","0","pos","0","60.5607476635514","39.4392523364486","59.06432748538012","61.93895870736086"
"681","260","0.1","20","0","pos","0","60.5607476635514","39.4392523364486","59.06432748538012","61.93895870736086"
"682","260","0.2","20","0","pos","0","60.5607476635514","39.4392523364486","59.06432748538012","61.93895870736086"
"680","260","0.5","10","0","pos","0","60.5607476635514","39.4392523364486","59.06432748538012","61.93895870736086"
"683","260","0.3","20","0","pos","0","60.5607476635514","39.4392523364486","59.06432748538012","61.93895870736086"
"677","260","0.2","10","0","pos","259","65.42056074766354","34.57943925233645","64.5224171539961","66.24775583482945"
"681","260","0.1","20","0","pos","69","60.65420560747663","39.345794392523366","59.06432748538012","62.11849192100538"
"679","260","0.4","10","0","pos","166","64.76635514018692","35.23364485981308","63.74269005847953","65.70915619389586"
"678","260","0.3","10","0","pos","69","63.177570093457945","36.822429906542055","62.1832358674464","64.09335727109516"
"682","260","0.2","20","0","pos","69","61.40186915887851","38.598130841121495","59.64912280701754","63.016157989228006"
"674","260","0.4","50","0","pos","259","84.39252336448598","15.60747663551402","84.01559454191033","84.73967684021544"
"680","260","0.5","10","0","pos","69","60.5607476635514","39.4392523364486","57.50487329434698","63.37522441651705"
"683","260","0.3","20","0","pos","69","64.85981308411215","35.14018691588785","62.768031189083814","66.78635547576302"
"681","260","0.1","20","0","pos","166","62.523364485981304","37.47663551401869","60.23391812865497","64.63195691202873"
"682","260","0.2","20","0","pos","166","65.7943925233645","34.205607476635514","64.71734892787524","66.78635547576302"
"678","260","0.3","10","0","pos","166","65.51401869158879","34.48598130841122","64.5224171539961","66.42728904847397"
"684","260","0.4","20","0","pos","0","60.5607476635514","39.4392523364486","59.06432748538012","61.93895870736086"
"679","260","0.4","10","0","pos","259","68.03738317757009","31.962616822429908","66.47173489278752","69.47935368043088"
"680","260","0.5","10","0","pos","166","64.48598130841121","35.51401869158878","61.01364522417154","67.68402154398564"
"684","260","0.4","20","0","pos","69","65.32710280373831","34.67289719626168","65.8869395711501","64.81149012567326"
"682","260","0.2","20","0","pos","259","68.3177570093458","31.68224299065421","67.83625730994152","68.76122082585279"
"678","260","0.3","10","0","pos","259","68.5981308411215","31.401869158878505","66.47173489278752","70.55655296229803"
"681","260","0.1","20","0","pos","259","64.76635514018692","35.23364485981308","62.1832358674464","67.14542190305207"
"686","260","0.1","30","0","pos","0","60.5607476635514","39.4392523364486","59.06432748538012","61.93895870736086"
"680","260","0.5","10","0","pos","259","67.28971962616822","32.71028037383177","64.32748538011695","70.01795332136446"
"683","260","0.3","20","0","pos","166","69.34579439252336","30.654205607476637","67.44639376218323","71.0951526032316"
"684","260","0.4","20","0","pos","166","67.4766355140187","32.52336448598131","69.20077972709552","65.8886894075404"
"685","260","0.5","20","0","pos","0","60.5607476635514","39.4392523364486","59.06432748538012","61.93895870736086"
"686","260","0.1","30","0","pos","69","60.65420560747663","39.345794392523366","59.06432748538012","62.11849192100538"
"684","260","0.4","20","0","pos","259","70.74766355140187","29.252336448598133","72.70955165692008","68.9407540394973"
"685","260","0.5","20","0","pos","69","66.16822429906543","33.83177570093458","63.74269005847953","68.40215439856372"
"689","260","0.4","30","0","pos","0","60.5607476635514","39.4392523364486","59.06432748538012","61.93895870736086"
"688","260","0.3","30","0","pos","0","60.5607476635514","39.4392523364486","59.06432748538012","61.93895870736086"
"686","260","0.1","30","0","pos","166","61.96261682242991","38.03738317757009","62.1832358674464","61.759425493716336"
"683","260","0.3","20","0","pos","259","74.29906542056075","25.70093457943925","73.48927875243665","75.04488330341114"
"685","260","0.5","20","0","pos","166","74.76635514018692","25.233644859813083","75.43859649122807","74.1472172351885"
"688","260","0.3","30","0","pos","69","68.13084112149532","31.86915887850467","67.05653021442495","69.12028725314184"
"689","260","0.4","30","0","pos","69","69.06542056074765","30.934579439252335","68.2261208576998","69.83842010771993"
"686","260","0.1","30","0","pos","259","62.523364485981304","37.47663551401869","62.57309941520468","62.47755834829444"
"690","260","0.5","30","0","pos","0","60.5607476635514","39.4392523364486","59.06432748538012","61.93895870736086"
"685","260","0.5","20","0","pos","259","75.70093457943925","24.299065420560748","74.85380116959064","76.48114901256733"
"693","260","0.3","40","0","pos","0","60.5607476635514","39.4392523364486","59.06432748538012","61.93895870736086"
"687","260","0.2","30","0","pos","0","60.5607476635514","39.4392523364486","59.06432748538012","61.93895870736086"
"691","260","0.1","40","0","pos","0","60.5607476635514","39.4392523364486","59.06432748538012","61.93895870736086"
"688","260","0.3","30","0","pos","166","75.32710280373833","24.67289719626168","74.07407407407408","76.48114901256733"
"694","260","0.4","40","0","pos","0","60.5607476635514","39.4392523364486","59.06432748538012","61.93895870736086"
"693","260","0.3","40","0","pos","69","67.00934579439253","32.99065420560748","65.8869395711501","68.04308797127469"
"690","260","0.5","30","0","pos","69","66.6355140186916","33.36448598130841","66.47173489278752","66.78635547576302"
"688","260","0.3","30","0","pos","259","80.09345794392523","19.906542056074766","80.11695906432749","80.07181328545781"
"691","260","0.1","40","0","pos","69","62.616822429906534","37.38317757009346","59.64912280701754","65.35008976660683"
"692","260","0.2","40","0","pos","0","60.5607476635514","39.4392523364486","59.06432748538012","61.93895870736086"
"689","260","0.4","30","0","pos","166","77.19626168224299","22.80373831775701","76.21832358674465","78.09694793536805"
"687","260","0.2","30","0","pos","69","64.29906542056075","35.700934579439256","64.32748538011695","64.27289048473968"
"690","260","0.5","30","0","pos","166","73.92523364485982","26.074766355140188","73.87914230019493","73.96768402154399"
"692","260","0.2","40","0","pos","69","65.98130841121495","34.018691588785046","65.69200779727096","66.24775583482945"
"695","260","0.5","40","0","pos","0","60.5607476635514","39.4392523364486","59.06432748538012","61.93895870736086"
"694","260","0.4","40","0","pos","69","66.72897196261682","33.271028037383175","67.05653021442495","66.42728904847397"
"687","260","0.2","30","0","pos","166","70.09345794392523","29.906542056074763","68.03118908382066","71.99281867145422"
"693","260","0.3","40","0","pos","166","74.85981308411215","25.140186915887853","75.43859649122807","74.32675044883304"
"690","260","0.5","30","0","pos","259","79.7196261682243","20.280373831775698","79.53216374269006","79.89228007181327"
"691","260","0.1","40","0","pos","166","65.60747663551402","34.39252336448598","65.10721247563353","66.06822262118493"
"696","260","0.1","50","0","pos","0","60.5607476635514","39.4392523364486","59.06432748538012","61.93895870736086"
"695","260","0.5","40","0","pos","69","71.86915887850466","28.130841121495326","69.78557504873294","73.78815080789947"
"689","260","0.4","30","0","pos","259","84.39252336448598","15.60747663551402","83.62573099415205","85.09874326750449"
"687","260","0.2","30","0","pos","259","75.88785046728972","24.11214953271028","75.6335282651072","76.12208258527828"
"692","260","0.2","40","0","pos","166","73.08411214953271","26.91588785046729","73.87914230019493","72.35188509874327"
"691","260","0.1","40","0","pos","259","69.1588785046729","30.8411214953271","68.61598440545808","69.6588868940754"
"696","260","0.1","50","0","pos","69","62.616822429906534","37.38317757009346","61.59844054580896","63.55475763016158"
"694","260","0.4","40","0","pos","166","72.24299065420561","27.757009345794394","71.73489278752436","72.71095152603232"
"697","260","0.2","50","0","pos","0","60.5607476635514","39.4392523364486","59.06432748538012","61.93895870736086"
"695","260","0.5","40","0","pos","166","81.49532710280374","18.50467289719626","81.0916179337232","81.86714542190305"
"698","260","0.3","50","0","pos","0","60.5607476635514","39.4392523364486","59.06432748538012","61.93895870736086"
"697","260","0.2","50","0","pos","69","64.67289719626169","35.32710280373832","63.74269005847953","65.52962298025135"
"693","260","0.3","40","0","pos","259","80","20","79.72709551656921","80.25134649910234"
"694","260","0.4","40","0","pos","259","78.97196261682244","21.02803738317757","80.11695906432749","77.91741472172352"
"698","260","0.3","50","0","pos","69","64.57943925233644","35.42056074766355","63.74269005847953","65.35008976660683"
"696","260","0.1","50","0","pos","166","65.32710280373831","34.67289719626168","64.71734892787524","65.8886894075404"
"695","260","0.5","40","0","pos","259","89.34579439252337","10.654205607476635","89.08382066276803","89.5870736086176"
"692","260","0.2","40","0","pos","259","78.22429906542057","21.77570093457944","77.58284600389864","78.81508078994614"
"699","260","0.4","50","0","pos","0","60.5607476635514","39.4392523364486","59.06432748538012","61.93895870736086"
"698","260","0.3","50","0","pos","166","72.24299065420561","27.757009345794394","71.15009746588694","73.24955116696589"
"697","260","0.2","50","0","pos","166","71.86915887850466","28.130841121495326","69.98050682261209","73.60861759425494"
"699","260","0.4","50","0","pos","69","70.93457943925233","29.06542056074766","69.98050682261209","71.8132854578097"
"700","260","0.5","50","0","pos","0","60.5607476635514","39.4392523364486","59.06432748538012","61.93895870736086"
"696","260","0.1","50","0","pos","259","70.56074766355141","29.439252336448597","69.78557504873294","71.27468581687613"
"698","260","0.3","50","0","pos","259","79.25233644859813","20.747663551401867","78.75243664717348","79.71274685816876"
"701","260","0.1","10","0","pos","0","60.5607476635514","39.4392523364486","59.06432748538012","61.93895870736086"
"700","260","0.5","50","0","pos","69","70.37383177570094","29.626168224299064","70.76023391812866","70.01795332136446"
"697","260","0.2","50","0","pos","259","75.14018691588785","24.85981308411215","72.51461988304094","77.55834829443447"
"702","260","0.2","10","0","pos","0","60.5607476635514","39.4392523364486","59.06432748538012","61.93895870736086"
"699","260","0.4","50","0","pos","166","81.21495327102804","18.785046728971963","80.89668615984405","81.50807899461401"
"701","260","0.1","10","0","pos","69","61.86915887850467","38.13084112149533","59.25925925925925","64.27289048473968"
"700","260","0.5","50","0","pos","166","82.14953271028037","17.850467289719628","80.11695906432749","84.02154398563735"
"705","260","0.5","10","0","pos","0","60.5607476635514","39.4392523364486","59.06432748538012","61.93895870736086"
"706","260","0.1","20","0","pos","0","60.5607476635514","39.4392523364486","59.06432748538012","61.93895870736086"
"699","260","0.4","50","0","pos","259","85.98130841121495","14.018691588785046","86.74463937621833","85.27827648114902"
"703","260","0.3","10","0","pos","0","60.5607476635514","39.4392523364486","59.06432748538012","61.93895870736086"
"705","260","0.5","10","0","pos","69","60.65420560747663","39.345794392523366","58.28460038986355","62.83662477558348"
"702","260","0.2","10","0","pos","69","61.02803738317757","38.97196261682243","61.20857699805068","60.86175942549371"
"704","260","0.4","10","0","pos","0","60.5607476635514","39.4392523364486","59.06432748538012","61.93895870736086"
"701","260","0.1","10","0","pos","166","61.86915887850467","38.13084112149533","59.64912280701754","63.91382405745063"
"700","260","0.5","50","0","pos","259","87.85046728971963","12.149532710280374","86.54970760233918","89.04847396768402"
"706","260","0.1","20","0","pos","69","61.308411214953274","38.691588785046726","59.64912280701754","62.83662477558348"
"703","260","0.3","10","0","pos","69","62.616822429906534","37.38317757009346","61.79337231968811","63.37522441651705"
"704","260","0.4","10","0","pos","69","61.6822429906542","38.31775700934579","60.03898635477582","63.19569120287253"
"701","260","0.1","10","0","pos","259","62.149532710280376","37.850467289719624","59.4541910331384","64.63195691202873"
"705","260","0.5","10","0","pos","166","64.11214953271028","35.88785046728972","64.5224171539961","63.73429084380611"
"708","260","0.3","20","0","pos","0","60.5607476635514","39.4392523364486","59.06432748538012","61.93895870736086"
"703","260","0.3","10","0","pos","166","62.89719626168224","37.10280373831776","63.74269005847953","62.11849192100538"
"706","260","0.1","20","0","pos","166","61.588785046728965","38.41121495327103","61.59844054580896","61.57989228007181"
"702","260","0.2","10","0","pos","166","63.45794392523364","36.54205607476636","64.32748538011695","62.65709156193896"
"709","260","0.4","20","0","pos","0","60.5607476635514","39.4392523364486","59.06432748538012","61.93895870736086"
"708","260","0.3","20","0","pos","69","62.89719626168224","37.10280373831776","60.03898635477582","65.52962298025135"
"707","260","0.2","20","0","pos","0","60.5607476635514","39.4392523364486","59.06432748538012","61.93895870736086"
"704","260","0.4","10","0","pos","166","62.523364485981304","37.47663551401869","61.01364522417154","63.91382405745063"
"710","260","0.5","20","0","pos","0","60.5607476635514","39.4392523364486","59.06432748538012","61.93895870736086"
"703","260","0.3","10","0","pos","259","66.9158878504673","33.084112149532714","67.2514619883041","66.6068222621185"
"709","260","0.4","20","0","pos","69","64.29906542056075","35.700934579439256","65.69200779727096","63.016157989228006"
"706","260","0.1","20","0","pos","259","62.71028037383177","37.28971962616822","63.35282651072125","62.11849192100538"
"702","260","0.2","10","0","pos","259","65.60747663551402","34.39252336448598","66.08187134502924","65.1705565529623"
"710","260","0.5","20","0","pos","69","64.11214953271028","35.88785046728972","63.1578947368421","64.99102333931778"
"707","260","0.2","20","0","pos","69","60.280373831775705","39.719626168224295","58.47953216374269","61.93895870736086"
"708","260","0.3","20","0","pos","166","68.69158878504673","31.308411214953267","67.44639376218323","69.83842010771993"
"704","260","0.4","10","0","pos","259","65.04672897196262","34.953271028037385","63.74269005847953","66.24775583482945"
"711","260","0.1","30","0","pos","0","60.5607476635514","39.4392523364486","59.06432748538012","61.93895870736086"
"705","260","0.5","10","0","pos","259","68.50467289719626","31.49532710280374","68.42105263157895","68.58168761220826"
"709","260","0.4","20","0","pos","166","70.74766355140187","29.252336448598133","71.53996101364523","70.01795332136446"
"710","260","0.5","20","0","pos","166","73.73831775700934","26.261682242990652","73.87914230019493","73.60861759425494"
"707","260","0.2","20","0","pos","166","64.20560747663552","35.794392523364486","65.10721247563353","63.37522441651705"
"712","260","0.2","30","0","pos","0","60.5607476635514","39.4392523364486","59.06432748538012","61.93895870736086"
"711","260","0.1","30","0","pos","69","62.24299065420561","37.75700934579439","62.1832358674464","62.29802513464991"
"708","260","0.3","20","0","pos","259","73.73831775700934","26.261682242990652","70.76023391812866","76.48114901256733"
"710","260","0.5","20","0","pos","259","80","20","79.14230019493176","80.78994614003591"
"713","260","0.3","30","0","pos","0","60.5607476635514","39.4392523364486","59.06432748538012","61.93895870736086"
"712","260","0.2","30","0","pos","69","63.27102803738318","36.728971962616825","61.98830409356725","64.4524236983842"
"709","260","0.4","20","0","pos","259","75.60747663551402","24.39252336448598","76.60818713450293","74.68581687612208"
"707","260","0.2","20","0","pos","259","67.66355140186916","32.33644859813084","68.61598440545808","66.78635547576302"
"711","260","0.1","30","0","pos","166","64.11214953271028","35.88785046728972","65.30214424951268","63.016157989228006"
"713","260","0.3","30","0","pos","69","64.76635514018692","35.23364485981308","63.74269005847953","65.70915619389586"
"711","260","0.1","30","0","pos","259","67.57009345794393","32.429906542056074","68.42105263157895","66.78635547576302"
"712","260","0.2","30","0","pos","166","69.06542056074765","30.934579439252335","67.83625730994152","70.19748653500898"
"713","260","0.3","30","0","pos","166","70.65420560747664","29.345794392523366","69.00584795321637","72.17235188509873"
"716","260","0.1","40","0","pos","0","60.5607476635514","39.4392523364486","59.06432748538012","61.93895870736086"
"715","260","0.5","30","0","pos","0","60.5607476635514","39.4392523364486","59.06432748538012","61.93895870736086"
"716","260","0.1","40","0","pos","69","60.373831775700936","39.626168224299064","59.64912280701754","61.04129263913825"
"712","260","0.2","30","0","pos","259","70.74766355140187","29.252336448598133","70.17543859649122","71.27468581687613"
"713","260","0.3","30","0","pos","259","75.98130841121495","24.018691588785046","74.46393762183236","77.37881508078995"
"715","260","0.5","30","0","pos","69","70.09345794392523","29.906542056074763","71.73489278752436","68.58168761220826"
"719","260","0.4","40","0","pos","0","60.5607476635514","39.4392523364486","59.06432748538012","61.93895870736086"
"718","260","0.3","40","0","pos","0","60.5607476635514","39.4392523364486","59.06432748538012","61.93895870736086"
"716","260","0.1","40","0","pos","166","62.89719626168224","37.10280373831776","60.42884990253411","65.1705565529623"
"721","260","0.1","50","0","pos","0","60.5607476635514","39.4392523364486","59.06432748538012","61.93895870736086"
"717","260","0.2","40","0","pos","0","60.5607476635514","39.4392523364486","59.06432748538012","61.93895870736086"
"719","260","0.4","40","0","pos","69","67.7570093457944","32.242990654205606","68.42105263157895","67.14542190305207"
"714","260","0.4","30","0","pos","0","60.5607476635514","39.4392523364486","59.06432748538012","61.93895870736086"
"716","260","0.1","40","0","pos","259","67.10280373831776","32.89719626168225","65.10721247563353","68.9407540394973"
"721","260","0.1","50","0","pos","69","61.40186915887851","38.598130841121495","62.1832358674464","60.68222621184919"
"718","260","0.3","40","0","pos","69","64.01869158878505","35.981308411214954","64.5224171539961","63.55475763016158"
"717","260","0.2","40","0","pos","69","65.60747663551402","34.39252336448598","66.08187134502924","65.1705565529623"
"719","260","0.4","40","0","pos","166","73.83177570093457","26.168224299065418","72.12475633528264","75.40394973070018"
"723","260","0.3","50","0","pos","0","60.5607476635514","39.4392523364486","59.06432748538012","61.93895870736086"
"722","260","0.2","50","0","pos","0","60.5607476635514","39.4392523364486","59.06432748538012","61.93895870736086"
"715","260","0.5","30","0","pos","166","78.8785046728972","21.121495327102803","77.19298245614034","80.43087971274686"
"714","260","0.4","30","0","pos","69","66.35514018691589","33.64485981308411","64.32748538011695","68.2226211849192"
"721","260","0.1","50","0","pos","166","66.44859813084112","33.55140186915888","68.03118908382066","64.99102333931778"
"717","260","0.2","40","0","pos","166","71.86915887850466","28.130841121495326","71.73489278752436","71.99281867145422"
"723","260","0.3","50","0","pos","69","67.00934579439253","32.99065420560748","66.27680311890838","67.68402154398564"
"719","260","0.4","40","0","pos","259","77.10280373831776","22.897196261682243","75.82846003898635","78.27648114901257"
"725","260","0.5","50","0","pos","0","60.5607476635514","39.4392523364486","59.06432748538012","61.93895870736086"
"718","260","0.3","40","0","pos","166","68.50467289719626","31.49532710280374","69.78557504873294","67.3249551166966"
"720","260","0.5","40","0","pos","0","60.5607476635514","39.4392523364486","59.06432748538012","61.93895870736086"
"714","260","0.4","30","0","pos","166","71.96261682242991","28.037383177570092","70.56530214424951","73.24955116696589"
"721","260","0.1","50","0","pos","259","70.37383177570094","29.626168224299064","70.76023391812866","70.01795332136446"
"717","260","0.2","40","0","pos","259","74.95327102803738","25.04672897196262","73.68421052631578","76.12208258527828"
"725","260","0.5","50","0","pos","69","73.83177570093457","26.168224299065418","74.6588693957115","73.07001795332137"
"722","260","0.2","50","0","pos","69","66.9158878504673","33.084112149532714","66.27680311890838","67.50448833034112"
"720","260","0.5","40","0","pos","69","69.06542056074765","30.934579439252335","66.27680311890838","71.63375224416517"
"724","260","0.4","50","0","pos","0","60.5607476635514","39.4392523364486","59.06432748538012","61.93895870736086"
"723","260","0.3","50","0","pos","166","77.38317757009345","22.61682242990654","76.99805068226121","77.737881508079"
"715","260","0.5","30","0","pos","259","84.95327102803738","15.046728971962617","84.60038986354775","85.27827648114902"
"718","260","0.3","40","0","pos","259","71.02803738317756","28.971962616822427","72.12475633528264","70.01795332136446"
"724","260","0.4","50","0","pos","69","72.61682242990655","27.38317757009346","74.26900584795322","71.0951526032316"
"714","260","0.4","30","0","pos","259","76.63551401869158","23.364485981308412","72.90448343079922","80.07181328545781"
"723","260","0.3","50","0","pos","259","83.3644859813084","16.635514018691588","83.4307992202729","83.30341113105925"
"720","260","0.5","40","0","pos","166","79.34579439252336","20.654205607476637","77.19298245614034","81.32854578096948"
"726","260","0.1","10","0","pos","0","60.5607476635514","39.4392523364486","59.06432748538012","61.93895870736086"
"725","260","0.5","50","0","pos","166","85.32710280373831","14.672897196261683","84.99025341130604","85.63734290843806"
"726","260","0.1","10","0","pos","69","61.12149532710281","38.87850467289719","59.06432748538012","63.016157989228006"
"722","260","0.2","50","0","pos","166","76.63551401869158","23.364485981308412","76.0233918128655","77.19928186714542"
"724","260","0.4","50","0","pos","166","81.96261682242991","18.037383177570092","82.65107212475633","81.32854578096948"
"720","260","0.5","40","0","pos","259","83.45794392523365","16.542056074766357","82.45614035087719","84.38061041292639"
"725","260","0.5","50","0","pos","259","91.6822429906542","8.317757009345794","91.42300194931774","91.92100538599641"
"726","260","0.1","10","0","pos","166","61.49532710280374","38.504672897196265","59.25925925925925","63.55475763016158"
"724","260","0.4","50","0","pos","259","87.85046728971963","12.149532710280374","87.5243664717349","88.1508078994614"
"722","260","0.2","50","0","pos","259","81.6822429906542","18.317757009345794","81.67641325536063","81.68761220825853"
"726","260","0.1","10","0","pos","259","61.86915887850467","38.13084112149533","60.23391812865497","63.37522441651705"
"728","260","0.3","10","0","pos","0","60.5607476635514","39.4392523364486","59.06432748538012","61.93895870736086"
"729","260","0.4","10","0","pos","0","60.5607476635514","39.4392523364486","59.06432748538012","61.93895870736086"
"727","260","0.2","10","0","pos","0","60.5607476635514","39.4392523364486","59.06432748538012","61.93895870736086"
"730","260","0.5","10","0","pos","0","60.5607476635514","39.4392523364486","59.06432748538012","61.93895870736086"
"731","260","0.1","20","0","pos","0","60.5607476635514","39.4392523364486","59.06432748538012","61.93895870736086"
"728","260","0.3","10","0","pos","69","59.90654205607476","40.09345794392523","59.64912280701754","60.14362657091562"
"729","260","0.4","10","0","pos","69","63.084112149532714","36.915887850467286","63.93762183235867","62.29802513464991"
"727","260","0.2","10","0","pos","69","60.5607476635514","39.4392523364486","59.25925925925925","61.759425493716336"
"731","260","0.1","20","0","pos","69","61.77570093457943","38.22429906542056","60.42884990253411","63.016157989228006"
"730","260","0.5","10","0","pos","69","62.05607476635514","37.94392523364486","62.768031189083814","61.40035906642729"
"733","260","0.3","20","0","pos","0","60.5607476635514","39.4392523364486","59.06432748538012","61.93895870736086"
"728","260","0.3","10","0","pos","166","63.177570093457945","36.822429906542055","62.96296296296296","63.37522441651705"
"727","260","0.2","10","0","pos","166","63.084112149532714","36.915887850467286","61.59844054580896","64.4524236983842"
"732","260","0.2","20","0","pos","0","60.5607476635514","39.4392523364486","59.06432748538012","61.93895870736086"
"729","260","0.4","10","0","pos","166","65.60747663551402","34.39252336448598","66.8615984405458","64.4524236983842"
"733","260","0.3","20","0","pos","69","63.45794392523364","36.54205607476636","62.57309941520468","64.27289048473968"
"732","260","0.2","20","0","pos","69","61.86915887850467","38.13084112149533","59.4541910331384","64.09335727109516"
"730","260","0.5","10","0","pos","166","64.95327102803739","35.046728971962615","66.8615984405458","63.19569120287253"
"727","260","0.2","10","0","pos","259","65.60747663551402","34.39252336448598","64.32748538011695","66.78635547576302"
"728","260","0.3","10","0","pos","259","64.76635514018692","35.23364485981308","64.32748538011695","65.1705565529623"
"731","260","0.1","20","0","pos","166","63.925233644859816","36.074766355140184","63.35282651072125","64.4524236983842"
"729","260","0.4","10","0","pos","259","66.72897196261682","33.271028037383175","68.61598440545808","64.99102333931778"
"734","260","0.4","20","0","pos","0","60.5607476635514","39.4392523364486","59.06432748538012","61.93895870736086"
"736","260","0.1","30","0","pos","0","60.5607476635514","39.4392523364486","59.06432748538012","61.93895870736086"
"731","260","0.1","20","0","pos","259","66.26168224299064","33.73831775700935","65.49707602339181","66.96588868940754"
"733","260","0.3","20","0","pos","166","69.34579439252336","30.654205607476637","67.83625730994152","70.73608617594255"
"734","260","0.4","20","0","pos","69","65.04672897196262","34.953271028037385","66.8615984405458","63.37522441651705"
"736","260","0.1","30","0","pos","69","61.308411214953274","38.691588785046726","61.01364522417154","61.57989228007181"
"732","260","0.2","20","0","pos","166","66.9158878504673","33.084112149532714","64.71734892787524","68.9407540394973"
"735","260","0.5","20","0","pos","0","60.5607476635514","39.4392523364486","59.06432748538012","61.93895870736086"
"730","260","0.5","10","0","pos","259","67.38317757009345","32.61682242990654","67.05653021442495","67.68402154398564"
"733","260","0.3","20","0","pos","259","72.42990654205607","27.570093457943923","71.73489278752436","73.07001795332137"
"734","260","0.4","20","0","pos","166","69.25233644859813","30.74766355140187","70.17543859649122","68.40215439856372"
"736","260","0.1","30","0","pos","166","64.39252336448598","35.60747663551402","63.1578947368421","65.52962298025135"
"732","260","0.2","20","0","pos","259","71.77570093457943","28.22429906542056","69.5906432748538","73.78815080789947"
"737","260","0.2","30","0","pos","0","60.5607476635514","39.4392523364486","59.06432748538012","61.93895870736086"
"738","260","0.3","30","0","pos","0","60.5607476635514","39.4392523364486","59.06432748538012","61.93895870736086"
"734","260","0.4","20","0","pos","259","72.80373831775701","27.19626168224299","73.87914230019493","71.8132854578097"
"735","260","0.5","20","0","pos","69","62.523364485981304","37.47663551401869","60.42884990253411","64.4524236983842"
"736","260","0.1","30","0","pos","259","66.35514018691589","33.64485981308411","64.5224171539961","68.04308797127469"
"737","260","0.2","30","0","pos","69","61.6822429906542","38.31775700934579","59.4541910331384","63.73429084380611"
"740","260","0.5","30","0","pos","0","60.5607476635514","39.4392523364486","59.06432748538012","61.93895870736086"
"739","260","0.4","30","0","pos","0","60.5607476635514","39.4392523364486","59.06432748538012","61.93895870736086"
"738","260","0.3","30","0","pos","69","64.85981308411215","35.14018691588785","64.91228070175438","64.81149012567326"
"741","260","0.1","40","0","pos","0","60.5607476635514","39.4392523364486","59.06432748538012","61.93895870736086"
"740","260","0.5","30","0","pos","69","68.03738317757009","31.962616822429908","67.44639376218323","68.58168761220826"
"739","260","0.4","30","0","pos","69","65.23364485981308","34.76635514018692","66.27680311890838","64.27289048473968"
"742","260","0.2","40","0","pos","0","60.5607476635514","39.4392523364486","59.06432748538012","61.93895870736086"
"741","260","0.1","40","0","pos","69","62.523364485981304","37.47663551401869","61.59844054580896","63.37522441651705"
"735","260","0.5","20","0","pos","166","67.94392523364486","32.05607476635514","65.8869395711501","69.83842010771993"
"742","260","0.2","40","0","pos","69","63.925233644859816","36.074766355140184","63.1578947368421","64.63195691202873"
"740","260","0.5","30","0","pos","166","75.79439252336448","24.205607476635514","75.6335282651072","75.94254937163375"
"739","260","0.4","30","0","pos","166","72.42990654205607","27.570093457943923","73.09941520467837","71.8132854578097"
"743","260","0.3","40","0","pos","0","60.5607476635514","39.4392523364486","59.06432748538012","61.93895870736086"
"737","260","0.2","30","0","pos","166","67.38317757009345","32.61682242990654","65.8869395711501","68.76122082585279"
"744","260","0.4","40","0","pos","0","60.5607476635514","39.4392523364486","59.06432748538012","61.93895870736086"
"738","260","0.3","30","0","pos","166","72.33644859813084","27.663551401869157","73.09941520467837","71.63375224416517"
"741","260","0.1","40","0","pos","166","67.10280373831776","32.89719626168225","67.64132553606238","66.6068222621185"
"743","260","0.3","40","0","pos","69","65.51401869158879","34.48598130841122","67.83625730994152","63.37522441651705"
"745","260","0.5","40","0","pos","0","60.5607476635514","39.4392523364486","59.06432748538012","61.93895870736086"
"739","260","0.4","30","0","pos","259","74.67289719626167","25.327102803738317","73.87914230019493","75.40394973070018"
"740","260","0.5","30","0","pos","259","82.5233644859813","17.476635514018692","82.84600389863547","82.2262118491921"
"746","260","0.1","50","0","pos","0","60.5607476635514","39.4392523364486","59.06432748538012","61.93895870736086"
"737","260","0.2","30","0","pos","259","70.46728971962617","29.53271028037383","69.00584795321637","71.8132854578097"
"745","260","0.5","40","0","pos","69","71.21495327102804","28.785046728971963","72.90448343079922","69.6588868940754"
"742","260","0.2","40","0","pos","166","71.30841121495327","28.69158878504673","69.78557504873294","72.71095152603232"
"735","260","0.5","20","0","pos","259","73.83177570093457","26.168224299065418","72.31968810916179","75.22441651705566"
"743","260","0.3","40","0","pos","166","73.73831775700934","26.261682242990652","75.6335282651072","71.99281867145422"
"738","260","0.3","30","0","pos","259","80.18691588785046","19.813084112149532","80.31189083820662","80.07181328545781"
"747","260","0.2","50","0","pos","0","60.5607476635514","39.4392523364486","59.06432748538012","61.93895870736086"
"746","260","0.1","50","0","pos","69","62.616822429906534","37.38317757009346","63.1578947368421","62.11849192100538"
"744","260","0.4","40","0","pos","69","69.1588785046729","30.8411214953271","67.2514619883041","70.91561938958706"
"741","260","0.1","40","0","pos","259","69.53271028037383","30.467289719626166","69.39571150097466","69.6588868940754"
"747","260","0.2","50","0","pos","69","65.60747663551402","34.39252336448598","64.71734892787524","66.42728904847397"
"743","260","0.3","40","0","pos","259","78.22429906542057","21.77570093457944","79.72709551656921","76.84021543985638"
"745","260","0.5","40","0","pos","166","79.53271028037383","20.46728971962617","80.11695906432749","78.99461400359067"
"742","260","0.2","40","0","pos","259","75.79439252336448","24.205607476635514","73.68421052631578","77.737881508079"
"744","260","0.4","40","0","pos","166","77.75700934579439","22.242990654205606","76.99805068226121","78.45601436265709"
"747","260","0.2","50","0","pos","166","71.40186915887851","28.598130841121495","70.76023391812866","71.99281867145422"
"745","260","0.5","40","0","pos","259","86.35514018691589","13.644859813084112","86.54970760233918","86.17594254937163"
"744","260","0.4","40","0","pos","259","81.49532710280374","18.50467289719626","80.7017543859649","82.2262118491921"
"746","260","0.1","50","0","pos","166","70.2803738317757","29.719626168224302","71.53996101364523","69.12028725314184"
"747","260","0.2","50","0","pos","259","75.79439252336448","24.205607476635514","75.6335282651072","75.94254937163375"
"749","260","0.4","50","0","pos","0","60.5607476635514","39.4392523364486","59.06432748538012","61.93895870736086"
"748","260","0.3","50","0","pos","0","60.5607476635514","39.4392523364486","59.06432748538012","61.93895870736086"
"750","260","0.5","50","0","pos","0","60.5607476635514","39.4392523364486","59.06432748538012","61.93895870736086"
"746","260","0.1","50","0","pos","259","73.83177570093457","26.168224299065418","74.6588693957115","73.07001795332137"
"749","260","0.4","50","0","pos","69","70.46728971962617","29.53271028037383","67.05653021442495","73.60861759425494"
"748","260","0.3","50","0","pos","69","69.81308411214954","30.186915887850468","70.56530214424951","69.12028725314184"
"750","260","0.5","50","0","pos","69","73.45794392523365","26.542056074766357","72.31968810916179","74.50628366247756"
"749","260","0.4","50","0","pos","166","80","20","77.38791423001949","82.40574506283662"
"750","260","0.5","50","0","pos","166","85.79439252336448","14.205607476635516","83.62573099415205","87.79174147217235"
"748","260","0.3","50","0","pos","166","76.63551401869158","23.364485981308412","75.43859649122807","77.737881508079"
"749","260","0.4","50","0","pos","259","85.32710280373831","14.672897196261683","83.4307992202729","87.07360861759426"
"750","260","0.5","50","0","pos","259","92.05607476635514","7.943925233644859","90.64327485380117","93.35727109515261"
"748","260","0.3","50","0","pos","259","83.55140186915888","16.448598130841123","83.23586744639377","83.84201077199282"
