"BehaviorSpace results (NetLogo 7.0.2)","Table version 2.0"
"modelo_redes_preferenciales.nlogox"
"best-config-pos-general-small-world"
"06/23/2026 21:03:21:717 -0500"
"min-pxcor","max-pxcor","min-pycor","max-pycor"
"-16","16","-16","16"
"[run number]","total-ticks","learning-rate","pairs-per-tick","confidence-threshold","influence-type","network-type","[step]","percentage-a","male-percentage-a","female-percentage-a"
"1","260","0.3","10","0","pos","small-world","0","60.5607476635514","59.06432748538012","61.93895870736086"
"6","260","0.3","10","0","pos","small-world","0","60.5607476635514","59.06432748538012","61.93895870736086"
"2","260","0.3","10","0","pos","small-world","0","60.5607476635514","59.06432748538012","61.93895870736086"
"5","260","0.3","10","0","pos","small-world","0","60.5607476635514","59.06432748538012","61.93895870736086"
"4","260","0.3","10","0","pos","small-world","0","60.5607476635514","59.06432748538012","61.93895870736086"
"7","260","0.3","10","0","pos","small-world","0","60.5607476635514","59.06432748538012","61.93895870736086"
"9","260","0.3","10","0","pos","small-world","0","60.5607476635514","59.06432748538012","61.93895870736086"
"8","260","0.3","10","0","pos","small-world","0","60.5607476635514","59.06432748538012","61.93895870736086"
"3","260","0.3","10","0","pos","small-world","0","60.5607476635514","59.06432748538012","61.93895870736086"
"9","260","0.3","10","0","pos","small-world","1","60.46728971962617","59.06432748538012","61.759425493716336"
"4","260","0.3","10","0","pos","small-world","1","60.5607476635514","58.86939571150097","62.11849192100538"
"2","260","0.3","10","0","pos","small-world","1","60.373831775700936","58.86939571150097","61.759425493716336"
"1","260","0.3","10","0","pos","small-world","1","60.5607476635514","59.06432748538012","61.93895870736086"
"7","260","0.3","10","0","pos","small-world","1","60.280373831775705","58.67446393762184","61.759425493716336"
"8","260","0.3","10","0","pos","small-world","1","60.65420560747663","59.06432748538012","62.11849192100538"
"6","260","0.3","10","0","pos","small-world","1","60.5607476635514","59.25925925925925","61.759425493716336"
"3","260","0.3","10","0","pos","small-world","1","60.65420560747663","59.25925925925925","61.93895870736086"
"5","260","0.3","10","0","pos","small-world","1","60.5607476635514","59.06432748538012","61.93895870736086"
"2","260","0.3","10","0","pos","small-world","2","60.373831775700936","59.06432748538012","61.57989228007181"
"9","260","0.3","10","0","pos","small-world","2","60.280373831775705","58.86939571150097","61.57989228007181"
"1","260","0.3","10","0","pos","small-world","2","60.747663551401864","59.25925925925925","62.11849192100538"
"8","260","0.3","10","0","pos","small-world","2","60.65420560747663","59.06432748538012","62.11849192100538"
"7","260","0.3","10","0","pos","small-world","2","60","58.67446393762184","61.22082585278277"
"9","260","0.3","10","0","pos","small-world","3","60.09345794392523","58.67446393762184","61.40035906642729"
"2","260","0.3","10","0","pos","small-world","3","60.18691588785047","59.06432748538012","61.22082585278277"
"8","260","0.3","10","0","pos","small-world","3","60.65420560747663","59.06432748538012","62.11849192100538"
"2","260","0.3","10","0","pos","small-world","4","60.09345794392523","59.06432748538012","61.04129263913825"
"9","260","0.3","10","0","pos","small-world","4","60","58.47953216374269","61.40035906642729"
"6","260","0.3","10","0","pos","small-world","2","60.46728971962617","59.06432748538012","61.759425493716336"
"7","260","0.3","10","0","pos","small-world","3","60.18691588785047","58.67446393762184","61.57989228007181"
"5","260","0.3","10","0","pos","small-world","2","60.5607476635514","59.06432748538012","61.93895870736086"
"8","260","0.3","10","0","pos","small-world","4","60.8411214953271","59.4541910331384","62.11849192100538"
"1","260","0.3","10","0","pos","small-world","3","60.8411214953271","59.25925925925925","62.29802513464991"
"4","260","0.3","10","0","pos","small-world","2","60.5607476635514","58.86939571150097","62.11849192100538"
"2","260","0.3","10","0","pos","small-world","5","60.09345794392523","58.86939571150097","61.22082585278277"
"9","260","0.3","10","0","pos","small-world","5","60","58.47953216374269","61.40035906642729"
"7","260","0.3","10","0","pos","small-world","4","60.373831775700936","58.86939571150097","61.759425493716336"
"8","260","0.3","10","0","pos","small-world","5","60.8411214953271","59.4541910331384","62.11849192100538"
"3","260","0.3","10","0","pos","small-world","2","60.46728971962617","59.25925925925925","61.57989228007181"
"1","260","0.3","10","0","pos","small-world","4","60.93457943925233","59.25925925925925","62.47755834829444"
"6","260","0.3","10","0","pos","small-world","3","60.5607476635514","58.86939571150097","62.11849192100538"
"5","260","0.3","10","0","pos","small-world","3","60.65420560747663","59.25925925925925","61.93895870736086"
"7","260","0.3","10","0","pos","small-world","5","60.5607476635514","58.86939571150097","62.11849192100538"
"2","260","0.3","10","0","pos","small-world","6","60.18691588785047","59.06432748538012","61.22082585278277"
"8","260","0.3","10","0","pos","small-world","6","60.65420560747663","59.25925925925925","61.93895870736086"
"9","260","0.3","10","0","pos","small-world","6","59.90654205607476","58.28460038986355","61.40035906642729"
"4","260","0.3","10","0","pos","small-world","3","60.46728971962617","58.67446393762184","62.11849192100538"
"1","260","0.3","10","0","pos","small-world","5","60.93457943925233","59.06432748538012","62.65709156193896"
"6","260","0.3","10","0","pos","small-world","4","60.5607476635514","58.86939571150097","62.11849192100538"
"3","260","0.3","10","0","pos","small-world","3","60.65420560747663","59.4541910331384","61.759425493716336"
"7","260","0.3","10","0","pos","small-world","6","60.5607476635514","58.67446393762184","62.29802513464991"
"2","260","0.3","10","0","pos","small-world","7","60","58.86939571150097","61.04129263913825"
"9","260","0.3","10","0","pos","small-world","7","60","58.47953216374269","61.40035906642729"
"8","260","0.3","10","0","pos","small-world","7","60.5607476635514","59.06432748538012","61.93895870736086"
"5","260","0.3","10","0","pos","small-world","4","60.65420560747663","59.25925925925925","61.93895870736086"
"1","260","0.3","10","0","pos","small-world","6","60.5607476635514","58.86939571150097","62.11849192100538"
"2","260","0.3","10","0","pos","small-world","8","59.90654205607476","58.86939571150097","60.86175942549371"
"4","260","0.3","10","0","pos","small-world","4","60.65420560747663","58.67446393762184","62.47755834829444"
"3","260","0.3","10","0","pos","small-world","4","60.46728971962617","59.25925925925925","61.57989228007181"
"8","260","0.3","10","0","pos","small-world","8","60.5607476635514","59.06432748538012","61.93895870736086"
"6","260","0.3","10","0","pos","small-world","5","60.65420560747663","59.06432748538012","62.11849192100538"
"9","260","0.3","10","0","pos","small-world","8","60.18691588785047","58.67446393762184","61.57989228007181"
"4","260","0.3","10","0","pos","small-world","5","60.46728971962617","58.67446393762184","62.11849192100538"
"2","260","0.3","10","0","pos","small-world","9","60.09345794392523","58.67446393762184","61.40035906642729"
"7","260","0.3","10","0","pos","small-world","7","60.5607476635514","58.67446393762184","62.29802513464991"
"1","260","0.3","10","0","pos","small-world","7","60.373831775700936","58.67446393762184","61.93895870736086"
"8","260","0.3","10","0","pos","small-world","9","60.5607476635514","59.06432748538012","61.93895870736086"
"5","260","0.3","10","0","pos","small-world","5","60.747663551401864","59.25925925925925","62.11849192100538"
"3","260","0.3","10","0","pos","small-world","5","60.5607476635514","59.64912280701754","61.40035906642729"
"2","260","0.3","10","0","pos","small-world","10","60.09345794392523","58.67446393762184","61.40035906642729"
"4","260","0.3","10","0","pos","small-world","6","60.373831775700936","58.67446393762184","61.93895870736086"
"9","260","0.3","10","0","pos","small-world","9","60","58.67446393762184","61.22082585278277"
"7","260","0.3","10","0","pos","small-world","8","60.747663551401864","58.86939571150097","62.47755834829444"
"8","260","0.3","10","0","pos","small-world","10","60.373831775700936","58.86939571150097","61.759425493716336"
"1","260","0.3","10","0","pos","small-world","8","60.46728971962617","58.47953216374269","62.29802513464991"
"5","260","0.3","10","0","pos","small-world","6","60.747663551401864","59.4541910331384","61.93895870736086"
"4","260","0.3","10","0","pos","small-world","7","60.373831775700936","58.67446393762184","61.93895870736086"
"6","260","0.3","10","0","pos","small-world","6","60.46728971962617","58.86939571150097","61.93895870736086"
"1","260","0.3","10","0","pos","small-world","9","60.46728971962617","58.47953216374269","62.29802513464991"
"8","260","0.3","10","0","pos","small-world","11","60.46728971962617","58.86939571150097","61.93895870736086"
"9","260","0.3","10","0","pos","small-world","10","60.09345794392523","58.67446393762184","61.40035906642729"
"3","260","0.3","10","0","pos","small-world","6","60.373831775700936","59.25925925925925","61.40035906642729"
"7","260","0.3","10","0","pos","small-world","9","60.8411214953271","58.86939571150097","62.65709156193896"
"2","260","0.3","10","0","pos","small-world","11","59.90654205607476","58.47953216374269","61.22082585278277"
"5","260","0.3","10","0","pos","small-world","7","60.65420560747663","59.25925925925925","61.93895870736086"
"8","260","0.3","10","0","pos","small-world","12","60.46728971962617","58.67446393762184","62.11849192100538"
"4","260","0.3","10","0","pos","small-world","8","60.373831775700936","58.67446393762184","61.93895870736086"
"7","260","0.3","10","0","pos","small-world","10","60.747663551401864","58.86939571150097","62.47755834829444"
"9","260","0.3","10","0","pos","small-world","11","60.18691588785047","58.86939571150097","61.40035906642729"
"6","260","0.3","10","0","pos","small-world","7","60.46728971962617","59.06432748538012","61.759425493716336"
"2","260","0.3","10","0","pos","small-world","12","60","58.67446393762184","61.22082585278277"
"8","260","0.3","10","0","pos","small-world","13","60.5607476635514","58.86939571150097","62.11849192100538"
"3","260","0.3","10","0","pos","small-world","7","60.373831775700936","59.4541910331384","61.22082585278277"
"1","260","0.3","10","0","pos","small-world","10","60.373831775700936","58.47953216374269","62.11849192100538"
"7","260","0.3","10","0","pos","small-world","11","60.8411214953271","59.06432748538012","62.47755834829444"
"4","260","0.3","10","0","pos","small-world","9","60.280373831775705","58.67446393762184","61.759425493716336"
"5","260","0.3","10","0","pos","small-world","8","60.747663551401864","59.4541910331384","61.93895870736086"
"2","260","0.3","10","0","pos","small-world","13","60.09345794392523","58.86939571150097","61.22082585278277"
"9","260","0.3","10","0","pos","small-world","12","60.18691588785047","58.86939571150097","61.40035906642729"
"7","260","0.3","10","0","pos","small-world","12","60.747663551401864","59.06432748538012","62.29802513464991"
"8","260","0.3","10","0","pos","small-world","14","60.373831775700936","58.67446393762184","61.93895870736086"
"1","260","0.3","10","0","pos","small-world","11","60.373831775700936","58.47953216374269","62.11849192100538"
"6","260","0.3","10","0","pos","small-world","8","60.46728971962617","58.86939571150097","61.93895870736086"
"9","260","0.3","10","0","pos","small-world","13","60.09345794392523","58.67446393762184","61.40035906642729"
"7","260","0.3","10","0","pos","small-world","13","60.5607476635514","59.06432748538012","61.93895870736086"
"2","260","0.3","10","0","pos","small-world","14","60.09345794392523","58.86939571150097","61.22082585278277"
"8","260","0.3","10","0","pos","small-world","15","60.373831775700936","58.47953216374269","62.11849192100538"
"3","260","0.3","10","0","pos","small-world","8","60.280373831775705","59.25925925925925","61.22082585278277"
"5","260","0.3","10","0","pos","small-world","9","60.373831775700936","59.25925925925925","61.40035906642729"
"4","260","0.3","10","0","pos","small-world","10","60.280373831775705","58.67446393762184","61.759425493716336"
"1","260","0.3","10","0","pos","small-world","12","60.373831775700936","58.47953216374269","62.11849192100538"
"7","260","0.3","10","0","pos","small-world","14","60.5607476635514","59.4541910331384","61.57989228007181"
"6","260","0.3","10","0","pos","small-world","9","60.46728971962617","58.86939571150097","61.93895870736086"
"8","260","0.3","10","0","pos","small-world","16","60.46728971962617","58.47953216374269","62.29802513464991"
"2","260","0.3","10","0","pos","small-world","15","60.280373831775705","59.06432748538012","61.40035906642729"
"4","260","0.3","10","0","pos","small-world","11","60.65420560747663","59.4541910331384","61.759425493716336"
"9","260","0.3","10","0","pos","small-world","14","59.90654205607476","58.28460038986355","61.40035906642729"
"1","260","0.3","10","0","pos","small-world","13","60.373831775700936","58.67446393762184","61.93895870736086"
"3","260","0.3","10","0","pos","small-world","9","60.373831775700936","59.4541910331384","61.22082585278277"
"6","260","0.3","10","0","pos","small-world","10","60.5607476635514","58.86939571150097","62.11849192100538"
"5","260","0.3","10","0","pos","small-world","10","60.18691588785047","59.06432748538012","61.22082585278277"
"8","260","0.3","10","0","pos","small-world","17","60.5607476635514","58.67446393762184","62.29802513464991"
"2","260","0.3","10","0","pos","small-world","16","60.46728971962617","59.25925925925925","61.57989228007181"
"9","260","0.3","10","0","pos","small-world","15","60","58.28460038986355","61.57989228007181"
"7","260","0.3","10","0","pos","small-world","15","60.747663551401864","59.64912280701754","61.759425493716336"
"4","260","0.3","10","0","pos","small-world","12","60.65420560747663","59.4541910331384","61.759425493716336"
"1","260","0.3","10","0","pos","small-world","14","60.280373831775705","58.67446393762184","61.759425493716336"
"2","260","0.3","10","0","pos","small-world","17","60.373831775700936","59.06432748538012","61.57989228007181"
"9","260","0.3","10","0","pos","small-world","16","60.18691588785047","58.47953216374269","61.759425493716336"
"7","260","0.3","10","0","pos","small-world","16","60.65420560747663","59.64912280701754","61.57989228007181"
"5","260","0.3","10","0","pos","small-world","11","60.18691588785047","58.86939571150097","61.40035906642729"
"3","260","0.3","10","0","pos","small-world","10","60.373831775700936","59.25925925925925","61.40035906642729"
"6","260","0.3","10","0","pos","small-world","11","60.46728971962617","58.67446393762184","62.11849192100538"
"8","260","0.3","10","0","pos","small-world","18","60.46728971962617","58.67446393762184","62.11849192100538"
"2","260","0.3","10","0","pos","small-world","18","60.18691588785047","59.06432748538012","61.22082585278277"
"4","260","0.3","10","0","pos","small-world","13","60.65420560747663","59.4541910331384","61.759425493716336"
"1","260","0.3","10","0","pos","small-world","15","60.280373831775705","58.67446393762184","61.759425493716336"
"8","260","0.3","10","0","pos","small-world","19","60.747663551401864","59.25925925925925","62.11849192100538"
"6","260","0.3","10","0","pos","small-world","12","60.5607476635514","58.86939571150097","62.11849192100538"
"3","260","0.3","10","0","pos","small-world","11","60.280373831775705","59.25925925925925","61.22082585278277"
"7","260","0.3","10","0","pos","small-world","17","60.747663551401864","59.84405458089669","61.57989228007181"
"9","260","0.3","10","0","pos","small-world","17","60.18691588785047","58.28460038986355","61.93895870736086"
"5","260","0.3","10","0","pos","small-world","12","60.18691588785047","58.86939571150097","61.40035906642729"
"2","260","0.3","10","0","pos","small-world","19","60.09345794392523","58.67446393762184","61.40035906642729"
"1","260","0.3","10","0","pos","small-world","16","60.65420560747663","58.86939571150097","62.29802513464991"
"7","260","0.3","10","0","pos","small-world","18","60.93457943925233","60.03898635477582","61.759425493716336"
"8","260","0.3","10","0","pos","small-world","20","60.8411214953271","59.4541910331384","62.11849192100538"
"9","260","0.3","10","0","pos","small-world","18","60.280373831775705","58.28460038986355","62.11849192100538"
"2","260","0.3","10","0","pos","small-world","20","60.373831775700936","58.86939571150097","61.759425493716336"
"6","260","0.3","10","0","pos","small-world","13","60.65420560747663","58.67446393762184","62.47755834829444"
"3","260","0.3","10","0","pos","small-world","12","60.373831775700936","59.4541910331384","61.22082585278277"
"4","260","0.3","10","0","pos","small-world","14","60.65420560747663","59.4541910331384","61.759425493716336"
"7","260","0.3","10","0","pos","small-world","19","61.21495327102804","60.23391812865497","62.11849192100538"
"8","260","0.3","10","0","pos","small-world","21","60.5607476635514","59.25925925925925","61.759425493716336"
"1","260","0.3","10","0","pos","small-world","17","60.65420560747663","58.67446393762184","62.47755834829444"
"2","260","0.3","10","0","pos","small-world","21","60.46728971962617","59.06432748538012","61.759425493716336"
"9","260","0.3","10","0","pos","small-world","19","60.18691588785047","58.28460038986355","61.93895870736086"
"7","260","0.3","10","0","pos","small-world","20","61.21495327102804","60.23391812865497","62.11849192100538"
"4","260","0.3","10","0","pos","small-world","15","60.65420560747663","59.25925925925925","61.93895870736086"
"2","260","0.3","10","0","pos","small-world","22","60.5607476635514","59.25925925925925","61.759425493716336"
"1","260","0.3","10","0","pos","small-world","18","60.65420560747663","58.86939571150097","62.29802513464991"
"9","260","0.3","10","0","pos","small-world","20","60.18691588785047","58.0896686159844","62.11849192100538"
"3","260","0.3","10","0","pos","small-world","13","60.373831775700936","59.64912280701754","61.04129263913825"
"5","260","0.3","10","0","pos","small-world","13","60.18691588785047","58.86939571150097","61.40035906642729"
"6","260","0.3","10","0","pos","small-world","14","60.46728971962617","58.67446393762184","62.11849192100538"
"2","260","0.3","10","0","pos","small-world","23","60.65420560747663","59.64912280701754","61.57989228007181"
"7","260","0.3","10","0","pos","small-world","21","61.308411214953274","60.03898635477582","62.47755834829444"
"4","260","0.3","10","0","pos","small-world","16","60.46728971962617","58.86939571150097","61.93895870736086"
"1","260","0.3","10","0","pos","small-world","19","60.747663551401864","58.86939571150097","62.47755834829444"
"9","260","0.3","10","0","pos","small-world","21","60.18691588785047","58.0896686159844","62.11849192100538"
"7","260","0.3","10","0","pos","small-world","22","61.12149532710281","59.84405458089669","62.29802513464991"
"6","260","0.3","10","0","pos","small-world","15","60.280373831775705","58.47953216374269","61.93895870736086"
"4","260","0.3","10","0","pos","small-world","17","60.747663551401864","58.86939571150097","62.47755834829444"
"2","260","0.3","10","0","pos","small-world","24","60.747663551401864","59.84405458089669","61.57989228007181"
"5","260","0.3","10","0","pos","small-world","14","60.09345794392523","58.86939571150097","61.22082585278277"
"1","260","0.3","10","0","pos","small-world","20","60.93457943925233","59.06432748538012","62.65709156193896"
"3","260","0.3","10","0","pos","small-world","14","60.46728971962617","59.64912280701754","61.22082585278277"
"9","260","0.3","10","0","pos","small-world","22","60.09345794392523","58.0896686159844","61.93895870736086"
"7","260","0.3","10","0","pos","small-world","23","61.12149532710281","59.84405458089669","62.29802513464991"
"4","260","0.3","10","0","pos","small-world","18","60.65420560747663","59.06432748538012","62.11849192100538"
"6","260","0.3","10","0","pos","small-world","16","60.18691588785047","58.28460038986355","61.93895870736086"
"5","260","0.3","10","0","pos","small-world","15","60.373831775700936","59.25925925925925","61.40035906642729"
"2","260","0.3","10","0","pos","small-world","25","60.747663551401864","59.84405458089669","61.57989228007181"
"7","260","0.3","10","0","pos","small-world","24","61.308411214953274","60.03898635477582","62.47755834829444"
"3","260","0.3","10","0","pos","small-world","15","60.373831775700936","59.64912280701754","61.04129263913825"
"1","260","0.3","10","0","pos","small-world","21","60.65420560747663","58.67446393762184","62.47755834829444"
"2","260","0.3","10","0","pos","small-world","26","60.8411214953271","59.84405458089669","61.759425493716336"
"9","260","0.3","10","0","pos","small-world","23","60.09345794392523","58.0896686159844","61.93895870736086"
"4","260","0.3","10","0","pos","small-world","19","60.65420560747663","59.25925925925925","61.93895870736086"
"6","260","0.3","10","0","pos","small-world","17","60.18691588785047","58.47953216374269","61.759425493716336"
"5","260","0.3","10","0","pos","small-world","16","60.46728971962617","59.4541910331384","61.40035906642729"
"7","260","0.3","10","0","pos","small-world","25","61.49532710280374","60.23391812865497","62.65709156193896"
"2","260","0.3","10","0","pos","small-world","27","60.8411214953271","59.84405458089669","61.759425493716336"
"1","260","0.3","10","0","pos","small-world","22","60.747663551401864","58.86939571150097","62.47755834829444"
"3","260","0.3","10","0","pos","small-world","16","60.18691588785047","59.4541910331384","60.86175942549371"
"9","260","0.3","10","0","pos","small-world","24","60","57.69980506822612","62.11849192100538"
"7","260","0.3","10","0","pos","small-world","26","61.6822429906542","60.03898635477582","63.19569120287253"
"2","260","0.3","10","0","pos","small-world","28","60.46728971962617","59.64912280701754","61.22082585278277"
"4","260","0.3","10","0","pos","small-world","20","60.5607476635514","59.06432748538012","61.93895870736086"
"6","260","0.3","10","0","pos","small-world","18","60.46728971962617","58.86939571150097","61.93895870736086"
"5","260","0.3","10","0","pos","small-world","17","60.46728971962617","59.4541910331384","61.40035906642729"
"1","260","0.3","10","0","pos","small-world","23","60.747663551401864","58.86939571150097","62.47755834829444"
"2","260","0.3","10","0","pos","small-world","29","60.46728971962617","59.84405458089669","61.04129263913825"
"9","260","0.3","10","0","pos","small-world","25","59.813084112149525","57.69980506822612","61.759425493716336"
"4","260","0.3","10","0","pos","small-world","21","60.5607476635514","59.06432748538012","61.93895870736086"
"3","260","0.3","10","0","pos","small-world","17","60.09345794392523","59.25925925925925","60.86175942549371"
"7","260","0.3","10","0","pos","small-world","27","61.49532710280374","60.03898635477582","62.83662477558348"
"1","260","0.3","10","0","pos","small-world","24","60.8411214953271","58.86939571150097","62.65709156193896"
"9","260","0.3","10","0","pos","small-world","26","59.7196261682243","57.69980506822612","61.57989228007181"
"5","260","0.3","10","0","pos","small-world","18","60.46728971962617","59.4541910331384","61.40035906642729"
"6","260","0.3","10","0","pos","small-world","19","60.5607476635514","58.86939571150097","62.11849192100538"
"2","260","0.3","10","0","pos","small-world","30","60.65420560747663","60.03898635477582","61.22082585278277"
"4","260","0.3","10","0","pos","small-world","22","60.46728971962617","58.86939571150097","61.93895870736086"
"3","260","0.3","10","0","pos","small-world","18","60.280373831775705","59.4541910331384","61.04129263913825"
"7","260","0.3","10","0","pos","small-world","28","61.40186915887851","60.03898635477582","62.65709156193896"
"6","260","0.3","10","0","pos","small-world","20","60.65420560747663","59.06432748538012","62.11849192100538"
"2","260","0.3","10","0","pos","small-world","31","60.5607476635514","60.03898635477582","61.04129263913825"
"1","260","0.3","10","0","pos","small-world","25","61.02803738317757","59.06432748538012","62.83662477558348"
"3","260","0.3","10","0","pos","small-world","19","60.09345794392523","59.25925925925925","60.86175942549371"
"4","260","0.3","10","0","pos","small-world","23","60.373831775700936","58.67446393762184","61.93895870736086"
"5","260","0.3","10","0","pos","small-world","19","60.5607476635514","59.4541910331384","61.57989228007181"
"9","260","0.3","10","0","pos","small-world","27","59.90654205607476","57.89473684210527","61.759425493716336"
"7","260","0.3","10","0","pos","small-world","29","61.308411214953274","59.84405458089669","62.65709156193896"
"2","260","0.3","10","0","pos","small-world","32","60.46728971962617","59.84405458089669","61.04129263913825"
"6","260","0.3","10","0","pos","small-world","21","60.46728971962617","58.86939571150097","61.93895870736086"
"3","260","0.3","10","0","pos","small-world","20","60.09345794392523","59.25925925925925","60.86175942549371"
"1","260","0.3","10","0","pos","small-world","26","61.02803738317757","59.06432748538012","62.83662477558348"
"5","260","0.3","10","0","pos","small-world","20","60.65420560747663","59.4541910331384","61.759425493716336"
"9","260","0.3","10","0","pos","small-world","28","60","58.0896686159844","61.759425493716336"
"8","260","0.3","10","0","pos","small-world","22","60.5607476635514","59.25925925925925","61.759425493716336"
"4","260","0.3","10","0","pos","small-world","24","60.280373831775705","58.67446393762184","61.759425493716336"
"7","260","0.3","10","0","pos","small-world","30","61.49532710280374","60.03898635477582","62.83662477558348"
"3","260","0.3","10","0","pos","small-world","21","60.280373831775705","59.64912280701754","60.86175942549371"
"9","260","0.3","10","0","pos","small-world","29","59.813084112149525","57.89473684210527","61.57989228007181"
"2","260","0.3","10","0","pos","small-world","33","60.65420560747663","59.84405458089669","61.40035906642729"
"8","260","0.3","10","0","pos","small-world","23","60.8411214953271","59.4541910331384","62.11849192100538"
"4","260","0.3","10","0","pos","small-world","25","60.373831775700936","58.67446393762184","61.93895870736086"
"7","260","0.3","10","0","pos","small-world","31","61.588785046728965","60.03898635477582","63.016157989228006"
"9","260","0.3","10","0","pos","small-world","30","59.813084112149525","57.89473684210527","61.57989228007181"
"6","260","0.3","10","0","pos","small-world","22","60.747663551401864","59.25925925925925","62.11849192100538"
"3","260","0.3","10","0","pos","small-world","22","60.280373831775705","59.64912280701754","60.86175942549371"
"8","260","0.3","10","0","pos","small-world","24","60.8411214953271","59.4541910331384","62.11849192100538"
"7","260","0.3","10","0","pos","small-world","32","61.588785046728965","60.03898635477582","63.016157989228006"
"9","260","0.3","10","0","pos","small-world","31","59.532710280373834","57.69980506822612","61.22082585278277"
"1","260","0.3","10","0","pos","small-world","27","61.12149532710281","59.25925925925925","62.83662477558348"
"8","260","0.3","10","0","pos","small-world","25","60.8411214953271","59.4541910331384","62.11849192100538"
"4","260","0.3","10","0","pos","small-world","26","60.280373831775705","58.86939571150097","61.57989228007181"
"7","260","0.3","10","0","pos","small-world","33","61.49532710280374","59.84405458089669","63.016157989228006"
"2","260","0.3","10","0","pos","small-world","34","60.93457943925233","60.23391812865497","61.57989228007181"
"5","260","0.3","10","0","pos","small-world","21","60.65420560747663","59.4541910331384","61.759425493716336"
"1","260","0.3","10","0","pos","small-world","28","61.02803738317757","59.4541910331384","62.47755834829444"
"6","260","0.3","10","0","pos","small-world","23","61.02803738317757","59.25925925925925","62.65709156193896"
"8","260","0.3","10","0","pos","small-world","26","60.747663551401864","59.25925925925925","62.11849192100538"
"7","260","0.3","10","0","pos","small-world","34","61.49532710280374","59.84405458089669","63.016157989228006"
"2","260","0.3","10","0","pos","small-world","35","61.02803738317757","60.42884990253411","61.57989228007181"
"3","260","0.3","10","0","pos","small-world","23","60","59.4541910331384","60.502692998204665"
"9","260","0.3","10","0","pos","small-world","32","59.7196261682243","58.0896686159844","61.22082585278277"
"4","260","0.3","10","0","pos","small-world","27","60.46728971962617","59.06432748538012","61.759425493716336"
"5","260","0.3","10","0","pos","small-world","22","60.46728971962617","59.06432748538012","61.759425493716336"
"8","260","0.3","10","0","pos","small-world","27","60.46728971962617","58.67446393762184","62.11849192100538"
"1","260","0.3","10","0","pos","small-world","29","61.12149532710281","59.84405458089669","62.29802513464991"
"7","260","0.3","10","0","pos","small-world","35","61.40186915887851","59.64912280701754","63.016157989228006"
"6","260","0.3","10","0","pos","small-world","24","61.12149532710281","59.64912280701754","62.47755834829444"
"2","260","0.3","10","0","pos","small-world","36","60.93457943925233","60.23391812865497","61.57989228007181"
"8","260","0.3","10","0","pos","small-world","28","60.373831775700936","58.47953216374269","62.11849192100538"
"5","260","0.3","10","0","pos","small-world","23","60.373831775700936","58.86939571150097","61.759425493716336"
"9","260","0.3","10","0","pos","small-world","33","59.62616822429907","57.89473684210527","61.22082585278277"
"6","260","0.3","10","0","pos","small-world","25","61.21495327102804","59.84405458089669","62.47755834829444"
"3","260","0.3","10","0","pos","small-world","24","59.90654205607476","59.64912280701754","60.14362657091562"
"1","260","0.3","10","0","pos","small-world","30","60.93457943925233","59.64912280701754","62.11849192100538"
"2","260","0.3","10","0","pos","small-world","37","61.02803738317757","60.23391812865497","61.759425493716336"
"7","260","0.3","10","0","pos","small-world","36","61.77570093457943","60.23391812865497","63.19569120287253"
"4","260","0.3","10","0","pos","small-world","28","60.46728971962617","58.86939571150097","61.93895870736086"
"6","260","0.3","10","0","pos","small-world","26","61.40186915887851","60.23391812865497","62.47755834829444"
"8","260","0.3","10","0","pos","small-world","29","60.373831775700936","58.47953216374269","62.11849192100538"
"5","260","0.3","10","0","pos","small-world","24","60.373831775700936","59.06432748538012","61.57989228007181"
"9","260","0.3","10","0","pos","small-world","34","59.7196261682243","57.89473684210527","61.40035906642729"
"1","260","0.3","10","0","pos","small-world","31","61.02803738317757","60.03898635477582","61.93895870736086"
"2","260","0.3","10","0","pos","small-world","38","60.93457943925233","60.03898635477582","61.759425493716336"
"7","260","0.3","10","0","pos","small-world","37","62.05607476635514","60.62378167641326","63.37522441651705"
"4","260","0.3","10","0","pos","small-world","29","60.5607476635514","58.86939571150097","62.11849192100538"
"9","260","0.3","10","0","pos","small-world","35","59.90654205607476","58.0896686159844","61.57989228007181"
"6","260","0.3","10","0","pos","small-world","27","61.308411214953274","60.03898635477582","62.47755834829444"
"8","260","0.3","10","0","pos","small-world","30","60.373831775700936","58.47953216374269","62.11849192100538"
"2","260","0.3","10","0","pos","small-world","39","60.93457943925233","60.03898635477582","61.759425493716336"
"7","260","0.3","10","0","pos","small-world","38","62.05607476635514","60.81871345029239","63.19569120287253"
"5","260","0.3","10","0","pos","small-world","25","60.46728971962617","59.06432748538012","61.759425493716336"
"1","260","0.3","10","0","pos","small-world","32","61.12149532710281","59.84405458089669","62.29802513464991"
"9","260","0.3","10","0","pos","small-world","36","59.90654205607476","58.0896686159844","61.57989228007181"
"7","260","0.3","10","0","pos","small-world","39","62.24299065420561","60.81871345029239","63.55475763016158"
"8","260","0.3","10","0","pos","small-world","31","60.5607476635514","58.86939571150097","62.11849192100538"
"2","260","0.3","10","0","pos","small-world","40","60.8411214953271","59.84405458089669","61.759425493716336"
"4","260","0.3","10","0","pos","small-world","30","60.46728971962617","58.86939571150097","61.93895870736086"
"6","260","0.3","10","0","pos","small-world","28","61.21495327102804","60.03898635477582","62.29802513464991"
"9","260","0.3","10","0","pos","small-world","37","59.62616822429907","58.0896686159844","61.04129263913825"
"1","260","0.3","10","0","pos","small-world","33","61.12149532710281","59.84405458089669","62.29802513464991"
"5","260","0.3","10","0","pos","small-world","26","60.65420560747663","59.4541910331384","61.759425493716336"
"3","260","0.3","10","0","pos","small-world","25","59.90654205607476","59.64912280701754","60.14362657091562"
"9","260","0.3","10","0","pos","small-world","38","59.7196261682243","57.89473684210527","61.40035906642729"
"4","260","0.3","10","0","pos","small-world","31","60.373831775700936","58.86939571150097","61.759425493716336"
"6","260","0.3","10","0","pos","small-world","29","61.49532710280374","60.23391812865497","62.65709156193896"
"7","260","0.3","10","0","pos","small-world","40","62.24299065420561","60.81871345029239","63.55475763016158"
"2","260","0.3","10","0","pos","small-world","41","61.02803738317757","60.03898635477582","61.93895870736086"
"8","260","0.3","10","0","pos","small-world","32","60.65420560747663","59.06432748538012","62.11849192100538"
"1","260","0.3","10","0","pos","small-world","34","61.12149532710281","59.84405458089669","62.29802513464991"
"8","260","0.3","10","0","pos","small-world","33","61.02803738317757","59.64912280701754","62.29802513464991"
"4","260","0.3","10","0","pos","small-world","32","60.5607476635514","59.06432748538012","61.93895870736086"
"2","260","0.3","10","0","pos","small-world","42","61.21495327102804","60.23391812865497","62.11849192100538"
"7","260","0.3","10","0","pos","small-world","41","62.05607476635514","60.81871345029239","63.19569120287253"
"5","260","0.3","10","0","pos","small-world","27","60.65420560747663","59.4541910331384","61.759425493716336"
"3","260","0.3","10","0","pos","small-world","26","60.09345794392523","59.64912280701754","60.502692998204665"
"9","260","0.3","10","0","pos","small-world","39","59.813084112149525","57.89473684210527","61.57989228007181"
"6","260","0.3","10","0","pos","small-world","30","61.40186915887851","60.42884990253411","62.29802513464991"
"1","260","0.3","10","0","pos","small-world","35","60.93457943925233","59.64912280701754","62.11849192100538"
"4","260","0.3","10","0","pos","small-world","33","60.65420560747663","59.25925925925925","61.93895870736086"
"8","260","0.3","10","0","pos","small-world","34","61.02803738317757","59.84405458089669","62.11849192100538"
"2","260","0.3","10","0","pos","small-world","43","61.308411214953274","60.23391812865497","62.29802513464991"
"3","260","0.3","10","0","pos","small-world","27","60.09345794392523","59.64912280701754","60.502692998204665"
"6","260","0.3","10","0","pos","small-world","31","61.40186915887851","60.42884990253411","62.29802513464991"
"5","260","0.3","10","0","pos","small-world","28","60.46728971962617","59.06432748538012","61.759425493716336"
"9","260","0.3","10","0","pos","small-world","40","60","58.0896686159844","61.759425493716336"
"7","260","0.3","10","0","pos","small-world","42","61.86915887850467","60.42884990253411","63.19569120287253"
"4","260","0.3","10","0","pos","small-world","34","60.8411214953271","59.25925925925925","62.29802513464991"
"8","260","0.3","10","0","pos","small-world","35","61.02803738317757","60.03898635477582","61.93895870736086"
"2","260","0.3","10","0","pos","small-world","44","61.308411214953274","60.42884990253411","62.11849192100538"
"5","260","0.3","10","0","pos","small-world","29","60.65420560747663","59.25925925925925","61.93895870736086"
"9","260","0.3","10","0","pos","small-world","41","60.280373831775705","58.47953216374269","61.93895870736086"
"3","260","0.3","10","0","pos","small-world","28","60.280373831775705","59.64912280701754","60.86175942549371"
"4","260","0.3","10","0","pos","small-world","35","61.02803738317757","59.25925925925925","62.65709156193896"
"3","260","0.3","10","0","pos","small-world","29","60.09345794392523","59.4541910331384","60.68222621184919"
"2","260","0.3","10","0","pos","small-world","45","61.308411214953274","60.42884990253411","62.11849192100538"
"8","260","0.3","10","0","pos","small-world","36","61.02803738317757","60.03898635477582","61.93895870736086"
"1","260","0.3","10","0","pos","small-world","36","60.8411214953271","59.64912280701754","61.93895870736086"
"7","260","0.3","10","0","pos","small-world","43","61.77570093457943","60.23391812865497","63.19569120287253"
"2","260","0.3","10","0","pos","small-world","46","61.308411214953274","60.62378167641326","61.93895870736086"
"3","260","0.3","10","0","pos","small-world","30","60.18691588785047","59.4541910331384","60.86175942549371"
"4","260","0.3","10","0","pos","small-world","36","60.93457943925233","59.06432748538012","62.65709156193896"
"8","260","0.3","10","0","pos","small-world","37","60.93457943925233","59.84405458089669","61.93895870736086"
"5","260","0.3","10","0","pos","small-world","30","60.46728971962617","59.06432748538012","61.759425493716336"
"9","260","0.3","10","0","pos","small-world","42","60.373831775700936","58.47953216374269","62.11849192100538"
"6","260","0.3","10","0","pos","small-world","32","61.308411214953274","60.23391812865497","62.29802513464991"
"1","260","0.3","10","0","pos","small-world","37","60.93457943925233","59.84405458089669","61.93895870736086"
"7","260","0.3","10","0","pos","small-world","44","61.588785046728965","60.42884990253411","62.65709156193896"
"9","260","0.3","10","0","pos","small-world","43","60.18691588785047","58.28460038986355","61.93895870736086"
"8","260","0.3","10","0","pos","small-world","38","60.93457943925233","59.84405458089669","61.93895870736086"
"5","260","0.3","10","0","pos","small-world","31","60.373831775700936","59.06432748538012","61.57989228007181"
"2","260","0.3","10","0","pos","small-world","47","61.308411214953274","60.42884990253411","62.11849192100538"
"1","260","0.3","10","0","pos","small-world","38","60.93457943925233","59.84405458089669","61.93895870736086"
"6","260","0.3","10","0","pos","small-world","33","61.40186915887851","60.23391812865497","62.47755834829444"
"4","260","0.3","10","0","pos","small-world","37","60.93457943925233","59.25925925925925","62.47755834829444"
"9","260","0.3","10","0","pos","small-world","44","60.18691588785047","58.28460038986355","61.93895870736086"
"3","260","0.3","10","0","pos","small-world","31","60","59.06432748538012","60.86175942549371"
"7","260","0.3","10","0","pos","small-world","45","61.6822429906542","60.42884990253411","62.83662477558348"
"5","260","0.3","10","0","pos","small-world","32","60.280373831775705","59.06432748538012","61.40035906642729"
"8","260","0.3","10","0","pos","small-world","39","60.93457943925233","60.03898635477582","61.759425493716336"
"6","260","0.3","10","0","pos","small-world","34","61.308411214953274","60.23391812865497","62.29802513464991"
"2","260","0.3","10","0","pos","small-world","48","61.49532710280374","60.81871345029239","62.11849192100538"
"9","260","0.3","10","0","pos","small-world","45","60.18691588785047","58.0896686159844","62.11849192100538"
"1","260","0.3","10","0","pos","small-world","39","60.93457943925233","59.84405458089669","61.93895870736086"
"4","260","0.3","10","0","pos","small-world","38","60.93457943925233","59.4541910331384","62.29802513464991"
"5","260","0.3","10","0","pos","small-world","33","60.373831775700936","59.4541910331384","61.22082585278277"
"7","260","0.3","10","0","pos","small-world","46","61.588785046728965","60.23391812865497","62.83662477558348"
"2","260","0.3","10","0","pos","small-world","49","61.49532710280374","60.81871345029239","62.11849192100538"
"8","260","0.3","10","0","pos","small-world","40","61.12149532710281","60.23391812865497","61.93895870736086"
"9","260","0.3","10","0","pos","small-world","46","60.18691588785047","57.89473684210527","62.29802513464991"
"1","260","0.3","10","0","pos","small-world","40","60.93457943925233","59.84405458089669","61.93895870736086"
"3","260","0.3","10","0","pos","small-world","32","60.09345794392523","59.06432748538012","61.04129263913825"
"7","260","0.3","10","0","pos","small-world","47","61.49532710280374","60.23391812865497","62.65709156193896"
"6","260","0.3","10","0","pos","small-world","35","61.308411214953274","60.23391812865497","62.29802513464991"
"4","260","0.3","10","0","pos","small-world","39","61.02803738317757","59.4541910331384","62.47755834829444"
"5","260","0.3","10","0","pos","small-world","34","60.46728971962617","59.4541910331384","61.40035906642729"
"8","260","0.3","10","0","pos","small-world","41","61.02803738317757","60.23391812865497","61.759425493716336"
"2","260","0.3","10","0","pos","small-world","50","61.308411214953274","60.62378167641326","61.93895870736086"
"1","260","0.3","10","0","pos","small-world","41","60.8411214953271","59.4541910331384","62.11849192100538"
"9","260","0.3","10","0","pos","small-world","47","60.18691588785047","57.89473684210527","62.29802513464991"
"7","260","0.3","10","0","pos","small-world","48","61.588785046728965","60.03898635477582","63.016157989228006"
"3","260","0.3","10","0","pos","small-world","33","60","59.25925925925925","60.68222621184919"
"6","260","0.3","10","0","pos","small-world","36","61.12149532710281","60.23391812865497","61.93895870736086"
"8","260","0.3","10","0","pos","small-world","42","60.93457943925233","60.23391812865497","61.57989228007181"
"4","260","0.3","10","0","pos","small-world","40","60.93457943925233","59.4541910331384","62.29802513464991"
"5","260","0.3","10","0","pos","small-world","35","60.747663551401864","59.84405458089669","61.57989228007181"
"2","260","0.3","10","0","pos","small-world","51","61.12149532710281","60.42884990253411","61.759425493716336"
"9","260","0.3","10","0","pos","small-world","48","60.373831775700936","58.28460038986355","62.29802513464991"
"1","260","0.3","10","0","pos","small-world","42","60.93457943925233","59.4541910331384","62.29802513464991"
"7","260","0.3","10","0","pos","small-world","49","61.86915887850467","60.23391812865497","63.37522441651705"
"9","260","0.3","10","0","pos","small-world","49","60.373831775700936","58.28460038986355","62.29802513464991"
"2","260","0.3","10","0","pos","small-world","52","61.02803738317757","60.42884990253411","61.57989228007181"
"1","260","0.3","10","0","pos","small-world","43","60.93457943925233","59.4541910331384","62.29802513464991"
"7","260","0.3","10","0","pos","small-world","50","62.05607476635514","60.23391812865497","63.73429084380611"
"9","260","0.3","10","0","pos","small-world","50","60.280373831775705","58.28460038986355","62.11849192100538"
"5","260","0.3","10","0","pos","small-world","36","60.65420560747663","59.64912280701754","61.57989228007181"
"3","260","0.3","10","0","pos","small-world","34","59.813084112149525","58.86939571150097","60.68222621184919"
"6","260","0.3","10","0","pos","small-world","37","61.40186915887851","60.62378167641326","62.11849192100538"
"1","260","0.3","10","0","pos","small-world","44","60.8411214953271","59.4541910331384","62.11849192100538"
"5","260","0.3","10","0","pos","small-world","37","60.46728971962617","59.25925925925925","61.57989228007181"
"9","260","0.3","10","0","pos","small-world","51","60.280373831775705","58.28460038986355","62.11849192100538"
"3","260","0.3","10","0","pos","small-world","35","59.813084112149525","58.67446393762184","60.86175942549371"
"8","260","0.3","10","0","pos","small-world","43","61.12149532710281","60.42884990253411","61.759425493716336"
"7","260","0.3","10","0","pos","small-world","51","61.96261682242991","60.23391812865497","63.55475763016158"
"2","260","0.3","10","0","pos","small-world","53","61.02803738317757","60.62378167641326","61.40035906642729"
"6","260","0.3","10","0","pos","small-world","38","61.588785046728965","60.62378167641326","62.47755834829444"
"8","260","0.3","10","0","pos","small-world","44","61.21495327102804","60.62378167641326","61.759425493716336"
"2","260","0.3","10","0","pos","small-world","54","61.02803738317757","60.42884990253411","61.57989228007181"
"7","260","0.3","10","0","pos","small-world","52","61.86915887850467","60.42884990253411","63.19569120287253"
"6","260","0.3","10","0","pos","small-world","39","61.49532710280374","60.42884990253411","62.47755834829444"
"1","260","0.3","10","0","pos","small-world","45","60.8411214953271","59.4541910331384","62.11849192100538"
"4","260","0.3","10","0","pos","small-world","41","61.12149532710281","59.84405458089669","62.29802513464991"
"9","260","0.3","10","0","pos","small-world","52","60.373831775700936","58.28460038986355","62.29802513464991"
"2","260","0.3","10","0","pos","small-world","55","61.02803738317757","60.42884990253411","61.57989228007181"
"8","260","0.3","10","0","pos","small-world","45","61.21495327102804","60.62378167641326","61.759425493716336"
"3","260","0.3","10","0","pos","small-world","36","59.813084112149525","58.67446393762184","60.86175942549371"
"7","260","0.3","10","0","pos","small-world","53","61.77570093457943","60.23391812865497","63.19569120287253"
"5","260","0.3","10","0","pos","small-world","38","60.09345794392523","58.67446393762184","61.40035906642729"
"6","260","0.3","10","0","pos","small-world","40","61.588785046728965","60.42884990253411","62.65709156193896"
"9","260","0.3","10","0","pos","small-world","53","60.46728971962617","58.28460038986355","62.47755834829444"
"2","260","0.3","10","0","pos","small-world","56","61.12149532710281","60.42884990253411","61.759425493716336"
"1","260","0.3","10","0","pos","small-world","46","60.8411214953271","59.25925925925925","62.29802513464991"
"7","260","0.3","10","0","pos","small-world","54","61.86915887850467","60.42884990253411","63.19569120287253"
"8","260","0.3","10","0","pos","small-world","46","61.21495327102804","60.62378167641326","61.759425493716336"
"2","260","0.3","10","0","pos","small-world","57","61.12149532710281","60.42884990253411","61.759425493716336"
"4","260","0.3","10","0","pos","small-world","42","61.21495327102804","59.84405458089669","62.47755834829444"
"9","260","0.3","10","0","pos","small-world","54","60.5607476635514","58.47953216374269","62.47755834829444"
"5","260","0.3","10","0","pos","small-world","39","60.280373831775705","59.06432748538012","61.40035906642729"
"8","260","0.3","10","0","pos","small-world","47","61.02803738317757","60.42884990253411","61.57989228007181"
"7","260","0.3","10","0","pos","small-world","55","61.77570093457943","60.23391812865497","63.19569120287253"
"1","260","0.3","10","0","pos","small-world","47","61.02803738317757","59.25925925925925","62.65709156193896"
"3","260","0.3","10","0","pos","small-world","37","59.90654205607476","58.86939571150097","60.86175942549371"
"6","260","0.3","10","0","pos","small-world","41","61.6822429906542","60.62378167641326","62.65709156193896"
"2","260","0.3","10","0","pos","small-world","58","61.49532710280374","60.81871345029239","62.11849192100538"
"9","260","0.3","10","0","pos","small-world","55","60.373831775700936","58.0896686159844","62.47755834829444"
"7","260","0.3","10","0","pos","small-world","56","61.77570093457943","60.23391812865497","63.19569120287253"
"8","260","0.3","10","0","pos","small-world","48","60.93457943925233","60.42884990253411","61.40035906642729"
"4","260","0.3","10","0","pos","small-world","43","61.12149532710281","59.64912280701754","62.47755834829444"
"9","260","0.3","10","0","pos","small-world","56","60.373831775700936","58.28460038986355","62.29802513464991"
"1","260","0.3","10","0","pos","small-world","48","61.02803738317757","59.25925925925925","62.65709156193896"
"7","260","0.3","10","0","pos","small-world","57","61.86915887850467","60.03898635477582","63.55475763016158"
"2","260","0.3","10","0","pos","small-world","59","61.588785046728965","60.81871345029239","62.29802513464991"
"4","260","0.3","10","0","pos","small-world","44","61.12149532710281","59.4541910331384","62.65709156193896"
"9","260","0.3","10","0","pos","small-world","57","60.5607476635514","58.28460038986355","62.65709156193896"
"8","260","0.3","10","0","pos","small-world","49","60.93457943925233","60.42884990253411","61.40035906642729"
"1","260","0.3","10","0","pos","small-world","49","61.02803738317757","59.06432748538012","62.83662477558348"
"3","260","0.3","10","0","pos","small-world","38","59.813084112149525","58.67446393762184","60.86175942549371"
"2","260","0.3","10","0","pos","small-world","60","61.49532710280374","60.81871345029239","62.11849192100538"
"7","260","0.3","10","0","pos","small-world","58","61.6822429906542","60.03898635477582","63.19569120287253"
"6","260","0.3","10","0","pos","small-world","42","61.21495327102804","60.03898635477582","62.29802513464991"
"8","260","0.3","10","0","pos","small-world","50","60.8411214953271","60.23391812865497","61.40035906642729"
"5","260","0.3","10","0","pos","small-world","40","60.09345794392523","59.06432748538012","61.04129263913825"
"9","260","0.3","10","0","pos","small-world","58","60.65420560747663","58.0896686159844","63.016157989228006"
"4","260","0.3","10","0","pos","small-world","45","61.12149532710281","59.4541910331384","62.65709156193896"
"1","260","0.3","10","0","pos","small-world","50","61.308411214953274","59.4541910331384","63.016157989228006"
"2","260","0.3","10","0","pos","small-world","61","61.12149532710281","60.42884990253411","61.759425493716336"
"7","260","0.3","10","0","pos","small-world","59","61.77570093457943","60.23391812865497","63.19569120287253"
"6","260","0.3","10","0","pos","small-world","43","61.02803738317757","59.84405458089669","62.11849192100538"
"3","260","0.3","10","0","pos","small-world","39","59.7196261682243","58.47953216374269","60.86175942549371"
"8","260","0.3","10","0","pos","small-world","51","60.8411214953271","60.23391812865497","61.40035906642729"
"9","260","0.3","10","0","pos","small-world","59","61.12149532710281","58.47953216374269","63.55475763016158"
"2","260","0.3","10","0","pos","small-world","62","61.02803738317757","60.23391812865497","61.759425493716336"
"1","260","0.3","10","0","pos","small-world","51","61.308411214953274","59.4541910331384","63.016157989228006"
"4","260","0.3","10","0","pos","small-world","46","61.12149532710281","59.64912280701754","62.47755834829444"
"5","260","0.3","10","0","pos","small-world","41","60.09345794392523","59.06432748538012","61.04129263913825"
"7","260","0.3","10","0","pos","small-world","60","61.588785046728965","60.03898635477582","63.016157989228006"
"2","260","0.3","10","0","pos","small-world","63","61.12149532710281","60.23391812865497","61.93895870736086"
"9","260","0.3","10","0","pos","small-world","60","61.02803738317757","58.47953216374269","63.37522441651705"
"6","260","0.3","10","0","pos","small-world","44","61.12149532710281","59.84405458089669","62.29802513464991"
"2","260","0.3","10","0","pos","small-world","64","61.308411214953274","60.42884990253411","62.11849192100538"
"1","260","0.3","10","0","pos","small-world","52","61.49532710280374","59.4541910331384","63.37522441651705"
"9","260","0.3","10","0","pos","small-world","61","61.02803738317757","58.47953216374269","63.37522441651705"
"8","260","0.3","10","0","pos","small-world","52","60.747663551401864","60.03898635477582","61.40035906642729"
"3","260","0.3","10","0","pos","small-world","40","59.90654205607476","58.47953216374269","61.22082585278277"
"7","260","0.3","10","0","pos","small-world","61","61.588785046728965","60.03898635477582","63.016157989228006"
"4","260","0.3","10","0","pos","small-world","47","61.12149532710281","59.4541910331384","62.65709156193896"
"2","260","0.3","10","0","pos","small-world","65","61.21495327102804","60.42884990253411","61.93895870736086"
"9","260","0.3","10","0","pos","small-world","62","61.12149532710281","58.47953216374269","63.55475763016158"
"1","260","0.3","10","0","pos","small-world","53","61.49532710280374","59.64912280701754","63.19569120287253"
"2","260","0.3","10","0","pos","small-world","66","61.21495327102804","60.62378167641326","61.759425493716336"
"8","260","0.3","10","0","pos","small-world","53","60.8411214953271","60.23391812865497","61.40035906642729"
"7","260","0.3","10","0","pos","small-world","62","61.588785046728965","59.84405458089669","63.19569120287253"
"6","260","0.3","10","0","pos","small-world","45","61.21495327102804","59.84405458089669","62.47755834829444"
"5","260","0.3","10","0","pos","small-world","42","60.18691588785047","59.06432748538012","61.22082585278277"
"9","260","0.3","10","0","pos","small-world","63","61.21495327102804","58.67446393762184","63.55475763016158"
"4","260","0.3","10","0","pos","small-world","48","61.308411214953274","59.64912280701754","62.83662477558348"
"2","260","0.3","10","0","pos","small-world","67","61.21495327102804","60.62378167641326","61.759425493716336"
"1","260","0.3","10","0","pos","small-world","54","61.6822429906542","60.03898635477582","63.19569120287253"
"3","260","0.3","10","0","pos","small-world","41","59.90654205607476","58.47953216374269","61.22082585278277"
"8","260","0.3","10","0","pos","small-world","54","60.93457943925233","60.42884990253411","61.40035906642729"
"7","260","0.3","10","0","pos","small-world","63","61.6822429906542","60.03898635477582","63.19569120287253"
"5","260","0.3","10","0","pos","small-world","43","60.18691588785047","59.06432748538012","61.22082585278277"
"9","260","0.3","10","0","pos","small-world","64","61.12149532710281","58.67446393762184","63.37522441651705"
"2","260","0.3","10","0","pos","small-world","68","61.21495327102804","60.62378167641326","61.759425493716336"
"8","260","0.3","10","0","pos","small-world","55","61.21495327102804","60.62378167641326","61.759425493716336"
"4","260","0.3","10","0","pos","small-world","49","61.308411214953274","59.4541910331384","63.016157989228006"
"6","260","0.3","10","0","pos","small-world","46","61.308411214953274","59.84405458089669","62.65709156193896"
"2","260","0.3","10","0","pos","small-world","69","61.308411214953274","60.81871345029239","61.759425493716336"
"9","260","0.3","10","0","pos","small-world","65","60.93457943925233","58.67446393762184","63.016157989228006"
"8","260","0.3","10","0","pos","small-world","56","61.308411214953274","60.62378167641326","61.93895870736086"
"1","260","0.3","10","0","pos","small-world","55","61.6822429906542","59.84405458089669","63.37522441651705"
"5","260","0.3","10","0","pos","small-world","44","60.280373831775705","59.06432748538012","61.40035906642729"
"3","260","0.3","10","0","pos","small-world","42","60","58.47953216374269","61.40035906642729"
"2","260","0.3","10","0","pos","small-world","70","61.21495327102804","60.62378167641326","61.759425493716336"
"8","260","0.3","10","0","pos","small-world","57","61.308411214953274","60.62378167641326","61.93895870736086"
"7","260","0.3","10","0","pos","small-world","64","61.588785046728965","59.84405458089669","63.19569120287253"
"9","260","0.3","10","0","pos","small-world","66","61.02803738317757","58.67446393762184","63.19569120287253"
"2","260","0.3","10","0","pos","small-world","71","61.02803738317757","60.62378167641326","61.40035906642729"
"6","260","0.3","10","0","pos","small-world","47","61.21495327102804","59.84405458089669","62.47755834829444"
"5","260","0.3","10","0","pos","small-world","45","60.373831775700936","59.25925925925925","61.40035906642729"
"1","260","0.3","10","0","pos","small-world","56","61.96261682242991","60.03898635477582","63.73429084380611"
"2","260","0.3","10","0","pos","small-world","72","61.12149532710281","60.62378167641326","61.57989228007181"
"5","260","0.3","10","0","pos","small-world","46","60.5607476635514","59.25925925925925","61.759425493716336"
"9","260","0.3","10","0","pos","small-world","67","60.93457943925233","58.67446393762184","63.016157989228006"
"6","260","0.3","10","0","pos","small-world","48","60.93457943925233","59.4541910331384","62.29802513464991"
"8","260","0.3","10","0","pos","small-world","58","61.308411214953274","60.42884990253411","62.11849192100538"
"2","260","0.3","10","0","pos","small-world","73","61.02803738317757","60.62378167641326","61.40035906642729"
"7","260","0.3","10","0","pos","small-world","65","61.6822429906542","59.84405458089669","63.37522441651705"
"1","260","0.3","10","0","pos","small-world","57","61.86915887850467","59.84405458089669","63.73429084380611"
"4","260","0.3","10","0","pos","small-world","50","61.308411214953274","59.4541910331384","63.016157989228006"
"9","260","0.3","10","0","pos","small-world","68","60.93457943925233","58.67446393762184","63.016157989228006"
"2","260","0.3","10","0","pos","small-world","74","60.93457943925233","60.81871345029239","61.04129263913825"
"5","260","0.3","10","0","pos","small-world","47","60.46728971962617","59.25925925925925","61.57989228007181"
"7","260","0.3","10","0","pos","small-world","66","61.40186915887851","59.64912280701754","63.016157989228006"
"3","260","0.3","10","0","pos","small-world","43","60.09345794392523","58.47953216374269","61.57989228007181"
"8","260","0.3","10","0","pos","small-world","59","61.21495327102804","60.23391812865497","62.11849192100538"
"9","260","0.3","10","0","pos","small-world","69","60.93457943925233","58.86939571150097","62.83662477558348"
"6","260","0.3","10","0","pos","small-world","49","60.93457943925233","59.4541910331384","62.29802513464991"
"1","260","0.3","10","0","pos","small-world","58","62.05607476635514","60.03898635477582","63.91382405745063"
"2","260","0.3","10","0","pos","small-world","75","60.8411214953271","60.81871345029239","60.86175942549371"
"7","260","0.3","10","0","pos","small-world","67","61.308411214953274","59.64912280701754","62.83662477558348"
"4","260","0.3","10","0","pos","small-world","51","61.12149532710281","59.4541910331384","62.65709156193896"
"6","260","0.3","10","0","pos","small-world","50","60.8411214953271","59.4541910331384","62.11849192100538"
"9","260","0.3","10","0","pos","small-world","70","60.93457943925233","58.86939571150097","62.83662477558348"
"8","260","0.3","10","0","pos","small-world","60","61.40186915887851","60.23391812865497","62.47755834829444"
"5","260","0.3","10","0","pos","small-world","48","60.280373831775705","59.06432748538012","61.40035906642729"
"3","260","0.3","10","0","pos","small-world","44","60.280373831775705","58.47953216374269","61.93895870736086"
"7","260","0.3","10","0","pos","small-world","68","61.40186915887851","59.64912280701754","63.016157989228006"
"4","260","0.3","10","0","pos","small-world","52","61.308411214953274","59.4541910331384","63.016157989228006"
"2","260","0.3","10","0","pos","small-world","76","60.65420560747663","60.81871345029239","60.502692998204665"
"1","260","0.3","10","0","pos","small-world","59","62.33644859813084","60.62378167641326","63.91382405745063"
"8","260","0.3","10","0","pos","small-world","61","61.588785046728965","60.62378167641326","62.47755834829444"
"2","260","0.3","10","0","pos","small-world","77","60.747663551401864","60.81871345029239","60.68222621184919"
"9","260","0.3","10","0","pos","small-world","71","60.93457943925233","58.86939571150097","62.83662477558348"
"3","260","0.3","10","0","pos","small-world","45","60.280373831775705","58.47953216374269","61.93895870736086"
"5","260","0.3","10","0","pos","small-world","49","60.46728971962617","59.4541910331384","61.40035906642729"
"6","260","0.3","10","0","pos","small-world","51","60.8411214953271","59.25925925925925","62.29802513464991"
"7","260","0.3","10","0","pos","small-world","69","61.308411214953274","59.64912280701754","62.83662477558348"
"2","260","0.3","10","0","pos","small-world","78","60.8411214953271","61.01364522417154","60.68222621184919"
"9","260","0.3","10","0","pos","small-world","72","61.02803738317757","58.86939571150097","63.016157989228006"
"1","260","0.3","10","0","pos","small-world","60","62.42990654205608","60.81871345029239","63.91382405745063"
"8","260","0.3","10","0","pos","small-world","62","61.49532710280374","60.42884990253411","62.47755834829444"
"2","260","0.3","10","0","pos","small-world","79","60.93457943925233","61.01364522417154","60.86175942549371"
"4","260","0.3","10","0","pos","small-world","53","61.308411214953274","59.25925925925925","63.19569120287253"
"3","260","0.3","10","0","pos","small-world","46","60.280373831775705","58.47953216374269","61.93895870736086"
"9","260","0.3","10","0","pos","small-world","73","61.02803738317757","59.06432748538012","62.83662477558348"
"5","260","0.3","10","0","pos","small-world","50","60.373831775700936","59.4541910331384","61.22082585278277"
"2","260","0.3","10","0","pos","small-world","80","61.02803738317757","61.20857699805068","60.86175942549371"
"7","260","0.3","10","0","pos","small-world","70","61.49532710280374","59.64912280701754","63.19569120287253"
"9","260","0.3","10","0","pos","small-world","74","61.02803738317757","59.06432748538012","62.83662477558348"
"1","260","0.3","10","0","pos","small-world","61","62.33644859813084","60.81871345029239","63.73429084380611"
"8","260","0.3","10","0","pos","small-world","63","61.40186915887851","60.23391812865497","62.47755834829444"
"6","260","0.3","10","0","pos","small-world","52","60.747663551401864","59.25925925925925","62.11849192100538"
"4","260","0.3","10","0","pos","small-world","54","61.49532710280374","59.4541910331384","63.37522441651705"
"5","260","0.3","10","0","pos","small-world","51","60.373831775700936","59.25925925925925","61.40035906642729"
"9","260","0.3","10","0","pos","small-world","75","61.12149532710281","59.06432748538012","63.016157989228006"
"7","260","0.3","10","0","pos","small-world","71","61.588785046728965","59.84405458089669","63.19569120287253"
"1","260","0.3","10","0","pos","small-world","62","62.523364485981304","61.01364522417154","63.91382405745063"
"8","260","0.3","10","0","pos","small-world","64","61.49532710280374","60.42884990253411","62.47755834829444"
"7","260","0.3","10","0","pos","small-world","72","61.588785046728965","60.03898635477582","63.016157989228006"
"9","260","0.3","10","0","pos","small-world","76","61.12149532710281","59.06432748538012","63.016157989228006"
"1","260","0.3","10","0","pos","small-world","63","62.616822429906534","61.20857699805068","63.91382405745063"
"3","260","0.3","10","0","pos","small-world","47","60.5607476635514","58.67446393762184","62.29802513464991"
"7","260","0.3","10","0","pos","small-world","73","61.77570093457943","60.03898635477582","63.37522441651705"
"5","260","0.3","10","0","pos","small-world","52","60.373831775700936","59.25925925925925","61.40035906642729"
"2","260","0.3","10","0","pos","small-world","81","60.93457943925233","61.01364522417154","60.86175942549371"
"8","260","0.3","10","0","pos","small-world","65","61.40186915887851","60.42884990253411","62.29802513464991"
"4","260","0.3","10","0","pos","small-world","55","61.77570093457943","59.84405458089669","63.55475763016158"
"6","260","0.3","10","0","pos","small-world","53","60.46728971962617","59.06432748538012","61.759425493716336"
"9","260","0.3","10","0","pos","small-world","77","60.93457943925233","59.06432748538012","62.65709156193896"
"7","260","0.3","10","0","pos","small-world","74","61.86915887850467","60.23391812865497","63.37522441651705"
"2","260","0.3","10","0","pos","small-world","82","60.93457943925233","61.01364522417154","60.86175942549371"
"8","260","0.3","10","0","pos","small-world","66","61.49532710280374","60.42884990253411","62.47755834829444"
"9","260","0.3","10","0","pos","small-world","78","61.21495327102804","59.4541910331384","62.83662477558348"
"1","260","0.3","10","0","pos","small-world","64","62.616822429906534","61.20857699805068","63.91382405745063"
"3","260","0.3","10","0","pos","small-world","48","60.5607476635514","58.67446393762184","62.29802513464991"
"2","260","0.3","10","0","pos","small-world","83","61.02803738317757","61.20857699805068","60.86175942549371"
"4","260","0.3","10","0","pos","small-world","56","61.96261682242991","59.84405458089669","63.91382405745063"
"5","260","0.3","10","0","pos","small-world","53","60.46728971962617","59.4541910331384","61.40035906642729"
"8","260","0.3","10","0","pos","small-world","67","61.588785046728965","60.23391812865497","62.83662477558348"
"2","260","0.3","10","0","pos","small-world","84","61.12149532710281","61.20857699805068","61.04129263913825"
"6","260","0.3","10","0","pos","small-world","54","60.747663551401864","59.25925925925925","62.11849192100538"
"7","260","0.3","10","0","pos","small-world","75","61.96261682242991","60.42884990253411","63.37522441651705"
"1","260","0.3","10","0","pos","small-world","65","62.42990654205608","61.01364522417154","63.73429084380611"
"4","260","0.3","10","0","pos","small-world","57","62.24299065420561","60.23391812865497","64.09335727109516"
"3","260","0.3","10","0","pos","small-world","49","60.46728971962617","58.67446393762184","62.11849192100538"
"5","260","0.3","10","0","pos","small-world","54","60.46728971962617","59.4541910331384","61.40035906642729"
"7","260","0.3","10","0","pos","small-world","76","61.86915887850467","60.23391812865497","63.37522441651705"
"2","260","0.3","10","0","pos","small-world","85","61.12149532710281","61.20857699805068","61.04129263913825"
"1","260","0.3","10","0","pos","small-world","66","62.33644859813084","60.81871345029239","63.73429084380611"
"4","260","0.3","10","0","pos","small-world","58","62.33644859813084","60.23391812865497","64.27289048473968"
"8","260","0.3","10","0","pos","small-world","68","61.49532710280374","60.23391812865497","62.65709156193896"
"6","260","0.3","10","0","pos","small-world","55","60.65420560747663","59.06432748538012","62.11849192100538"
"3","260","0.3","10","0","pos","small-world","50","60.18691588785047","58.67446393762184","61.57989228007181"
"2","260","0.3","10","0","pos","small-world","86","61.12149532710281","61.20857699805068","61.04129263913825"
"7","260","0.3","10","0","pos","small-world","77","61.86915887850467","60.23391812865497","63.37522441651705"
"8","260","0.3","10","0","pos","small-world","69","61.49532710280374","60.42884990253411","62.47755834829444"
"1","260","0.3","10","0","pos","small-world","67","62.42990654205608","60.81871345029239","63.91382405745063"
"4","260","0.3","10","0","pos","small-world","59","62.42990654205608","60.23391812865497","64.4524236983842"
"5","260","0.3","10","0","pos","small-world","55","60.373831775700936","59.25925925925925","61.40035906642729"
"3","260","0.3","10","0","pos","small-world","51","60.18691588785047","58.67446393762184","61.57989228007181"
"7","260","0.3","10","0","pos","small-world","78","61.86915887850467","60.23391812865497","63.37522441651705"
"2","260","0.3","10","0","pos","small-world","87","61.12149532710281","61.20857699805068","61.04129263913825"
"6","260","0.3","10","0","pos","small-world","56","60.65420560747663","59.06432748538012","62.11849192100538"
"8","260","0.3","10","0","pos","small-world","70","61.49532710280374","60.62378167641326","62.29802513464991"
"2","260","0.3","10","0","pos","small-world","88","61.308411214953274","61.20857699805068","61.40035906642729"
"6","260","0.3","10","0","pos","small-world","57","60.46728971962617","59.06432748538012","61.759425493716336"
"1","260","0.3","10","0","pos","small-world","68","62.523364485981304","60.81871345029239","64.09335727109516"
"3","260","0.3","10","0","pos","small-world","52","60.373831775700936","58.67446393762184","61.93895870736086"
"5","260","0.3","10","0","pos","small-world","56","60.46728971962617","59.4541910331384","61.40035906642729"
"2","260","0.3","10","0","pos","small-world","89","61.308411214953274","61.20857699805068","61.40035906642729"
"7","260","0.3","10","0","pos","small-world","79","61.6822429906542","60.03898635477582","63.19569120287253"
"8","260","0.3","10","0","pos","small-world","71","61.21495327102804","60.23391812865497","62.11849192100538"
"3","260","0.3","10","0","pos","small-world","53","60.280373831775705","58.67446393762184","61.759425493716336"
"4","260","0.3","10","0","pos","small-world","60","62.80373831775701","60.81871345029239","64.63195691202873"
"6","260","0.3","10","0","pos","small-world","58","60.5607476635514","59.25925925925925","61.759425493716336"
"7","260","0.3","10","0","pos","small-world","80","61.86915887850467","60.42884990253411","63.19569120287253"
"2","260","0.3","10","0","pos","small-world","90","61.308411214953274","61.20857699805068","61.40035906642729"
"1","260","0.3","10","0","pos","small-world","69","62.523364485981304","60.81871345029239","64.09335727109516"
"5","260","0.3","10","0","pos","small-world","57","60.280373831775705","59.06432748538012","61.40035906642729"
"7","260","0.3","10","0","pos","small-world","81","61.86915887850467","60.42884990253411","63.19569120287253"
"2","260","0.3","10","0","pos","small-world","91","61.21495327102804","61.20857699805068","61.22082585278277"
"8","260","0.3","10","0","pos","small-world","72","61.21495327102804","60.03898635477582","62.29802513464991"
"6","260","0.3","10","0","pos","small-world","59","60.65420560747663","59.4541910331384","61.759425493716336"
"4","260","0.3","10","0","pos","small-world","61","62.89719626168224","60.62378167641326","64.99102333931778"
"7","260","0.3","10","0","pos","small-world","82","61.6822429906542","60.23391812865497","63.016157989228006"
"3","260","0.3","10","0","pos","small-world","54","60.280373831775705","58.67446393762184","61.759425493716336"
"2","260","0.3","10","0","pos","small-world","92","61.12149532710281","61.20857699805068","61.04129263913825"
"1","260","0.3","10","0","pos","small-world","70","62.33644859813084","60.42884990253411","64.09335727109516"
"5","260","0.3","10","0","pos","small-world","58","60.46728971962617","59.25925925925925","61.57989228007181"
"8","260","0.3","10","0","pos","small-world","73","61.40186915887851","60.23391812865497","62.47755834829444"
"4","260","0.3","10","0","pos","small-world","62","62.89719626168224","60.62378167641326","64.99102333931778"
"7","260","0.3","10","0","pos","small-world","83","61.40186915887851","60.23391812865497","62.47755834829444"
"2","260","0.3","10","0","pos","small-world","93","61.12149532710281","61.20857699805068","61.04129263913825"
"1","260","0.3","10","0","pos","small-world","71","62.33644859813084","60.42884990253411","64.09335727109516"
"3","260","0.3","10","0","pos","small-world","55","60.09345794392523","58.28460038986355","61.759425493716336"
"7","260","0.3","10","0","pos","small-world","84","61.21495327102804","59.84405458089669","62.47755834829444"
"5","260","0.3","10","0","pos","small-world","59","60.5607476635514","59.4541910331384","61.57989228007181"
"2","260","0.3","10","0","pos","small-world","94","60.93457943925233","61.20857699805068","60.68222621184919"
"8","260","0.3","10","0","pos","small-world","74","61.40186915887851","60.03898635477582","62.65709156193896"
"6","260","0.3","10","0","pos","small-world","60","60.65420560747663","59.4541910331384","61.759425493716336"
"1","260","0.3","10","0","pos","small-world","72","62.42990654205608","60.62378167641326","64.09335727109516"
"2","260","0.3","10","0","pos","small-world","95","60.65420560747663","61.01364522417154","60.32315978456014"
"4","260","0.3","10","0","pos","small-world","63","62.99065420560748","60.81871345029239","64.99102333931778"
"3","260","0.3","10","0","pos","small-world","56","60.373831775700936","58.47953216374269","62.11849192100538"
"8","260","0.3","10","0","pos","small-world","75","61.40186915887851","60.03898635477582","62.65709156193896"
"2","260","0.3","10","0","pos","small-world","96","60.8411214953271","61.01364522417154","60.68222621184919"
"5","260","0.3","10","0","pos","small-world","60","60.747663551401864","59.4541910331384","61.93895870736086"
"1","260","0.3","10","0","pos","small-world","73","62.42990654205608","60.81871345029239","63.91382405745063"
"3","260","0.3","10","0","pos","small-world","57","60.5607476635514","58.47953216374269","62.47755834829444"
"8","260","0.3","10","0","pos","small-world","76","61.40186915887851","60.03898635477582","62.65709156193896"
"2","260","0.3","10","0","pos","small-world","97","60.8411214953271","61.01364522417154","60.68222621184919"
"6","260","0.3","10","0","pos","small-world","61","60.747663551401864","59.64912280701754","61.759425493716336"
"4","260","0.3","10","0","pos","small-world","64","62.99065420560748","61.01364522417154","64.81149012567326"
"5","260","0.3","10","0","pos","small-world","61","60.747663551401864","59.64912280701754","61.759425493716336"
"9","260","0.3","10","0","pos","small-world","79","60.93457943925233","59.25925925925925","62.47755834829444"
"2","260","0.3","10","0","pos","small-world","98","60.747663551401864","60.81871345029239","60.68222621184919"
"8","260","0.3","10","0","pos","small-world","77","61.40186915887851","60.03898635477582","62.65709156193896"
"3","260","0.3","10","0","pos","small-world","58","60.65420560747663","58.67446393762184","62.47755834829444"
"2","260","0.3","10","0","pos","small-world","99","60.8411214953271","61.01364522417154","60.68222621184919"
"9","260","0.3","10","0","pos","small-world","80","61.21495327102804","59.25925925925925","63.016157989228006"
"4","260","0.3","10","0","pos","small-world","65","63.084112149532714","61.20857699805068","64.81149012567326"
"8","260","0.3","10","0","pos","small-world","78","61.49532710280374","60.23391812865497","62.65709156193896"
"1","260","0.3","10","0","pos","small-world","74","62.24299065420561","60.62378167641326","63.73429084380611"
"5","260","0.3","10","0","pos","small-world","62","61.02803738317757","60.23391812865497","61.759425493716336"
"2","260","0.3","10","0","pos","small-world","100","60.5607476635514","60.62378167641326","60.502692998204665"
"6","260","0.3","10","0","pos","small-world","62","60.65420560747663","59.4541910331384","61.759425493716336"
"9","260","0.3","10","0","pos","small-world","81","61.12149532710281","59.06432748538012","63.016157989228006"
"8","260","0.3","10","0","pos","small-world","79","61.6822429906542","60.23391812865497","63.016157989228006"
"1","260","0.3","10","0","pos","small-world","75","62.42990654205608","60.62378167641326","64.09335727109516"
"2","260","0.3","10","0","pos","small-world","101","60.65420560747663","60.81871345029239","60.502692998204665"
"4","260","0.3","10","0","pos","small-world","66","62.99065420560748","61.01364522417154","64.81149012567326"
"3","260","0.3","10","0","pos","small-world","59","60.747663551401864","58.47953216374269","62.83662477558348"
"9","260","0.3","10","0","pos","small-world","82","61.40186915887851","59.4541910331384","63.19569120287253"
"8","260","0.3","10","0","pos","small-world","80","61.86915887850467","60.62378167641326","63.016157989228006"
"2","260","0.3","10","0","pos","small-world","102","60.747663551401864","61.01364522417154","60.502692998204665"
"6","260","0.3","10","0","pos","small-world","63","60.65420560747663","59.25925925925925","61.93895870736086"
"9","260","0.3","10","0","pos","small-world","83","61.588785046728965","59.4541910331384","63.55475763016158"
"8","260","0.3","10","0","pos","small-world","81","62.05607476635514","60.62378167641326","63.37522441651705"
"1","260","0.3","10","0","pos","small-world","76","62.42990654205608","60.62378167641326","64.09335727109516"
"2","260","0.3","10","0","pos","small-world","103","60.8411214953271","61.01364522417154","60.68222621184919"
"4","260","0.3","10","0","pos","small-world","67","63.084112149532714","61.01364522417154","64.99102333931778"
"5","260","0.3","10","0","pos","small-world","63","61.02803738317757","60.42884990253411","61.57989228007181"
"9","260","0.3","10","0","pos","small-world","84","61.96261682242991","59.64912280701754","64.09335727109516"
"8","260","0.3","10","0","pos","small-world","82","62.05607476635514","60.62378167641326","63.37522441651705"
"2","260","0.3","10","0","pos","small-world","104","60.93457943925233","61.20857699805068","60.68222621184919"
"1","260","0.3","10","0","pos","small-world","77","62.42990654205608","60.81871345029239","63.91382405745063"
"3","260","0.3","10","0","pos","small-world","60","60.747663551401864","58.47953216374269","62.83662477558348"
"6","260","0.3","10","0","pos","small-world","64","60.65420560747663","59.25925925925925","61.93895870736086"
"2","260","0.3","10","0","pos","small-world","105","60.8411214953271","61.20857699805068","60.502692998204665"
"5","260","0.3","10","0","pos","small-world","64","61.02803738317757","60.62378167641326","61.40035906642729"
"9","260","0.3","10","0","pos","small-world","85","62.05607476635514","59.84405458089669","64.09335727109516"
"8","260","0.3","10","0","pos","small-world","83","61.77570093457943","60.03898635477582","63.37522441651705"
"1","260","0.3","10","0","pos","small-world","78","62.616822429906534","61.01364522417154","64.09335727109516"
"4","260","0.3","10","0","pos","small-world","68","62.99065420560748","60.81871345029239","64.99102333931778"
"5","260","0.3","10","0","pos","small-world","65","60.8411214953271","60.42884990253411","61.22082585278277"
"2","260","0.3","10","0","pos","small-world","106","60.8411214953271","61.20857699805068","60.502692998204665"
"9","260","0.3","10","0","pos","small-world","86","62.05607476635514","59.64912280701754","64.27289048473968"
"3","260","0.3","10","0","pos","small-world","61","60.8411214953271","58.47953216374269","63.016157989228006"
"6","260","0.3","10","0","pos","small-world","65","60.747663551401864","59.4541910331384","61.93895870736086"
"1","260","0.3","10","0","pos","small-world","79","62.523364485981304","60.81871345029239","64.09335727109516"
"9","260","0.3","10","0","pos","small-world","87","61.96261682242991","59.25925925925925","64.4524236983842"
"2","260","0.3","10","0","pos","small-world","107","60.5607476635514","60.81871345029239","60.32315978456014"
"8","260","0.3","10","0","pos","small-world","84","61.86915887850467","60.23391812865497","63.37522441651705"
"6","260","0.3","10","0","pos","small-world","66","60.8411214953271","59.4541910331384","62.11849192100538"
"9","260","0.3","10","0","pos","small-world","88","61.96261682242991","59.25925925925925","64.4524236983842"
"8","260","0.3","10","0","pos","small-world","85","61.77570093457943","60.03898635477582","63.37522441651705"
"2","260","0.3","10","0","pos","small-world","108","60.65420560747663","60.62378167641326","60.68222621184919"
"1","260","0.3","10","0","pos","small-world","80","62.523364485981304","60.81871345029239","64.09335727109516"
"6","260","0.3","10","0","pos","small-world","67","60.747663551401864","59.25925925925925","62.11849192100538"
"3","260","0.3","10","0","pos","small-world","62","60.93457943925233","58.67446393762184","63.016157989228006"
"8","260","0.3","10","0","pos","small-world","86","61.96261682242991","60.03898635477582","63.73429084380611"
"4","260","0.3","10","0","pos","small-world","69","62.616822429906534","60.42884990253411","64.63195691202873"
"2","260","0.3","10","0","pos","small-world","109","60.5607476635514","60.23391812865497","60.86175942549371"
"9","260","0.3","10","0","pos","small-world","89","61.77570093457943","59.25925925925925","64.09335727109516"
"5","260","0.3","10","0","pos","small-world","66","60.5607476635514","60.23391812865497","60.86175942549371"
"6","260","0.3","10","0","pos","small-world","68","60.93457943925233","59.64912280701754","62.11849192100538"
"8","260","0.3","10","0","pos","small-world","87","61.96261682242991","60.23391812865497","63.55475763016158"
"1","260","0.3","10","0","pos","small-world","81","62.523364485981304","61.01364522417154","63.91382405745063"
"3","260","0.3","10","0","pos","small-world","63","60.8411214953271","58.47953216374269","63.016157989228006"
"2","260","0.3","10","0","pos","small-world","110","60.46728971962617","60.23391812865497","60.68222621184919"
"9","260","0.3","10","0","pos","small-world","90","61.6822429906542","59.06432748538012","64.09335727109516"
"8","260","0.3","10","0","pos","small-world","88","61.86915887850467","60.42884990253411","63.19569120287253"
"4","260","0.3","10","0","pos","small-world","70","62.80373831775701","60.81871345029239","64.63195691202873"
"1","260","0.3","10","0","pos","small-world","82","62.71028037383177","61.40350877192983","63.91382405745063"
"5","260","0.3","10","0","pos","small-world","67","60.747663551401864","60.42884990253411","61.04129263913825"
"2","260","0.3","10","0","pos","small-world","111","60.373831775700936","60.23391812865497","60.502692998204665"
"7","260","0.3","10","0","pos","small-world","85","61.40186915887851","60.03898635477582","62.65709156193896"
"6","260","0.3","10","0","pos","small-world","69","60.93457943925233","59.4541910331384","62.29802513464991"
"3","260","0.3","10","0","pos","small-world","64","60.93457943925233","58.47953216374269","63.19569120287253"
"8","260","0.3","10","0","pos","small-world","89","61.77570093457943","60.42884990253411","63.016157989228006"
"4","260","0.3","10","0","pos","small-world","71","62.80373831775701","61.01364522417154","64.4524236983842"
"1","260","0.3","10","0","pos","small-world","83","62.616822429906534","61.40350877192983","63.73429084380611"
"9","260","0.3","10","0","pos","small-world","91","61.77570093457943","59.25925925925925","64.09335727109516"
"5","260","0.3","10","0","pos","small-world","68","60.65420560747663","60.23391812865497","61.04129263913825"
"2","260","0.3","10","0","pos","small-world","112","60.373831775700936","60.03898635477582","60.68222621184919"
"8","260","0.3","10","0","pos","small-world","90","61.77570093457943","60.42884990253411","63.016157989228006"
"7","260","0.3","10","0","pos","small-world","86","61.40186915887851","60.03898635477582","62.65709156193896"
"1","260","0.3","10","0","pos","small-world","84","62.523364485981304","61.40350877192983","63.55475763016158"
"6","260","0.3","10","0","pos","small-world","70","61.12149532710281","59.84405458089669","62.29802513464991"
"9","260","0.3","10","0","pos","small-world","92","61.6822429906542","59.25925925925925","63.91382405745063"
"2","260","0.3","10","0","pos","small-world","113","60.373831775700936","60.03898635477582","60.68222621184919"
"7","260","0.3","10","0","pos","small-world","87","61.21495327102804","59.64912280701754","62.65709156193896"
"8","260","0.3","10","0","pos","small-world","91","61.86915887850467","60.42884990253411","63.19569120287253"
"5","260","0.3","10","0","pos","small-world","69","60.5607476635514","60.03898635477582","61.04129263913825"
"9","260","0.3","10","0","pos","small-world","93","61.588785046728965","59.06432748538012","63.91382405745063"
"2","260","0.3","10","0","pos","small-world","114","60.5607476635514","60.03898635477582","61.04129263913825"
"3","260","0.3","10","0","pos","small-world","65","61.12149532710281","59.06432748538012","63.016157989228006"
"4","260","0.3","10","0","pos","small-world","72","62.616822429906534","60.62378167641326","64.4524236983842"
"1","260","0.3","10","0","pos","small-world","85","62.42990654205608","61.40350877192983","63.37522441651705"
"2","260","0.3","10","0","pos","small-world","115","60.5607476635514","60.03898635477582","61.04129263913825"
"8","260","0.3","10","0","pos","small-world","92","61.86915887850467","60.23391812865497","63.37522441651705"
"7","260","0.3","10","0","pos","small-world","88","61.40186915887851","59.84405458089669","62.83662477558348"
"5","260","0.3","10","0","pos","small-world","70","60.65420560747663","60.23391812865497","61.04129263913825"
"2","260","0.3","10","0","pos","small-world","116","60.5607476635514","60.03898635477582","61.04129263913825"
"9","260","0.3","10","0","pos","small-world","94","61.588785046728965","58.86939571150097","64.09335727109516"
"7","260","0.3","10","0","pos","small-world","89","61.49532710280374","60.03898635477582","62.83662477558348"
"3","260","0.3","10","0","pos","small-world","66","61.21495327102804","59.25925925925925","63.016157989228006"
"8","260","0.3","10","0","pos","small-world","93","61.86915887850467","60.03898635477582","63.55475763016158"
"1","260","0.3","10","0","pos","small-world","86","62.33644859813084","61.20857699805068","63.37522441651705"
"5","260","0.3","10","0","pos","small-world","71","60.5607476635514","60.03898635477582","61.04129263913825"
"2","260","0.3","10","0","pos","small-world","117","60.46728971962617","59.84405458089669","61.04129263913825"
"4","260","0.3","10","0","pos","small-world","73","62.523364485981304","60.42884990253411","64.4524236983842"
"8","260","0.3","10","0","pos","small-world","94","61.77570093457943","59.84405458089669","63.55475763016158"
"7","260","0.3","10","0","pos","small-world","90","61.49532710280374","59.84405458089669","63.016157989228006"
"9","260","0.3","10","0","pos","small-world","95","61.588785046728965","58.86939571150097","64.09335727109516"
"4","260","0.3","10","0","pos","small-world","74","62.616822429906534","60.42884990253411","64.63195691202873"
"6","260","0.3","10","0","pos","small-world","71","60.93457943925233","59.84405458089669","61.93895870736086"
"1","260","0.3","10","0","pos","small-world","87","62.42990654205608","61.20857699805068","63.55475763016158"
"3","260","0.3","10","0","pos","small-world","67","61.02803738317757","58.67446393762184","63.19569120287253"
"2","260","0.3","10","0","pos","small-world","118","60.5607476635514","60.03898635477582","61.04129263913825"
"5","260","0.3","10","0","pos","small-world","72","60.46728971962617","60.03898635477582","60.86175942549371"
"4","260","0.3","10","0","pos","small-world","75","62.42990654205608","60.23391812865497","64.4524236983842"
"9","260","0.3","10","0","pos","small-world","96","61.6822429906542","59.06432748538012","64.09335727109516"
"7","260","0.3","10","0","pos","small-world","91","61.49532710280374","59.64912280701754","63.19569120287253"
"4","260","0.3","10","0","pos","small-world","76","62.42990654205608","60.23391812865497","64.4524236983842"
"8","260","0.3","10","0","pos","small-world","95","61.77570093457943","59.84405458089669","63.55475763016158"
"1","260","0.3","10","0","pos","small-world","88","62.42990654205608","61.20857699805068","63.55475763016158"
"2","260","0.3","10","0","pos","small-world","119","60.747663551401864","60.23391812865497","61.22082585278277"
"6","260","0.3","10","0","pos","small-world","72","60.93457943925233","59.84405458089669","61.93895870736086"
"7","260","0.3","10","0","pos","small-world","92","61.588785046728965","59.64912280701754","63.37522441651705"
"9","260","0.3","10","0","pos","small-world","97","61.588785046728965","59.06432748538012","63.91382405745063"
"8","260","0.3","10","0","pos","small-world","96","61.588785046728965","59.64912280701754","63.37522441651705"
"2","260","0.3","10","0","pos","small-world","120","60.747663551401864","60.23391812865497","61.22082585278277"
"1","260","0.3","10","0","pos","small-world","89","62.616822429906534","61.40350877192983","63.73429084380611"
"3","260","0.3","10","0","pos","small-world","68","61.12149532710281","58.67446393762184","63.37522441651705"
"6","260","0.3","10","0","pos","small-world","73","61.12149532710281","59.64912280701754","62.47755834829444"
"4","260","0.3","10","0","pos","small-world","77","62.33644859813084","60.23391812865497","64.27289048473968"
"9","260","0.3","10","0","pos","small-world","98","61.6822429906542","59.25925925925925","63.91382405745063"
"7","260","0.3","10","0","pos","small-world","93","61.588785046728965","59.64912280701754","63.37522441651705"
"5","260","0.3","10","0","pos","small-world","73","60.46728971962617","59.84405458089669","61.04129263913825"
"2","260","0.3","10","0","pos","small-world","121","60.747663551401864","60.42884990253411","61.04129263913825"
"2","260","0.3","10","0","pos","small-world","122","60.93457943925233","60.81871345029239","61.04129263913825"
"1","260","0.3","10","0","pos","small-world","90","62.71028037383177","61.59844054580896","63.73429084380611"
"8","260","0.3","10","0","pos","small-world","97","61.49532710280374","59.4541910331384","63.37522441651705"
"5","260","0.3","10","0","pos","small-world","74","60.373831775700936","59.64912280701754","61.04129263913825"
"7","260","0.3","10","0","pos","small-world","94","61.6822429906542","59.84405458089669","63.37522441651705"
"9","260","0.3","10","0","pos","small-world","99","61.588785046728965","59.64912280701754","63.37522441651705"
"2","260","0.3","10","0","pos","small-world","123","60.93457943925233","60.81871345029239","61.04129263913825"
"4","260","0.3","10","0","pos","small-world","78","62.42990654205608","60.42884990253411","64.27289048473968"
"7","260","0.3","10","0","pos","small-world","95","61.6822429906542","59.84405458089669","63.37522441651705"
"9","260","0.3","10","0","pos","small-world","100","61.6822429906542","59.4541910331384","63.73429084380611"
"8","260","0.3","10","0","pos","small-world","98","61.49532710280374","59.4541910331384","63.37522441651705"
"1","260","0.3","10","0","pos","small-world","91","62.71028037383177","61.79337231968811","63.55475763016158"
"3","260","0.3","10","0","pos","small-world","69","61.21495327102804","58.47953216374269","63.73429084380611"
"6","260","0.3","10","0","pos","small-world","74","61.12149532710281","59.84405458089669","62.29802513464991"
"5","260","0.3","10","0","pos","small-world","75","60.18691588785047","59.64912280701754","60.68222621184919"
"2","260","0.3","10","0","pos","small-world","124","61.02803738317757","61.01364522417154","61.04129263913825"
"9","260","0.3","10","0","pos","small-world","101","61.6822429906542","59.4541910331384","63.73429084380611"
"8","260","0.3","10","0","pos","small-world","99","61.40186915887851","59.4541910331384","63.19569120287253"
"7","260","0.3","10","0","pos","small-world","96","61.6822429906542","60.03898635477582","63.19569120287253"
"1","260","0.3","10","0","pos","small-world","92","62.80373831775701","61.98830409356725","63.55475763016158"
"4","260","0.3","10","0","pos","small-world","79","62.42990654205608","60.62378167641326","64.09335727109516"
"2","260","0.3","10","0","pos","small-world","125","60.93457943925233","60.81871345029239","61.04129263913825"
"6","260","0.3","10","0","pos","small-world","75","61.21495327102804","60.03898635477582","62.29802513464991"
"3","260","0.3","10","0","pos","small-world","70","61.308411214953274","58.47953216374269","63.91382405745063"
"9","260","0.3","10","0","pos","small-world","102","61.77570093457943","59.64912280701754","63.73429084380611"
"8","260","0.3","10","0","pos","small-world","100","61.40186915887851","59.64912280701754","63.016157989228006"
"5","260","0.3","10","0","pos","small-world","76","60.373831775700936","59.84405458089669","60.86175942549371"
"6","260","0.3","10","0","pos","small-world","76","61.12149532710281","60.03898635477582","62.11849192100538"
"1","260","0.3","10","0","pos","small-world","93","62.89719626168224","61.79337231968811","63.91382405745063"
"3","260","0.3","10","0","pos","small-world","71","61.49532710280374","58.67446393762184","64.09335727109516"
"2","260","0.3","10","0","pos","small-world","126","60.8411214953271","60.62378167641326","61.04129263913825"
"8","260","0.3","10","0","pos","small-world","101","61.588785046728965","60.03898635477582","63.016157989228006"
"6","260","0.3","10","0","pos","small-world","77","61.12149532710281","60.03898635477582","62.11849192100538"
"5","260","0.3","10","0","pos","small-world","77","60.18691588785047","59.64912280701754","60.68222621184919"
"7","260","0.3","10","0","pos","small-world","97","61.6822429906542","60.23391812865497","63.016157989228006"
"1","260","0.3","10","0","pos","small-world","94","62.99065420560748","61.79337231968811","64.09335727109516"
"9","260","0.3","10","0","pos","small-world","103","61.96261682242991","59.84405458089669","63.91382405745063"
"6","260","0.3","10","0","pos","small-world","78","61.12149532710281","59.84405458089669","62.29802513464991"
"2","260","0.3","10","0","pos","small-world","127","60.747663551401864","60.42884990253411","61.04129263913825"
"3","260","0.3","10","0","pos","small-world","72","61.49532710280374","58.67446393762184","64.09335727109516"
"4","260","0.3","10","0","pos","small-world","80","62.523364485981304","60.62378167641326","64.27289048473968"
"8","260","0.3","10","0","pos","small-world","102","61.49532710280374","60.03898635477582","62.83662477558348"
"3","260","0.3","10","0","pos","small-world","73","61.308411214953274","58.47953216374269","63.91382405745063"
"7","260","0.3","10","0","pos","small-world","98","61.6822429906542","60.23391812865497","63.016157989228006"
"6","260","0.3","10","0","pos","small-world","79","61.40186915887851","59.84405458089669","62.83662477558348"
"4","260","0.3","10","0","pos","small-world","81","62.80373831775701","61.01364522417154","64.4524236983842"
"9","260","0.3","10","0","pos","small-world","104","62.149532710280376","60.03898635477582","64.09335727109516"
"2","260","0.3","10","0","pos","small-world","128","60.5607476635514","60.23391812865497","60.86175942549371"
"4","260","0.3","10","0","pos","small-world","82","62.80373831775701","61.01364522417154","64.4524236983842"
"8","260","0.3","10","0","pos","small-world","103","61.49532710280374","60.03898635477582","62.83662477558348"
"7","260","0.3","10","0","pos","small-world","99","61.86915887850467","60.62378167641326","63.016157989228006"
"3","260","0.3","10","0","pos","small-world","74","61.21495327102804","58.28460038986355","63.91382405745063"
"6","260","0.3","10","0","pos","small-world","80","61.12149532710281","59.4541910331384","62.65709156193896"
"1","260","0.3","10","0","pos","small-world","95","62.89719626168224","61.59844054580896","64.09335727109516"
"8","260","0.3","10","0","pos","small-world","104","61.308411214953274","59.84405458089669","62.65709156193896"
"9","260","0.3","10","0","pos","small-world","105","62.05607476635514","59.84405458089669","64.09335727109516"
"2","260","0.3","10","0","pos","small-world","129","60.747663551401864","60.42884990253411","61.04129263913825"
"4","260","0.3","10","0","pos","small-world","83","62.80373831775701","61.01364522417154","64.4524236983842"
"7","260","0.3","10","0","pos","small-world","100","61.77570093457943","60.62378167641326","62.83662477558348"
"8","260","0.3","10","0","pos","small-world","105","61.308411214953274","59.84405458089669","62.65709156193896"
"9","260","0.3","10","0","pos","small-world","106","62.24299065420561","60.23391812865497","64.09335727109516"
"6","260","0.3","10","0","pos","small-world","81","61.308411214953274","59.64912280701754","62.83662477558348"
"3","260","0.3","10","0","pos","small-world","75","61.308411214953274","58.28460038986355","64.09335727109516"
"2","260","0.3","10","0","pos","small-world","130","60.747663551401864","60.42884990253411","61.04129263913825"
"7","260","0.3","10","0","pos","small-world","101","62.05607476635514","60.62378167641326","63.37522441651705"
"4","260","0.3","10","0","pos","small-world","84","62.80373831775701","60.81871345029239","64.63195691202873"
"1","260","0.3","10","0","pos","small-world","96","62.99065420560748","61.59844054580896","64.27289048473968"
"6","260","0.3","10","0","pos","small-world","82","61.40186915887851","59.64912280701754","63.016157989228006"
"8","260","0.3","10","0","pos","small-world","106","61.308411214953274","59.64912280701754","62.83662477558348"
"9","260","0.3","10","0","pos","small-world","107","62.24299065420561","60.23391812865497","64.09335727109516"
"5","260","0.3","10","0","pos","small-world","78","60.18691588785047","59.64912280701754","60.68222621184919"
"2","260","0.3","10","0","pos","small-world","131","60.8411214953271","60.42884990253411","61.22082585278277"
"7","260","0.3","10","0","pos","small-world","102","61.96261682242991","60.42884990253411","63.37522441651705"
"4","260","0.3","10","0","pos","small-world","85","62.99065420560748","60.81871345029239","64.99102333931778"
"8","260","0.3","10","0","pos","small-world","107","61.12149532710281","59.25925925925925","62.83662477558348"
"3","260","0.3","10","0","pos","small-world","76","61.308411214953274","58.47953216374269","63.91382405745063"
"2","260","0.3","10","0","pos","small-world","132","61.02803738317757","60.62378167641326","61.40035906642729"
"9","260","0.3","10","0","pos","small-world","108","62.149532710280376","60.23391812865497","63.91382405745063"
"1","260","0.3","10","0","pos","small-world","97","62.99065420560748","61.59844054580896","64.27289048473968"
"5","260","0.3","10","0","pos","small-world","79","60","59.4541910331384","60.502692998204665"
"7","260","0.3","10","0","pos","small-world","103","61.96261682242991","60.81871345029239","63.016157989228006"
"2","260","0.3","10","0","pos","small-world","133","60.93457943925233","60.23391812865497","61.57989228007181"
"6","260","0.3","10","0","pos","small-world","83","61.49532710280374","59.84405458089669","63.016157989228006"
"4","260","0.3","10","0","pos","small-world","86","63.177570093457945","60.81871345029239","65.35008976660683"
"9","260","0.3","10","0","pos","small-world","109","62.149532710280376","60.23391812865497","63.91382405745063"
"3","260","0.3","10","0","pos","small-world","77","61.308411214953274","58.47953216374269","63.91382405745063"
"2","260","0.3","10","0","pos","small-world","134","60.8411214953271","60.23391812865497","61.40035906642729"
"1","260","0.3","10","0","pos","small-world","98","62.99065420560748","61.40350877192983","64.4524236983842"
"5","260","0.3","10","0","pos","small-world","80","59.90654205607476","59.25925925925925","60.502692998204665"
"6","260","0.3","10","0","pos","small-world","84","61.588785046728965","59.84405458089669","63.19569120287253"
"7","260","0.3","10","0","pos","small-world","104","61.86915887850467","60.62378167641326","63.016157989228006"
"8","260","0.3","10","0","pos","small-world","108","61.02803738317757","59.06432748538012","62.83662477558348"
"2","260","0.3","10","0","pos","small-world","135","60.8411214953271","60.23391812865497","61.40035906642729"
"3","260","0.3","10","0","pos","small-world","78","61.308411214953274","58.47953216374269","63.91382405745063"
"4","260","0.3","10","0","pos","small-world","87","63.27102803738318","60.81871345029239","65.52962298025135"
"5","260","0.3","10","0","pos","small-world","81","60","59.25925925925925","60.68222621184919"
"9","260","0.3","10","0","pos","small-world","110","62.05607476635514","60.03898635477582","63.91382405745063"
"1","260","0.3","10","0","pos","small-world","99","63.27102803738318","61.79337231968811","64.63195691202873"
"6","260","0.3","10","0","pos","small-world","85","61.6822429906542","60.03898635477582","63.19569120287253"
"7","260","0.3","10","0","pos","small-world","105","61.86915887850467","60.42884990253411","63.19569120287253"
"2","260","0.3","10","0","pos","small-world","136","60.747663551401864","59.84405458089669","61.57989228007181"
"8","260","0.3","10","0","pos","small-world","109","61.02803738317757","58.86939571150097","63.016157989228006"
"4","260","0.3","10","0","pos","small-world","88","63.27102803738318","61.01364522417154","65.35008976660683"
"9","260","0.3","10","0","pos","small-world","111","62.05607476635514","59.84405458089669","64.09335727109516"
"5","260","0.3","10","0","pos","small-world","82","59.90654205607476","59.25925925925925","60.502692998204665"
"7","260","0.3","10","0","pos","small-world","106","61.86915887850467","60.42884990253411","63.19569120287253"
"1","260","0.3","10","0","pos","small-world","100","63.36448598130842","61.98830409356725","64.63195691202873"
"4","260","0.3","10","0","pos","small-world","89","63.36448598130842","61.20857699805068","65.35008976660683"
"8","260","0.3","10","0","pos","small-world","110","61.12149532710281","59.06432748538012","63.016157989228006"
"6","260","0.3","10","0","pos","small-world","86","61.588785046728965","59.84405458089669","63.19569120287253"
"3","260","0.3","10","0","pos","small-world","79","61.40186915887851","58.67446393762184","63.91382405745063"
"2","260","0.3","10","0","pos","small-world","137","60.8411214953271","60.03898635477582","61.57989228007181"
"7","260","0.3","10","0","pos","small-world","107","61.77570093457943","60.23391812865497","63.19569120287253"
"9","260","0.3","10","0","pos","small-world","112","62.05607476635514","59.84405458089669","64.09335727109516"
"5","260","0.3","10","0","pos","small-world","83","60","59.25925925925925","60.68222621184919"
"2","260","0.3","10","0","pos","small-world","138","61.02803738317757","60.23391812865497","61.759425493716336"
"8","260","0.3","10","0","pos","small-world","111","61.02803738317757","58.86939571150097","63.016157989228006"
"1","260","0.3","10","0","pos","small-world","101","63.45794392523364","61.98830409356725","64.81149012567326"
"9","260","0.3","10","0","pos","small-world","113","62.42990654205608","60.23391812865497","64.4524236983842"
"6","260","0.3","10","0","pos","small-world","87","61.49532710280374","60.03898635477582","62.83662477558348"
"2","260","0.3","10","0","pos","small-world","139","60.93457943925233","60.23391812865497","61.57989228007181"
"4","260","0.3","10","0","pos","small-world","90","63.27102803738318","61.01364522417154","65.35008976660683"
"3","260","0.3","10","0","pos","small-world","80","61.40186915887851","58.67446393762184","63.91382405745063"
"5","260","0.3","10","0","pos","small-world","84","60.09345794392523","59.25925925925925","60.86175942549371"
"7","260","0.3","10","0","pos","small-world","108","61.77570093457943","60.23391812865497","63.19569120287253"
"8","260","0.3","10","0","pos","small-world","112","61.40186915887851","59.06432748538012","63.55475763016158"
"2","260","0.3","10","0","pos","small-world","140","61.02803738317757","60.42884990253411","61.57989228007181"
"1","260","0.3","10","0","pos","small-world","102","63.55140186915887","62.1832358674464","64.81149012567326"
"9","260","0.3","10","0","pos","small-world","114","62.42990654205608","60.03898635477582","64.63195691202873"
"5","260","0.3","10","0","pos","small-world","85","60.18691588785047","59.64912280701754","60.68222621184919"
"6","260","0.3","10","0","pos","small-world","88","61.77570093457943","60.23391812865497","63.19569120287253"
"2","260","0.3","10","0","pos","small-world","141","61.308411214953274","60.62378167641326","61.93895870736086"
"3","260","0.3","10","0","pos","small-world","81","61.588785046728965","58.86939571150097","64.09335727109516"
"4","260","0.3","10","0","pos","small-world","91","63.177570093457945","60.81871345029239","65.35008976660683"
"5","260","0.3","10","0","pos","small-world","86","60.09345794392523","59.4541910331384","60.68222621184919"
"7","260","0.3","10","0","pos","small-world","109","61.96261682242991","60.23391812865497","63.55475763016158"
"9","260","0.3","10","0","pos","small-world","115","62.42990654205608","60.03898635477582","64.63195691202873"
"2","260","0.3","10","0","pos","small-world","142","61.49532710280374","60.62378167641326","62.29802513464991"
"8","260","0.3","10","0","pos","small-world","113","61.40186915887851","59.06432748538012","63.55475763016158"
"6","260","0.3","10","0","pos","small-world","89","61.77570093457943","60.42884990253411","63.016157989228006"
"1","260","0.3","10","0","pos","small-world","103","63.83177570093458","62.37816764132553","65.1705565529623"
"3","260","0.3","10","0","pos","small-world","82","61.588785046728965","58.86939571150097","64.09335727109516"
"5","260","0.3","10","0","pos","small-world","87","60","59.06432748538012","60.86175942549371"
"4","260","0.3","10","0","pos","small-world","92","63.177570093457945","60.81871345029239","65.35008976660683"
"2","260","0.3","10","0","pos","small-world","143","61.49532710280374","60.62378167641326","62.29802513464991"
"7","260","0.3","10","0","pos","small-world","110","61.96261682242991","60.42884990253411","63.37522441651705"
"9","260","0.3","10","0","pos","small-world","116","62.523364485981304","60.23391812865497","64.63195691202873"
"8","260","0.3","10","0","pos","small-world","114","61.49532710280374","59.25925925925925","63.55475763016158"
"6","260","0.3","10","0","pos","small-world","90","61.588785046728965","60.03898635477582","63.016157989228006"
"5","260","0.3","10","0","pos","small-world","88","60.280373831775705","59.25925925925925","61.22082585278277"
"1","260","0.3","10","0","pos","small-world","104","63.83177570093458","62.37816764132553","65.1705565529623"
"3","260","0.3","10","0","pos","small-world","83","61.6822429906542","59.25925925925925","63.91382405745063"
"2","260","0.3","10","0","pos","small-world","144","61.49532710280374","60.62378167641326","62.29802513464991"
"8","260","0.3","10","0","pos","small-world","115","61.40186915887851","58.86939571150097","63.73429084380611"
"7","260","0.3","10","0","pos","small-world","111","62.24299065420561","60.62378167641326","63.73429084380611"
"9","260","0.3","10","0","pos","small-world","117","62.616822429906534","60.03898635477582","64.99102333931778"
"6","260","0.3","10","0","pos","small-world","91","61.6822429906542","60.03898635477582","63.19569120287253"
"4","260","0.3","10","0","pos","small-world","93","63.27102803738318","61.01364522417154","65.35008976660683"
"5","260","0.3","10","0","pos","small-world","89","60.280373831775705","59.06432748538012","61.40035906642729"
"2","260","0.3","10","0","pos","small-world","145","61.49532710280374","60.62378167641326","62.29802513464991"
"7","260","0.3","10","0","pos","small-world","112","62.05607476635514","60.42884990253411","63.55475763016158"
"8","260","0.3","10","0","pos","small-world","116","61.40186915887851","58.86939571150097","63.73429084380611"
"2","260","0.3","10","0","pos","small-world","146","61.40186915887851","60.42884990253411","62.29802513464991"
"9","260","0.3","10","0","pos","small-world","118","62.80373831775701","60.42884990253411","64.99102333931778"
"2","260","0.3","10","0","pos","small-world","147","61.49532710280374","60.42884990253411","62.47755834829444"
"4","260","0.3","10","0","pos","small-world","94","63.27102803738318","61.20857699805068","65.1705565529623"
"3","260","0.3","10","0","pos","small-world","84","61.588785046728965","59.4541910331384","63.55475763016158"
"7","260","0.3","10","0","pos","small-world","113","62.05607476635514","60.42884990253411","63.55475763016158"
"1","260","0.3","10","0","pos","small-world","105","63.925233644859816","62.37816764132553","65.35008976660683"
"6","260","0.3","10","0","pos","small-world","92","61.588785046728965","59.84405458089669","63.19569120287253"
"5","260","0.3","10","0","pos","small-world","90","60.280373831775705","59.06432748538012","61.40035906642729"
"8","260","0.3","10","0","pos","small-world","117","61.588785046728965","59.06432748538012","63.91382405745063"
"2","260","0.3","10","0","pos","small-world","148","61.6822429906542","60.62378167641326","62.65709156193896"
"4","260","0.3","10","0","pos","small-world","95","63.177570093457945","61.20857699805068","64.99102333931778"
"3","260","0.3","10","0","pos","small-world","85","61.49532710280374","59.25925925925925","63.55475763016158"
"9","260","0.3","10","0","pos","small-world","119","62.80373831775701","60.42884990253411","64.99102333931778"
"6","260","0.3","10","0","pos","small-world","93","61.49532710280374","59.84405458089669","63.016157989228006"
"4","260","0.3","10","0","pos","small-world","96","63.084112149532714","61.20857699805068","64.81149012567326"
"3","260","0.3","10","0","pos","small-world","86","61.588785046728965","59.4541910331384","63.55475763016158"
"1","260","0.3","10","0","pos","small-world","106","64.11214953271028","62.57309941520468","65.52962298025135"
"7","260","0.3","10","0","pos","small-world","114","62.149532710280376","60.42884990253411","63.73429084380611"
"6","260","0.3","10","0","pos","small-world","94","61.49532710280374","59.84405458089669","63.016157989228006"
"2","260","0.3","10","0","pos","small-world","149","61.49532710280374","60.62378167641326","62.29802513464991"
"3","260","0.3","10","0","pos","small-world","87","61.588785046728965","59.4541910331384","63.55475763016158"
"4","260","0.3","10","0","pos","small-world","97","63.177570093457945","61.20857699805068","64.99102333931778"
"8","260","0.3","10","0","pos","small-world","118","61.49532710280374","59.06432748538012","63.73429084380611"
"9","260","0.3","10","0","pos","small-world","120","62.99065420560748","60.62378167641326","65.1705565529623"
"7","260","0.3","10","0","pos","small-world","115","62.24299065420561","60.62378167641326","63.73429084380611"
"1","260","0.3","10","0","pos","small-world","107","64.01869158878505","62.37816764132553","65.52962298025135"
"6","260","0.3","10","0","pos","small-world","95","61.588785046728965","59.84405458089669","63.19569120287253"
"3","260","0.3","10","0","pos","small-world","88","61.588785046728965","59.4541910331384","63.55475763016158"
"8","260","0.3","10","0","pos","small-world","119","61.6822429906542","59.25925925925925","63.91382405745063"
"2","260","0.3","10","0","pos","small-world","150","61.588785046728965","60.62378167641326","62.47755834829444"
"7","260","0.3","10","0","pos","small-world","116","62.33644859813084","60.81871345029239","63.73429084380611"
"5","260","0.3","10","0","pos","small-world","91","60.18691588785047","59.25925925925925","61.04129263913825"
"9","260","0.3","10","0","pos","small-world","121","62.80373831775701","60.23391812865497","65.1705565529623"
"4","260","0.3","10","0","pos","small-world","98","63.27102803738318","61.40350877192983","64.99102333931778"
"6","260","0.3","10","0","pos","small-world","96","61.6822429906542","59.84405458089669","63.37522441651705"
"1","260","0.3","10","0","pos","small-world","108","64.01869158878505","62.37816764132553","65.52962298025135"
"4","260","0.3","10","0","pos","small-world","99","62.99065420560748","61.40350877192983","64.4524236983842"
"2","260","0.3","10","0","pos","small-world","151","61.6822429906542","60.81871345029239","62.47755834829444"
"8","260","0.3","10","0","pos","small-world","120","61.588785046728965","59.06432748538012","63.91382405745063"
"3","260","0.3","10","0","pos","small-world","89","61.49532710280374","59.25925925925925","63.55475763016158"
"9","260","0.3","10","0","pos","small-world","122","62.71028037383177","60.23391812865497","64.99102333931778"
"2","260","0.3","10","0","pos","small-world","152","61.86915887850467","61.01364522417154","62.65709156193896"
"6","260","0.3","10","0","pos","small-world","97","61.86915887850467","60.03898635477582","63.55475763016158"
"5","260","0.3","10","0","pos","small-world","92","60.18691588785047","59.25925925925925","61.04129263913825"
"7","260","0.3","10","0","pos","small-world","117","62.616822429906534","61.01364522417154","64.09335727109516"
"9","260","0.3","10","0","pos","small-world","123","62.89719626168224","60.42884990253411","65.1705565529623"
"1","260","0.3","10","0","pos","small-world","109","64.11214953271028","62.57309941520468","65.52962298025135"
"3","260","0.3","10","0","pos","small-world","90","61.49532710280374","59.4541910331384","63.37522441651705"
"9","260","0.3","10","0","pos","small-world","124","62.71028037383177","60.23391812865497","64.99102333931778"
"4","260","0.3","10","0","pos","small-world","100","63.084112149532714","61.40350877192983","64.63195691202873"
"8","260","0.3","10","0","pos","small-world","121","61.588785046728965","59.06432748538012","63.91382405745063"
"2","260","0.3","10","0","pos","small-world","153","61.96261682242991","61.20857699805068","62.65709156193896"
"5","260","0.3","10","0","pos","small-world","93","60.280373831775705","59.4541910331384","61.04129263913825"
"1","260","0.3","10","0","pos","small-world","110","64.11214953271028","62.37816764132553","65.70915619389586"
"4","260","0.3","10","0","pos","small-world","101","63.084112149532714","61.40350877192983","64.63195691202873"
"6","260","0.3","10","0","pos","small-world","98","61.96261682242991","60.03898635477582","63.73429084380611"
"9","260","0.3","10","0","pos","small-world","125","62.80373831775701","60.23391812865497","65.1705565529623"
"7","260","0.3","10","0","pos","small-world","118","62.616822429906534","61.01364522417154","64.09335727109516"
"2","260","0.3","10","0","pos","small-world","154","62.05607476635514","61.20857699805068","62.83662477558348"
"3","260","0.3","10","0","pos","small-world","91","61.49532710280374","59.4541910331384","63.37522441651705"
"5","260","0.3","10","0","pos","small-world","94","60.373831775700936","59.64912280701754","61.04129263913825"
"8","260","0.3","10","0","pos","small-world","122","61.77570093457943","59.06432748538012","64.27289048473968"
"9","260","0.3","10","0","pos","small-world","126","62.89719626168224","60.23391812865497","65.35008976660683"
"4","260","0.3","10","0","pos","small-world","102","63.27102803738318","61.40350877192983","64.99102333931778"
"1","260","0.3","10","0","pos","small-world","111","64.29906542056075","62.57309941520468","65.8886894075404"
"5","260","0.3","10","0","pos","small-world","95","60.280373831775705","59.84405458089669","60.68222621184919"
"3","260","0.3","10","0","pos","small-world","92","61.588785046728965","59.64912280701754","63.37522441651705"
"2","260","0.3","10","0","pos","small-world","155","61.96261682242991","61.01364522417154","62.83662477558348"
"6","260","0.3","10","0","pos","small-world","99","62.05607476635514","60.23391812865497","63.73429084380611"
"8","260","0.3","10","0","pos","small-world","123","61.49532710280374","58.86939571150097","63.91382405745063"
"7","260","0.3","10","0","pos","small-world","119","62.523364485981304","61.01364522417154","63.91382405745063"
"2","260","0.3","10","0","pos","small-world","156","62.05607476635514","61.01364522417154","63.016157989228006"
"4","260","0.3","10","0","pos","small-world","103","63.27102803738318","61.40350877192983","64.99102333931778"
"3","260","0.3","10","0","pos","small-world","93","61.77570093457943","59.84405458089669","63.55475763016158"
"5","260","0.3","10","0","pos","small-world","96","60","59.64912280701754","60.32315978456014"
"6","260","0.3","10","0","pos","small-world","100","61.96261682242991","60.23391812865497","63.55475763016158"
"1","260","0.3","10","0","pos","small-world","112","64.29906542056075","62.57309941520468","65.8886894075404"
"8","260","0.3","10","0","pos","small-world","124","61.77570093457943","59.06432748538012","64.27289048473968"
"5","260","0.3","10","0","pos","small-world","97","60","59.4541910331384","60.502692998204665"
"2","260","0.3","10","0","pos","small-world","157","62.149532710280376","61.01364522417154","63.19569120287253"
"6","260","0.3","10","0","pos","small-world","101","61.96261682242991","60.23391812865497","63.55475763016158"
"9","260","0.3","10","0","pos","small-world","127","63.084112149532714","60.42884990253411","65.52962298025135"
"7","260","0.3","10","0","pos","small-world","120","62.616822429906534","61.20857699805068","63.91382405745063"
"2","260","0.3","10","0","pos","small-world","158","62.05607476635514","60.81871345029239","63.19569120287253"
"8","260","0.3","10","0","pos","small-world","125","61.96261682242991","59.25925925925925","64.4524236983842"
"1","260","0.3","10","0","pos","small-world","113","64.48598130841121","62.768031189083814","66.06822262118493"
"5","260","0.3","10","0","pos","small-world","98","60.18691588785047","59.84405458089669","60.502692998204665"
"6","260","0.3","10","0","pos","small-world","102","61.86915887850467","60.23391812865497","63.37522441651705"
"3","260","0.3","10","0","pos","small-world","94","61.6822429906542","59.64912280701754","63.55475763016158"
"9","260","0.3","10","0","pos","small-world","128","62.89719626168224","60.42884990253411","65.1705565529623"
"4","260","0.3","10","0","pos","small-world","104","62.99065420560748","61.01364522417154","64.81149012567326"
"8","260","0.3","10","0","pos","small-world","126","62.05607476635514","59.4541910331384","64.4524236983842"
"7","260","0.3","10","0","pos","small-world","121","62.616822429906534","61.20857699805068","63.91382405745063"
"2","260","0.3","10","0","pos","small-world","159","62.24299065420561","61.20857699805068","63.19569120287253"
"1","260","0.3","10","0","pos","small-world","114","64.48598130841121","62.768031189083814","66.06822262118493"
"4","260","0.3","10","0","pos","small-world","105","62.89719626168224","60.81871345029239","64.81149012567326"
"5","260","0.3","10","0","pos","small-world","99","60.280373831775705","59.84405458089669","60.68222621184919"
"6","260","0.3","10","0","pos","small-world","103","61.77570093457943","60.03898635477582","63.37522441651705"
"9","260","0.3","10","0","pos","small-world","129","62.89719626168224","60.42884990253411","65.1705565529623"
"3","260","0.3","10","0","pos","small-world","95","61.77570093457943","59.84405458089669","63.55475763016158"
"2","260","0.3","10","0","pos","small-world","160","62.05607476635514","61.01364522417154","63.016157989228006"
"7","260","0.3","10","0","pos","small-world","122","62.80373831775701","61.59844054580896","63.91382405745063"
"8","260","0.3","10","0","pos","small-world","127","62.05607476635514","59.64912280701754","64.27289048473968"
"5","260","0.3","10","0","pos","small-world","100","60.46728971962617","60.03898635477582","60.86175942549371"
"9","260","0.3","10","0","pos","small-world","130","62.99065420560748","60.62378167641326","65.1705565529623"
"6","260","0.3","10","0","pos","small-world","104","61.86915887850467","60.03898635477582","63.55475763016158"
"2","260","0.3","10","0","pos","small-world","161","62.24299065420561","61.01364522417154","63.37522441651705"
"3","260","0.3","10","0","pos","small-world","96","61.86915887850467","60.03898635477582","63.55475763016158"
"2","260","0.3","10","0","pos","small-world","162","62.149532710280376","60.81871345029239","63.37522441651705"
"9","260","0.3","10","0","pos","small-world","131","63.084112149532714","60.81871345029239","65.1705565529623"
"7","260","0.3","10","0","pos","small-world","123","62.71028037383177","61.59844054580896","63.73429084380611"
"8","260","0.3","10","0","pos","small-world","128","62.24299065420561","59.84405458089669","64.4524236983842"
"2","260","0.3","10","0","pos","small-world","163","61.96261682242991","60.42884990253411","63.37522441651705"
"5","260","0.3","10","0","pos","small-world","101","60.5607476635514","60.23391812865497","60.86175942549371"
"1","260","0.3","10","0","pos","small-world","115","64.67289719626169","62.768031189083814","66.42728904847397"
"6","260","0.3","10","0","pos","small-world","105","61.96261682242991","60.23391812865497","63.55475763016158"
"3","260","0.3","10","0","pos","small-world","97","61.77570093457943","60.03898635477582","63.37522441651705"
"9","260","0.3","10","0","pos","small-world","132","63.177570093457945","61.01364522417154","65.1705565529623"
"5","260","0.3","10","0","pos","small-world","102","60.747663551401864","60.42884990253411","61.04129263913825"
"2","260","0.3","10","0","pos","small-world","164","61.96261682242991","60.42884990253411","63.37522441651705"
"8","260","0.3","10","0","pos","small-world","129","62.149532710280376","59.84405458089669","64.27289048473968"
"4","260","0.3","10","0","pos","small-world","106","63.27102803738318","61.01364522417154","65.35008976660683"
"3","260","0.3","10","0","pos","small-world","98","61.86915887850467","60.03898635477582","63.55475763016158"
"7","260","0.3","10","0","pos","small-world","124","62.89719626168224","61.79337231968811","63.91382405745063"
"9","260","0.3","10","0","pos","small-world","133","63.177570093457945","61.01364522417154","65.1705565529623"
"1","260","0.3","10","0","pos","small-world","116","64.57943925233644","62.768031189083814","66.24775583482945"
"6","260","0.3","10","0","pos","small-world","106","62.05607476635514","60.42884990253411","63.55475763016158"
"5","260","0.3","10","0","pos","small-world","103","60.747663551401864","60.42884990253411","61.04129263913825"
"2","260","0.3","10","0","pos","small-world","165","61.96261682242991","60.42884990253411","63.37522441651705"
"9","260","0.3","10","0","pos","small-world","134","63.084112149532714","60.81871345029239","65.1705565529623"
"3","260","0.3","10","0","pos","small-world","99","61.77570093457943","60.03898635477582","63.37522441651705"
"7","260","0.3","10","0","pos","small-world","125","62.99065420560748","61.98830409356725","63.91382405745063"
"4","260","0.3","10","0","pos","small-world","107","63.45794392523364","61.20857699805068","65.52962298025135"
"2","260","0.3","10","0","pos","small-world","166","62.24299065420561","60.42884990253411","63.91382405745063"
"1","260","0.3","10","0","pos","small-world","117","64.39252336448598","62.768031189083814","65.8886894075404"
"5","260","0.3","10","0","pos","small-world","104","60.8411214953271","60.23391812865497","61.40035906642729"
"7","260","0.3","10","0","pos","small-world","126","63.27102803738318","62.37816764132553","64.09335727109516"
"4","260","0.3","10","0","pos","small-world","108","63.27102803738318","61.01364522417154","65.35008976660683"
"3","260","0.3","10","0","pos","small-world","100","61.6822429906542","59.84405458089669","63.37522441651705"
"9","260","0.3","10","0","pos","small-world","135","63.084112149532714","60.81871345029239","65.1705565529623"
"8","260","0.3","10","0","pos","small-world","130","62.42990654205608","60.23391812865497","64.4524236983842"
"2","260","0.3","10","0","pos","small-world","167","62.33644859813084","60.42884990253411","64.09335727109516"
"4","260","0.3","10","0","pos","small-world","109","63.45794392523364","61.01364522417154","65.70915619389586"
"6","260","0.3","10","0","pos","small-world","107","62.149532710280376","60.42884990253411","63.73429084380611"
"7","260","0.3","10","0","pos","small-world","127","63.36448598130842","62.37816764132553","64.27289048473968"
"3","260","0.3","10","0","pos","small-world","101","61.6822429906542","59.84405458089669","63.37522441651705"
"5","260","0.3","10","0","pos","small-world","105","60.747663551401864","60.23391812865497","61.22082585278277"
"2","260","0.3","10","0","pos","small-world","168","62.33644859813084","60.23391812865497","64.27289048473968"
"9","260","0.3","10","0","pos","small-world","136","63.177570093457945","61.01364522417154","65.1705565529623"
"1","260","0.3","10","0","pos","small-world","118","64.39252336448598","62.96296296296296","65.70915619389586"
"8","260","0.3","10","0","pos","small-world","131","62.523364485981304","60.42884990253411","64.4524236983842"
"4","260","0.3","10","0","pos","small-world","110","63.55140186915887","61.01364522417154","65.8886894075404"
"9","260","0.3","10","0","pos","small-world","137","63.27102803738318","61.01364522417154","65.35008976660683"
"2","260","0.3","10","0","pos","small-world","169","62.42990654205608","60.42884990253411","64.27289048473968"
"7","260","0.3","10","0","pos","small-world","128","63.27102803738318","62.1832358674464","64.27289048473968"
"3","260","0.3","10","0","pos","small-world","102","61.588785046728965","59.84405458089669","63.19569120287253"
"5","260","0.3","10","0","pos","small-world","106","60.65420560747663","60.03898635477582","61.22082585278277"
"8","260","0.3","10","0","pos","small-world","132","62.80373831775701","60.62378167641326","64.81149012567326"
"6","260","0.3","10","0","pos","small-world","108","61.96261682242991","60.23391812865497","63.55475763016158"
"4","260","0.3","10","0","pos","small-world","111","63.64485981308411","61.40350877192983","65.70915619389586"
"1","260","0.3","10","0","pos","small-world","119","64.48598130841121","63.1578947368421","65.70915619389586"
"2","260","0.3","10","0","pos","small-world","170","62.33644859813084","60.42884990253411","64.09335727109516"
"9","260","0.3","10","0","pos","small-world","138","63.36448598130842","61.01364522417154","65.52962298025135"
"5","260","0.3","10","0","pos","small-world","107","60.5607476635514","60.03898635477582","61.04129263913825"
"4","260","0.3","10","0","pos","small-world","112","63.925233644859816","61.98830409356725","65.70915619389586"
"8","260","0.3","10","0","pos","small-world","133","62.616822429906534","60.42884990253411","64.63195691202873"
"2","260","0.3","10","0","pos","small-world","171","62.33644859813084","60.23391812865497","64.27289048473968"
"6","260","0.3","10","0","pos","small-world","109","61.96261682242991","60.23391812865497","63.55475763016158"
"1","260","0.3","10","0","pos","small-world","120","64.67289719626169","63.547758284600384","65.70915619389586"
"7","260","0.3","10","0","pos","small-world","129","63.27102803738318","62.1832358674464","64.27289048473968"
"4","260","0.3","10","0","pos","small-world","113","64.01869158878505","62.37816764132553","65.52962298025135"
"9","260","0.3","10","0","pos","small-world","139","63.45794392523364","61.20857699805068","65.52962298025135"
"3","260","0.3","10","0","pos","small-world","103","61.6822429906542","59.84405458089669","63.37522441651705"
"5","260","0.3","10","0","pos","small-world","108","60.5607476635514","60.23391812865497","60.86175942549371"
"2","260","0.3","10","0","pos","small-world","172","62.33644859813084","60.23391812865497","64.27289048473968"
"8","260","0.3","10","0","pos","small-world","134","62.71028037383177","60.42884990253411","64.81149012567326"
"9","260","0.3","10","0","pos","small-world","140","63.36448598130842","61.20857699805068","65.35008976660683"
"5","260","0.3","10","0","pos","small-world","109","60.65420560747663","60.23391812865497","61.04129263913825"
"1","260","0.3","10","0","pos","small-world","121","64.57943925233644","63.547758284600384","65.52962298025135"
"6","260","0.3","10","0","pos","small-world","110","62.05607476635514","60.42884990253411","63.55475763016158"
"7","260","0.3","10","0","pos","small-world","130","63.36448598130842","62.37816764132553","64.27289048473968"
"9","260","0.3","10","0","pos","small-world","141","63.45794392523364","61.40350877192983","65.35008976660683"
"2","260","0.3","10","0","pos","small-world","173","62.42990654205608","60.42884990253411","64.27289048473968"
"8","260","0.3","10","0","pos","small-world","135","62.71028037383177","60.62378167641326","64.63195691202873"
"4","260","0.3","10","0","pos","small-world","114","64.01869158878505","62.37816764132553","65.52962298025135"
"3","260","0.3","10","0","pos","small-world","104","61.6822429906542","59.84405458089669","63.37522441651705"
"1","260","0.3","10","0","pos","small-world","122","64.48598130841121","63.547758284600384","65.35008976660683"
"7","260","0.3","10","0","pos","small-world","131","63.45794392523364","62.57309941520468","64.27289048473968"
"8","260","0.3","10","0","pos","small-world","136","62.616822429906534","60.62378167641326","64.4524236983842"
"2","260","0.3","10","0","pos","small-world","174","62.33644859813084","60.23391812865497","64.27289048473968"
"5","260","0.3","10","0","pos","small-world","110","60.747663551401864","60.42884990253411","61.04129263913825"
"9","260","0.3","10","0","pos","small-world","142","63.36448598130842","61.20857699805068","65.35008976660683"
"6","260","0.3","10","0","pos","small-world","111","61.86915887850467","60.23391812865497","63.37522441651705"
"3","260","0.3","10","0","pos","small-world","105","61.86915887850467","60.03898635477582","63.55475763016158"
"4","260","0.3","10","0","pos","small-world","115","64.11214953271028","62.57309941520468","65.52962298025135"
"8","260","0.3","10","0","pos","small-world","137","62.616822429906534","60.62378167641326","64.4524236983842"
"9","260","0.3","10","0","pos","small-world","143","63.36448598130842","61.20857699805068","65.35008976660683"
"2","260","0.3","10","0","pos","small-world","175","62.24299065420561","60.03898635477582","64.27289048473968"
"5","260","0.3","10","0","pos","small-world","111","60.8411214953271","60.42884990253411","61.22082585278277"
"7","260","0.3","10","0","pos","small-world","132","63.45794392523364","62.768031189083814","64.09335727109516"
"1","260","0.3","10","0","pos","small-world","123","64.48598130841121","63.35282651072125","65.52962298025135"
"6","260","0.3","10","0","pos","small-world","112","61.96261682242991","60.23391812865497","63.55475763016158"
"4","260","0.3","10","0","pos","small-world","116","64.11214953271028","62.57309941520468","65.52962298025135"
"3","260","0.3","10","0","pos","small-world","106","61.96261682242991","60.03898635477582","63.73429084380611"
"9","260","0.3","10","0","pos","small-world","144","63.55140186915887","61.40350877192983","65.52962298025135"
"4","260","0.3","10","0","pos","small-world","117","64.01869158878505","62.37816764132553","65.52962298025135"
"5","260","0.3","10","0","pos","small-world","112","60.93457943925233","60.42884990253411","61.40035906642729"
"7","260","0.3","10","0","pos","small-world","133","63.45794392523364","62.96296296296296","63.91382405745063"
"8","260","0.3","10","0","pos","small-world","138","62.71028037383177","60.81871345029239","64.4524236983842"
"2","260","0.3","10","0","pos","small-world","176","62.24299065420561","60.03898635477582","64.27289048473968"
"6","260","0.3","10","0","pos","small-world","113","61.77570093457943","60.03898635477582","63.37522441651705"
"4","260","0.3","10","0","pos","small-world","118","64.01869158878505","62.37816764132553","65.52962298025135"
"9","260","0.3","10","0","pos","small-world","145","63.45794392523364","61.40350877192983","65.35008976660683"
"5","260","0.3","10","0","pos","small-world","113","60.93457943925233","60.42884990253411","61.40035906642729"
"2","260","0.3","10","0","pos","small-world","177","62.24299065420561","60.03898635477582","64.27289048473968"
"9","260","0.3","10","0","pos","small-world","146","63.45794392523364","61.40350877192983","65.35008976660683"
"6","260","0.3","10","0","pos","small-world","114","61.77570093457943","60.03898635477582","63.37522441651705"
"7","260","0.3","10","0","pos","small-world","134","63.45794392523364","62.96296296296296","63.91382405745063"
"8","260","0.3","10","0","pos","small-world","139","62.523364485981304","60.81871345029239","64.09335727109516"
"2","260","0.3","10","0","pos","small-world","178","62.33644859813084","60.23391812865497","64.27289048473968"
"5","260","0.3","10","0","pos","small-world","114","60.747663551401864","60.23391812865497","61.22082585278277"
"9","260","0.3","10","0","pos","small-world","147","63.36448598130842","61.40350877192983","65.1705565529623"
"7","260","0.3","10","0","pos","small-world","135","63.27102803738318","62.768031189083814","63.73429084380611"
"2","260","0.3","10","0","pos","small-world","179","62.24299065420561","59.84405458089669","64.4524236983842"
"9","260","0.3","10","0","pos","small-world","148","63.27102803738318","61.20857699805068","65.1705565529623"
"8","260","0.3","10","0","pos","small-world","140","62.523364485981304","60.81871345029239","64.09335727109516"
"6","260","0.3","10","0","pos","small-world","115","61.96261682242991","60.23391812865497","63.55475763016158"
"7","260","0.3","10","0","pos","small-world","136","63.36448598130842","62.96296296296296","63.73429084380611"
"1","260","0.3","10","0","pos","small-world","124","64.48598130841121","63.35282651072125","65.52962298025135"
"8","260","0.3","10","0","pos","small-world","141","62.523364485981304","60.81871345029239","64.09335727109516"
"5","260","0.3","10","0","pos","small-world","115","60.747663551401864","60.23391812865497","61.22082585278277"
"3","260","0.3","10","0","pos","small-world","107","61.96261682242991","60.03898635477582","63.73429084380611"
"9","260","0.3","10","0","pos","small-world","149","63.27102803738318","61.40350877192983","64.99102333931778"
"2","260","0.3","10","0","pos","small-world","180","62.33644859813084","59.84405458089669","64.63195691202873"
"4","260","0.3","10","0","pos","small-world","119","64.11214953271028","62.57309941520468","65.52962298025135"
"7","260","0.3","10","0","pos","small-world","137","63.27102803738318","62.96296296296296","63.55475763016158"
"9","260","0.3","10","0","pos","small-world","150","63.27102803738318","61.40350877192983","64.99102333931778"
"2","260","0.3","10","0","pos","small-world","181","62.24299065420561","59.64912280701754","64.63195691202873"
"8","260","0.3","10","0","pos","small-world","142","62.42990654205608","60.62378167641326","64.09335727109516"
"6","260","0.3","10","0","pos","small-world","116","61.588785046728965","59.64912280701754","63.37522441651705"
"1","260","0.3","10","0","pos","small-world","125","64.57943925233644","63.74269005847953","65.35008976660683"
"9","260","0.3","10","0","pos","small-world","151","63.45794392523364","61.40350877192983","65.35008976660683"
"4","260","0.3","10","0","pos","small-world","120","64.11214953271028","62.57309941520468","65.52962298025135"
"7","260","0.3","10","0","pos","small-world","138","63.27102803738318","62.96296296296296","63.55475763016158"
"2","260","0.3","10","0","pos","small-world","182","62.149532710280376","59.4541910331384","64.63195691202873"
"8","260","0.3","10","0","pos","small-world","143","62.523364485981304","60.62378167641326","64.27289048473968"
"3","260","0.3","10","0","pos","small-world","108","62.149532710280376","60.23391812865497","63.91382405745063"
"9","260","0.3","10","0","pos","small-world","152","63.27102803738318","61.20857699805068","65.1705565529623"
"7","260","0.3","10","0","pos","small-world","139","63.36448598130842","62.96296296296296","63.73429084380611"
"5","260","0.3","10","0","pos","small-world","116","60.747663551401864","60.03898635477582","61.40035906642729"
"1","260","0.3","10","0","pos","small-world","126","64.67289719626169","63.74269005847953","65.52962298025135"
"2","260","0.3","10","0","pos","small-world","183","62.149532710280376","59.4541910331384","64.63195691202873"
"8","260","0.3","10","0","pos","small-world","144","62.71028037383177","61.01364522417154","64.27289048473968"
"6","260","0.3","10","0","pos","small-world","117","61.40186915887851","59.64912280701754","63.016157989228006"
"4","260","0.3","10","0","pos","small-world","121","64.11214953271028","62.768031189083814","65.35008976660683"
"9","260","0.3","10","0","pos","small-world","153","63.177570093457945","61.20857699805068","64.99102333931778"
"7","260","0.3","10","0","pos","small-world","140","63.36448598130842","62.96296296296296","63.73429084380611"
"1","260","0.3","10","0","pos","small-world","127","64.85981308411215","64.13255360623782","65.52962298025135"
"3","260","0.3","10","0","pos","small-world","109","62.149532710280376","60.23391812865497","63.91382405745063"
"5","260","0.3","10","0","pos","small-world","117","60.8411214953271","60.03898635477582","61.57989228007181"
"2","260","0.3","10","0","pos","small-world","184","62.05607476635514","59.4541910331384","64.4524236983842"
"7","260","0.3","10","0","pos","small-world","141","63.55140186915887","63.1578947368421","63.91382405745063"
"6","260","0.3","10","0","pos","small-world","118","61.21495327102804","59.4541910331384","62.83662477558348"
"4","260","0.3","10","0","pos","small-world","122","63.925233644859816","62.57309941520468","65.1705565529623"
"9","260","0.3","10","0","pos","small-world","154","63.084112149532714","61.40350877192983","64.63195691202873"
"2","260","0.3","10","0","pos","small-world","185","61.96261682242991","59.64912280701754","64.09335727109516"
"8","260","0.3","10","0","pos","small-world","145","62.80373831775701","61.01364522417154","64.4524236983842"
"1","260","0.3","10","0","pos","small-world","128","64.76635514018692","63.93762183235867","65.52962298025135"
"5","260","0.3","10","0","pos","small-world","118","60.8411214953271","60.03898635477582","61.57989228007181"
"9","260","0.3","10","0","pos","small-world","155","62.99065420560748","61.40350877192983","64.4524236983842"
"7","260","0.3","10","0","pos","small-world","142","63.55140186915887","63.1578947368421","63.91382405745063"
"2","260","0.3","10","0","pos","small-world","186","62.05607476635514","59.84405458089669","64.09335727109516"
"3","260","0.3","10","0","pos","small-world","110","62.42990654205608","60.62378167641326","64.09335727109516"
"6","260","0.3","10","0","pos","small-world","119","61.02803738317757","59.25925925925925","62.65709156193896"
"4","260","0.3","10","0","pos","small-world","123","64.01869158878505","62.768031189083814","65.1705565529623"
"9","260","0.3","10","0","pos","small-world","156","63.177570093457945","61.79337231968811","64.4524236983842"
"8","260","0.3","10","0","pos","small-world","146","62.616822429906534","60.81871345029239","64.27289048473968"
"5","260","0.3","10","0","pos","small-world","119","60.747663551401864","60.03898635477582","61.40035906642729"
"2","260","0.3","10","0","pos","small-world","187","62.149532710280376","59.84405458089669","64.27289048473968"
"9","260","0.3","10","0","pos","small-world","157","63.36448598130842","61.79337231968811","64.81149012567326"
"1","260","0.3","10","0","pos","small-world","129","64.76635514018692","63.93762183235867","65.52962298025135"
"6","260","0.3","10","0","pos","small-world","120","61.02803738317757","59.06432748538012","62.83662477558348"
"3","260","0.3","10","0","pos","small-world","111","62.24299065420561","60.42884990253411","63.91382405745063"
"9","260","0.3","10","0","pos","small-world","158","63.45794392523364","61.79337231968811","64.99102333931778"
"7","260","0.3","10","0","pos","small-world","143","63.55140186915887","63.1578947368421","63.91382405745063"
"2","260","0.3","10","0","pos","small-world","188","62.05607476635514","59.64912280701754","64.27289048473968"
"8","260","0.3","10","0","pos","small-world","147","62.523364485981304","60.81871345029239","64.09335727109516"
"9","260","0.3","10","0","pos","small-world","159","63.45794392523364","61.79337231968811","64.99102333931778"
"7","260","0.3","10","0","pos","small-world","144","63.83177570093458","63.74269005847953","63.91382405745063"
"2","260","0.3","10","0","pos","small-world","189","62.149532710280376","59.64912280701754","64.4524236983842"
"1","260","0.3","10","0","pos","small-world","130","64.85981308411215","64.32748538011695","65.35008976660683"
"4","260","0.3","10","0","pos","small-world","124","63.925233644859816","62.768031189083814","64.99102333931778"
"9","260","0.3","10","0","pos","small-world","160","63.36448598130842","61.79337231968811","64.81149012567326"
"5","260","0.3","10","0","pos","small-world","120","60.747663551401864","60.03898635477582","61.40035906642729"
"6","260","0.3","10","0","pos","small-world","121","60.8411214953271","58.86939571150097","62.65709156193896"
"2","260","0.3","10","0","pos","small-world","190","62.05607476635514","59.64912280701754","64.27289048473968"
"7","260","0.3","10","0","pos","small-world","145","63.925233644859816","63.547758284600384","64.27289048473968"
"3","260","0.3","10","0","pos","small-world","112","62.24299065420561","60.62378167641326","63.73429084380611"
"8","260","0.3","10","0","pos","small-world","148","62.42990654205608","60.81871345029239","63.91382405745063"
"2","260","0.3","10","0","pos","small-world","191","62.24299065420561","59.84405458089669","64.4524236983842"
"7","260","0.3","10","0","pos","small-world","146","63.64485981308411","63.1578947368421","64.09335727109516"
"9","260","0.3","10","0","pos","small-world","161","63.45794392523364","61.59844054580896","65.1705565529623"
"2","260","0.3","10","0","pos","small-world","192","62.42990654205608","60.03898635477582","64.63195691202873"
"1","260","0.3","10","0","pos","small-world","131","64.85981308411215","64.32748538011695","65.35008976660683"
"3","260","0.3","10","0","pos","small-world","113","62.149532710280376","60.42884990253411","63.73429084380611"
"6","260","0.3","10","0","pos","small-world","122","60.93457943925233","59.06432748538012","62.65709156193896"
"5","260","0.3","10","0","pos","small-world","121","60.747663551401864","60.23391812865497","61.22082585278277"
"8","260","0.3","10","0","pos","small-world","149","62.523364485981304","61.01364522417154","63.91382405745063"
"7","260","0.3","10","0","pos","small-world","147","63.73831775700934","63.1578947368421","64.27289048473968"
"9","260","0.3","10","0","pos","small-world","162","63.64485981308411","61.98830409356725","65.1705565529623"
"4","260","0.3","10","0","pos","small-world","125","63.925233644859816","62.96296296296296","64.81149012567326"
"6","260","0.3","10","0","pos","small-world","123","61.02803738317757","59.06432748538012","62.83662477558348"
"2","260","0.3","10","0","pos","small-world","193","62.523364485981304","60.03898635477582","64.81149012567326"
"5","260","0.3","10","0","pos","small-world","122","60.747663551401864","60.23391812865497","61.22082585278277"
"4","260","0.3","10","0","pos","small-world","126","64.11214953271028","63.35282651072125","64.81149012567326"
"8","260","0.3","10","0","pos","small-world","150","62.616822429906534","61.20857699805068","63.91382405745063"
"9","260","0.3","10","0","pos","small-world","163","63.64485981308411","61.98830409356725","65.1705565529623"
"1","260","0.3","10","0","pos","small-world","132","64.76635514018692","64.13255360623782","65.35008976660683"
"3","260","0.3","10","0","pos","small-world","114","61.86915887850467","60.03898635477582","63.55475763016158"
"6","260","0.3","10","0","pos","small-world","124","61.02803738317757","59.06432748538012","62.83662477558348"
"7","260","0.3","10","0","pos","small-world","148","63.925233644859816","63.35282651072125","64.4524236983842"
"4","260","0.3","10","0","pos","small-world","127","64.11214953271028","63.35282651072125","64.81149012567326"
"5","260","0.3","10","0","pos","small-world","123","60.46728971962617","59.84405458089669","61.04129263913825"
"8","260","0.3","10","0","pos","small-world","151","62.42990654205608","61.20857699805068","63.55475763016158"
"2","260","0.3","10","0","pos","small-world","194","62.42990654205608","60.03898635477582","64.63195691202873"
"9","260","0.3","10","0","pos","small-world","164","63.73831775700934","62.1832358674464","65.1705565529623"
"1","260","0.3","10","0","pos","small-world","133","64.67289719626169","64.13255360623782","65.1705565529623"
"5","260","0.3","10","0","pos","small-world","124","60.5607476635514","60.03898635477582","61.04129263913825"
"3","260","0.3","10","0","pos","small-world","115","61.96261682242991","60.23391812865497","63.55475763016158"
"6","260","0.3","10","0","pos","small-world","125","61.02803738317757","59.06432748538012","62.83662477558348"
"4","260","0.3","10","0","pos","small-world","128","64.20560747663552","63.1578947368421","65.1705565529623"
"9","260","0.3","10","0","pos","small-world","165","63.73831775700934","61.98830409356725","65.35008976660683"
"8","260","0.3","10","0","pos","small-world","152","62.71028037383177","61.20857699805068","64.09335727109516"
"2","260","0.3","10","0","pos","small-world","195","62.523364485981304","60.23391812865497","64.63195691202873"
"7","260","0.3","10","0","pos","small-world","149","64.11214953271028","63.547758284600384","64.63195691202873"
"2","260","0.3","10","0","pos","small-world","196","62.523364485981304","60.23391812865497","64.63195691202873"
"8","260","0.3","10","0","pos","small-world","153","62.71028037383177","61.20857699805068","64.09335727109516"
"9","260","0.3","10","0","pos","small-world","166","63.925233644859816","61.98830409356725","65.70915619389586"
"7","260","0.3","10","0","pos","small-world","150","64.01869158878505","63.1578947368421","64.81149012567326"
"5","260","0.3","10","0","pos","small-world","125","60.5607476635514","60.03898635477582","61.04129263913825"
"8","260","0.3","10","0","pos","small-world","154","62.71028037383177","61.40350877192983","63.91382405745063"
"6","260","0.3","10","0","pos","small-world","126","61.02803738317757","59.06432748538012","62.83662477558348"
"4","260","0.3","10","0","pos","small-world","129","64.39252336448598","63.547758284600384","65.1705565529623"
"2","260","0.3","10","0","pos","small-world","197","62.42990654205608","60.23391812865497","64.4524236983842"
"7","260","0.3","10","0","pos","small-world","151","64.01869158878505","63.35282651072125","64.63195691202873"
"9","260","0.3","10","0","pos","small-world","167","64.11214953271028","62.37816764132553","65.70915619389586"
"2","260","0.3","10","0","pos","small-world","198","62.42990654205608","60.23391812865497","64.4524236983842"
"3","260","0.3","10","0","pos","small-world","116","61.96261682242991","60.03898635477582","63.73429084380611"
"6","260","0.3","10","0","pos","small-world","127","61.02803738317757","59.25925925925925","62.65709156193896"
"9","260","0.3","10","0","pos","small-world","168","64.11214953271028","62.37816764132553","65.70915619389586"
"7","260","0.3","10","0","pos","small-world","152","64.01869158878505","63.35282651072125","64.63195691202873"
"8","260","0.3","10","0","pos","small-world","155","62.89719626168224","61.59844054580896","64.09335727109516"
"2","260","0.3","10","0","pos","small-world","199","62.523364485981304","60.42884990253411","64.4524236983842"
"9","260","0.3","10","0","pos","small-world","169","64.11214953271028","62.57309941520468","65.52962298025135"
"4","260","0.3","10","0","pos","small-world","130","64.39252336448598","63.74269005847953","64.99102333931778"
"5","260","0.3","10","0","pos","small-world","126","60.65420560747663","60.03898635477582","61.22082585278277"
"1","260","0.3","10","0","pos","small-world","134","64.57943925233644","64.13255360623782","64.99102333931778"
"3","260","0.3","10","0","pos","small-world","117","61.96261682242991","60.23391812865497","63.55475763016158"
"6","260","0.3","10","0","pos","small-world","128","61.12149532710281","59.25925925925925","62.83662477558348"
"2","260","0.3","10","0","pos","small-world","200","62.523364485981304","60.42884990253411","64.4524236983842"
"7","260","0.3","10","0","pos","small-world","153","63.925233644859816","63.35282651072125","64.4524236983842"
"8","260","0.3","10","0","pos","small-world","156","62.99065420560748","61.59844054580896","64.27289048473968"
"9","260","0.3","10","0","pos","small-world","170","64.20560747663552","62.57309941520468","65.70915619389586"
"5","260","0.3","10","0","pos","small-world","127","60.5607476635514","59.84405458089669","61.22082585278277"
"1","260","0.3","10","0","pos","small-world","135","64.57943925233644","64.32748538011695","64.81149012567326"
"4","260","0.3","10","0","pos","small-world","131","64.85981308411215","64.71734892787524","64.99102333931778"
"7","260","0.3","10","0","pos","small-world","154","64.01869158878505","63.547758284600384","64.4524236983842"
"2","260","0.3","10","0","pos","small-world","201","62.523364485981304","60.42884990253411","64.4524236983842"
"8","260","0.3","10","0","pos","small-world","157","63.177570093457945","61.79337231968811","64.4524236983842"
"3","260","0.3","10","0","pos","small-world","118","62.05607476635514","60.42884990253411","63.55475763016158"
"6","260","0.3","10","0","pos","small-world","129","61.49532710280374","59.4541910331384","63.37522441651705"
"9","260","0.3","10","0","pos","small-world","171","64.11214953271028","62.57309941520468","65.52962298025135"
"2","260","0.3","10","0","pos","small-world","202","62.523364485981304","60.42884990253411","64.4524236983842"
"5","260","0.3","10","0","pos","small-world","128","60.5607476635514","59.84405458089669","61.22082585278277"
"8","260","0.3","10","0","pos","small-world","158","63.27102803738318","61.98830409356725","64.4524236983842"
"9","260","0.3","10","0","pos","small-world","172","64.20560747663552","62.57309941520468","65.70915619389586"
"2","260","0.3","10","0","pos","small-world","203","62.616822429906534","60.42884990253411","64.63195691202873"
"7","260","0.3","10","0","pos","small-world","155","64.11214953271028","63.547758284600384","64.63195691202873"
"1","260","0.3","10","0","pos","small-world","136","64.67289719626169","64.32748538011695","64.99102333931778"
"6","260","0.3","10","0","pos","small-world","130","61.40186915887851","59.25925925925925","63.37522441651705"
"3","260","0.3","10","0","pos","small-world","119","62.149532710280376","60.23391812865497","63.91382405745063"
"4","260","0.3","10","0","pos","small-world","132","64.95327102803739","64.71734892787524","65.1705565529623"
"7","260","0.3","10","0","pos","small-world","156","64.01869158878505","63.35282651072125","64.63195691202873"
"2","260","0.3","10","0","pos","small-world","204","62.80373831775701","60.42884990253411","64.99102333931778"
"9","260","0.3","10","0","pos","small-world","173","64.29906542056075","62.57309941520468","65.8886894075404"
"8","260","0.3","10","0","pos","small-world","159","63.27102803738318","61.98830409356725","64.4524236983842"
"2","260","0.3","10","0","pos","small-world","205","62.80373831775701","60.42884990253411","64.99102333931778"
"7","260","0.3","10","0","pos","small-world","157","63.925233644859816","63.35282651072125","64.4524236983842"
"9","260","0.3","10","0","pos","small-world","174","64.39252336448598","62.57309941520468","66.06822262118493"
"5","260","0.3","10","0","pos","small-world","129","60.65420560747663","60.23391812865497","61.04129263913825"
"8","260","0.3","10","0","pos","small-world","160","63.36448598130842","61.79337231968811","64.81149012567326"
"1","260","0.3","10","0","pos","small-world","137","64.57943925233644","64.32748538011695","64.81149012567326"
"6","260","0.3","10","0","pos","small-world","131","61.49532710280374","59.06432748538012","63.73429084380611"
"4","260","0.3","10","0","pos","small-world","133","64.85981308411215","64.71734892787524","64.99102333931778"
"2","260","0.3","10","0","pos","small-world","206","62.80373831775701","60.42884990253411","64.99102333931778"
"3","260","0.3","10","0","pos","small-world","120","62.05607476635514","60.23391812865497","63.73429084380611"
"9","260","0.3","10","0","pos","small-world","175","64.39252336448598","62.57309941520468","66.06822262118493"
"8","260","0.3","10","0","pos","small-world","161","63.36448598130842","61.79337231968811","64.81149012567326"
"7","260","0.3","10","0","pos","small-world","158","63.925233644859816","63.35282651072125","64.4524236983842"
"5","260","0.3","10","0","pos","small-world","130","60.93457943925233","60.42884990253411","61.40035906642729"
"2","260","0.3","10","0","pos","small-world","207","62.71028037383177","60.42884990253411","64.81149012567326"
"9","260","0.3","10","0","pos","small-world","176","64.29906542056075","62.1832358674464","66.24775583482945"
"8","260","0.3","10","0","pos","small-world","162","63.27102803738318","61.59844054580896","64.81149012567326"
"6","260","0.3","10","0","pos","small-world","132","61.49532710280374","59.06432748538012","63.73429084380611"
"1","260","0.3","10","0","pos","small-world","138","64.67289719626169","64.5224171539961","64.81149012567326"
"4","260","0.3","10","0","pos","small-world","134","65.04672897196262","65.10721247563353","64.99102333931778"
"3","260","0.3","10","0","pos","small-world","121","62.33644859813084","60.62378167641326","63.91382405745063"
"2","260","0.3","10","0","pos","small-world","208","62.71028037383177","60.62378167641326","64.63195691202873"
"9","260","0.3","10","0","pos","small-world","177","64.39252336448598","62.1832358674464","66.42728904847397"
"7","260","0.3","10","0","pos","small-world","159","63.925233644859816","63.1578947368421","64.63195691202873"
"8","260","0.3","10","0","pos","small-world","163","63.177570093457945","61.79337231968811","64.4524236983842"
"9","260","0.3","10","0","pos","small-world","178","64.39252336448598","62.1832358674464","66.42728904847397"
"5","260","0.3","10","0","pos","small-world","131","60.8411214953271","60.42884990253411","61.22082585278277"
"1","260","0.3","10","0","pos","small-world","139","64.57943925233644","64.5224171539961","64.63195691202873"
"4","260","0.3","10","0","pos","small-world","135","65.04672897196262","65.10721247563353","64.99102333931778"
"2","260","0.3","10","0","pos","small-world","209","62.616822429906534","60.62378167641326","64.4524236983842"
"8","260","0.3","10","0","pos","small-world","164","63.084112149532714","61.59844054580896","64.4524236983842"
"6","260","0.3","10","0","pos","small-world","133","61.49532710280374","58.86939571150097","63.91382405745063"
"3","260","0.3","10","0","pos","small-world","122","62.05607476635514","60.42884990253411","63.55475763016158"
"7","260","0.3","10","0","pos","small-world","160","64.01869158878505","63.35282651072125","64.63195691202873"
"9","260","0.3","10","0","pos","small-world","179","64.48598130841121","62.1832358674464","66.6068222621185"
"2","260","0.3","10","0","pos","small-world","210","62.71028037383177","60.81871345029239","64.4524236983842"
"8","260","0.3","10","0","pos","small-world","165","63.27102803738318","61.79337231968811","64.63195691202873"
"1","260","0.3","10","0","pos","small-world","140","64.57943925233644","64.71734892787524","64.4524236983842"
"8","260","0.3","10","0","pos","small-world","166","63.27102803738318","61.79337231968811","64.63195691202873"
"4","260","0.3","10","0","pos","small-world","136","65.14018691588785","65.30214424951268","64.99102333931778"
"6","260","0.3","10","0","pos","small-world","134","61.77570093457943","59.06432748538012","64.27289048473968"
"2","260","0.3","10","0","pos","small-world","211","62.71028037383177","60.81871345029239","64.4524236983842"
"5","260","0.3","10","0","pos","small-world","132","60.93457943925233","60.62378167641326","61.22082585278277"
"9","260","0.3","10","0","pos","small-world","180","64.57943925233644","62.37816764132553","66.6068222621185"
"7","260","0.3","10","0","pos","small-world","161","64.11214953271028","63.547758284600384","64.63195691202873"
"1","260","0.3","10","0","pos","small-world","141","64.57943925233644","64.71734892787524","64.4524236983842"
"8","260","0.3","10","0","pos","small-world","167","63.177570093457945","61.59844054580896","64.63195691202873"
"6","260","0.3","10","0","pos","small-world","135","61.77570093457943","59.06432748538012","64.27289048473968"
"7","260","0.3","10","0","pos","small-world","162","64.29906542056075","63.74269005847953","64.81149012567326"
"9","260","0.3","10","0","pos","small-world","181","64.85981308411215","62.57309941520468","66.96588868940754"
"2","260","0.3","10","0","pos","small-world","212","62.80373831775701","61.01364522417154","64.4524236983842"
"5","260","0.3","10","0","pos","small-world","133","60.8411214953271","60.62378167641326","61.04129263913825"
"3","260","0.3","10","0","pos","small-world","123","62.149532710280376","60.42884990253411","63.73429084380611"
"4","260","0.3","10","0","pos","small-world","137","65.04672897196262","65.30214424951268","64.81149012567326"
"8","260","0.3","10","0","pos","small-world","168","63.084112149532714","61.59844054580896","64.4524236983842"
"7","260","0.3","10","0","pos","small-world","163","64.29906542056075","63.74269005847953","64.81149012567326"
"9","260","0.3","10","0","pos","small-world","182","64.67289719626169","62.1832358674464","66.96588868940754"
"2","260","0.3","10","0","pos","small-world","213","62.80373831775701","61.01364522417154","64.4524236983842"
"1","260","0.3","10","0","pos","small-world","142","64.57943925233644","64.71734892787524","64.4524236983842"
"4","260","0.3","10","0","pos","small-world","138","65.14018691588785","65.30214424951268","64.99102333931778"
"5","260","0.3","10","0","pos","small-world","134","60.8411214953271","60.62378167641326","61.04129263913825"
"3","260","0.3","10","0","pos","small-world","124","61.96261682242991","60.23391812865497","63.55475763016158"
"6","260","0.3","10","0","pos","small-world","136","61.96261682242991","59.4541910331384","64.27289048473968"
"7","260","0.3","10","0","pos","small-world","164","64.39252336448598","63.547758284600384","65.1705565529623"
"9","260","0.3","10","0","pos","small-world","183","64.67289719626169","62.1832358674464","66.96588868940754"
"8","260","0.3","10","0","pos","small-world","169","63.27102803738318","61.59844054580896","64.81149012567326"
"5","260","0.3","10","0","pos","small-world","135","61.02803738317757","61.01364522417154","61.04129263913825"
"3","260","0.3","10","0","pos","small-world","125","61.77570093457943","59.84405458089669","63.55475763016158"
"2","260","0.3","10","0","pos","small-world","214","62.80373831775701","61.20857699805068","64.27289048473968"
"1","260","0.3","10","0","pos","small-world","143","64.67289719626169","64.91228070175438","64.4524236983842"
"7","260","0.3","10","0","pos","small-world","165","64.57943925233644","63.547758284600384","65.52962298025135"
"4","260","0.3","10","0","pos","small-world","139","64.95327102803739","64.91228070175438","64.99102333931778"
"9","260","0.3","10","0","pos","small-world","184","64.67289719626169","62.37816764132553","66.78635547576302"
"6","260","0.3","10","0","pos","small-world","137","62.05607476635514","59.4541910331384","64.4524236983842"
"8","260","0.3","10","0","pos","small-world","170","63.27102803738318","61.59844054580896","64.81149012567326"
"2","260","0.3","10","0","pos","small-world","215","62.80373831775701","61.20857699805068","64.27289048473968"
"5","260","0.3","10","0","pos","small-world","136","60.93457943925233","60.81871345029239","61.04129263913825"
"9","260","0.3","10","0","pos","small-world","185","64.67289719626169","62.37816764132553","66.78635547576302"
"3","260","0.3","10","0","pos","small-world","126","61.77570093457943","60.03898635477582","63.37522441651705"
"7","260","0.3","10","0","pos","small-world","166","64.57943925233644","63.547758284600384","65.52962298025135"
"2","260","0.3","10","0","pos","small-world","216","62.616822429906534","61.20857699805068","63.91382405745063"
"1","260","0.3","10","0","pos","small-world","144","64.85981308411215","65.10721247563353","64.63195691202873"
"5","260","0.3","10","0","pos","small-world","137","60.93457943925233","60.81871345029239","61.04129263913825"
"4","260","0.3","10","0","pos","small-world","140","65.04672897196262","64.91228070175438","65.1705565529623"
"9","260","0.3","10","0","pos","small-world","186","64.57943925233644","62.1832358674464","66.78635547576302"
"8","260","0.3","10","0","pos","small-world","171","63.36448598130842","61.79337231968811","64.81149012567326"
"4","260","0.3","10","0","pos","small-world","141","65.32710280373831","65.10721247563353","65.52962298025135"
"6","260","0.3","10","0","pos","small-world","138","62.05607476635514","59.4541910331384","64.4524236983842"
"8","260","0.3","10","0","pos","small-world","172","63.27102803738318","61.79337231968811","64.63195691202873"
"3","260","0.3","10","0","pos","small-world","127","61.77570093457943","60.03898635477582","63.37522441651705"
"5","260","0.3","10","0","pos","small-world","138","61.12149532710281","60.81871345029239","61.40035906642729"
"9","260","0.3","10","0","pos","small-world","187","64.48598130841121","62.1832358674464","66.6068222621185"
"7","260","0.3","10","0","pos","small-world","167","64.76635514018692","63.74269005847953","65.70915619389586"
"2","260","0.3","10","0","pos","small-world","217","62.71028037383177","61.20857699805068","64.09335727109516"
"4","260","0.3","10","0","pos","small-world","142","65.51401869158879","65.49707602339181","65.52962298025135"
"9","260","0.3","10","0","pos","small-world","188","64.39252336448598","61.98830409356725","66.6068222621185"
"6","260","0.3","10","0","pos","small-world","139","62.149532710280376","59.4541910331384","64.63195691202873"
"8","260","0.3","10","0","pos","small-world","173","63.36448598130842","61.79337231968811","64.81149012567326"
"9","260","0.3","10","0","pos","small-world","189","64.39252336448598","61.98830409356725","66.6068222621185"
"2","260","0.3","10","0","pos","small-world","218","62.523364485981304","61.20857699805068","63.73429084380611"
"3","260","0.3","10","0","pos","small-world","128","61.6822429906542","60.03898635477582","63.19569120287253"
"1","260","0.3","10","0","pos","small-world","145","64.95327102803739","65.30214424951268","64.63195691202873"
"4","260","0.3","10","0","pos","small-world","143","65.60747663551402","65.69200779727096","65.52962298025135"
"5","260","0.3","10","0","pos","small-world","139","61.12149532710281","60.81871345029239","61.40035906642729"
"8","260","0.3","10","0","pos","small-world","174","63.45794392523364","61.79337231968811","64.99102333931778"
"7","260","0.3","10","0","pos","small-world","168","64.76635514018692","63.93762183235867","65.52962298025135"
"2","260","0.3","10","0","pos","small-world","219","62.523364485981304","61.20857699805068","63.73429084380611"
"9","260","0.3","10","0","pos","small-world","190","64.39252336448598","61.98830409356725","66.6068222621185"
"3","260","0.3","10","0","pos","small-world","129","61.6822429906542","60.03898635477582","63.19569120287253"
"6","260","0.3","10","0","pos","small-world","140","62.33644859813084","59.64912280701754","64.81149012567326"
"2","260","0.3","10","0","pos","small-world","220","62.616822429906534","61.40350877192983","63.73429084380611"
"8","260","0.3","10","0","pos","small-world","175","63.55140186915887","61.98830409356725","64.99102333931778"
"4","260","0.3","10","0","pos","small-world","144","65.60747663551402","65.69200779727096","65.52962298025135"
"1","260","0.3","10","0","pos","small-world","146","65.04672897196262","65.30214424951268","64.81149012567326"
"5","260","0.3","10","0","pos","small-world","140","61.02803738317757","60.62378167641326","61.40035906642729"
"7","260","0.3","10","0","pos","small-world","169","64.67289719626169","63.74269005847953","65.52962298025135"
"6","260","0.3","10","0","pos","small-world","141","62.42990654205608","59.84405458089669","64.81149012567326"
"5","260","0.3","10","0","pos","small-world","141","61.12149532710281","60.62378167641326","61.57989228007181"
"9","260","0.3","10","0","pos","small-world","191","64.39252336448598","61.98830409356725","66.6068222621185"
"2","260","0.3","10","0","pos","small-world","221","62.42990654205608","61.20857699805068","63.55475763016158"
"4","260","0.3","10","0","pos","small-world","145","65.88785046728972","66.08187134502924","65.70915619389586"
"8","260","0.3","10","0","pos","small-world","176","63.55140186915887","61.98830409356725","64.99102333931778"
"1","260","0.3","10","0","pos","small-world","147","64.95327102803739","65.30214424951268","64.63195691202873"
"5","260","0.3","10","0","pos","small-world","142","61.02803738317757","60.62378167641326","61.40035906642729"
"6","260","0.3","10","0","pos","small-world","142","62.616822429906534","59.84405458089669","65.1705565529623"
"3","260","0.3","10","0","pos","small-world","130","61.77570093457943","60.03898635477582","63.37522441651705"
"7","260","0.3","10","0","pos","small-world","170","64.76635514018692","63.74269005847953","65.70915619389586"
"8","260","0.3","10","0","pos","small-world","177","63.55140186915887","61.98830409356725","64.99102333931778"
"9","260","0.3","10","0","pos","small-world","192","64.39252336448598","61.79337231968811","66.78635547576302"
"2","260","0.3","10","0","pos","small-world","222","62.33644859813084","61.20857699805068","63.37522441651705"
"1","260","0.3","10","0","pos","small-world","148","65.14018691588785","65.49707602339181","64.81149012567326"
"3","260","0.3","10","0","pos","small-world","131","61.6822429906542","59.64912280701754","63.55475763016158"
"8","260","0.3","10","0","pos","small-world","178","63.64485981308411","61.98830409356725","65.1705565529623"
"7","260","0.3","10","0","pos","small-world","171","64.76635514018692","63.547758284600384","65.8886894075404"
"6","260","0.3","10","0","pos","small-world","143","62.80373831775701","60.23391812865497","65.1705565529623"
"5","260","0.3","10","0","pos","small-world","143","61.21495327102804","60.62378167641326","61.759425493716336"
"4","260","0.3","10","0","pos","small-world","146","65.7943925233645","65.8869395711501","65.70915619389586"
"9","260","0.3","10","0","pos","small-world","193","64.67289719626169","61.98830409356725","67.14542190305207"
"2","260","0.3","10","0","pos","small-world","223","62.33644859813084","61.20857699805068","63.37522441651705"
"1","260","0.3","10","0","pos","small-world","149","65.23364485981308","65.69200779727096","64.81149012567326"
"3","260","0.3","10","0","pos","small-world","132","61.77570093457943","60.03898635477582","63.37522441651705"
"9","260","0.3","10","0","pos","small-world","194","64.76635514018692","61.98830409356725","67.3249551166966"
"7","260","0.3","10","0","pos","small-world","172","64.76635514018692","63.547758284600384","65.8886894075404"
"8","260","0.3","10","0","pos","small-world","179","63.55140186915887","61.79337231968811","65.1705565529623"
"2","260","0.3","10","0","pos","small-world","224","62.523364485981304","61.01364522417154","63.91382405745063"
"9","260","0.3","10","0","pos","small-world","195","64.76635514018692","61.98830409356725","67.3249551166966"
"6","260","0.3","10","0","pos","small-world","144","62.80373831775701","60.23391812865497","65.1705565529623"
"8","260","0.3","10","0","pos","small-world","180","63.45794392523364","61.59844054580896","65.1705565529623"
"7","260","0.3","10","0","pos","small-world","173","64.85981308411215","63.74269005847953","65.8886894075404"
"1","260","0.3","10","0","pos","small-world","150","65.32710280373831","65.69200779727096","64.99102333931778"
"9","260","0.3","10","0","pos","small-world","196","64.67289719626169","61.98830409356725","67.14542190305207"
"4","260","0.3","10","0","pos","small-world","147","65.51401869158879","65.49707602339181","65.52962298025135"
"2","260","0.3","10","0","pos","small-world","225","62.42990654205608","61.01364522417154","63.73429084380611"
"5","260","0.3","10","0","pos","small-world","144","61.12149532710281","60.42884990253411","61.759425493716336"
"7","260","0.3","10","0","pos","small-world","174","65.14018691588785","64.32748538011695","65.8886894075404"
"8","260","0.3","10","0","pos","small-world","181","63.64485981308411","61.79337231968811","65.35008976660683"
"6","260","0.3","10","0","pos","small-world","145","62.99065420560748","60.62378167641326","65.1705565529623"
"3","260","0.3","10","0","pos","small-world","133","61.86915887850467","60.03898635477582","63.55475763016158"
"9","260","0.3","10","0","pos","small-world","197","64.76635514018692","61.98830409356725","67.3249551166966"
"2","260","0.3","10","0","pos","small-world","226","62.523364485981304","61.01364522417154","63.91382405745063"
"4","260","0.3","10","0","pos","small-world","148","65.32710280373831","65.30214424951268","65.35008976660683"
"8","260","0.3","10","0","pos","small-world","182","63.64485981308411","61.79337231968811","65.35008976660683"
"9","260","0.3","10","0","pos","small-world","198","64.76635514018692","61.98830409356725","67.3249551166966"
"2","260","0.3","10","0","pos","small-world","227","62.523364485981304","61.01364522417154","63.91382405745063"
"5","260","0.3","10","0","pos","small-world","145","61.12149532710281","60.62378167641326","61.57989228007181"
"7","260","0.3","10","0","pos","small-world","175","65.42056074766354","64.32748538011695","66.42728904847397"
"8","260","0.3","10","0","pos","small-world","183","63.64485981308411","61.79337231968811","65.35008976660683"
"9","260","0.3","10","0","pos","small-world","199","64.67289719626169","61.98830409356725","67.14542190305207"
"3","260","0.3","10","0","pos","small-world","134","61.96261682242991","60.23391812865497","63.55475763016158"
"2","260","0.3","10","0","pos","small-world","228","62.71028037383177","61.20857699805068","64.09335727109516"
"6","260","0.3","10","0","pos","small-world","146","62.99065420560748","60.62378167641326","65.1705565529623"
"8","260","0.3","10","0","pos","small-world","184","63.64485981308411","61.79337231968811","65.35008976660683"
"2","260","0.3","10","0","pos","small-world","229","62.80373831775701","61.40350877192983","64.09335727109516"
"7","260","0.3","10","0","pos","small-world","176","65.14018691588785","64.13255360623782","66.06822262118493"
"4","260","0.3","10","0","pos","small-world","149","65.32710280373831","65.30214424951268","65.35008976660683"
"9","260","0.3","10","0","pos","small-world","200","64.85981308411215","62.1832358674464","67.3249551166966"
"8","260","0.3","10","0","pos","small-world","185","63.73831775700934","61.79337231968811","65.52962298025135"
"2","260","0.3","10","0","pos","small-world","230","62.80373831775701","61.40350877192983","64.09335727109516"
"5","260","0.3","10","0","pos","small-world","146","61.12149532710281","60.62378167641326","61.57989228007181"
"7","260","0.3","10","0","pos","small-world","177","65.04672897196262","63.93762183235867","66.06822262118493"
"9","260","0.3","10","0","pos","small-world","201","64.76635514018692","61.98830409356725","67.3249551166966"
"3","260","0.3","10","0","pos","small-world","135","62.05607476635514","60.42884990253411","63.55475763016158"
"2","260","0.3","10","0","pos","small-world","231","62.89719626168224","61.40350877192983","64.27289048473968"
"6","260","0.3","10","0","pos","small-world","147","63.177570093457945","60.81871345029239","65.35008976660683"
"7","260","0.3","10","0","pos","small-world","178","65.14018691588785","63.93762183235867","66.24775583482945"
"9","260","0.3","10","0","pos","small-world","202","64.85981308411215","62.1832358674464","67.3249551166966"
"2","260","0.3","10","0","pos","small-world","232","62.71028037383177","61.40350877192983","63.91382405745063"
"4","260","0.3","10","0","pos","small-world","150","65.23364485981308","65.30214424951268","65.1705565529623"
"7","260","0.3","10","0","pos","small-world","179","65.23364485981308","63.93762183235867","66.42728904847397"
"9","260","0.3","10","0","pos","small-world","203","65.04672897196262","62.57309941520468","67.3249551166966"
"8","260","0.3","10","0","pos","small-world","186","63.83177570093458","61.98830409356725","65.52962298025135"
"9","260","0.3","10","0","pos","small-world","204","65.04672897196262","62.57309941520468","67.3249551166966"
"7","260","0.3","10","0","pos","small-world","180","65.14018691588785","63.74269005847953","66.42728904847397"
"8","260","0.3","10","0","pos","small-world","187","63.83177570093458","61.98830409356725","65.52962298025135"
"9","260","0.3","10","0","pos","small-world","205","65.23364485981308","62.768031189083814","67.50448833034112"
"8","260","0.3","10","0","pos","small-world","188","63.55140186915887","61.59844054580896","65.35008976660683"
"1","260","0.3","10","0","pos","small-world","151","65.32710280373831","65.69200779727096","64.99102333931778"
"5","260","0.3","10","0","pos","small-world","147","61.21495327102804","60.62378167641326","61.759425493716336"
"3","260","0.3","10","0","pos","small-world","136","61.96261682242991","60.23391812865497","63.55475763016158"
"7","260","0.3","10","0","pos","small-world","181","65.14018691588785","63.74269005847953","66.42728904847397"
"6","260","0.3","10","0","pos","small-world","148","63.27102803738318","60.81871345029239","65.52962298025135"
"8","260","0.3","10","0","pos","small-world","189","63.64485981308411","61.79337231968811","65.35008976660683"
"9","260","0.3","10","0","pos","small-world","206","65.23364485981308","62.96296296296296","67.3249551166966"
"2","260","0.3","10","0","pos","small-world","233","62.80373831775701","61.40350877192983","64.09335727109516"
"4","260","0.3","10","0","pos","small-world","151","65.42056074766354","65.49707602339181","65.35008976660683"
"1","260","0.3","10","0","pos","small-world","152","65.42056074766354","65.8869395711501","64.99102333931778"
"7","260","0.3","10","0","pos","small-world","182","65.14018691588785","63.547758284600384","66.6068222621185"
"5","260","0.3","10","0","pos","small-world","148","61.12149532710281","60.62378167641326","61.57989228007181"
"9","260","0.3","10","0","pos","small-world","207","65.32710280373831","63.1578947368421","67.3249551166966"
"8","260","0.3","10","0","pos","small-world","190","63.64485981308411","61.79337231968811","65.35008976660683"
"3","260","0.3","10","0","pos","small-world","137","61.77570093457943","60.23391812865497","63.19569120287253"
"2","260","0.3","10","0","pos","small-world","234","62.80373831775701","61.40350877192983","64.09335727109516"
"1","260","0.3","10","0","pos","small-world","153","65.60747663551402","66.08187134502924","65.1705565529623"
"4","260","0.3","10","0","pos","small-world","152","65.32710280373831","65.30214424951268","65.35008976660683"
"7","260","0.3","10","0","pos","small-world","183","65.23364485981308","63.547758284600384","66.78635547576302"
"6","260","0.3","10","0","pos","small-world","149","63.177570093457945","60.81871345029239","65.35008976660683"
"9","260","0.3","10","0","pos","small-world","208","65.32710280373831","63.1578947368421","67.3249551166966"
"8","260","0.3","10","0","pos","small-world","191","63.55140186915887","61.79337231968811","65.1705565529623"
"2","260","0.3","10","0","pos","small-world","235","62.80373831775701","61.40350877192983","64.09335727109516"
"7","260","0.3","10","0","pos","small-world","184","65.32710280373831","63.74269005847953","66.78635547576302"
"5","260","0.3","10","0","pos","small-world","149","60.93457943925233","60.42884990253411","61.40035906642729"
"8","260","0.3","10","0","pos","small-world","192","63.55140186915887","61.79337231968811","65.1705565529623"
"2","260","0.3","10","0","pos","small-world","236","62.80373831775701","61.01364522417154","64.4524236983842"
"9","260","0.3","10","0","pos","small-world","209","64.95327102803739","63.1578947368421","66.6068222621185"
"7","260","0.3","10","0","pos","small-world","185","65.51401869158879","63.93762183235867","66.96588868940754"
"1","260","0.3","10","0","pos","small-world","154","65.70093457943925","66.08187134502924","65.35008976660683"
"4","260","0.3","10","0","pos","small-world","153","65.42056074766354","65.30214424951268","65.52962298025135"
"3","260","0.3","10","0","pos","small-world","138","61.77570093457943","60.42884990253411","63.016157989228006"
"8","260","0.3","10","0","pos","small-world","193","63.36448598130842","61.40350877192983","65.1705565529623"
"6","260","0.3","10","0","pos","small-world","150","63.177570093457945","60.81871345029239","65.35008976660683"
"2","260","0.3","10","0","pos","small-world","237","62.80373831775701","60.62378167641326","64.81149012567326"
"7","260","0.3","10","0","pos","small-world","186","65.51401869158879","63.93762183235867","66.96588868940754"
"5","260","0.3","10","0","pos","small-world","150","61.02803738317757","60.62378167641326","61.40035906642729"
"9","260","0.3","10","0","pos","small-world","210","65.14018691588785","63.1578947368421","66.96588868940754"
"1","260","0.3","10","0","pos","small-world","155","65.7943925233645","66.08187134502924","65.52962298025135"
"3","260","0.3","10","0","pos","small-world","139","61.6822429906542","60.42884990253411","62.83662477558348"
"7","260","0.3","10","0","pos","small-world","187","65.70093457943925","64.13255360623782","67.14542190305207"
"2","260","0.3","10","0","pos","small-world","238","62.89719626168224","61.01364522417154","64.63195691202873"
"6","260","0.3","10","0","pos","small-world","151","63.177570093457945","60.81871345029239","65.35008976660683"
"8","260","0.3","10","0","pos","small-world","194","63.27102803738318","61.20857699805068","65.1705565529623"
"4","260","0.3","10","0","pos","small-world","154","65.51401869158879","65.49707602339181","65.52962298025135"
"9","260","0.3","10","0","pos","small-world","211","65.32710280373831","63.35282651072125","67.14542190305207"
"5","260","0.3","10","0","pos","small-world","151","61.02803738317757","60.42884990253411","61.57989228007181"
"9","260","0.3","10","0","pos","small-world","212","65.42056074766354","63.35282651072125","67.3249551166966"
"8","260","0.3","10","0","pos","small-world","195","63.27102803738318","61.20857699805068","65.1705565529623"
"7","260","0.3","10","0","pos","small-world","188","65.7943925233645","64.13255360623782","67.3249551166966"
"1","260","0.3","10","0","pos","small-world","156","65.7943925233645","66.08187134502924","65.52962298025135"
"6","260","0.3","10","0","pos","small-world","152","63.177570093457945","61.01364522417154","65.1705565529623"
"3","260","0.3","10","0","pos","small-world","140","61.308411214953274","59.64912280701754","62.83662477558348"
"2","260","0.3","10","0","pos","small-world","239","62.89719626168224","61.01364522417154","64.63195691202873"
"5","260","0.3","10","0","pos","small-world","152","60.93457943925233","60.42884990253411","61.40035906642729"
"4","260","0.3","10","0","pos","small-world","155","65.42056074766354","65.49707602339181","65.35008976660683"
"6","260","0.3","10","0","pos","small-world","153","62.99065420560748","60.62378167641326","65.1705565529623"
"8","260","0.3","10","0","pos","small-world","196","63.36448598130842","61.40350877192983","65.1705565529623"
"9","260","0.3","10","0","pos","small-world","213","65.42056074766354","63.35282651072125","67.3249551166966"
"7","260","0.3","10","0","pos","small-world","189","65.88785046728972","64.32748538011695","67.3249551166966"
"1","260","0.3","10","0","pos","small-world","157","65.88785046728972","66.27680311890838","65.52962298025135"
"4","260","0.3","10","0","pos","small-world","156","65.42056074766354","65.49707602339181","65.35008976660683"
"6","260","0.3","10","0","pos","small-world","154","62.99065420560748","60.62378167641326","65.1705565529623"
"5","260","0.3","10","0","pos","small-world","153","60.93457943925233","60.23391812865497","61.57989228007181"
"3","260","0.3","10","0","pos","small-world","141","61.588785046728965","60.03898635477582","63.016157989228006"
"2","260","0.3","10","0","pos","small-world","240","62.89719626168224","61.01364522417154","64.63195691202873"
"9","260","0.3","10","0","pos","small-world","214","65.60747663551402","63.547758284600384","67.50448833034112"
"7","260","0.3","10","0","pos","small-world","190","65.88785046728972","64.32748538011695","67.3249551166966"
"8","260","0.3","10","0","pos","small-world","197","63.45794392523364","61.40350877192983","65.35008976660683"
"2","260","0.3","10","0","pos","small-world","241","62.89719626168224","61.01364522417154","64.63195691202873"
"9","260","0.3","10","0","pos","small-world","215","65.7943925233645","63.547758284600384","67.86355475763017"
"4","260","0.3","10","0","pos","small-world","157","65.32710280373831","65.10721247563353","65.52962298025135"
"1","260","0.3","10","0","pos","small-world","158","65.98130841121495","66.47173489278752","65.52962298025135"
"3","260","0.3","10","0","pos","small-world","142","61.6822429906542","60.03898635477582","63.19569120287253"
"5","260","0.3","10","0","pos","small-world","154","60.93457943925233","60.23391812865497","61.57989228007181"
"7","260","0.3","10","0","pos","small-world","191","65.7943925233645","64.13255360623782","67.3249551166966"
"8","260","0.3","10","0","pos","small-world","198","63.55140186915887","61.59844054580896","65.35008976660683"
"6","260","0.3","10","0","pos","small-world","155","62.89719626168224","60.42884990253411","65.1705565529623"
"9","260","0.3","10","0","pos","small-world","216","65.7943925233645","63.547758284600384","67.86355475763017"
"1","260","0.3","10","0","pos","small-world","159","66.16822429906543","66.66666666666666","65.70915619389586"
"5","260","0.3","10","0","pos","small-world","155","60.747663551401864","60.23391812865497","61.22082585278277"
"6","260","0.3","10","0","pos","small-world","156","62.80373831775701","60.42884990253411","64.99102333931778"
"8","260","0.3","10","0","pos","small-world","199","63.36448598130842","61.59844054580896","64.99102333931778"
"4","260","0.3","10","0","pos","small-world","158","65.04672897196262","64.71734892787524","65.35008976660683"
"2","260","0.3","10","0","pos","small-world","242","62.99065420560748","61.01364522417154","64.81149012567326"
"9","260","0.3","10","0","pos","small-world","217","65.98130841121495","63.547758284600384","68.2226211849192"
"7","260","0.3","10","0","pos","small-world","192","65.98130841121495","64.32748538011695","67.50448833034112"
"1","260","0.3","10","0","pos","small-world","160","66.26168224299064","66.8615984405458","65.70915619389586"
"4","260","0.3","10","0","pos","small-world","159","64.95327102803739","64.71734892787524","65.1705565529623"
"6","260","0.3","10","0","pos","small-world","157","62.80373831775701","60.42884990253411","64.99102333931778"
"5","260","0.3","10","0","pos","small-world","156","60.93457943925233","60.62378167641326","61.22082585278277"
"3","260","0.3","10","0","pos","small-world","143","61.86915887850467","60.42884990253411","63.19569120287253"
"2","260","0.3","10","0","pos","small-world","243","62.89719626168224","60.81871345029239","64.81149012567326"
"7","260","0.3","10","0","pos","small-world","193","65.70093457943925","64.13255360623782","67.14542190305207"
"9","260","0.3","10","0","pos","small-world","218","66.07476635514018","63.547758284600384","68.40215439856372"
"8","260","0.3","10","0","pos","small-world","200","63.55140186915887","61.79337231968811","65.1705565529623"
"7","260","0.3","10","0","pos","small-world","194","65.70093457943925","64.13255360623782","67.14542190305207"
"9","260","0.3","10","0","pos","small-world","219","65.98130841121495","63.35282651072125","68.40215439856372"
"2","260","0.3","10","0","pos","small-world","244","62.99065420560748","60.81871345029239","64.99102333931778"
"6","260","0.3","10","0","pos","small-world","158","62.89719626168224","60.81871345029239","64.81149012567326"
"5","260","0.3","10","0","pos","small-world","157","60.93457943925233","60.62378167641326","61.22082585278277"
"1","260","0.3","10","0","pos","small-world","161","66.44859813084112","66.8615984405458","66.06822262118493"
"3","260","0.3","10","0","pos","small-world","144","61.96261682242991","60.62378167641326","63.19569120287253"
"4","260","0.3","10","0","pos","small-world","160","64.85981308411215","64.71734892787524","64.99102333931778"
"8","260","0.3","10","0","pos","small-world","201","63.55140186915887","61.79337231968811","65.1705565529623"
"7","260","0.3","10","0","pos","small-world","195","65.98130841121495","64.5224171539961","67.3249551166966"
"2","260","0.3","10","0","pos","small-world","245","62.80373831775701","60.81871345029239","64.63195691202873"
"9","260","0.3","10","0","pos","small-world","220","65.98130841121495","63.35282651072125","68.40215439856372"
"6","260","0.3","10","0","pos","small-world","159","62.616822429906534","60.42884990253411","64.63195691202873"
"5","260","0.3","10","0","pos","small-world","158","60.8411214953271","60.42884990253411","61.22082585278277"
"8","260","0.3","10","0","pos","small-world","202","63.36448598130842","61.59844054580896","64.99102333931778"
"7","260","0.3","10","0","pos","small-world","196","65.7943925233645","64.5224171539961","66.96588868940754"
"9","260","0.3","10","0","pos","small-world","221","65.88785046728972","63.1578947368421","68.40215439856372"
"2","260","0.3","10","0","pos","small-world","246","62.89719626168224","60.62378167641326","64.99102333931778"
"1","260","0.3","10","0","pos","small-world","162","66.54205607476635","66.8615984405458","66.24775583482945"
"3","260","0.3","10","0","pos","small-world","145","61.86915887850467","60.62378167641326","63.016157989228006"
"4","260","0.3","10","0","pos","small-world","161","64.95327102803739","64.71734892787524","65.1705565529623"
"8","260","0.3","10","0","pos","small-world","203","63.27102803738318","61.40350877192983","64.99102333931778"
"7","260","0.3","10","0","pos","small-world","197","65.7943925233645","64.91228070175438","66.6068222621185"
"9","260","0.3","10","0","pos","small-world","222","65.88785046728972","62.96296296296296","68.58168761220826"
"2","260","0.3","10","0","pos","small-world","247","62.99065420560748","60.62378167641326","65.1705565529623"
"6","260","0.3","10","0","pos","small-world","160","62.71028037383177","60.62378167641326","64.63195691202873"
"4","260","0.3","10","0","pos","small-world","162","65.04672897196262","64.71734892787524","65.35008976660683"
"1","260","0.3","10","0","pos","small-world","163","66.72897196261682","67.2514619883041","66.24775583482945"
"3","260","0.3","10","0","pos","small-world","146","61.86915887850467","60.62378167641326","63.016157989228006"
"5","260","0.3","10","0","pos","small-world","159","60.747663551401864","60.42884990253411","61.04129263913825"
"9","260","0.3","10","0","pos","small-world","223","65.98130841121495","63.1578947368421","68.58168761220826"
"8","260","0.3","10","0","pos","small-world","204","63.27102803738318","61.40350877192983","64.99102333931778"
"7","260","0.3","10","0","pos","small-world","198","65.88785046728972","65.10721247563353","66.6068222621185"
"2","260","0.3","10","0","pos","small-world","248","62.89719626168224","60.62378167641326","64.99102333931778"
"6","260","0.3","10","0","pos","small-world","161","62.71028037383177","60.81871345029239","64.4524236983842"
"1","260","0.3","10","0","pos","small-world","164","66.72897196261682","67.2514619883041","66.24775583482945"
"5","260","0.3","10","0","pos","small-world","160","60.747663551401864","60.42884990253411","61.04129263913825"
"9","260","0.3","10","0","pos","small-world","224","66.16822429906543","63.35282651072125","68.76122082585279"
"3","260","0.3","10","0","pos","small-world","147","61.96261682242991","60.62378167641326","63.19569120287253"
"4","260","0.3","10","0","pos","small-world","163","65.14018691588785","64.71734892787524","65.52962298025135"
"6","260","0.3","10","0","pos","small-world","162","62.33644859813084","60.62378167641326","63.91382405745063"
"7","260","0.3","10","0","pos","small-world","199","65.88785046728972","65.10721247563353","66.6068222621185"
"8","260","0.3","10","0","pos","small-world","205","63.27102803738318","61.40350877192983","64.99102333931778"
"2","260","0.3","10","0","pos","small-world","249","62.99065420560748","60.62378167641326","65.1705565529623"
"8","260","0.3","10","0","pos","small-world","206","63.36448598130842","61.40350877192983","65.1705565529623"
"7","260","0.3","10","0","pos","small-world","200","65.98130841121495","65.30214424951268","66.6068222621185"
"9","260","0.3","10","0","pos","small-world","225","66.26168224299064","63.35282651072125","68.9407540394973"
"4","260","0.3","10","0","pos","small-world","164","65.14018691588785","64.91228070175438","65.35008976660683"
"7","260","0.3","10","0","pos","small-world","201","65.70093457943925","65.10721247563353","66.24775583482945"
"8","260","0.3","10","0","pos","small-world","207","63.36448598130842","61.20857699805068","65.35008976660683"
"5","260","0.3","10","0","pos","small-world","161","60.65420560747663","60.23391812865497","61.04129263913825"
"2","260","0.3","10","0","pos","small-world","250","62.89719626168224","60.62378167641326","64.99102333931778"
"1","260","0.3","10","0","pos","small-world","165","66.9158878504673","67.2514619883041","66.6068222621185"
"6","260","0.3","10","0","pos","small-world","163","62.42990654205608","60.62378167641326","64.09335727109516"
"3","260","0.3","10","0","pos","small-world","148","62.05607476635514","60.81871345029239","63.19569120287253"
"9","260","0.3","10","0","pos","small-world","226","66.35514018691589","63.547758284600384","68.9407540394973"
"2","260","0.3","10","0","pos","small-world","251","62.89719626168224","60.62378167641326","64.99102333931778"
"5","260","0.3","10","0","pos","small-world","162","60.747663551401864","60.23391812865497","61.22082585278277"
"8","260","0.3","10","0","pos","small-world","208","63.45794392523364","61.20857699805068","65.52962298025135"
"4","260","0.3","10","0","pos","small-world","165","64.85981308411215","64.91228070175438","64.81149012567326"
"9","260","0.3","10","0","pos","small-world","227","66.26168224299064","63.547758284600384","68.76122082585279"
"2","260","0.3","10","0","pos","small-world","252","62.89719626168224","60.81871345029239","64.81149012567326"
"3","260","0.3","10","0","pos","small-world","149","61.86915887850467","61.01364522417154","62.65709156193896"
"2","260","0.3","10","0","pos","small-world","253","62.80373831775701","60.81871345029239","64.63195691202873"
"7","260","0.3","10","0","pos","small-world","202","65.70093457943925","64.91228070175438","66.42728904847397"
"5","260","0.3","10","0","pos","small-world","163","60.747663551401864","60.23391812865497","61.22082585278277"
"8","260","0.3","10","0","pos","small-world","209","63.45794392523364","61.20857699805068","65.52962298025135"
"2","260","0.3","10","0","pos","small-world","254","62.89719626168224","61.01364522417154","64.63195691202873"
"6","260","0.3","10","0","pos","small-world","164","62.42990654205608","60.62378167641326","64.09335727109516"
"9","260","0.3","10","0","pos","small-world","228","66.16822429906543","63.547758284600384","68.58168761220826"
"8","260","0.3","10","0","pos","small-world","210","63.36448598130842","61.20857699805068","65.35008976660683"
"7","260","0.3","10","0","pos","small-world","203","65.70093457943925","65.10721247563353","66.24775583482945"
"2","260","0.3","10","0","pos","small-world","255","62.89719626168224","61.01364522417154","64.63195691202873"
"8","260","0.3","10","0","pos","small-world","211","63.36448598130842","61.20857699805068","65.35008976660683"
"7","260","0.3","10","0","pos","small-world","204","65.70093457943925","65.10721247563353","66.24775583482945"
"2","260","0.3","10","0","pos","small-world","256","62.71028037383177","60.62378167641326","64.63195691202873"
"4","260","0.3","10","0","pos","small-world","166","64.76635514018692","64.71734892787524","64.81149012567326"
"8","260","0.3","10","0","pos","small-world","212","63.55140186915887","61.59844054580896","65.35008976660683"
"7","260","0.3","10","0","pos","small-world","205","65.70093457943925","65.10721247563353","66.24775583482945"
"5","260","0.3","10","0","pos","small-world","164","60.93457943925233","60.23391812865497","61.57989228007181"
"6","260","0.3","10","0","pos","small-world","165","62.33644859813084","60.62378167641326","63.91382405745063"
"2","260","0.3","10","0","pos","small-world","257","62.89719626168224","60.62378167641326","64.99102333931778"
"8","260","0.3","10","0","pos","small-world","213","63.45794392523364","61.59844054580896","65.1705565529623"
"9","260","0.3","10","0","pos","small-world","229","66.07476635514018","63.35282651072125","68.58168761220826"
"2","260","0.3","10","0","pos","small-world","258","62.89719626168224","60.62378167641326","64.99102333931778"
"7","260","0.3","10","0","pos","small-world","206","65.60747663551402","64.91228070175438","66.24775583482945"
"3","260","0.3","10","0","pos","small-world","150","61.86915887850467","61.01364522417154","62.65709156193896"
"8","260","0.3","10","0","pos","small-world","214","63.55140186915887","61.79337231968811","65.1705565529623"
"9","260","0.3","10","0","pos","small-world","230","66.07476635514018","63.1578947368421","68.76122082585279"
"2","260","0.3","10","0","pos","small-world","259","62.99065420560748","60.81871345029239","64.99102333931778"
"7","260","0.3","10","0","pos","small-world","207","65.42056074766354","64.5224171539961","66.24775583482945"
"9","260","0.3","10","0","pos","small-world","231","66.16822429906543","63.1578947368421","68.9407540394973"
"8","260","0.3","10","0","pos","small-world","215","63.64485981308411","61.79337231968811","65.35008976660683"
"8","260","0.3","10","0","pos","small-world","216","63.55140186915887","61.59844054580896","65.35008976660683"
"4","260","0.3","10","0","pos","small-world","167","64.67289719626169","64.5224171539961","64.81149012567326"
"9","260","0.3","10","0","pos","small-world","232","65.88785046728972","63.35282651072125","68.2226211849192"
"7","260","0.3","10","0","pos","small-world","208","65.32710280373831","64.5224171539961","66.06822262118493"
"6","260","0.3","10","0","pos","small-world","166","62.33644859813084","60.62378167641326","63.91382405745063"
"5","260","0.3","10","0","pos","small-world","165","60.93457943925233","60.03898635477582","61.759425493716336"
"8","260","0.3","10","0","pos","small-world","217","63.45794392523364","61.40350877192983","65.35008976660683"
"8","260","0.3","10","0","pos","small-world","218","63.55140186915887","61.40350877192983","65.52962298025135"
"7","260","0.3","10","0","pos","small-world","209","65.42056074766354","64.71734892787524","66.06822262118493"
"9","260","0.3","10","0","pos","small-world","233","66.07476635514018","63.74269005847953","68.2226211849192"
"8","260","0.3","10","0","pos","small-world","219","63.55140186915887","61.40350877192983","65.52962298025135"
"7","260","0.3","10","0","pos","small-world","210","65.23364485981308","64.5224171539961","65.8886894075404"
"9","260","0.3","10","0","pos","small-world","234","65.98130841121495","63.74269005847953","68.04308797127469"
"8","260","0.3","10","0","pos","small-world","220","63.55140186915887","61.40350877192983","65.52962298025135"
"7","260","0.3","10","0","pos","small-world","211","65.04672897196262","64.13255360623782","65.8886894075404"
"9","260","0.3","10","0","pos","small-world","235","65.88785046728972","63.547758284600384","68.04308797127469"
"8","260","0.3","10","0","pos","small-world","221","63.36448598130842","61.40350877192983","65.1705565529623"
"9","260","0.3","10","0","pos","small-world","236","65.88785046728972","63.547758284600384","68.04308797127469"
"7","260","0.3","10","0","pos","small-world","212","65.04672897196262","64.13255360623782","65.8886894075404"
"3","260","0.3","10","0","pos","small-world","151","61.86915887850467","61.01364522417154","62.65709156193896"
"5","260","0.3","10","0","pos","small-world","166","60.93457943925233","59.84405458089669","61.93895870736086"
"6","260","0.3","10","0","pos","small-world","167","62.42990654205608","60.81871345029239","63.91382405745063"
"8","260","0.3","10","0","pos","small-world","222","63.73831775700934","61.59844054580896","65.70915619389586"
"1","260","0.3","10","0","pos","small-world","166","66.9158878504673","67.2514619883041","66.6068222621185"
"7","260","0.3","10","0","pos","small-world","213","65.14018691588785","64.32748538011695","65.8886894075404"
"9","260","0.3","10","0","pos","small-world","237","65.7943925233645","63.547758284600384","67.86355475763017"
"4","260","0.3","10","0","pos","small-world","168","64.95327102803739","64.71734892787524","65.1705565529623"
"6","260","0.3","10","0","pos","small-world","168","62.24299065420561","60.81871345029239","63.55475763016158"
"8","260","0.3","10","0","pos","small-world","223","63.64485981308411","61.40350877192983","65.70915619389586"
"1","260","0.3","10","0","pos","small-world","167","66.82242990654206","67.05653021442495","66.6068222621185"
"8","260","0.3","10","0","pos","small-world","224","63.73831775700934","61.59844054580896","65.70915619389586"
"6","260","0.3","10","0","pos","small-world","169","61.96261682242991","60.62378167641326","63.19569120287253"
"9","260","0.3","10","0","pos","small-world","238","65.7943925233645","63.547758284600384","67.86355475763017"
"3","260","0.3","10","0","pos","small-world","152","61.6822429906542","60.62378167641326","62.65709156193896"
"5","260","0.3","10","0","pos","small-world","167","60.8411214953271","59.64912280701754","61.93895870736086"
"7","260","0.3","10","0","pos","small-world","214","65.04672897196262","64.32748538011695","65.70915619389586"
"1","260","0.3","10","0","pos","small-world","168","66.82242990654206","67.05653021442495","66.6068222621185"
"9","260","0.3","10","0","pos","small-world","239","65.70093457943925","63.35282651072125","67.86355475763017"
"8","260","0.3","10","0","pos","small-world","225","63.73831775700934","61.59844054580896","65.70915619389586"
"4","260","0.3","10","0","pos","small-world","169","64.95327102803739","64.5224171539961","65.35008976660683"
"6","260","0.3","10","0","pos","small-world","170","62.149532710280376","61.01364522417154","63.19569120287253"
"7","260","0.3","10","0","pos","small-world","215","65.04672897196262","64.13255360623782","65.8886894075404"
"5","260","0.3","10","0","pos","small-world","168","60.8411214953271","59.64912280701754","61.93895870736086"
"9","260","0.3","10","0","pos","small-world","240","65.70093457943925","63.35282651072125","67.86355475763017"
"1","260","0.3","10","0","pos","small-world","169","66.72897196261682","66.8615984405458","66.6068222621185"
"4","260","0.3","10","0","pos","small-world","170","65.04672897196262","64.5224171539961","65.52962298025135"
"3","260","0.3","10","0","pos","small-world","153","61.86915887850467","60.62378167641326","63.016157989228006"
"8","260","0.3","10","0","pos","small-world","226","63.73831775700934","61.59844054580896","65.70915619389586"
"9","260","0.3","10","0","pos","small-world","241","65.70093457943925","63.35282651072125","67.86355475763017"
"7","260","0.3","10","0","pos","small-world","216","64.95327102803739","63.93762183235867","65.8886894075404"
"1","260","0.3","10","0","pos","small-world","170","66.72897196261682","67.05653021442495","66.42728904847397"
"5","260","0.3","10","0","pos","small-world","169","60.8411214953271","59.64912280701754","61.93895870736086"
"6","260","0.3","10","0","pos","small-world","171","62.24299065420561","60.81871345029239","63.55475763016158"
"8","260","0.3","10","0","pos","small-world","227","63.83177570093458","61.59844054580896","65.8886894075404"
"7","260","0.3","10","0","pos","small-world","217","64.95327102803739","64.13255360623782","65.70915619389586"
"9","260","0.3","10","0","pos","small-world","242","65.7943925233645","63.1578947368421","68.2226211849192"
"3","260","0.3","10","0","pos","small-world","154","61.77570093457943","60.62378167641326","62.83662477558348"
"1","260","0.3","10","0","pos","small-world","171","66.6355140186916","66.8615984405458","66.42728904847397"
"4","260","0.3","10","0","pos","small-world","171","65.23364485981308","64.5224171539961","65.8886894075404"
"6","260","0.3","10","0","pos","small-world","172","62.33644859813084","61.01364522417154","63.55475763016158"
"7","260","0.3","10","0","pos","small-world","218","65.14018691588785","64.32748538011695","65.8886894075404"
"8","260","0.3","10","0","pos","small-world","228","63.73831775700934","61.40350877192983","65.8886894075404"
"5","260","0.3","10","0","pos","small-world","170","61.02803738317757","59.84405458089669","62.11849192100538"
"8","260","0.3","10","0","pos","small-world","229","63.73831775700934","61.59844054580896","65.70915619389586"
"1","260","0.3","10","0","pos","small-world","172","66.54205607476635","66.8615984405458","66.24775583482945"
"3","260","0.3","10","0","pos","small-world","155","61.96261682242991","60.81871345029239","63.016157989228006"
"9","260","0.3","10","0","pos","small-world","243","65.70093457943925","63.1578947368421","68.04308797127469"
"5","260","0.3","10","0","pos","small-world","171","61.02803738317757","60.03898635477582","61.93895870736086"
"4","260","0.3","10","0","pos","small-world","172","65.42056074766354","64.71734892787524","66.06822262118493"
"7","260","0.3","10","0","pos","small-world","219","65.14018691588785","64.5224171539961","65.70915619389586"
"5","260","0.3","10","0","pos","small-world","172","61.02803738317757","60.23391812865497","61.759425493716336"
"6","260","0.3","10","0","pos","small-world","173","62.24299065420561","61.01364522417154","63.37522441651705"
"8","260","0.3","10","0","pos","small-world","230","63.83177570093458","61.59844054580896","65.8886894075404"
"1","260","0.3","10","0","pos","small-world","173","66.44859813084112","66.66666666666666","66.24775583482945"
"3","260","0.3","10","0","pos","small-world","156","61.96261682242991","60.81871345029239","63.016157989228006"
"9","260","0.3","10","0","pos","small-world","244","65.7943925233645","63.35282651072125","68.04308797127469"
"4","260","0.3","10","0","pos","small-world","173","65.42056074766354","64.71734892787524","66.06822262118493"
"7","260","0.3","10","0","pos","small-world","220","65.14018691588785","64.5224171539961","65.70915619389586"
"6","260","0.3","10","0","pos","small-world","174","62.42990654205608","61.01364522417154","63.73429084380611"
"8","260","0.3","10","0","pos","small-world","231","64.01869158878505","61.79337231968811","66.06822262118493"
"5","260","0.3","10","0","pos","small-world","173","61.12149532710281","60.23391812865497","61.93895870736086"
"1","260","0.3","10","0","pos","small-world","174","66.35514018691589","66.66666666666666","66.06822262118493"
"3","260","0.3","10","0","pos","small-world","157","62.24299065420561","61.40350877192983","63.016157989228006"
"4","260","0.3","10","0","pos","small-world","174","65.32710280373831","64.5224171539961","66.06822262118493"
"6","260","0.3","10","0","pos","small-world","175","62.616822429906534","61.20857699805068","63.91382405745063"
"9","260","0.3","10","0","pos","small-world","245","65.7943925233645","63.35282651072125","68.04308797127469"
"7","260","0.3","10","0","pos","small-world","221","65.42056074766354","64.71734892787524","66.06822262118493"
"8","260","0.3","10","0","pos","small-world","232","64.29906542056075","61.98830409356725","66.42728904847397"
"8","260","0.3","10","0","pos","small-world","233","64.39252336448598","61.98830409356725","66.6068222621185"
"1","260","0.3","10","0","pos","small-world","175","66.44859813084112","66.8615984405458","66.06822262118493"
"5","260","0.3","10","0","pos","small-world","174","61.21495327102804","60.23391812865497","62.11849192100538"
"7","260","0.3","10","0","pos","small-world","222","65.32710280373831","64.5224171539961","66.06822262118493"
"9","260","0.3","10","0","pos","small-world","246","65.88785046728972","63.35282651072125","68.2226211849192"
"8","260","0.3","10","0","pos","small-world","234","64.39252336448598","61.98830409356725","66.6068222621185"
"6","260","0.3","10","0","pos","small-world","176","62.80373831775701","61.59844054580896","63.91382405745063"
"8","260","0.3","10","0","pos","small-world","235","64.11214953271028","61.59844054580896","66.42728904847397"
"4","260","0.3","10","0","pos","small-world","175","65.32710280373831","64.5224171539961","66.06822262118493"
"1","260","0.3","10","0","pos","small-world","176","66.35514018691589","66.66666666666666","66.06822262118493"
"5","260","0.3","10","0","pos","small-world","175","61.308411214953274","60.42884990253411","62.11849192100538"
"9","260","0.3","10","0","pos","small-world","247","65.98130841121495","63.35282651072125","68.40215439856372"
"6","260","0.3","10","0","pos","small-world","177","62.80373831775701","61.59844054580896","63.91382405745063"
"7","260","0.3","10","0","pos","small-world","223","65.23364485981308","64.5224171539961","65.8886894075404"
"3","260","0.3","10","0","pos","small-world","158","62.24299065420561","61.40350877192983","63.016157989228006"
"8","260","0.3","10","0","pos","small-world","236","64.01869158878505","61.40350877192983","66.42728904847397"
"7","260","0.3","10","0","pos","small-world","224","65.23364485981308","64.5224171539961","65.8886894075404"
"9","260","0.3","10","0","pos","small-world","248","65.98130841121495","63.547758284600384","68.2226211849192"
"1","260","0.3","10","0","pos","small-world","177","66.35514018691589","66.66666666666666","66.06822262118493"
"5","260","0.3","10","0","pos","small-world","176","61.40186915887851","60.62378167641326","62.11849192100538"
"4","260","0.3","10","0","pos","small-world","176","65.60747663551402","65.10721247563353","66.06822262118493"
"6","260","0.3","10","0","pos","small-world","178","62.80373831775701","61.40350877192983","64.09335727109516"
"8","260","0.3","10","0","pos","small-world","237","64.01869158878505","61.40350877192983","66.42728904847397"
"9","260","0.3","10","0","pos","small-world","249","65.7943925233645","63.547758284600384","67.86355475763017"
"7","260","0.3","10","0","pos","small-world","225","65.23364485981308","64.5224171539961","65.8886894075404"
"1","260","0.3","10","0","pos","small-world","178","66.54205607476635","67.05653021442495","66.06822262118493"
"6","260","0.3","10","0","pos","small-world","179","62.80373831775701","61.40350877192983","64.09335727109516"
"9","260","0.3","10","0","pos","small-world","250","65.70093457943925","63.547758284600384","67.68402154398564"
"3","260","0.3","10","0","pos","small-world","159","62.42990654205608","61.79337231968811","63.016157989228006"
"8","260","0.3","10","0","pos","small-world","238","64.11214953271028","61.59844054580896","66.42728904847397"
"4","260","0.3","10","0","pos","small-world","177","65.60747663551402","65.10721247563353","66.06822262118493"
"5","260","0.3","10","0","pos","small-world","177","61.588785046728965","61.01364522417154","62.11849192100538"
"7","260","0.3","10","0","pos","small-world","226","65.23364485981308","64.32748538011695","66.06822262118493"
"8","260","0.3","10","0","pos","small-world","239","64.11214953271028","61.79337231968811","66.24775583482945"
"9","260","0.3","10","0","pos","small-world","251","65.88785046728972","63.93762183235867","67.68402154398564"
"7","260","0.3","10","0","pos","small-world","227","65.42056074766354","64.71734892787524","66.06822262118493"
"1","260","0.3","10","0","pos","small-world","179","66.72897196261682","67.05653021442495","66.42728904847397"
"3","260","0.3","10","0","pos","small-world","160","62.42990654205608","61.79337231968811","63.016157989228006"
"5","260","0.3","10","0","pos","small-world","178","61.588785046728965","61.01364522417154","62.11849192100538"
"6","260","0.3","10","0","pos","small-world","180","62.89719626168224","61.59844054580896","64.09335727109516"
"4","260","0.3","10","0","pos","small-world","178","65.70093457943925","65.30214424951268","66.06822262118493"
"9","260","0.3","10","0","pos","small-world","252","65.98130841121495","63.93762183235867","67.86355475763017"
"6","260","0.3","10","0","pos","small-world","181","62.80373831775701","61.40350877192983","64.09335727109516"
"7","260","0.3","10","0","pos","small-world","228","65.42056074766354","64.71734892787524","66.06822262118493"
"1","260","0.3","10","0","pos","small-world","180","66.82242990654206","67.05653021442495","66.6068222621185"
"5","260","0.3","10","0","pos","small-world","179","61.6822429906542","61.01364522417154","62.29802513464991"
"4","260","0.3","10","0","pos","small-world","179","65.7943925233645","65.30214424951268","66.24775583482945"
"8","260","0.3","10","0","pos","small-world","240","64.11214953271028","61.79337231968811","66.24775583482945"
"9","260","0.3","10","0","pos","small-world","253","65.98130841121495","63.93762183235867","67.86355475763017"
"6","260","0.3","10","0","pos","small-world","182","62.80373831775701","61.40350877192983","64.09335727109516"
"7","260","0.3","10","0","pos","small-world","229","65.42056074766354","64.5224171539961","66.24775583482945"
"9","260","0.3","10","0","pos","small-world","254","65.88785046728972","63.93762183235867","67.68402154398564"
"8","260","0.3","10","0","pos","small-world","241","64.20560747663552","61.79337231968811","66.42728904847397"
"1","260","0.3","10","0","pos","small-world","181","66.9158878504673","67.2514619883041","66.6068222621185"
"6","260","0.3","10","0","pos","small-world","183","62.99065420560748","61.59844054580896","64.27289048473968"
"4","260","0.3","10","0","pos","small-world","180","65.60747663551402","65.10721247563353","66.06822262118493"
"5","260","0.3","10","0","pos","small-world","180","61.77570093457943","61.20857699805068","62.29802513464991"
"3","260","0.3","10","0","pos","small-world","161","62.149532710280376","61.40350877192983","62.83662477558348"
"6","260","0.3","10","0","pos","small-world","184","63.084112149532714","61.79337231968811","64.27289048473968"
"9","260","0.3","10","0","pos","small-world","255","65.88785046728972","63.74269005847953","67.86355475763017"
"1","260","0.3","10","0","pos","small-world","182","67.00934579439253","67.44639376218323","66.6068222621185"
"5","260","0.3","10","0","pos","small-world","181","61.6822429906542","61.20857699805068","62.11849192100538"
"7","260","0.3","10","0","pos","small-world","230","65.14018691588785","64.32748538011695","65.8886894075404"
"6","260","0.3","10","0","pos","small-world","185","62.99065420560748","61.59844054580896","64.27289048473968"
"8","260","0.3","10","0","pos","small-world","242","64.29906542056075","61.79337231968811","66.6068222621185"
"9","260","0.3","10","0","pos","small-world","256","65.7943925233645","63.93762183235867","67.50448833034112"
"9","260","0.3","10","0","pos","small-world","257","65.70093457943925","63.93762183235867","67.3249551166966"
"7","260","0.3","10","0","pos","small-world","231","65.32710280373831","64.5224171539961","66.06822262118493"
"1","260","0.3","10","0","pos","small-world","183","67.10280373831776","67.64132553606238","66.6068222621185"
"5","260","0.3","10","0","pos","small-world","182","61.86915887850467","61.40350877192983","62.29802513464991"
"3","260","0.3","10","0","pos","small-world","162","62.33644859813084","61.59844054580896","63.016157989228006"
"4","260","0.3","10","0","pos","small-world","181","65.32710280373831","64.91228070175438","65.70915619389586"
"8","260","0.3","10","0","pos","small-world","243","64.29906542056075","61.79337231968811","66.6068222621185"
"9","260","0.3","10","0","pos","small-world","258","65.88785046728972","63.93762183235867","67.68402154398564"
"6","260","0.3","10","0","pos","small-world","186","62.99065420560748","61.59844054580896","64.27289048473968"
"7","260","0.3","10","0","pos","small-world","232","65.32710280373831","64.5224171539961","66.06822262118493"
"1","260","0.3","10","0","pos","small-world","184","67.00934579439253","67.44639376218323","66.6068222621185"
"9","260","0.3","10","0","pos","small-world","259","65.7943925233645","63.93762183235867","67.50448833034112"
"3","260","0.3","10","0","pos","small-world","163","62.33644859813084","61.59844054580896","63.016157989228006"
"8","260","0.3","10","0","pos","small-world","244","64.57943925233644","62.37816764132553","66.6068222621185"
"4","260","0.3","10","0","pos","small-world","182","65.23364485981308","64.71734892787524","65.70915619389586"
"7","260","0.3","10","0","pos","small-world","233","65.23364485981308","64.32748538011695","66.06822262118493"
"7","260","0.3","10","0","pos","small-world","234","65.23364485981308","64.5224171539961","65.8886894075404"
"8","260","0.3","10","0","pos","small-world","245","64.67289719626169","62.57309941520468","66.6068222621185"
"5","260","0.3","10","0","pos","small-world","183","62.05607476635514","61.79337231968811","62.29802513464991"
"1","260","0.3","10","0","pos","small-world","185","66.9158878504673","67.2514619883041","66.6068222621185"
"6","260","0.3","10","0","pos","small-world","187","63.084112149532714","61.40350877192983","64.63195691202873"
"4","260","0.3","10","0","pos","small-world","183","65.23364485981308","64.71734892787524","65.70915619389586"
"3","260","0.3","10","0","pos","small-world","164","62.24299065420561","61.59844054580896","62.83662477558348"
"1","260","0.3","10","0","pos","small-world","186","66.9158878504673","67.44639376218323","66.42728904847397"
"5","260","0.3","10","0","pos","small-world","184","62.149532710280376","61.79337231968811","62.47755834829444"
"6","260","0.3","10","0","pos","small-world","188","63.177570093457945","61.59844054580896","64.63195691202873"
"7","260","0.3","10","0","pos","small-world","235","65.14018691588785","64.32748538011695","65.8886894075404"
"4","260","0.3","10","0","pos","small-world","184","65.14018691588785","64.5224171539961","65.70915619389586"
"8","260","0.3","10","0","pos","small-world","246","64.76635514018692","62.57309941520468","66.78635547576302"
"8","260","0.3","10","0","pos","small-world","247","64.85981308411215","62.768031189083814","66.78635547576302"
"3","260","0.3","10","0","pos","small-world","165","62.24299065420561","61.59844054580896","62.83662477558348"
"1","260","0.3","10","0","pos","small-world","187","67.00934579439253","67.44639376218323","66.6068222621185"
"5","260","0.3","10","0","pos","small-world","185","62.42990654205608","61.98830409356725","62.83662477558348"
"4","260","0.3","10","0","pos","small-world","185","65.32710280373831","64.5224171539961","66.06822262118493"
"7","260","0.3","10","0","pos","small-world","236","65.23364485981308","64.32748538011695","66.06822262118493"
"6","260","0.3","10","0","pos","small-world","189","63.177570093457945","61.59844054580896","64.63195691202873"
"8","260","0.3","10","0","pos","small-world","248","64.95327102803739","62.96296296296296","66.78635547576302"
"1","260","0.3","10","0","pos","small-world","188","67.10280373831776","67.44639376218323","66.78635547576302"
"3","260","0.3","10","0","pos","small-world","166","62.24299065420561","61.59844054580896","62.83662477558348"
"7","260","0.3","10","0","pos","small-world","237","65.23364485981308","64.32748538011695","66.06822262118493"
"6","260","0.3","10","0","pos","small-world","190","63.084112149532714","61.59844054580896","64.4524236983842"
"8","260","0.3","10","0","pos","small-world","249","65.04672897196262","63.1578947368421","66.78635547576302"
"5","260","0.3","10","0","pos","small-world","186","62.42990654205608","61.98830409356725","62.83662477558348"
"1","260","0.3","10","0","pos","small-world","189","67.00934579439253","67.2514619883041","66.78635547576302"
"4","260","0.3","10","0","pos","small-world","186","65.60747663551402","64.91228070175438","66.24775583482945"
"3","260","0.3","10","0","pos","small-world","167","62.149532710280376","61.40350877192983","62.83662477558348"
"7","260","0.3","10","0","pos","small-world","238","65.32710280373831","64.71734892787524","65.8886894075404"
"8","260","0.3","10","0","pos","small-world","250","65.14018691588785","63.1578947368421","66.96588868940754"
"6","260","0.3","10","0","pos","small-world","191","63.177570093457945","61.79337231968811","64.4524236983842"
"5","260","0.3","10","0","pos","small-world","187","62.523364485981304","62.1832358674464","62.83662477558348"
"6","260","0.3","10","0","pos","small-world","192","63.177570093457945","61.79337231968811","64.4524236983842"
"1","260","0.3","10","0","pos","small-world","190","67.28971962616822","67.64132553606238","66.96588868940754"
"7","260","0.3","10","0","pos","small-world","239","65.32710280373831","64.71734892787524","65.8886894075404"
"4","260","0.3","10","0","pos","small-world","187","65.60747663551402","64.91228070175438","66.24775583482945"
"6","260","0.3","10","0","pos","small-world","193","63.36448598130842","62.1832358674464","64.4524236983842"
"8","260","0.3","10","0","pos","small-world","251","65.14018691588785","62.96296296296296","67.14542190305207"
"5","260","0.3","10","0","pos","small-world","188","62.71028037383177","62.1832358674464","63.19569120287253"
"7","260","0.3","10","0","pos","small-world","240","65.42056074766354","64.71734892787524","66.06822262118493"
"1","260","0.3","10","0","pos","small-world","191","67.28971962616822","67.64132553606238","66.96588868940754"
"3","260","0.3","10","0","pos","small-world","168","62.05607476635514","61.20857699805068","62.83662477558348"
"4","260","0.3","10","0","pos","small-world","188","65.51401869158879","64.71734892787524","66.24775583482945"
"6","260","0.3","10","0","pos","small-world","194","63.45794392523364","62.1832358674464","64.63195691202873"
"7","260","0.3","10","0","pos","small-world","241","65.42056074766354","64.71734892787524","66.06822262118493"
"8","260","0.3","10","0","pos","small-world","252","65.23364485981308","62.96296296296296","67.3249551166966"
"5","260","0.3","10","0","pos","small-world","189","62.71028037383177","62.57309941520468","62.83662477558348"
"1","260","0.3","10","0","pos","small-world","192","67.19626168224299","67.64132553606238","66.78635547576302"
"8","260","0.3","10","0","pos","small-world","253","65.32710280373831","63.1578947368421","67.3249551166966"
"3","260","0.3","10","0","pos","small-world","169","62.05607476635514","61.20857699805068","62.83662477558348"
"4","260","0.3","10","0","pos","small-world","189","65.60747663551402","64.71734892787524","66.42728904847397"
"7","260","0.3","10","0","pos","small-world","242","65.51401869158879","64.71734892787524","66.24775583482945"
"1","260","0.3","10","0","pos","small-world","193","67.28971962616822","67.83625730994152","66.78635547576302"
"3","260","0.3","10","0","pos","small-world","170","62.33644859813084","61.59844054580896","63.016157989228006"
"5","260","0.3","10","0","pos","small-world","190","62.80373831775701","62.57309941520468","63.016157989228006"
"6","260","0.3","10","0","pos","small-world","195","63.45794392523364","61.98830409356725","64.81149012567326"
"8","260","0.3","10","0","pos","small-world","254","65.32710280373831","63.1578947368421","67.3249551166966"
"7","260","0.3","10","0","pos","small-world","243","65.70093457943925","64.91228070175438","66.42728904847397"
"1","260","0.3","10","0","pos","small-world","194","67.4766355140187","68.03118908382066","66.96588868940754"
"7","260","0.3","10","0","pos","small-world","244","65.70093457943925","64.91228070175438","66.42728904847397"
"8","260","0.3","10","0","pos","small-world","255","65.32710280373831","63.1578947368421","67.3249551166966"
"4","260","0.3","10","0","pos","small-world","190","65.42056074766354","64.32748538011695","66.42728904847397"
"5","260","0.3","10","0","pos","small-world","191","62.89719626168224","62.768031189083814","63.016157989228006"
"1","260","0.3","10","0","pos","small-world","195","67.28971962616822","67.83625730994152","66.78635547576302"
"7","260","0.3","10","0","pos","small-world","245","65.70093457943925","64.91228070175438","66.42728904847397"
"8","260","0.3","10","0","pos","small-world","256","65.42056074766354","63.35282651072125","67.3249551166966"
"3","260","0.3","10","0","pos","small-world","171","62.523364485981304","61.98830409356725","63.016157989228006"
"5","260","0.3","10","0","pos","small-world","192","63.084112149532714","62.96296296296296","63.19569120287253"
"6","260","0.3","10","0","pos","small-world","196","63.45794392523364","61.98830409356725","64.81149012567326"
"7","260","0.3","10","0","pos","small-world","246","65.70093457943925","64.91228070175438","66.42728904847397"
"1","260","0.3","10","0","pos","small-world","196","67.19626168224299","67.83625730994152","66.6068222621185"
"5","260","0.3","10","0","pos","small-world","193","63.27102803738318","62.96296296296296","63.55475763016158"
"3","260","0.3","10","0","pos","small-world","172","62.523364485981304","62.1832358674464","62.83662477558348"
"4","260","0.3","10","0","pos","small-world","191","65.42056074766354","64.32748538011695","66.42728904847397"
"6","260","0.3","10","0","pos","small-world","197","63.55140186915887","62.1832358674464","64.81149012567326"
"8","260","0.3","10","0","pos","small-world","257","65.32710280373831","63.35282651072125","67.14542190305207"
"7","260","0.3","10","0","pos","small-world","247","65.70093457943925","64.91228070175438","66.42728904847397"
"6","260","0.3","10","0","pos","small-world","198","63.73831775700934","62.57309941520468","64.81149012567326"
"1","260","0.3","10","0","pos","small-world","197","67.28971962616822","68.03118908382066","66.6068222621185"
"3","260","0.3","10","0","pos","small-world","173","62.71028037383177","62.1832358674464","63.19569120287253"
"6","260","0.3","10","0","pos","small-world","199","63.73831775700934","62.57309941520468","64.81149012567326"
"8","260","0.3","10","0","pos","small-world","258","65.14018691588785","63.1578947368421","66.96588868940754"
"7","260","0.3","10","0","pos","small-world","248","65.51401869158879","64.71734892787524","66.24775583482945"
"5","260","0.3","10","0","pos","small-world","194","62.99065420560748","62.37816764132553","63.55475763016158"
"8","260","0.3","10","0","pos","small-world","259","65.23364485981308","63.35282651072125","66.96588868940754"
"1","260","0.3","10","0","pos","small-world","198","67.57009345794393","68.03118908382066","67.14542190305207"
"3","260","0.3","10","0","pos","small-world","174","62.71028037383177","62.1832358674464","63.19569120287253"
"6","260","0.3","10","0","pos","small-world","200","63.64485981308411","62.57309941520468","64.63195691202873"
"4","260","0.3","10","0","pos","small-world","192","65.51401869158879","64.5224171539961","66.42728904847397"
"7","260","0.3","10","0","pos","small-world","249","65.51401869158879","64.71734892787524","66.24775583482945"
"1","260","0.3","10","0","pos","small-world","199","67.4766355140187","67.83625730994152","67.14542190305207"
"6","260","0.3","10","0","pos","small-world","201","63.55140186915887","62.37816764132553","64.63195691202873"
"5","260","0.3","10","0","pos","small-world","195","62.89719626168224","62.37816764132553","63.37522441651705"
"7","260","0.3","10","0","pos","small-world","250","65.70093457943925","64.71734892787524","66.6068222621185"
"6","260","0.3","10","0","pos","small-world","202","63.55140186915887","62.37816764132553","64.63195691202873"
"1","260","0.3","10","0","pos","small-world","200","67.57009345794393","68.03118908382066","67.14542190305207"
"4","260","0.3","10","0","pos","small-world","193","65.60747663551402","64.71734892787524","66.42728904847397"
"5","260","0.3","10","0","pos","small-world","196","62.89719626168224","62.37816764132553","63.37522441651705"
"3","260","0.3","10","0","pos","small-world","175","62.616822429906534","62.1832358674464","63.016157989228006"
"6","260","0.3","10","0","pos","small-world","203","63.55140186915887","62.37816764132553","64.63195691202873"
"7","260","0.3","10","0","pos","small-world","251","65.70093457943925","64.71734892787524","66.6068222621185"
"1","260","0.3","10","0","pos","small-world","201","67.57009345794393","68.03118908382066","67.14542190305207"
"5","260","0.3","10","0","pos","small-world","197","63.084112149532714","62.57309941520468","63.55475763016158"
"4","260","0.3","10","0","pos","small-world","194","65.7943925233645","65.10721247563353","66.42728904847397"
"7","260","0.3","10","0","pos","small-world","252","65.60747663551402","64.5224171539961","66.6068222621185"
"1","260","0.3","10","0","pos","small-world","202","67.7570093457944","68.03118908382066","67.50448833034112"
"4","260","0.3","10","0","pos","small-world","195","65.70093457943925","64.91228070175438","66.42728904847397"
"5","260","0.3","10","0","pos","small-world","198","63.084112149532714","62.37816764132553","63.73429084380611"
"7","260","0.3","10","0","pos","small-world","253","65.70093457943925","64.71734892787524","66.6068222621185"
"3","260","0.3","10","0","pos","small-world","176","62.33644859813084","61.79337231968811","62.83662477558348"
"6","260","0.3","10","0","pos","small-world","204","63.64485981308411","62.1832358674464","64.99102333931778"
"1","260","0.3","10","0","pos","small-world","203","68.03738317757009","68.03118908382066","68.04308797127469"
"7","260","0.3","10","0","pos","small-world","254","65.70093457943925","64.71734892787524","66.6068222621185"
"5","260","0.3","10","0","pos","small-world","199","63.177570093457945","62.57309941520468","63.73429084380611"
"1","260","0.3","10","0","pos","small-world","204","67.85046728971963","68.03118908382066","67.68402154398564"
"7","260","0.3","10","0","pos","small-world","255","65.7943925233645","64.71734892787524","66.78635547576302"
"4","260","0.3","10","0","pos","small-world","196","65.88785046728972","65.10721247563353","66.6068222621185"
"6","260","0.3","10","0","pos","small-world","205","64.01869158878505","62.768031189083814","65.1705565529623"
"5","260","0.3","10","0","pos","small-world","200","63.36448598130842","62.768031189083814","63.91382405745063"
"7","260","0.3","10","0","pos","small-world","256","65.7943925233645","64.71734892787524","66.78635547576302"
"1","260","0.3","10","0","pos","small-world","205","67.7570093457944","67.83625730994152","67.68402154398564"
"3","260","0.3","10","0","pos","small-world","177","62.24299065420561","61.59844054580896","62.83662477558348"
"5","260","0.3","10","0","pos","small-world","201","63.36448598130842","62.57309941520468","64.09335727109516"
"7","260","0.3","10","0","pos","small-world","257","65.70093457943925","64.71734892787524","66.6068222621185"
"1","260","0.3","10","0","pos","small-world","206","67.85046728971963","68.03118908382066","67.68402154398564"
"5","260","0.3","10","0","pos","small-world","202","63.36448598130842","62.37816764132553","64.27289048473968"
"4","260","0.3","10","0","pos","small-world","197","66.07476635514018","65.30214424951268","66.78635547576302"
"7","260","0.3","10","0","pos","small-world","258","65.7943925233645","64.91228070175438","66.6068222621185"
"1","260","0.3","10","0","pos","small-world","207","67.85046728971963","68.03118908382066","67.68402154398564"
"6","260","0.3","10","0","pos","small-world","206","63.925233644859816","62.57309941520468","65.1705565529623"
"4","260","0.3","10","0","pos","small-world","198","66.07476635514018","65.30214424951268","66.78635547576302"
"7","260","0.3","10","0","pos","small-world","259","65.7943925233645","64.91228070175438","66.6068222621185"
"3","260","0.3","10","0","pos","small-world","178","62.24299065420561","61.59844054580896","62.83662477558348"
"1","260","0.3","10","0","pos","small-world","208","67.94392523364486","68.03118908382066","67.86355475763017"
"5","260","0.3","10","0","pos","small-world","203","63.27102803738318","62.1832358674464","64.27289048473968"
"4","260","0.3","10","0","pos","small-world","199","66.16822429906543","65.30214424951268","66.96588868940754"
"1","260","0.3","10","0","pos","small-world","209","67.85046728971963","68.03118908382066","67.68402154398564"
"4","260","0.3","10","0","pos","small-world","200","66.16822429906543","65.30214424951268","66.96588868940754"
"3","260","0.3","10","0","pos","small-world","179","62.523364485981304","61.59844054580896","63.37522441651705"
"6","260","0.3","10","0","pos","small-world","207","63.73831775700934","62.768031189083814","64.63195691202873"
"1","260","0.3","10","0","pos","small-world","210","67.7570093457944","67.83625730994152","67.68402154398564"
"5","260","0.3","10","0","pos","small-world","204","63.27102803738318","62.1832358674464","64.27289048473968"
"3","260","0.3","10","0","pos","small-world","180","62.523364485981304","61.59844054580896","63.37522441651705"
"1","260","0.3","10","0","pos","small-world","211","67.7570093457944","67.83625730994152","67.68402154398564"
"5","260","0.3","10","0","pos","small-world","205","63.36448598130842","62.37816764132553","64.27289048473968"
"4","260","0.3","10","0","pos","small-world","201","66.35514018691589","65.30214424951268","67.3249551166966"
"6","260","0.3","10","0","pos","small-world","208","63.73831775700934","62.768031189083814","64.63195691202873"
"1","260","0.3","10","0","pos","small-world","212","67.94392523364486","68.03118908382066","67.86355475763017"
"3","260","0.3","10","0","pos","small-world","181","62.523364485981304","61.59844054580896","63.37522441651705"
"5","260","0.3","10","0","pos","small-world","206","63.36448598130842","62.1832358674464","64.4524236983842"
"6","260","0.3","10","0","pos","small-world","209","63.64485981308411","62.57309941520468","64.63195691202873"
"1","260","0.3","10","0","pos","small-world","213","68.03738317757009","68.03118908382066","68.04308797127469"
"3","260","0.3","10","0","pos","small-world","182","62.616822429906534","61.59844054580896","63.55475763016158"
"5","260","0.3","10","0","pos","small-world","207","63.27102803738318","61.98830409356725","64.4524236983842"
"6","260","0.3","10","0","pos","small-world","210","63.73831775700934","62.768031189083814","64.63195691202873"
"4","260","0.3","10","0","pos","small-world","202","66.35514018691589","65.30214424951268","67.3249551166966"
"1","260","0.3","10","0","pos","small-world","214","68.13084112149532","68.2261208576998","68.04308797127469"
"3","260","0.3","10","0","pos","small-world","183","62.523364485981304","61.40350877192983","63.55475763016158"
"6","260","0.3","10","0","pos","small-world","211","63.925233644859816","63.1578947368421","64.63195691202873"
"5","260","0.3","10","0","pos","small-world","208","63.45794392523364","62.1832358674464","64.63195691202873"
"6","260","0.3","10","0","pos","small-world","212","64.01869158878505","62.96296296296296","64.99102333931778"
"4","260","0.3","10","0","pos","small-world","203","66.35514018691589","65.10721247563353","67.50448833034112"
"1","260","0.3","10","0","pos","small-world","215","68.41121495327103","68.42105263157895","68.40215439856372"
"5","260","0.3","10","0","pos","small-world","209","63.55140186915887","62.1832358674464","64.81149012567326"
"3","260","0.3","10","0","pos","small-world","184","62.616822429906534","61.59844054580896","63.55475763016158"
"1","260","0.3","10","0","pos","small-world","216","68.50467289719626","68.42105263157895","68.58168761220826"
"6","260","0.3","10","0","pos","small-world","213","63.925233644859816","62.768031189083814","64.99102333931778"
"5","260","0.3","10","0","pos","small-world","210","63.64485981308411","62.1832358674464","64.99102333931778"
"4","260","0.3","10","0","pos","small-world","204","66.54205607476635","65.30214424951268","67.68402154398564"
"1","260","0.3","10","0","pos","small-world","217","68.50467289719626","68.2261208576998","68.76122082585279"
"3","260","0.3","10","0","pos","small-world","185","62.616822429906534","61.59844054580896","63.55475763016158"
"4","260","0.3","10","0","pos","small-world","205","66.54205607476635","65.10721247563353","67.86355475763017"
"6","260","0.3","10","0","pos","small-world","214","63.83177570093458","62.768031189083814","64.81149012567326"
"5","260","0.3","10","0","pos","small-world","211","63.64485981308411","62.1832358674464","64.99102333931778"
"6","260","0.3","10","0","pos","small-world","215","63.83177570093458","62.768031189083814","64.81149012567326"
"1","260","0.3","10","0","pos","small-world","218","68.41121495327103","68.42105263157895","68.40215439856372"
"5","260","0.3","10","0","pos","small-world","212","63.64485981308411","62.37816764132553","64.81149012567326"
"4","260","0.3","10","0","pos","small-world","206","66.72897196261682","65.10721247563353","68.2226211849192"
"3","260","0.3","10","0","pos","small-world","186","62.616822429906534","61.59844054580896","63.55475763016158"
"1","260","0.3","10","0","pos","small-world","219","68.5981308411215","68.61598440545808","68.58168761220826"
"4","260","0.3","10","0","pos","small-world","207","66.6355140186916","64.91228070175438","68.2226211849192"
"6","260","0.3","10","0","pos","small-world","216","63.925233644859816","62.96296296296296","64.81149012567326"
"3","260","0.3","10","0","pos","small-world","187","62.71028037383177","61.79337231968811","63.55475763016158"
"1","260","0.3","10","0","pos","small-world","220","68.87850467289721","68.81091617933723","68.9407540394973"
"6","260","0.3","10","0","pos","small-world","217","64.11214953271028","63.35282651072125","64.81149012567326"
"5","260","0.3","10","0","pos","small-world","213","63.64485981308411","62.37816764132553","64.81149012567326"
"4","260","0.3","10","0","pos","small-world","208","66.54205607476635","64.71734892787524","68.2226211849192"
"5","260","0.3","10","0","pos","small-world","214","63.64485981308411","62.37816764132553","64.81149012567326"
"6","260","0.3","10","0","pos","small-world","218","64.11214953271028","63.35282651072125","64.81149012567326"
"1","260","0.3","10","0","pos","small-world","221","68.78504672897196","68.61598440545808","68.9407540394973"
"3","260","0.3","10","0","pos","small-world","188","62.616822429906534","61.59844054580896","63.55475763016158"
"6","260","0.3","10","0","pos","small-world","219","64.11214953271028","63.35282651072125","64.81149012567326"
"1","260","0.3","10","0","pos","small-world","222","68.97196261682244","68.81091617933723","69.12028725314184"
"3","260","0.3","10","0","pos","small-world","189","62.80373831775701","61.79337231968811","63.73429084380611"
"4","260","0.3","10","0","pos","small-world","209","66.44859813084112","64.71734892787524","68.04308797127469"
"6","260","0.3","10","0","pos","small-world","220","64.20560747663552","63.547758284600384","64.81149012567326"
"6","260","0.3","10","0","pos","small-world","221","64.29906542056075","63.547758284600384","64.99102333931778"
"5","260","0.3","10","0","pos","small-world","215","63.55140186915887","62.37816764132553","64.63195691202873"
"1","260","0.3","10","0","pos","small-world","223","69.06542056074765","69.00584795321637","69.12028725314184"
"3","260","0.3","10","0","pos","small-world","190","62.71028037383177","61.79337231968811","63.55475763016158"
"6","260","0.3","10","0","pos","small-world","222","64.48598130841121","63.74269005847953","65.1705565529623"
"5","260","0.3","10","0","pos","small-world","216","63.55140186915887","62.37816764132553","64.63195691202873"
"5","260","0.3","10","0","pos","small-world","217","63.55140186915887","62.37816764132553","64.63195691202873"
"3","260","0.3","10","0","pos","small-world","191","62.80373831775701","61.79337231968811","63.73429084380611"
"6","260","0.3","10","0","pos","small-world","223","64.39252336448598","63.547758284600384","65.1705565529623"
"1","260","0.3","10","0","pos","small-world","224","69.1588785046729","69.00584795321637","69.29982046678636"
"4","260","0.3","10","0","pos","small-world","210","66.35514018691589","64.71734892787524","67.86355475763017"
"5","260","0.3","10","0","pos","small-world","218","63.55140186915887","62.1832358674464","64.81149012567326"
"1","260","0.3","10","0","pos","small-world","225","68.97196261682244","69.00584795321637","68.9407540394973"
"4","260","0.3","10","0","pos","small-world","211","66.35514018691589","64.71734892787524","67.86355475763017"
"5","260","0.3","10","0","pos","small-world","219","63.64485981308411","62.37816764132553","64.81149012567326"
"3","260","0.3","10","0","pos","small-world","192","62.616822429906534","61.59844054580896","63.55475763016158"
"6","260","0.3","10","0","pos","small-world","224","64.48598130841121","63.547758284600384","65.35008976660683"
"4","260","0.3","10","0","pos","small-world","212","66.44859813084112","64.5224171539961","68.2226211849192"
"5","260","0.3","10","0","pos","small-world","220","63.45794392523364","62.37816764132553","64.4524236983842"
"5","260","0.3","10","0","pos","small-world","221","63.45794392523364","62.37816764132553","64.4524236983842"
"1","260","0.3","10","0","pos","small-world","226","68.87850467289721","68.81091617933723","68.9407540394973"
"3","260","0.3","10","0","pos","small-world","193","62.523364485981304","61.59844054580896","63.37522441651705"
"4","260","0.3","10","0","pos","small-world","213","66.6355140186916","64.71734892787524","68.40215439856372"
"6","260","0.3","10","0","pos","small-world","225","64.48598130841121","63.74269005847953","65.1705565529623"
"5","260","0.3","10","0","pos","small-world","222","63.64485981308411","62.37816764132553","64.81149012567326"
"5","260","0.3","10","0","pos","small-world","223","63.64485981308411","62.37816764132553","64.81149012567326"
"5","260","0.3","10","0","pos","small-world","224","63.73831775700934","62.768031189083814","64.63195691202873"
"1","260","0.3","10","0","pos","small-world","227","68.78504672897196","68.61598440545808","68.9407540394973"
"3","260","0.3","10","0","pos","small-world","194","62.523364485981304","61.59844054580896","63.37522441651705"
"6","260","0.3","10","0","pos","small-world","226","64.67289719626169","63.93762183235867","65.35008976660683"
"5","260","0.3","10","0","pos","small-world","225","63.64485981308411","62.37816764132553","64.81149012567326"
"6","260","0.3","10","0","pos","small-world","227","64.67289719626169","63.93762183235867","65.35008976660683"
"5","260","0.3","10","0","pos","small-world","226","63.64485981308411","62.57309941520468","64.63195691202873"
"3","260","0.3","10","0","pos","small-world","195","62.33644859813084","61.40350877192983","63.19569120287253"
"1","260","0.3","10","0","pos","small-world","228","68.69158878504673","68.42105263157895","68.9407540394973"
"5","260","0.3","10","0","pos","small-world","227","63.64485981308411","62.768031189083814","64.4524236983842"
"6","260","0.3","10","0","pos","small-world","228","64.76635514018692","63.93762183235867","65.52962298025135"
"4","260","0.3","10","0","pos","small-world","214","66.6355140186916","64.71734892787524","68.40215439856372"
"5","260","0.3","10","0","pos","small-world","228","63.73831775700934","62.768031189083814","64.63195691202873"
"3","260","0.3","10","0","pos","small-world","196","62.42990654205608","61.40350877192983","63.37522441651705"
"1","260","0.3","10","0","pos","small-world","229","68.69158878504673","68.42105263157895","68.9407540394973"
"6","260","0.3","10","0","pos","small-world","229","64.57943925233644","63.93762183235867","65.1705565529623"
"5","260","0.3","10","0","pos","small-world","229","63.83177570093458","62.768031189083814","64.81149012567326"
"4","260","0.3","10","0","pos","small-world","215","66.72897196261682","64.71734892787524","68.58168761220826"
"3","260","0.3","10","0","pos","small-world","197","62.616822429906534","61.40350877192983","63.73429084380611"
"6","260","0.3","10","0","pos","small-world","230","64.39252336448598","63.93762183235867","64.81149012567326"
"1","260","0.3","10","0","pos","small-world","230","68.87850467289721","68.61598440545808","69.12028725314184"
"6","260","0.3","10","0","pos","small-world","231","64.39252336448598","64.13255360623782","64.63195691202873"
"1","260","0.3","10","0","pos","small-world","231","68.97196261682244","68.81091617933723","69.12028725314184"
"3","260","0.3","10","0","pos","small-world","198","62.523364485981304","61.20857699805068","63.73429084380611"
"4","260","0.3","10","0","pos","small-world","216","66.72897196261682","64.91228070175438","68.40215439856372"
"5","260","0.3","10","0","pos","small-world","230","63.83177570093458","62.96296296296296","64.63195691202873"
"6","260","0.3","10","0","pos","small-world","232","64.20560747663552","63.74269005847953","64.63195691202873"
"5","260","0.3","10","0","pos","small-world","231","63.73831775700934","62.96296296296296","64.4524236983842"
"1","260","0.3","10","0","pos","small-world","232","69.1588785046729","69.00584795321637","69.29982046678636"
"6","260","0.3","10","0","pos","small-world","233","64.01869158878505","63.547758284600384","64.4524236983842"
"3","260","0.3","10","0","pos","small-world","199","62.616822429906534","61.01364522417154","64.09335727109516"
"4","260","0.3","10","0","pos","small-world","217","66.6355140186916","64.91228070175438","68.2226211849192"
"1","260","0.3","10","0","pos","small-world","233","69.1588785046729","69.00584795321637","69.29982046678636"
"6","260","0.3","10","0","pos","small-world","234","64.11214953271028","63.74269005847953","64.4524236983842"
"4","260","0.3","10","0","pos","small-world","218","66.72897196261682","65.10721247563353","68.2226211849192"
"5","260","0.3","10","0","pos","small-world","232","63.73831775700934","62.96296296296296","64.4524236983842"
"3","260","0.3","10","0","pos","small-world","200","62.71028037383177","61.01364522417154","64.27289048473968"
"6","260","0.3","10","0","pos","small-world","235","64.48598130841121","63.93762183235867","64.99102333931778"
"5","260","0.3","10","0","pos","small-world","233","63.83177570093458","62.96296296296296","64.63195691202873"
"1","260","0.3","10","0","pos","small-world","234","69.25233644859813","69.00584795321637","69.47935368043088"
"4","260","0.3","10","0","pos","small-world","219","66.82242990654206","65.10721247563353","68.40215439856372"
"5","260","0.3","10","0","pos","small-world","234","63.83177570093458","63.1578947368421","64.4524236983842"
"1","260","0.3","10","0","pos","small-world","235","69.4392523364486","69.00584795321637","69.83842010771993"
"6","260","0.3","10","0","pos","small-world","236","64.67289719626169","64.13255360623782","65.1705565529623"
"3","260","0.3","10","0","pos","small-world","201","62.71028037383177","61.01364522417154","64.27289048473968"
"4","260","0.3","10","0","pos","small-world","220","66.72897196261682","64.91228070175438","68.40215439856372"
"6","260","0.3","10","0","pos","small-world","237","64.67289719626169","64.32748538011695","64.99102333931778"
"1","260","0.3","10","0","pos","small-world","236","69.4392523364486","69.00584795321637","69.83842010771993"
"4","260","0.3","10","0","pos","small-world","221","66.82242990654206","64.91228070175438","68.58168761220826"
"3","260","0.3","10","0","pos","small-world","202","62.71028037383177","61.20857699805068","64.09335727109516"
"5","260","0.3","10","0","pos","small-world","235","63.925233644859816","63.1578947368421","64.63195691202873"
"6","260","0.3","10","0","pos","small-world","238","64.85981308411215","64.32748538011695","65.35008976660683"
"6","260","0.3","10","0","pos","small-world","239","64.85981308411215","64.32748538011695","65.35008976660683"
"5","260","0.3","10","0","pos","small-world","236","64.01869158878505","63.35282651072125","64.63195691202873"
"1","260","0.3","10","0","pos","small-world","237","69.62616822429906","69.39571150097466","69.83842010771993"
"4","260","0.3","10","0","pos","small-world","222","66.72897196261682","64.71734892787524","68.58168761220826"
"6","260","0.3","10","0","pos","small-world","240","64.85981308411215","64.32748538011695","65.35008976660683"
"1","260","0.3","10","0","pos","small-world","238","69.53271028037383","69.39571150097466","69.6588868940754"
"4","260","0.3","10","0","pos","small-world","223","66.82242990654206","64.91228070175438","68.58168761220826"
"5","260","0.3","10","0","pos","small-world","237","64.01869158878505","63.35282651072125","64.63195691202873"
"3","260","0.3","10","0","pos","small-world","203","62.99065420560748","61.79337231968811","64.09335727109516"
"6","260","0.3","10","0","pos","small-world","241","64.95327102803739","64.32748538011695","65.52962298025135"
"6","260","0.3","10","0","pos","small-world","242","64.85981308411215","64.32748538011695","65.35008976660683"
"5","260","0.3","10","0","pos","small-world","238","64.20560747663552","63.547758284600384","64.81149012567326"
"1","260","0.3","10","0","pos","small-world","239","69.34579439252336","69.39571150097466","69.29982046678636"
"3","260","0.3","10","0","pos","small-world","204","63.36448598130842","62.37816764132553","64.27289048473968"
"6","260","0.3","10","0","pos","small-world","243","64.57943925233644","63.74269005847953","65.35008976660683"
"4","260","0.3","10","0","pos","small-world","224","66.72897196261682","65.10721247563353","68.2226211849192"
"6","260","0.3","10","0","pos","small-world","244","64.48598130841121","63.93762183235867","64.99102333931778"
"1","260","0.3","10","0","pos","small-world","240","69.34579439252336","69.39571150097466","69.29982046678636"
"3","260","0.3","10","0","pos","small-world","205","63.27102803738318","62.37816764132553","64.09335727109516"
"5","260","0.3","10","0","pos","small-world","239","64.20560747663552","63.547758284600384","64.81149012567326"
"6","260","0.3","10","0","pos","small-world","245","64.76635514018692","64.13255360623782","65.35008976660683"
"6","260","0.3","10","0","pos","small-world","246","64.67289719626169","64.13255360623782","65.1705565529623"
"5","260","0.3","10","0","pos","small-world","240","64.20560747663552","63.547758284600384","64.81149012567326"
"1","260","0.3","10","0","pos","small-world","241","69.25233644859813","69.20077972709552","69.29982046678636"
"5","260","0.3","10","0","pos","small-world","241","64.20560747663552","63.547758284600384","64.81149012567326"
"4","260","0.3","10","0","pos","small-world","225","66.82242990654206","65.30214424951268","68.2226211849192"
"6","260","0.3","10","0","pos","small-world","247","64.57943925233644","63.93762183235867","65.1705565529623"
"5","260","0.3","10","0","pos","small-world","242","64.20560747663552","63.547758284600384","64.81149012567326"
"6","260","0.3","10","0","pos","small-world","248","64.57943925233644","63.93762183235867","65.1705565529623"
"1","260","0.3","10","0","pos","small-world","242","69.25233644859813","69.20077972709552","69.29982046678636"
"4","260","0.3","10","0","pos","small-world","226","66.9158878504673","65.30214424951268","68.40215439856372"
"3","260","0.3","10","0","pos","small-world","206","63.36448598130842","62.57309941520468","64.09335727109516"
"6","260","0.3","10","0","pos","small-world","249","64.67289719626169","64.13255360623782","65.1705565529623"
"5","260","0.3","10","0","pos","small-world","243","64.20560747663552","63.547758284600384","64.81149012567326"
"4","260","0.3","10","0","pos","small-world","227","67.10280373831776","65.49707602339181","68.58168761220826"
"6","260","0.3","10","0","pos","small-world","250","64.85981308411215","64.32748538011695","65.35008976660683"
"1","260","0.3","10","0","pos","small-world","243","69.62616822429906","69.5906432748538","69.6588868940754"
"5","260","0.3","10","0","pos","small-world","244","64.29906542056075","63.547758284600384","64.99102333931778"
"3","260","0.3","10","0","pos","small-world","207","63.55140186915887","62.768031189083814","64.27289048473968"
"6","260","0.3","10","0","pos","small-world","251","65.14018691588785","64.5224171539961","65.70915619389586"
"1","260","0.3","10","0","pos","small-world","244","69.53271028037383","69.5906432748538","69.47935368043088"
"4","260","0.3","10","0","pos","small-world","228","67.28971962616822","65.8869395711501","68.58168761220826"
"5","260","0.3","10","0","pos","small-world","245","64.39252336448598","63.547758284600384","65.1705565529623"
"6","260","0.3","10","0","pos","small-world","252","65.23364485981308","64.5224171539961","65.8886894075404"
"5","260","0.3","10","0","pos","small-world","246","64.39252336448598","63.547758284600384","65.1705565529623"
"6","260","0.3","10","0","pos","small-world","253","65.32710280373831","64.5224171539961","66.06822262118493"
"1","260","0.3","10","0","pos","small-world","245","69.71962616822431","69.5906432748538","69.83842010771993"
"4","260","0.3","10","0","pos","small-world","229","67.19626168224299","65.69200779727096","68.58168761220826"
"3","260","0.3","10","0","pos","small-world","208","63.55140186915887","62.768031189083814","64.27289048473968"
"1","260","0.3","10","0","pos","small-world","246","69.62616822429906","69.5906432748538","69.6588868940754"
"4","260","0.3","10","0","pos","small-world","230","67.28971962616822","65.8869395711501","68.58168761220826"
"1","260","0.3","10","0","pos","small-world","247","69.71962616822431","69.78557504873294","69.6588868940754"
"6","260","0.3","10","0","pos","small-world","254","65.32710280373831","64.5224171539961","66.06822262118493"
"5","260","0.3","10","0","pos","small-world","247","64.67289719626169","64.13255360623782","65.1705565529623"
"4","260","0.3","10","0","pos","small-world","231","67.19626168224299","65.49707602339181","68.76122082585279"
"1","260","0.3","10","0","pos","small-world","248","69.62616822429906","69.78557504873294","69.47935368043088"
"3","260","0.3","10","0","pos","small-world","209","63.64485981308411","62.96296296296296","64.27289048473968"
"4","260","0.3","10","0","pos","small-world","232","67.38317757009345","65.49707602339181","69.12028725314184"
"5","260","0.3","10","0","pos","small-world","248","64.67289719626169","64.13255360623782","65.1705565529623"
"1","260","0.3","10","0","pos","small-world","249","69.53271028037383","69.98050682261209","69.12028725314184"
"6","260","0.3","10","0","pos","small-world","255","65.23364485981308","64.32748538011695","66.06822262118493"
"3","260","0.3","10","0","pos","small-world","210","63.73831775700934","62.96296296296296","64.4524236983842"
"1","260","0.3","10","0","pos","small-world","250","69.4392523364486","69.98050682261209","68.9407540394973"
"4","260","0.3","10","0","pos","small-world","233","67.4766355140187","65.49707602339181","69.29982046678636"
"6","260","0.3","10","0","pos","small-world","256","65.14018691588785","64.32748538011695","65.8886894075404"
"5","260","0.3","10","0","pos","small-world","249","64.76635514018692","64.32748538011695","65.1705565529623"
"3","260","0.3","10","0","pos","small-world","211","63.83177570093458","62.96296296296296","64.63195691202873"
"1","260","0.3","10","0","pos","small-world","251","69.4392523364486","69.98050682261209","68.9407540394973"
"4","260","0.3","10","0","pos","small-world","234","67.4766355140187","65.69200779727096","69.12028725314184"
"5","260","0.3","10","0","pos","small-world","250","64.85981308411215","64.5224171539961","65.1705565529623"
"6","260","0.3","10","0","pos","small-world","257","65.04672897196262","64.32748538011695","65.70915619389586"
"5","260","0.3","10","0","pos","small-world","251","64.85981308411215","64.5224171539961","65.1705565529623"
"4","260","0.3","10","0","pos","small-world","235","67.38317757009345","65.69200779727096","68.9407540394973"
"1","260","0.3","10","0","pos","small-world","252","69.34579439252336","69.98050682261209","68.76122082585279"
"5","260","0.3","10","0","pos","small-world","252","64.95327102803739","64.5224171539961","65.35008976660683"
"6","260","0.3","10","0","pos","small-world","258","65.04672897196262","64.32748538011695","65.70915619389586"
"3","260","0.3","10","0","pos","small-world","212","63.83177570093458","62.96296296296296","64.63195691202873"
"1","260","0.3","10","0","pos","small-world","253","69.25233644859813","69.98050682261209","68.58168761220826"
"4","260","0.3","10","0","pos","small-world","236","67.4766355140187","65.69200779727096","69.12028725314184"
"5","260","0.3","10","0","pos","small-world","253","64.76635514018692","64.32748538011695","65.1705565529623"
"1","260","0.3","10","0","pos","small-world","254","69.25233644859813","69.98050682261209","68.58168761220826"
"3","260","0.3","10","0","pos","small-world","213","63.83177570093458","62.96296296296296","64.63195691202873"
"6","260","0.3","10","0","pos","small-world","259","65.04672897196262","64.32748538011695","65.70915619389586"
"4","260","0.3","10","0","pos","small-world","237","67.38317757009345","65.49707602339181","69.12028725314184"
"4","260","0.3","10","0","pos","small-world","238","67.38317757009345","65.49707602339181","69.12028725314184"
"1","260","0.3","10","0","pos","small-world","255","69.34579439252336","70.17543859649122","68.58168761220826"
"3","260","0.3","10","0","pos","small-world","214","63.925233644859816","62.96296296296296","64.81149012567326"
"5","260","0.3","10","0","pos","small-world","254","64.57943925233644","63.93762183235867","65.1705565529623"
"1","260","0.3","10","0","pos","small-world","256","69.4392523364486","70.17543859649122","68.76122082585279"
"1","260","0.3","10","0","pos","small-world","257","69.53271028037383","70.37037037037037","68.76122082585279"
"3","260","0.3","10","0","pos","small-world","215","64.01869158878505","63.1578947368421","64.81149012567326"
"5","260","0.3","10","0","pos","small-world","255","64.48598130841121","63.74269005847953","65.1705565529623"
"4","260","0.3","10","0","pos","small-world","239","67.38317757009345","65.49707602339181","69.12028725314184"
"1","260","0.3","10","0","pos","small-world","258","69.81308411214954","70.76023391812866","68.9407540394973"
"5","260","0.3","10","0","pos","small-world","256","64.48598130841121","63.74269005847953","65.1705565529623"
"1","260","0.3","10","0","pos","small-world","259","69.90654205607477","70.76023391812866","69.12028725314184"
"3","260","0.3","10","0","pos","small-world","216","64.01869158878505","62.96296296296296","64.99102333931778"
"4","260","0.3","10","0","pos","small-world","240","67.28971962616822","65.30214424951268","69.12028725314184"
"5","260","0.3","10","0","pos","small-world","257","64.48598130841121","63.74269005847953","65.1705565529623"
"4","260","0.3","10","0","pos","small-world","241","67.38317757009345","65.49707602339181","69.12028725314184"
"5","260","0.3","10","0","pos","small-world","258","64.48598130841121","63.74269005847953","65.1705565529623"
"4","260","0.3","10","0","pos","small-world","242","67.4766355140187","65.49707602339181","69.29982046678636"
"4","260","0.3","10","0","pos","small-world","243","67.4766355140187","65.49707602339181","69.29982046678636"
"5","260","0.3","10","0","pos","small-world","259","64.57943925233644","63.74269005847953","65.35008976660683"
"3","260","0.3","10","0","pos","small-world","217","64.29906542056075","63.547758284600384","64.99102333931778"
"4","260","0.3","10","0","pos","small-world","244","67.66355140186916","65.8869395711501","69.29982046678636"
"4","260","0.3","10","0","pos","small-world","245","67.7570093457944","66.08187134502924","69.29982046678636"
"10","260","0.3","10","0","pos","small-world","0","60.5607476635514","59.06432748538012","61.93895870736086"
"4","260","0.3","10","0","pos","small-world","246","67.85046728971963","66.08187134502924","69.47935368043088"
"10","260","0.3","10","0","pos","small-world","1","60.5607476635514","59.06432748538012","61.93895870736086"
"3","260","0.3","10","0","pos","small-world","218","64.01869158878505","63.35282651072125","64.63195691202873"
"10","260","0.3","10","0","pos","small-world","2","60.5607476635514","59.06432748538012","61.93895870736086"
"10","260","0.3","10","0","pos","small-world","3","60.65420560747663","59.25925925925925","61.93895870736086"
"4","260","0.3","10","0","pos","small-world","247","67.94392523364486","66.08187134502924","69.6588868940754"
"10","260","0.3","10","0","pos","small-world","4","60.65420560747663","59.25925925925925","61.93895870736086"
"4","260","0.3","10","0","pos","small-world","248","68.03738317757009","65.8869395711501","70.01795332136446"
"4","260","0.3","10","0","pos","small-world","249","68.22429906542055","66.08187134502924","70.19748653500898"
"4","260","0.3","10","0","pos","small-world","250","68.3177570093458","66.08187134502924","70.3770197486535"
"10","260","0.3","10","0","pos","small-world","5","60.747663551401864","59.4541910331384","61.93895870736086"
"3","260","0.3","10","0","pos","small-world","219","63.925233644859816","63.1578947368421","64.63195691202873"
"4","260","0.3","10","0","pos","small-world","251","68.50467289719626","66.47173489278752","70.3770197486535"
"10","260","0.3","10","0","pos","small-world","6","60.747663551401864","59.4541910331384","61.93895870736086"
"4","260","0.3","10","0","pos","small-world","252","68.50467289719626","66.47173489278752","70.3770197486535"
"10","260","0.3","10","0","pos","small-world","7","60.93457943925233","59.84405458089669","61.93895870736086"
"4","260","0.3","10","0","pos","small-world","253","68.41121495327103","66.27680311890838","70.3770197486535"
"4","260","0.3","10","0","pos","small-world","254","68.3177570093458","66.08187134502924","70.3770197486535"
"4","260","0.3","10","0","pos","small-world","255","68.22429906542055","66.08187134502924","70.19748653500898"
"10","260","0.3","10","0","pos","small-world","8","60.93457943925233","59.84405458089669","61.93895870736086"
"4","260","0.3","10","0","pos","small-world","256","68.22429906542055","65.8869395711501","70.3770197486535"
"10","260","0.3","10","0","pos","small-world","9","60.93457943925233","59.84405458089669","61.93895870736086"
"3","260","0.3","10","0","pos","small-world","220","64.01869158878505","63.35282651072125","64.63195691202873"
"10","260","0.3","10","0","pos","small-world","10","60.93457943925233","59.84405458089669","61.93895870736086"
"10","260","0.3","10","0","pos","small-world","11","60.65420560747663","59.4541910331384","61.759425493716336"
"4","260","0.3","10","0","pos","small-world","257","68.03738317757009","65.69200779727096","70.19748653500898"
"10","260","0.3","10","0","pos","small-world","12","60.5607476635514","59.4541910331384","61.57989228007181"
"4","260","0.3","10","0","pos","small-world","258","68.03738317757009","65.49707602339181","70.3770197486535"
"10","260","0.3","10","0","pos","small-world","13","60.46728971962617","59.4541910331384","61.40035906642729"
"10","260","0.3","10","0","pos","small-world","14","60.46728971962617","59.4541910331384","61.40035906642729"
"3","260","0.3","10","0","pos","small-world","221","64.01869158878505","63.35282651072125","64.63195691202873"
"4","260","0.3","10","0","pos","small-world","259","68.22429906542055","65.69200779727096","70.55655296229803"
"10","260","0.3","10","0","pos","small-world","15","60.5607476635514","59.64912280701754","61.40035906642729"
"3","260","0.3","10","0","pos","small-world","222","64.01869158878505","63.547758284600384","64.4524236983842"
"10","260","0.3","10","0","pos","small-world","16","60.8411214953271","60.23391812865497","61.40035906642729"
"10","260","0.3","10","0","pos","small-world","17","60.747663551401864","60.03898635477582","61.40035906642729"
"10","260","0.3","10","0","pos","small-world","18","60.8411214953271","60.03898635477582","61.57989228007181"
"10","260","0.3","10","0","pos","small-world","19","60.93457943925233","60.23391812865497","61.57989228007181"
"10","260","0.3","10","0","pos","small-world","20","60.8411214953271","60.03898635477582","61.57989228007181"
"10","260","0.3","10","0","pos","small-world","21","60.65420560747663","59.84405458089669","61.40035906642729"
"10","260","0.3","10","0","pos","small-world","22","60.5607476635514","59.84405458089669","61.22082585278277"
"10","260","0.3","10","0","pos","small-world","23","60.5607476635514","59.84405458089669","61.22082585278277"
"10","260","0.3","10","0","pos","small-world","24","60.5607476635514","60.03898635477582","61.04129263913825"
"10","260","0.3","10","0","pos","small-world","25","60.46728971962617","59.84405458089669","61.04129263913825"
"10","260","0.3","10","0","pos","small-world","26","60.46728971962617","59.84405458089669","61.04129263913825"
"10","260","0.3","10","0","pos","small-world","27","60.373831775700936","59.64912280701754","61.04129263913825"
"10","260","0.3","10","0","pos","small-world","28","60.373831775700936","59.84405458089669","60.86175942549371"
"10","260","0.3","10","0","pos","small-world","29","60.46728971962617","59.84405458089669","61.04129263913825"
"10","260","0.3","10","0","pos","small-world","30","60.5607476635514","59.84405458089669","61.22082585278277"
"10","260","0.3","10","0","pos","small-world","31","60.5607476635514","59.84405458089669","61.22082585278277"
"10","260","0.3","10","0","pos","small-world","32","60.5607476635514","59.84405458089669","61.22082585278277"
"10","260","0.3","10","0","pos","small-world","33","60.5607476635514","59.84405458089669","61.22082585278277"
"10","260","0.3","10","0","pos","small-world","34","60.46728971962617","59.84405458089669","61.04129263913825"
"10","260","0.3","10","0","pos","small-world","35","60.46728971962617","59.84405458089669","61.04129263913825"
"10","260","0.3","10","0","pos","small-world","36","60.46728971962617","59.84405458089669","61.04129263913825"
"11","260","0.3","10","0","pos","small-world","0","60.5607476635514","59.06432748538012","61.93895870736086"
"3","260","0.3","10","0","pos","small-world","223","63.83177570093458","63.35282651072125","64.27289048473968"
"10","260","0.3","10","0","pos","small-world","37","60.5607476635514","59.84405458089669","61.22082585278277"
"10","260","0.3","10","0","pos","small-world","38","60.46728971962617","59.64912280701754","61.22082585278277"
"11","260","0.3","10","0","pos","small-world","1","60.280373831775705","59.06432748538012","61.40035906642729"
"10","260","0.3","10","0","pos","small-world","39","60.373831775700936","59.4541910331384","61.22082585278277"
"11","260","0.3","10","0","pos","small-world","2","60.373831775700936","59.06432748538012","61.57989228007181"
"10","260","0.3","10","0","pos","small-world","40","60.46728971962617","59.64912280701754","61.22082585278277"
"11","260","0.3","10","0","pos","small-world","3","60.280373831775705","59.06432748538012","61.40035906642729"
"10","260","0.3","10","0","pos","small-world","41","60.65420560747663","59.84405458089669","61.40035906642729"
"3","260","0.3","10","0","pos","small-world","224","63.64485981308411","63.35282651072125","63.91382405745063"
"11","260","0.3","10","0","pos","small-world","4","60.46728971962617","59.06432748538012","61.759425493716336"
"10","260","0.3","10","0","pos","small-world","42","60.747663551401864","60.03898635477582","61.40035906642729"
"11","260","0.3","10","0","pos","small-world","5","60.46728971962617","59.06432748538012","61.759425493716336"
"3","260","0.3","10","0","pos","small-world","225","63.83177570093458","63.547758284600384","64.09335727109516"
"10","260","0.3","10","0","pos","small-world","43","60.65420560747663","59.84405458089669","61.40035906642729"
"3","260","0.3","10","0","pos","small-world","226","63.83177570093458","63.547758284600384","64.09335727109516"
"11","260","0.3","10","0","pos","small-world","6","60.46728971962617","58.86939571150097","61.93895870736086"
"10","260","0.3","10","0","pos","small-world","44","60.65420560747663","59.84405458089669","61.40035906642729"
"11","260","0.3","10","0","pos","small-world","7","60.5607476635514","58.86939571150097","62.11849192100538"
"3","260","0.3","10","0","pos","small-world","227","63.925233644859816","63.93762183235867","63.91382405745063"
"10","260","0.3","10","0","pos","small-world","45","60.5607476635514","59.64912280701754","61.40035906642729"
"3","260","0.3","10","0","pos","small-world","228","64.01869158878505","64.13255360623782","63.91382405745063"
"10","260","0.3","10","0","pos","small-world","46","60.65420560747663","59.84405458089669","61.40035906642729"
"11","260","0.3","10","0","pos","small-world","8","60.5607476635514","58.86939571150097","62.11849192100538"
"3","260","0.3","10","0","pos","small-world","229","64.11214953271028","64.13255360623782","64.09335727109516"
"11","260","0.3","10","0","pos","small-world","9","60.280373831775705","58.86939571150097","61.57989228007181"
"10","260","0.3","10","0","pos","small-world","47","60.8411214953271","60.03898635477582","61.57989228007181"
"11","260","0.3","10","0","pos","small-world","10","60.373831775700936","58.86939571150097","61.759425493716336"
"3","260","0.3","10","0","pos","small-world","230","64.01869158878505","63.93762183235867","64.09335727109516"
"3","260","0.3","10","0","pos","small-world","231","64.01869158878505","63.93762183235867","64.09335727109516"
"11","260","0.3","10","0","pos","small-world","11","60.18691588785047","58.67446393762184","61.57989228007181"
"10","260","0.3","10","0","pos","small-world","48","61.02803738317757","60.03898635477582","61.93895870736086"
"11","260","0.3","10","0","pos","small-world","12","60","58.28460038986355","61.57989228007181"
"10","260","0.3","10","0","pos","small-world","49","61.308411214953274","60.42884990253411","62.11849192100538"
"3","260","0.3","10","0","pos","small-world","232","64.29906542056075","64.13255360623782","64.4524236983842"
"3","260","0.3","10","0","pos","small-world","233","64.48598130841121","64.13255360623782","64.81149012567326"
"11","260","0.3","10","0","pos","small-world","13","60","58.0896686159844","61.759425493716336"
"10","260","0.3","10","0","pos","small-world","50","61.21495327102804","60.42884990253411","61.93895870736086"
"11","260","0.3","10","0","pos","small-world","14","60.09345794392523","58.0896686159844","61.93895870736086"
"3","260","0.3","10","0","pos","small-world","234","64.39252336448598","64.13255360623782","64.63195691202873"
"10","260","0.3","10","0","pos","small-world","51","61.21495327102804","60.23391812865497","62.11849192100538"
"10","260","0.3","10","0","pos","small-world","52","61.21495327102804","60.23391812865497","62.11849192100538"
"11","260","0.3","10","0","pos","small-world","15","60.18691588785047","58.28460038986355","61.93895870736086"
"3","260","0.3","10","0","pos","small-world","235","64.48598130841121","64.32748538011695","64.63195691202873"
"11","260","0.3","10","0","pos","small-world","16","60.280373831775705","58.47953216374269","61.93895870736086"
"10","260","0.3","10","0","pos","small-world","53","61.21495327102804","60.23391812865497","62.11849192100538"
"3","260","0.3","10","0","pos","small-world","236","64.57943925233644","64.5224171539961","64.63195691202873"
"10","260","0.3","10","0","pos","small-world","54","61.02803738317757","59.84405458089669","62.11849192100538"
"11","260","0.3","10","0","pos","small-world","17","60.46728971962617","58.67446393762184","62.11849192100538"
"3","260","0.3","10","0","pos","small-world","237","64.76635514018692","64.91228070175438","64.63195691202873"
"10","260","0.3","10","0","pos","small-world","55","61.02803738317757","59.64912280701754","62.29802513464991"
"11","260","0.3","10","0","pos","small-world","18","60.5607476635514","58.67446393762184","62.29802513464991"
"3","260","0.3","10","0","pos","small-world","238","64.76635514018692","65.10721247563353","64.4524236983842"
"11","260","0.3","10","0","pos","small-world","19","60.8411214953271","58.67446393762184","62.83662477558348"
"10","260","0.3","10","0","pos","small-world","56","61.02803738317757","59.64912280701754","62.29802513464991"
"3","260","0.3","10","0","pos","small-world","239","64.85981308411215","65.30214424951268","64.4524236983842"
"11","260","0.3","10","0","pos","small-world","20","61.12149532710281","59.25925925925925","62.83662477558348"
"10","260","0.3","10","0","pos","small-world","57","61.02803738317757","59.84405458089669","62.11849192100538"
"3","260","0.3","10","0","pos","small-world","240","65.23364485981308","65.49707602339181","64.99102333931778"
"11","260","0.3","10","0","pos","small-world","21","61.12149532710281","59.25925925925925","62.83662477558348"
"10","260","0.3","10","0","pos","small-world","58","61.12149532710281","60.03898635477582","62.11849192100538"
"3","260","0.3","10","0","pos","small-world","241","65.23364485981308","65.69200779727096","64.81149012567326"
"10","260","0.3","10","0","pos","small-world","59","61.12149532710281","60.23391812865497","61.93895870736086"
"11","260","0.3","10","0","pos","small-world","22","61.21495327102804","59.4541910331384","62.83662477558348"
"3","260","0.3","10","0","pos","small-world","242","65.32710280373831","65.8869395711501","64.81149012567326"
"10","260","0.3","10","0","pos","small-world","60","61.02803738317757","60.03898635477582","61.93895870736086"
"11","260","0.3","10","0","pos","small-world","23","61.308411214953274","59.4541910331384","63.016157989228006"
"3","260","0.3","10","0","pos","small-world","243","65.32710280373831","65.8869395711501","64.81149012567326"
"10","260","0.3","10","0","pos","small-world","61","60.93457943925233","59.84405458089669","61.93895870736086"
"11","260","0.3","10","0","pos","small-world","24","61.49532710280374","59.25925925925925","63.55475763016158"
"3","260","0.3","10","0","pos","small-world","244","65.23364485981308","65.30214424951268","65.1705565529623"
"11","260","0.3","10","0","pos","small-world","25","61.49532710280374","59.06432748538012","63.73429084380611"
"10","260","0.3","10","0","pos","small-world","62","60.93457943925233","59.84405458089669","61.93895870736086"
"3","260","0.3","10","0","pos","small-world","245","65.14018691588785","65.10721247563353","65.1705565529623"
"10","260","0.3","10","0","pos","small-world","63","60.8411214953271","59.64912280701754","61.93895870736086"
"3","260","0.3","10","0","pos","small-world","246","65.14018691588785","65.10721247563353","65.1705565529623"
"3","260","0.3","10","0","pos","small-world","247","65.14018691588785","65.10721247563353","65.1705565529623"
"10","260","0.3","10","0","pos","small-world","64","60.93457943925233","59.84405458089669","61.93895870736086"
"11","260","0.3","10","0","pos","small-world","26","61.588785046728965","59.06432748538012","63.91382405745063"
"10","260","0.3","10","0","pos","small-world","65","60.93457943925233","59.84405458089669","61.93895870736086"
"3","260","0.3","10","0","pos","small-world","248","65.14018691588785","65.10721247563353","65.1705565529623"
"11","260","0.3","10","0","pos","small-world","27","61.77570093457943","59.06432748538012","64.27289048473968"
"10","260","0.3","10","0","pos","small-world","66","60.8411214953271","59.64912280701754","61.93895870736086"
"11","260","0.3","10","0","pos","small-world","28","61.6822429906542","59.06432748538012","64.09335727109516"
"3","260","0.3","10","0","pos","small-world","249","65.04672897196262","65.10721247563353","64.99102333931778"
"10","260","0.3","10","0","pos","small-world","67","60.93457943925233","59.64912280701754","62.11849192100538"
"11","260","0.3","10","0","pos","small-world","29","61.96261682242991","58.86939571150097","64.81149012567326"
"10","260","0.3","10","0","pos","small-world","68","60.93457943925233","59.64912280701754","62.11849192100538"
"11","260","0.3","10","0","pos","small-world","30","61.77570093457943","58.67446393762184","64.63195691202873"
"10","260","0.3","10","0","pos","small-world","69","60.8411214953271","59.4541910331384","62.11849192100538"
"11","260","0.3","10","0","pos","small-world","31","62.05607476635514","59.4541910331384","64.4524236983842"
"10","260","0.3","10","0","pos","small-world","70","60.8411214953271","59.25925925925925","62.29802513464991"
"11","260","0.3","10","0","pos","small-world","32","61.96261682242991","59.4541910331384","64.27289048473968"
"10","260","0.3","10","0","pos","small-world","71","60.93457943925233","59.25925925925925","62.47755834829444"
"11","260","0.3","10","0","pos","small-world","33","62.05607476635514","59.4541910331384","64.4524236983842"
"10","260","0.3","10","0","pos","small-world","72","60.8411214953271","59.06432748538012","62.47755834829444"
"11","260","0.3","10","0","pos","small-world","34","62.24299065420561","59.84405458089669","64.4524236983842"
"10","260","0.3","10","0","pos","small-world","73","60.747663551401864","58.86939571150097","62.47755834829444"
"11","260","0.3","10","0","pos","small-world","35","62.33644859813084","60.03898635477582","64.4524236983842"
"10","260","0.3","10","0","pos","small-world","74","60.93457943925233","58.86939571150097","62.83662477558348"
"11","260","0.3","10","0","pos","small-world","36","62.24299065420561","60.03898635477582","64.27289048473968"
"10","260","0.3","10","0","pos","small-world","75","61.02803738317757","59.06432748538012","62.83662477558348"
"11","260","0.3","10","0","pos","small-world","37","62.24299065420561","60.23391812865497","64.09335727109516"
"10","260","0.3","10","0","pos","small-world","76","61.02803738317757","59.06432748538012","62.83662477558348"
"11","260","0.3","10","0","pos","small-world","38","62.33644859813084","60.42884990253411","64.09335727109516"
"10","260","0.3","10","0","pos","small-world","77","61.02803738317757","59.06432748538012","62.83662477558348"
"10","260","0.3","10","0","pos","small-world","78","60.8411214953271","58.67446393762184","62.83662477558348"
"11","260","0.3","10","0","pos","small-world","39","62.42990654205608","60.42884990253411","64.27289048473968"
"10","260","0.3","10","0","pos","small-world","79","60.8411214953271","58.67446393762184","62.83662477558348"
"11","260","0.3","10","0","pos","small-world","40","62.42990654205608","60.23391812865497","64.4524236983842"
"3","260","0.3","10","0","pos","small-world","250","65.04672897196262","65.10721247563353","64.99102333931778"
"11","260","0.3","10","0","pos","small-world","41","62.523364485981304","60.23391812865497","64.63195691202873"
"11","260","0.3","10","0","pos","small-world","42","62.523364485981304","60.23391812865497","64.63195691202873"
"10","260","0.3","10","0","pos","small-world","80","61.12149532710281","59.25925925925925","62.83662477558348"
"11","260","0.3","10","0","pos","small-world","43","62.523364485981304","60.23391812865497","64.63195691202873"
"3","260","0.3","10","0","pos","small-world","251","65.14018691588785","65.30214424951268","64.99102333931778"
"11","260","0.3","10","0","pos","small-world","44","62.42990654205608","60.03898635477582","64.63195691202873"
"11","260","0.3","10","0","pos","small-world","45","62.616822429906534","60.23391812865497","64.81149012567326"
"3","260","0.3","10","0","pos","small-world","252","65.04672897196262","65.30214424951268","64.81149012567326"
"11","260","0.3","10","0","pos","small-world","46","62.42990654205608","60.23391812865497","64.4524236983842"
"3","260","0.3","10","0","pos","small-world","253","65.14018691588785","65.49707602339181","64.81149012567326"
"10","260","0.3","10","0","pos","small-world","81","61.02803738317757","59.06432748538012","62.83662477558348"
"11","260","0.3","10","0","pos","small-world","47","62.33644859813084","60.23391812865497","64.27289048473968"
"3","260","0.3","10","0","pos","small-world","254","65.14018691588785","65.49707602339181","64.81149012567326"
"11","260","0.3","10","0","pos","small-world","48","62.33644859813084","60.23391812865497","64.27289048473968"
"10","260","0.3","10","0","pos","small-world","82","60.93457943925233","58.67446393762184","63.016157989228006"
"11","260","0.3","10","0","pos","small-world","49","62.523364485981304","60.23391812865497","64.63195691202873"
"10","260","0.3","10","0","pos","small-world","83","60.8411214953271","58.86939571150097","62.65709156193896"
"3","260","0.3","10","0","pos","small-world","255","65.04672897196262","65.30214424951268","64.81149012567326"
"11","260","0.3","10","0","pos","small-world","50","62.523364485981304","60.23391812865497","64.63195691202873"
"10","260","0.3","10","0","pos","small-world","84","60.8411214953271","58.86939571150097","62.65709156193896"
"3","260","0.3","10","0","pos","small-world","256","64.95327102803739","64.91228070175438","64.99102333931778"
"11","260","0.3","10","0","pos","small-world","51","62.523364485981304","60.23391812865497","64.63195691202873"
"10","260","0.3","10","0","pos","small-world","85","60.8411214953271","58.86939571150097","62.65709156193896"
"3","260","0.3","10","0","pos","small-world","257","64.95327102803739","64.91228070175438","64.99102333931778"
"3","260","0.3","10","0","pos","small-world","258","65.14018691588785","65.10721247563353","65.1705565529623"
"10","260","0.3","10","0","pos","small-world","86","61.12149532710281","59.25925925925925","62.83662477558348"
"11","260","0.3","10","0","pos","small-world","52","62.71028037383177","60.62378167641326","64.63195691202873"
"12","260","0.3","10","0","pos","small-world","0","60.5607476635514","59.06432748538012","61.93895870736086"
"10","260","0.3","10","0","pos","small-world","87","61.02803738317757","59.25925925925925","62.65709156193896"
"3","260","0.3","10","0","pos","small-world","259","65.23364485981308","65.10721247563353","65.35008976660683"
"11","260","0.3","10","0","pos","small-world","53","62.42990654205608","60.42884990253411","64.27289048473968"
"12","260","0.3","10","0","pos","small-world","1","60.373831775700936","58.86939571150097","61.759425493716336"
"10","260","0.3","10","0","pos","small-world","88","61.02803738317757","59.4541910331384","62.47755834829444"
"11","260","0.3","10","0","pos","small-world","54","62.523364485981304","60.42884990253411","64.4524236983842"
"11","260","0.3","10","0","pos","small-world","55","62.71028037383177","60.42884990253411","64.81149012567326"
"12","260","0.3","10","0","pos","small-world","2","60.280373831775705","58.47953216374269","61.93895870736086"
"10","260","0.3","10","0","pos","small-world","89","61.02803738317757","59.4541910331384","62.47755834829444"
"11","260","0.3","10","0","pos","small-world","56","62.71028037383177","60.42884990253411","64.81149012567326"
"12","260","0.3","10","0","pos","small-world","3","60.373831775700936","58.67446393762184","61.93895870736086"
"10","260","0.3","10","0","pos","small-world","90","61.02803738317757","59.4541910331384","62.47755834829444"
"11","260","0.3","10","0","pos","small-world","57","62.71028037383177","60.23391812865497","64.99102333931778"
"11","260","0.3","10","0","pos","small-world","58","62.616822429906534","60.03898635477582","64.99102333931778"
"12","260","0.3","10","0","pos","small-world","4","60.373831775700936","58.67446393762184","61.93895870736086"
"10","260","0.3","10","0","pos","small-world","91","61.02803738317757","59.4541910331384","62.47755834829444"
"11","260","0.3","10","0","pos","small-world","59","62.71028037383177","60.03898635477582","65.1705565529623"
"10","260","0.3","10","0","pos","small-world","92","61.12149532710281","59.64912280701754","62.47755834829444"
"11","260","0.3","10","0","pos","small-world","60","62.99065420560748","60.23391812865497","65.52962298025135"
"12","260","0.3","10","0","pos","small-world","5","60.5607476635514","59.06432748538012","61.93895870736086"
"10","260","0.3","10","0","pos","small-world","93","61.02803738317757","59.64912280701754","62.29802513464991"
"11","260","0.3","10","0","pos","small-world","61","63.177570093457945","60.62378167641326","65.52962298025135"
"10","260","0.3","10","0","pos","small-world","94","60.747663551401864","59.25925925925925","62.11849192100538"
"12","260","0.3","10","0","pos","small-world","6","60.5607476635514","59.06432748538012","61.93895870736086"
"11","260","0.3","10","0","pos","small-world","62","63.177570093457945","60.62378167641326","65.52962298025135"
"10","260","0.3","10","0","pos","small-world","95","60.93457943925233","59.64912280701754","62.11849192100538"
"12","260","0.3","10","0","pos","small-world","7","60.65420560747663","59.06432748538012","62.11849192100538"
"11","260","0.3","10","0","pos","small-world","63","63.45794392523364","61.20857699805068","65.52962298025135"
"11","260","0.3","10","0","pos","small-world","64","63.64485981308411","61.40350877192983","65.70915619389586"
"12","260","0.3","10","0","pos","small-world","8","60.65420560747663","58.86939571150097","62.29802513464991"
"10","260","0.3","10","0","pos","small-world","96","60.747663551401864","59.25925925925925","62.11849192100538"
"12","260","0.3","10","0","pos","small-world","9","61.02803738317757","59.06432748538012","62.83662477558348"
"10","260","0.3","10","0","pos","small-world","97","60.65420560747663","59.06432748538012","62.11849192100538"
"11","260","0.3","10","0","pos","small-world","65","63.73831775700934","61.40350877192983","65.8886894075404"
"12","260","0.3","10","0","pos","small-world","10","61.02803738317757","59.06432748538012","62.83662477558348"
"10","260","0.3","10","0","pos","small-world","98","60.46728971962617","58.86939571150097","61.93895870736086"
"12","260","0.3","10","0","pos","small-world","11","61.02803738317757","58.86939571150097","63.016157989228006"
"11","260","0.3","10","0","pos","small-world","66","63.73831775700934","61.59844054580896","65.70915619389586"
"11","260","0.3","10","0","pos","small-world","67","63.73831775700934","61.59844054580896","65.70915619389586"
"10","260","0.3","10","0","pos","small-world","99","60.373831775700936","58.86939571150097","61.759425493716336"
"12","260","0.3","10","0","pos","small-world","12","60.8411214953271","58.67446393762184","62.83662477558348"
"10","260","0.3","10","0","pos","small-world","100","60.18691588785047","58.67446393762184","61.57989228007181"
"12","260","0.3","10","0","pos","small-world","13","60.8411214953271","58.86939571150097","62.65709156193896"
"11","260","0.3","10","0","pos","small-world","68","63.83177570093458","61.79337231968811","65.70915619389586"
"10","260","0.3","10","0","pos","small-world","101","60.280373831775705","58.67446393762184","61.759425493716336"
"12","260","0.3","10","0","pos","small-world","14","60.93457943925233","58.67446393762184","63.016157989228006"
"11","260","0.3","10","0","pos","small-world","69","64.01869158878505","61.79337231968811","66.06822262118493"
"12","260","0.3","10","0","pos","small-world","15","60.8411214953271","58.67446393762184","62.83662477558348"
"11","260","0.3","10","0","pos","small-world","70","64.20560747663552","61.98830409356725","66.24775583482945"
"10","260","0.3","10","0","pos","small-world","102","60.373831775700936","58.67446393762184","61.93895870736086"
"12","260","0.3","10","0","pos","small-world","16","60.93457943925233","58.86939571150097","62.83662477558348"
"11","260","0.3","10","0","pos","small-world","71","64.11214953271028","61.98830409356725","66.06822262118493"
"10","260","0.3","10","0","pos","small-world","103","60.46728971962617","58.67446393762184","62.11849192100538"
"12","260","0.3","10","0","pos","small-world","17","61.02803738317757","58.86939571150097","63.016157989228006"
"11","260","0.3","10","0","pos","small-world","72","64.01869158878505","61.79337231968811","66.06822262118493"
"12","260","0.3","10","0","pos","small-world","18","60.93457943925233","58.86939571150097","62.83662477558348"
"10","260","0.3","10","0","pos","small-world","104","60.65420560747663","58.67446393762184","62.47755834829444"
"11","260","0.3","10","0","pos","small-world","73","64.01869158878505","61.79337231968811","66.06822262118493"
"12","260","0.3","10","0","pos","small-world","19","60.93457943925233","58.86939571150097","62.83662477558348"
"10","260","0.3","10","0","pos","small-world","105","60.65420560747663","58.67446393762184","62.47755834829444"
"11","260","0.3","10","0","pos","small-world","74","64.20560747663552","61.98830409356725","66.24775583482945"
"10","260","0.3","10","0","pos","small-world","106","60.8411214953271","59.06432748538012","62.47755834829444"
"11","260","0.3","10","0","pos","small-world","75","64.20560747663552","62.1832358674464","66.06822262118493"
"13","260","0.3","10","0","pos","small-world","0","60.5607476635514","59.06432748538012","61.93895870736086"
"12","260","0.3","10","0","pos","small-world","20","60.93457943925233","58.86939571150097","62.83662477558348"
"10","260","0.3","10","0","pos","small-world","107","60.8411214953271","59.25925925925925","62.29802513464991"
"11","260","0.3","10","0","pos","small-world","76","64.39252336448598","62.37816764132553","66.24775583482945"
"10","260","0.3","10","0","pos","small-world","108","60.8411214953271","59.25925925925925","62.29802513464991"
"12","260","0.3","10","0","pos","small-world","21","60.8411214953271","58.86939571150097","62.65709156193896"
"11","260","0.3","10","0","pos","small-world","77","64.57943925233644","62.768031189083814","66.24775583482945"
"12","260","0.3","10","0","pos","small-world","22","60.65420560747663","58.67446393762184","62.47755834829444"
"13","260","0.3","10","0","pos","small-world","1","60.46728971962617","58.86939571150097","61.93895870736086"
"12","260","0.3","10","0","pos","small-world","23","60.65420560747663","58.67446393762184","62.47755834829444"
"11","260","0.3","10","0","pos","small-world","78","64.67289719626169","62.768031189083814","66.42728904847397"
"13","260","0.3","10","0","pos","small-world","2","60.5607476635514","59.06432748538012","61.93895870736086"
"12","260","0.3","10","0","pos","small-world","24","60.65420560747663","58.67446393762184","62.47755834829444"
"11","260","0.3","10","0","pos","small-world","79","64.67289719626169","62.768031189083814","66.42728904847397"
"10","260","0.3","10","0","pos","small-world","109","60.8411214953271","59.4541910331384","62.11849192100538"
"13","260","0.3","10","0","pos","small-world","3","60.46728971962617","59.06432748538012","61.759425493716336"
"11","260","0.3","10","0","pos","small-world","80","64.67289719626169","62.96296296296296","66.24775583482945"
"13","260","0.3","10","0","pos","small-world","4","60.46728971962617","59.06432748538012","61.759425493716336"
"11","260","0.3","10","0","pos","small-world","81","64.67289719626169","62.96296296296296","66.24775583482945"
"11","260","0.3","10","0","pos","small-world","82","64.76635514018692","62.96296296296296","66.42728904847397"
"13","260","0.3","10","0","pos","small-world","5","60.5607476635514","59.06432748538012","61.93895870736086"
"13","260","0.3","10","0","pos","small-world","6","60.46728971962617","58.86939571150097","61.93895870736086"
"11","260","0.3","10","0","pos","small-world","83","64.67289719626169","62.96296296296296","66.24775583482945"
"11","260","0.3","10","0","pos","small-world","84","64.95327102803739","63.547758284600384","66.24775583482945"
"13","260","0.3","10","0","pos","small-world","7","60.280373831775705","58.47953216374269","61.93895870736086"
"12","260","0.3","10","0","pos","small-world","25","60.747663551401864","58.86939571150097","62.47755834829444"
"11","260","0.3","10","0","pos","small-world","85","64.85981308411215","63.547758284600384","66.06822262118493"
"13","260","0.3","10","0","pos","small-world","8","60.280373831775705","58.28460038986355","62.11849192100538"
"11","260","0.3","10","0","pos","small-world","86","64.85981308411215","63.547758284600384","66.06822262118493"
"13","260","0.3","10","0","pos","small-world","9","60.280373831775705","58.28460038986355","62.11849192100538"
"12","260","0.3","10","0","pos","small-world","26","60.8411214953271","58.86939571150097","62.65709156193896"
"13","260","0.3","10","0","pos","small-world","10","60.46728971962617","58.67446393762184","62.11849192100538"
"11","260","0.3","10","0","pos","small-world","87","64.95327102803739","63.547758284600384","66.24775583482945"
"12","260","0.3","10","0","pos","small-world","27","60.46728971962617","58.28460038986355","62.47755834829444"
"10","260","0.3","10","0","pos","small-world","110","60.747663551401864","59.25925925925925","62.11849192100538"
"13","260","0.3","10","0","pos","small-world","11","60.5607476635514","58.86939571150097","62.11849192100538"
"11","260","0.3","10","0","pos","small-world","88","65.04672897196262","63.74269005847953","66.24775583482945"
"12","260","0.3","10","0","pos","small-world","28","60.373831775700936","58.28460038986355","62.29802513464991"
"13","260","0.3","10","0","pos","small-world","12","60.46728971962617","59.06432748538012","61.759425493716336"
"11","260","0.3","10","0","pos","small-world","89","65.04672897196262","63.74269005847953","66.24775583482945"
"12","260","0.3","10","0","pos","small-world","29","60.46728971962617","58.28460038986355","62.47755834829444"
"12","260","0.3","10","0","pos","small-world","30","60.5607476635514","58.28460038986355","62.65709156193896"
"11","260","0.3","10","0","pos","small-world","90","65.04672897196262","63.547758284600384","66.42728904847397"
"12","260","0.3","10","0","pos","small-world","31","60.65420560747663","58.28460038986355","62.83662477558348"
"10","260","0.3","10","0","pos","small-world","111","61.02803738317757","59.4541910331384","62.47755834829444"
"11","260","0.3","10","0","pos","small-world","91","65.23364485981308","63.547758284600384","66.78635547576302"
"12","260","0.3","10","0","pos","small-world","32","60.5607476635514","58.0896686159844","62.83662477558348"
"11","260","0.3","10","0","pos","small-world","92","65.23364485981308","63.35282651072125","66.96588868940754"
"12","260","0.3","10","0","pos","small-world","33","60.46728971962617","58.0896686159844","62.65709156193896"
"10","260","0.3","10","0","pos","small-world","112","61.02803738317757","59.4541910331384","62.47755834829444"
"11","260","0.3","10","0","pos","small-world","93","65.14018691588785","63.35282651072125","66.78635547576302"
"12","260","0.3","10","0","pos","small-world","34","60.46728971962617","58.0896686159844","62.65709156193896"
"10","260","0.3","10","0","pos","small-world","113","61.21495327102804","59.64912280701754","62.65709156193896"
"12","260","0.3","10","0","pos","small-world","35","60.5607476635514","58.0896686159844","62.83662477558348"
"13","260","0.3","10","0","pos","small-world","13","60.280373831775705","58.86939571150097","61.57989228007181"
"10","260","0.3","10","0","pos","small-world","114","61.49532710280374","59.84405458089669","63.016157989228006"
"11","260","0.3","10","0","pos","small-world","94","65.32710280373831","63.35282651072125","67.14542190305207"
"10","260","0.3","10","0","pos","small-world","115","61.6822429906542","59.84405458089669","63.37522441651705"
"13","260","0.3","10","0","pos","small-world","14","60.280373831775705","59.06432748538012","61.40035906642729"
"12","260","0.3","10","0","pos","small-world","36","60.65420560747663","58.0896686159844","63.016157989228006"
"13","260","0.3","10","0","pos","small-world","15","60.373831775700936","59.25925925925925","61.40035906642729"
"12","260","0.3","10","0","pos","small-world","37","60.5607476635514","58.0896686159844","62.83662477558348"
"10","260","0.3","10","0","pos","small-world","116","61.6822429906542","60.03898635477582","63.19569120287253"
"13","260","0.3","10","0","pos","small-world","16","60.46728971962617","59.4541910331384","61.40035906642729"
"12","260","0.3","10","0","pos","small-world","38","60.373831775700936","58.0896686159844","62.47755834829444"
"13","260","0.3","10","0","pos","small-world","17","60.46728971962617","59.4541910331384","61.40035906642729"
"10","260","0.3","10","0","pos","small-world","117","61.49532710280374","59.84405458089669","63.016157989228006"
"12","260","0.3","10","0","pos","small-world","39","60.373831775700936","58.0896686159844","62.47755834829444"
"13","260","0.3","10","0","pos","small-world","18","60.18691588785047","59.25925925925925","61.04129263913825"
"12","260","0.3","10","0","pos","small-world","40","60.373831775700936","58.0896686159844","62.47755834829444"
"11","260","0.3","10","0","pos","small-world","95","65.51401869158879","63.74269005847953","67.14542190305207"
"10","260","0.3","10","0","pos","small-world","118","61.588785046728965","60.03898635477582","63.016157989228006"
"13","260","0.3","10","0","pos","small-world","19","60.09345794392523","59.4541910331384","60.68222621184919"
"12","260","0.3","10","0","pos","small-world","41","60.18691588785047","57.69980506822612","62.47755834829444"
"10","260","0.3","10","0","pos","small-world","119","61.86915887850467","60.42884990253411","63.19569120287253"
"13","260","0.3","10","0","pos","small-world","20","60.09345794392523","59.4541910331384","60.68222621184919"
"11","260","0.3","10","0","pos","small-world","96","65.60747663551402","63.547758284600384","67.50448833034112"
"12","260","0.3","10","0","pos","small-world","42","60","57.69980506822612","62.11849192100538"
"12","260","0.3","10","0","pos","small-world","43","60.09345794392523","57.69980506822612","62.29802513464991"
"13","260","0.3","10","0","pos","small-world","21","60.280373831775705","59.64912280701754","60.86175942549371"
"10","260","0.3","10","0","pos","small-world","120","62.05607476635514","60.42884990253411","63.55475763016158"
"11","260","0.3","10","0","pos","small-world","97","65.51401869158879","63.35282651072125","67.50448833034112"
"10","260","0.3","10","0","pos","small-world","121","62.149532710280376","60.42884990253411","63.73429084380611"
"13","260","0.3","10","0","pos","small-world","22","60.46728971962617","59.84405458089669","61.04129263913825"
"12","260","0.3","10","0","pos","small-world","44","60","57.69980506822612","62.11849192100538"
"11","260","0.3","10","0","pos","small-world","98","65.42056074766354","63.35282651072125","67.3249551166966"
"10","260","0.3","10","0","pos","small-world","122","61.96261682242991","60.42884990253411","63.37522441651705"
"13","260","0.3","10","0","pos","small-world","23","60.46728971962617","60.03898635477582","60.86175942549371"
"12","260","0.3","10","0","pos","small-world","45","60","57.69980506822612","62.11849192100538"
"11","260","0.3","10","0","pos","small-world","99","65.32710280373831","63.1578947368421","67.3249551166966"
"10","260","0.3","10","0","pos","small-world","123","62.05607476635514","60.23391812865497","63.73429084380611"
"13","260","0.3","10","0","pos","small-world","24","60.5607476635514","60.42884990253411","60.68222621184919"
"12","260","0.3","10","0","pos","small-world","46","60","57.69980506822612","62.11849192100538"
"10","260","0.3","10","0","pos","small-world","124","62.149532710280376","60.42884990253411","63.73429084380611"
"11","260","0.3","10","0","pos","small-world","100","65.32710280373831","62.96296296296296","67.50448833034112"
"12","260","0.3","10","0","pos","small-world","47","60.09345794392523","57.69980506822612","62.29802513464991"
"13","260","0.3","10","0","pos","small-world","25","60.46728971962617","60.62378167641326","60.32315978456014"
"10","260","0.3","10","0","pos","small-world","125","62.05607476635514","60.42884990253411","63.55475763016158"
"11","260","0.3","10","0","pos","small-world","101","65.32710280373831","62.96296296296296","67.50448833034112"
"12","260","0.3","10","0","pos","small-world","48","60.09345794392523","57.89473684210527","62.11849192100538"
"13","260","0.3","10","0","pos","small-world","26","60.373831775700936","60.81871345029239","59.964093357271096"
"11","260","0.3","10","0","pos","small-world","102","65.14018691588785","62.768031189083814","67.3249551166966"
"10","260","0.3","10","0","pos","small-world","126","62.149532710280376","60.42884990253411","63.73429084380611"
"13","260","0.3","10","0","pos","small-world","27","60.18691588785047","60.62378167641326","59.78456014362658"
"12","260","0.3","10","0","pos","small-world","49","60.18691588785047","58.0896686159844","62.11849192100538"
"11","260","0.3","10","0","pos","small-world","103","65.23364485981308","62.768031189083814","67.50448833034112"
"13","260","0.3","10","0","pos","small-world","28","60.18691588785047","60.42884990253411","59.964093357271096"
"12","260","0.3","10","0","pos","small-world","50","60.280373831775705","58.0896686159844","62.29802513464991"
"11","260","0.3","10","0","pos","small-world","104","65.32710280373831","62.768031189083814","67.68402154398564"
"10","260","0.3","10","0","pos","small-world","127","62.149532710280376","60.23391812865497","63.91382405745063"
"13","260","0.3","10","0","pos","small-world","29","60.18691588785047","60.42884990253411","59.964093357271096"
"11","260","0.3","10","0","pos","small-world","105","65.23364485981308","62.768031189083814","67.50448833034112"
"12","260","0.3","10","0","pos","small-world","51","60.46728971962617","58.47953216374269","62.29802513464991"
"10","260","0.3","10","0","pos","small-world","128","62.05607476635514","60.23391812865497","63.73429084380611"
"11","260","0.3","10","0","pos","small-world","106","65.14018691588785","62.57309941520468","67.50448833034112"
"12","260","0.3","10","0","pos","small-world","52","60.5607476635514","58.47953216374269","62.47755834829444"
"13","260","0.3","10","0","pos","small-world","30","60.18691588785047","60.03898635477582","60.32315978456014"
"10","260","0.3","10","0","pos","small-world","129","62.149532710280376","60.23391812865497","63.91382405745063"
"11","260","0.3","10","0","pos","small-world","107","65.23364485981308","62.57309941520468","67.68402154398564"
"10","260","0.3","10","0","pos","small-world","130","62.149532710280376","60.23391812865497","63.91382405745063"
"13","260","0.3","10","0","pos","small-world","31","60.373831775700936","60.03898635477582","60.68222621184919"
"12","260","0.3","10","0","pos","small-world","53","60.65420560747663","58.67446393762184","62.47755834829444"
"10","260","0.3","10","0","pos","small-world","131","62.149532710280376","60.23391812865497","63.91382405745063"
"11","260","0.3","10","0","pos","small-world","108","65.14018691588785","62.37816764132553","67.68402154398564"
"13","260","0.3","10","0","pos","small-world","32","60.373831775700936","60.03898635477582","60.68222621184919"
"10","260","0.3","10","0","pos","small-world","132","61.96261682242991","59.84405458089669","63.91382405745063"
"12","260","0.3","10","0","pos","small-world","54","60.65420560747663","58.86939571150097","62.29802513464991"
"11","260","0.3","10","0","pos","small-world","109","65.23364485981308","62.57309941520468","67.68402154398564"
"10","260","0.3","10","0","pos","small-world","133","62.05607476635514","60.03898635477582","63.91382405745063"
"13","260","0.3","10","0","pos","small-world","33","60.5607476635514","60.23391812865497","60.86175942549371"
"12","260","0.3","10","0","pos","small-world","55","60.8411214953271","59.06432748538012","62.47755834829444"
"11","260","0.3","10","0","pos","small-world","110","65.23364485981308","62.768031189083814","67.50448833034112"
"12","260","0.3","10","0","pos","small-world","56","61.02803738317757","59.4541910331384","62.47755834829444"
"10","260","0.3","10","0","pos","small-world","134","61.96261682242991","59.64912280701754","64.09335727109516"
"11","260","0.3","10","0","pos","small-world","111","65.32710280373831","62.96296296296296","67.50448833034112"
"13","260","0.3","10","0","pos","small-world","34","60.46728971962617","60.23391812865497","60.68222621184919"
"10","260","0.3","10","0","pos","small-world","135","61.96261682242991","59.64912280701754","64.09335727109516"
"11","260","0.3","10","0","pos","small-world","112","65.51401869158879","62.96296296296296","67.86355475763017"
"12","260","0.3","10","0","pos","small-world","57","61.12149532710281","59.4541910331384","62.65709156193896"
"13","260","0.3","10","0","pos","small-world","35","60.373831775700936","60.23391812865497","60.502692998204665"
"11","260","0.3","10","0","pos","small-world","113","65.32710280373831","62.768031189083814","67.68402154398564"
"12","260","0.3","10","0","pos","small-world","58","61.21495327102804","59.64912280701754","62.65709156193896"
"13","260","0.3","10","0","pos","small-world","36","60.46728971962617","60.42884990253411","60.502692998204665"
"12","260","0.3","10","0","pos","small-world","59","61.12149532710281","59.64912280701754","62.47755834829444"
"11","260","0.3","10","0","pos","small-world","114","65.60747663551402","62.768031189083814","68.2226211849192"
"13","260","0.3","10","0","pos","small-world","37","60.5607476635514","60.42884990253411","60.68222621184919"
"12","260","0.3","10","0","pos","small-world","60","61.12149532710281","59.4541910331384","62.65709156193896"
"11","260","0.3","10","0","pos","small-world","115","65.60747663551402","62.96296296296296","68.04308797127469"
"13","260","0.3","10","0","pos","small-world","38","60.5607476635514","60.42884990253411","60.68222621184919"
"12","260","0.3","10","0","pos","small-world","61","61.21495327102804","59.64912280701754","62.65709156193896"
"10","260","0.3","10","0","pos","small-world","136","61.96261682242991","59.84405458089669","63.91382405745063"
"11","260","0.3","10","0","pos","small-world","116","65.51401869158879","62.768031189083814","68.04308797127469"
"13","260","0.3","10","0","pos","small-world","39","60.65420560747663","60.62378167641326","60.68222621184919"
"12","260","0.3","10","0","pos","small-world","62","61.21495327102804","59.4541910331384","62.83662477558348"
"10","260","0.3","10","0","pos","small-world","137","61.6822429906542","59.64912280701754","63.55475763016158"
"13","260","0.3","10","0","pos","small-world","40","60.373831775700936","60.23391812865497","60.502692998204665"
"11","260","0.3","10","0","pos","small-world","117","65.60747663551402","62.96296296296296","68.04308797127469"
"12","260","0.3","10","0","pos","small-world","63","61.40186915887851","59.64912280701754","63.016157989228006"
"10","260","0.3","10","0","pos","small-world","138","61.77570093457943","59.84405458089669","63.55475763016158"
"13","260","0.3","10","0","pos","small-world","41","60.280373831775705","60.62378167641326","59.964093357271096"
"11","260","0.3","10","0","pos","small-world","118","65.51401869158879","62.768031189083814","68.04308797127469"
"10","260","0.3","10","0","pos","small-world","139","61.77570093457943","59.84405458089669","63.55475763016158"
"12","260","0.3","10","0","pos","small-world","64","61.40186915887851","59.4541910331384","63.19569120287253"
"13","260","0.3","10","0","pos","small-world","42","60.18691588785047","60.42884990253411","59.964093357271096"
"10","260","0.3","10","0","pos","small-world","140","62.149532710280376","60.42884990253411","63.73429084380611"
"11","260","0.3","10","0","pos","small-world","119","65.51401869158879","62.96296296296296","67.86355475763017"
"12","260","0.3","10","0","pos","small-world","65","61.40186915887851","59.4541910331384","63.19569120287253"
"10","260","0.3","10","0","pos","small-world","141","62.33644859813084","60.62378167641326","63.91382405745063"
"11","260","0.3","10","0","pos","small-world","120","65.51401869158879","62.96296296296296","67.86355475763017"
"11","260","0.3","10","0","pos","small-world","121","65.51401869158879","62.96296296296296","67.86355475763017"
"12","260","0.3","10","0","pos","small-world","66","61.40186915887851","59.4541910331384","63.19569120287253"
"10","260","0.3","10","0","pos","small-world","142","62.42990654205608","60.62378167641326","64.09335727109516"
"12","260","0.3","10","0","pos","small-world","67","61.12149532710281","59.4541910331384","62.65709156193896"
"11","260","0.3","10","0","pos","small-world","122","65.60747663551402","62.96296296296296","68.04308797127469"
"10","260","0.3","10","0","pos","small-world","143","62.33644859813084","60.42884990253411","64.09335727109516"
"13","260","0.3","10","0","pos","small-world","43","60.09345794392523","60.23391812865497","59.964093357271096"
"10","260","0.3","10","0","pos","small-world","144","62.149532710280376","59.84405458089669","64.27289048473968"
"12","260","0.3","10","0","pos","small-world","68","61.21495327102804","59.64912280701754","62.65709156193896"
"13","260","0.3","10","0","pos","small-world","44","59.90654205607476","59.84405458089669","59.964093357271096"
"12","260","0.3","10","0","pos","small-world","69","61.308411214953274","59.64912280701754","62.83662477558348"
"10","260","0.3","10","0","pos","small-world","145","62.24299065420561","59.84405458089669","64.4524236983842"
"13","260","0.3","10","0","pos","small-world","45","60","59.84405458089669","60.14362657091562"
"11","260","0.3","10","0","pos","small-world","123","65.70093457943925","63.1578947368421","68.04308797127469"
"12","260","0.3","10","0","pos","small-world","70","61.49532710280374","59.84405458089669","63.016157989228006"
"10","260","0.3","10","0","pos","small-world","146","62.33644859813084","59.84405458089669","64.63195691202873"
"13","260","0.3","10","0","pos","small-world","46","59.90654205607476","59.64912280701754","60.14362657091562"
"12","260","0.3","10","0","pos","small-world","71","61.49532710280374","59.84405458089669","63.016157989228006"
"10","260","0.3","10","0","pos","small-world","147","62.42990654205608","59.84405458089669","64.81149012567326"
"13","260","0.3","10","0","pos","small-world","47","59.813084112149525","59.4541910331384","60.14362657091562"
"12","260","0.3","10","0","pos","small-world","72","61.6822429906542","59.84405458089669","63.37522441651705"
"10","260","0.3","10","0","pos","small-world","148","62.33644859813084","59.64912280701754","64.81149012567326"
"13","260","0.3","10","0","pos","small-world","48","59.532710280373834","59.25925925925925","59.78456014362658"
"10","260","0.3","10","0","pos","small-world","149","62.42990654205608","59.84405458089669","64.81149012567326"
"12","260","0.3","10","0","pos","small-world","73","61.77570093457943","59.84405458089669","63.55475763016158"
"13","260","0.3","10","0","pos","small-world","49","59.62616822429907","59.25925925925925","59.964093357271096"
"11","260","0.3","10","0","pos","small-world","124","65.7943925233645","63.35282651072125","68.04308797127469"
"12","260","0.3","10","0","pos","small-world","74","61.6822429906542","59.84405458089669","63.37522441651705"
"13","260","0.3","10","0","pos","small-world","50","59.532710280373834","59.25925925925925","59.78456014362658"
"10","260","0.3","10","0","pos","small-world","150","62.523364485981304","60.23391812865497","64.63195691202873"
"12","260","0.3","10","0","pos","small-world","75","61.6822429906542","59.64912280701754","63.55475763016158"
"11","260","0.3","10","0","pos","small-world","125","65.98130841121495","63.547758284600384","68.2226211849192"
"10","260","0.3","10","0","pos","small-world","151","62.523364485981304","60.42884990253411","64.4524236983842"
"13","260","0.3","10","0","pos","small-world","51","59.62616822429907","59.4541910331384","59.78456014362658"
"11","260","0.3","10","0","pos","small-world","126","65.98130841121495","63.547758284600384","68.2226211849192"
"10","260","0.3","10","0","pos","small-world","152","62.523364485981304","60.42884990253411","64.4524236983842"
"12","260","0.3","10","0","pos","small-world","76","61.77570093457943","59.64912280701754","63.73429084380611"
"13","260","0.3","10","0","pos","small-world","52","59.813084112149525","59.84405458089669","59.78456014362658"
"11","260","0.3","10","0","pos","small-world","127","66.16822429906543","63.93762183235867","68.2226211849192"
"10","260","0.3","10","0","pos","small-world","153","62.616822429906534","60.42884990253411","64.63195691202873"
"12","260","0.3","10","0","pos","small-world","77","61.96261682242991","59.64912280701754","64.09335727109516"
"13","260","0.3","10","0","pos","small-world","53","59.7196261682243","60.03898635477582","59.42549371633752"
"11","260","0.3","10","0","pos","small-world","128","66.16822429906543","63.93762183235867","68.2226211849192"
"12","260","0.3","10","0","pos","small-world","78","61.96261682242991","59.64912280701754","64.09335727109516"
"13","260","0.3","10","0","pos","small-world","54","59.62616822429907","60.03898635477582","59.245960502692995"
"10","260","0.3","10","0","pos","small-world","154","62.616822429906534","60.62378167641326","64.4524236983842"
"11","260","0.3","10","0","pos","small-world","129","66.16822429906543","63.93762183235867","68.2226211849192"
"13","260","0.3","10","0","pos","small-world","55","59.813084112149525","60.03898635477582","59.60502692998204"
"12","260","0.3","10","0","pos","small-world","79","61.96261682242991","59.64912280701754","64.09335727109516"
"10","260","0.3","10","0","pos","small-world","155","62.89719626168224","61.01364522417154","64.63195691202873"
"12","260","0.3","10","0","pos","small-world","80","62.05607476635514","59.64912280701754","64.27289048473968"
"10","260","0.3","10","0","pos","small-world","156","62.89719626168224","61.20857699805068","64.4524236983842"
"11","260","0.3","10","0","pos","small-world","130","66.35514018691589","63.74269005847953","68.76122082585279"
"13","260","0.3","10","0","pos","small-world","56","59.813084112149525","60.03898635477582","59.60502692998204"
"12","260","0.3","10","0","pos","small-world","81","62.05607476635514","59.64912280701754","64.27289048473968"
"10","260","0.3","10","0","pos","small-world","157","62.99065420560748","61.20857699805068","64.63195691202873"
"11","260","0.3","10","0","pos","small-world","131","66.54205607476635","63.93762183235867","68.9407540394973"
"13","260","0.3","10","0","pos","small-world","57","60","60.23391812865497","59.78456014362658"
"12","260","0.3","10","0","pos","small-world","82","62.24299065420561","59.84405458089669","64.4524236983842"
"13","260","0.3","10","0","pos","small-world","58","60","60.23391812865497","59.78456014362658"
"11","260","0.3","10","0","pos","small-world","132","66.44859813084112","63.93762183235867","68.76122082585279"
"12","260","0.3","10","0","pos","small-world","83","62.33644859813084","60.23391812865497","64.27289048473968"
"10","260","0.3","10","0","pos","small-world","158","62.89719626168224","61.20857699805068","64.4524236983842"
"11","260","0.3","10","0","pos","small-world","133","66.35514018691589","63.547758284600384","68.9407540394973"
"13","260","0.3","10","0","pos","small-world","59","59.90654205607476","60.23391812865497","59.60502692998204"
"12","260","0.3","10","0","pos","small-world","84","62.42990654205608","60.23391812865497","64.4524236983842"
"10","260","0.3","10","0","pos","small-world","159","62.89719626168224","61.20857699805068","64.4524236983842"
"11","260","0.3","10","0","pos","small-world","134","66.26168224299064","63.547758284600384","68.76122082585279"
"13","260","0.3","10","0","pos","small-world","60","60","60.42884990253411","59.60502692998204"
"12","260","0.3","10","0","pos","small-world","85","62.24299065420561","60.23391812865497","64.09335727109516"
"11","260","0.3","10","0","pos","small-world","135","66.26168224299064","63.547758284600384","68.76122082585279"
"10","260","0.3","10","0","pos","small-world","160","62.89719626168224","61.01364522417154","64.63195691202873"
"13","260","0.3","10","0","pos","small-world","61","60","60.62378167641326","59.42549371633752"
"12","260","0.3","10","0","pos","small-world","86","62.05607476635514","60.03898635477582","63.91382405745063"
"10","260","0.3","10","0","pos","small-world","161","62.80373831775701","60.81871345029239","64.63195691202873"
"11","260","0.3","10","0","pos","small-world","136","66.35514018691589","63.93762183235867","68.58168761220826"
"13","260","0.3","10","0","pos","small-world","62","60","60.62378167641326","59.42549371633752"
"10","260","0.3","10","0","pos","small-world","162","62.89719626168224","61.01364522417154","64.63195691202873"
"11","260","0.3","10","0","pos","small-world","137","66.35514018691589","63.93762183235867","68.58168761220826"
"13","260","0.3","10","0","pos","small-world","63","60.18691588785047","60.81871345029239","59.60502692998204"
"12","260","0.3","10","0","pos","small-world","87","62.24299065420561","60.03898635477582","64.27289048473968"
"10","260","0.3","10","0","pos","small-world","163","62.89719626168224","61.01364522417154","64.63195691202873"
"12","260","0.3","10","0","pos","small-world","88","62.24299065420561","60.03898635477582","64.27289048473968"
"10","260","0.3","10","0","pos","small-world","164","63.084112149532714","61.40350877192983","64.63195691202873"
"13","260","0.3","10","0","pos","small-world","64","60.09345794392523","60.81871345029239","59.42549371633752"
"11","260","0.3","10","0","pos","small-world","138","66.16822429906543","63.93762183235867","68.2226211849192"
"11","260","0.3","10","0","pos","small-world","139","66.16822429906543","63.93762183235867","68.2226211849192"
"13","260","0.3","10","0","pos","small-world","65","60.18691588785047","61.01364522417154","59.42549371633752"
"12","260","0.3","10","0","pos","small-world","89","62.33644859813084","60.03898635477582","64.4524236983842"
"11","260","0.3","10","0","pos","small-world","140","66.07476635514018","63.547758284600384","68.40215439856372"
"12","260","0.3","10","0","pos","small-world","90","62.33644859813084","60.03898635477582","64.4524236983842"
"13","260","0.3","10","0","pos","small-world","66","60.280373831775705","61.01364522417154","59.60502692998204"
"11","260","0.3","10","0","pos","small-world","141","65.98130841121495","63.547758284600384","68.2226211849192"
"12","260","0.3","10","0","pos","small-world","91","62.33644859813084","60.03898635477582","64.4524236983842"
"13","260","0.3","10","0","pos","small-world","67","60.5607476635514","61.40350877192983","59.78456014362658"
"11","260","0.3","10","0","pos","small-world","142","66.16822429906543","63.74269005847953","68.40215439856372"
"12","260","0.3","10","0","pos","small-world","92","62.42990654205608","60.23391812865497","64.4524236983842"
"11","260","0.3","10","0","pos","small-world","143","66.07476635514018","63.74269005847953","68.2226211849192"
"13","260","0.3","10","0","pos","small-world","68","60.5607476635514","61.01364522417154","60.14362657091562"
"12","260","0.3","10","0","pos","small-world","93","62.42990654205608","60.42884990253411","64.27289048473968"
"11","260","0.3","10","0","pos","small-world","144","66.07476635514018","63.74269005847953","68.2226211849192"
"10","260","0.3","10","0","pos","small-world","165","63.36448598130842","61.59844054580896","64.99102333931778"
"12","260","0.3","10","0","pos","small-world","94","62.24299065420561","60.42884990253411","63.91382405745063"
"13","260","0.3","10","0","pos","small-world","69","60.65420560747663","61.20857699805068","60.14362657091562"
"11","260","0.3","10","0","pos","small-world","145","65.98130841121495","63.93762183235867","67.86355475763017"
"12","260","0.3","10","0","pos","small-world","95","62.149532710280376","60.42884990253411","63.73429084380611"
"10","260","0.3","10","0","pos","small-world","166","63.084112149532714","61.20857699805068","64.81149012567326"
"11","260","0.3","10","0","pos","small-world","146","65.98130841121495","64.13255360623782","67.68402154398564"
"13","260","0.3","10","0","pos","small-world","70","60.65420560747663","61.20857699805068","60.14362657091562"
"12","260","0.3","10","0","pos","small-world","96","62.42990654205608","60.81871345029239","63.91382405745063"
"10","260","0.3","10","0","pos","small-world","167","63.084112149532714","61.20857699805068","64.81149012567326"
"11","260","0.3","10","0","pos","small-world","147","65.98130841121495","63.93762183235867","67.86355475763017"
"12","260","0.3","10","0","pos","small-world","97","62.523364485981304","61.01364522417154","63.91382405745063"
"13","260","0.3","10","0","pos","small-world","71","60.5607476635514","61.20857699805068","59.964093357271096"
"10","260","0.3","10","0","pos","small-world","168","62.99065420560748","61.01364522417154","64.81149012567326"
"11","260","0.3","10","0","pos","small-world","148","65.7943925233645","63.547758284600384","67.86355475763017"
"12","260","0.3","10","0","pos","small-world","98","62.71028037383177","61.20857699805068","64.09335727109516"
"10","260","0.3","10","0","pos","small-world","169","62.89719626168224","61.20857699805068","64.4524236983842"
"11","260","0.3","10","0","pos","small-world","149","65.70093457943925","63.35282651072125","67.86355475763017"
"12","260","0.3","10","0","pos","small-world","99","62.71028037383177","61.20857699805068","64.09335727109516"
"10","260","0.3","10","0","pos","small-world","170","62.80373831775701","61.40350877192983","64.09335727109516"
"11","260","0.3","10","0","pos","small-world","150","65.51401869158879","63.1578947368421","67.68402154398564"
"12","260","0.3","10","0","pos","small-world","100","62.80373831775701","61.40350877192983","64.09335727109516"
"10","260","0.3","10","0","pos","small-world","171","62.99065420560748","61.79337231968811","64.09335727109516"
"11","260","0.3","10","0","pos","small-world","151","65.70093457943925","63.35282651072125","67.86355475763017"
"12","260","0.3","10","0","pos","small-world","101","62.71028037383177","61.20857699805068","64.09335727109516"
"10","260","0.3","10","0","pos","small-world","172","62.99065420560748","61.79337231968811","64.09335727109516"
"11","260","0.3","10","0","pos","small-world","152","65.60747663551402","63.1578947368421","67.86355475763017"
"12","260","0.3","10","0","pos","small-world","102","62.71028037383177","61.20857699805068","64.09335727109516"
"10","260","0.3","10","0","pos","small-world","173","62.89719626168224","61.79337231968811","63.91382405745063"
"12","260","0.3","10","0","pos","small-world","103","62.616822429906534","61.20857699805068","63.91382405745063"
"13","260","0.3","10","0","pos","small-world","72","60.65420560747663","61.40350877192983","59.964093357271096"
"10","260","0.3","10","0","pos","small-world","174","62.89719626168224","61.79337231968811","63.91382405745063"
"12","260","0.3","10","0","pos","small-world","104","62.80373831775701","61.20857699805068","64.27289048473968"
"10","260","0.3","10","0","pos","small-world","175","62.99065420560748","61.98830409356725","63.91382405745063"
"13","260","0.3","10","0","pos","small-world","73","60.747663551401864","61.40350877192983","60.14362657091562"
"12","260","0.3","10","0","pos","small-world","105","62.80373831775701","61.01364522417154","64.4524236983842"
"10","260","0.3","10","0","pos","small-world","176","63.177570093457945","62.1832358674464","64.09335727109516"
"13","260","0.3","10","0","pos","small-world","74","61.02803738317757","61.59844054580896","60.502692998204665"
"10","260","0.3","10","0","pos","small-world","177","63.27102803738318","62.1832358674464","64.27289048473968"
"12","260","0.3","10","0","pos","small-world","106","62.71028037383177","60.81871345029239","64.4524236983842"
"13","260","0.3","10","0","pos","small-world","75","61.02803738317757","61.40350877192983","60.68222621184919"
"11","260","0.3","10","0","pos","small-world","153","65.60747663551402","62.96296296296296","68.04308797127469"
"10","260","0.3","10","0","pos","small-world","178","63.27102803738318","62.1832358674464","64.27289048473968"
"12","260","0.3","10","0","pos","small-world","107","62.616822429906534","60.62378167641326","64.4524236983842"
"13","260","0.3","10","0","pos","small-world","76","61.02803738317757","61.40350877192983","60.68222621184919"
"12","260","0.3","10","0","pos","small-world","108","62.616822429906534","60.62378167641326","64.4524236983842"
"10","260","0.3","10","0","pos","small-world","179","63.45794392523364","62.57309941520468","64.27289048473968"
"13","260","0.3","10","0","pos","small-world","77","60.93457943925233","61.20857699805068","60.68222621184919"
"12","260","0.3","10","0","pos","small-world","109","62.523364485981304","60.62378167641326","64.27289048473968"
"10","260","0.3","10","0","pos","small-world","180","63.45794392523364","62.57309941520468","64.27289048473968"
"13","260","0.3","10","0","pos","small-world","78","61.02803738317757","61.20857699805068","60.86175942549371"
"12","260","0.3","10","0","pos","small-world","110","62.616822429906534","60.81871345029239","64.27289048473968"
"11","260","0.3","10","0","pos","small-world","154","65.60747663551402","62.96296296296296","68.04308797127469"
"13","260","0.3","10","0","pos","small-world","79","61.40186915887851","61.59844054580896","61.22082585278277"
"12","260","0.3","10","0","pos","small-world","111","62.71028037383177","61.01364522417154","64.27289048473968"
"10","260","0.3","10","0","pos","small-world","181","63.45794392523364","62.768031189083814","64.09335727109516"
"11","260","0.3","10","0","pos","small-world","155","65.51401869158879","62.96296296296296","67.86355475763017"
"13","260","0.3","10","0","pos","small-world","80","61.49532710280374","61.59844054580896","61.40035906642729"
"12","260","0.3","10","0","pos","small-world","112","62.80373831775701","61.20857699805068","64.27289048473968"
"11","260","0.3","10","0","pos","small-world","156","65.70093457943925","63.1578947368421","68.04308797127469"
"10","260","0.3","10","0","pos","small-world","182","63.45794392523364","62.768031189083814","64.09335727109516"
"13","260","0.3","10","0","pos","small-world","81","61.49532710280374","61.59844054580896","61.40035906642729"
"12","260","0.3","10","0","pos","small-world","113","62.80373831775701","61.20857699805068","64.27289048473968"
"11","260","0.3","10","0","pos","small-world","157","65.7943925233645","63.35282651072125","68.04308797127469"
"10","260","0.3","10","0","pos","small-world","183","63.27102803738318","62.768031189083814","63.73429084380611"
"13","260","0.3","10","0","pos","small-world","82","61.40186915887851","61.59844054580896","61.22082585278277"
"10","260","0.3","10","0","pos","small-world","184","63.36448598130842","62.768031189083814","63.91382405745063"
"13","260","0.3","10","0","pos","small-world","83","61.6822429906542","61.79337231968811","61.57989228007181"
"12","260","0.3","10","0","pos","small-world","114","62.80373831775701","61.20857699805068","64.27289048473968"
"11","260","0.3","10","0","pos","small-world","158","65.7943925233645","63.1578947368421","68.2226211849192"
"10","260","0.3","10","0","pos","small-world","185","63.45794392523364","62.768031189083814","64.09335727109516"
"11","260","0.3","10","0","pos","small-world","159","65.98130841121495","63.547758284600384","68.2226211849192"
"13","260","0.3","10","0","pos","small-world","84","61.588785046728965","61.59844054580896","61.57989228007181"
"12","260","0.3","10","0","pos","small-world","115","62.80373831775701","61.01364522417154","64.4524236983842"
"10","260","0.3","10","0","pos","small-world","186","63.27102803738318","62.57309941520468","63.91382405745063"
"11","260","0.3","10","0","pos","small-world","160","66.07476635514018","63.74269005847953","68.2226211849192"
"12","260","0.3","10","0","pos","small-world","116","62.89719626168224","61.40350877192983","64.27289048473968"
"13","260","0.3","10","0","pos","small-world","85","61.49532710280374","61.59844054580896","61.40035906642729"
"10","260","0.3","10","0","pos","small-world","187","63.36448598130842","62.768031189083814","63.91382405745063"
"12","260","0.3","10","0","pos","small-world","117","62.80373831775701","61.20857699805068","64.27289048473968"
"11","260","0.3","10","0","pos","small-world","161","65.98130841121495","63.547758284600384","68.2226211849192"
"13","260","0.3","10","0","pos","small-world","86","61.588785046728965","61.59844054580896","61.57989228007181"
"10","260","0.3","10","0","pos","small-world","188","63.45794392523364","62.96296296296296","63.91382405745063"
"11","260","0.3","10","0","pos","small-world","162","65.98130841121495","63.547758284600384","68.2226211849192"
"12","260","0.3","10","0","pos","small-world","118","62.99065420560748","61.59844054580896","64.27289048473968"
"13","260","0.3","10","0","pos","small-world","87","61.49532710280374","61.59844054580896","61.40035906642729"
"11","260","0.3","10","0","pos","small-world","163","66.07476635514018","63.74269005847953","68.2226211849192"
"10","260","0.3","10","0","pos","small-world","189","63.55140186915887","62.96296296296296","64.09335727109516"
"12","260","0.3","10","0","pos","small-world","119","63.177570093457945","61.59844054580896","64.63195691202873"
"13","260","0.3","10","0","pos","small-world","88","61.49532710280374","61.79337231968811","61.22082585278277"
"11","260","0.3","10","0","pos","small-world","164","66.35514018691589","63.93762183235867","68.58168761220826"
"10","260","0.3","10","0","pos","small-world","190","63.83177570093458","63.547758284600384","64.09335727109516"
"13","260","0.3","10","0","pos","small-world","89","61.588785046728965","61.79337231968811","61.40035906642729"
"12","260","0.3","10","0","pos","small-world","120","63.27102803738318","61.59844054580896","64.81149012567326"
"10","260","0.3","10","0","pos","small-world","191","64.01869158878505","63.74269005847953","64.27289048473968"
"11","260","0.3","10","0","pos","small-world","165","66.26168224299064","63.93762183235867","68.40215439856372"
"13","260","0.3","10","0","pos","small-world","90","61.588785046728965","61.79337231968811","61.40035906642729"
"10","260","0.3","10","0","pos","small-world","192","63.925233644859816","63.74269005847953","64.09335727109516"
"11","260","0.3","10","0","pos","small-world","166","66.35514018691589","63.93762183235867","68.58168761220826"
"13","260","0.3","10","0","pos","small-world","91","61.49532710280374","61.59844054580896","61.40035906642729"
"12","260","0.3","10","0","pos","small-world","121","63.36448598130842","61.79337231968811","64.81149012567326"
"10","260","0.3","10","0","pos","small-world","193","64.11214953271028","64.13255360623782","64.09335727109516"
"11","260","0.3","10","0","pos","small-world","167","66.35514018691589","63.93762183235867","68.58168761220826"
"12","260","0.3","10","0","pos","small-world","122","63.36448598130842","61.79337231968811","64.81149012567326"
"13","260","0.3","10","0","pos","small-world","92","61.49532710280374","61.79337231968811","61.22082585278277"
"10","260","0.3","10","0","pos","small-world","194","64.01869158878505","63.93762183235867","64.09335727109516"
"11","260","0.3","10","0","pos","small-world","168","66.26168224299064","63.93762183235867","68.40215439856372"
"12","260","0.3","10","0","pos","small-world","123","63.36448598130842","61.79337231968811","64.81149012567326"
"13","260","0.3","10","0","pos","small-world","93","61.588785046728965","61.79337231968811","61.40035906642729"
"11","260","0.3","10","0","pos","small-world","169","66.16822429906543","63.93762183235867","68.2226211849192"
"10","260","0.3","10","0","pos","small-world","195","63.925233644859816","63.93762183235867","63.91382405745063"
"12","260","0.3","10","0","pos","small-world","124","63.45794392523364","61.98830409356725","64.81149012567326"
"13","260","0.3","10","0","pos","small-world","94","61.49532710280374","61.59844054580896","61.40035906642729"
"11","260","0.3","10","0","pos","small-world","170","66.44859813084112","63.93762183235867","68.76122082585279"
"12","260","0.3","10","0","pos","small-world","125","63.36448598130842","61.79337231968811","64.81149012567326"
"13","260","0.3","10","0","pos","small-world","95","61.588785046728965","61.79337231968811","61.40035906642729"
"10","260","0.3","10","0","pos","small-world","196","63.925233644859816","63.93762183235867","63.91382405745063"
"11","260","0.3","10","0","pos","small-world","171","66.44859813084112","64.13255360623782","68.58168761220826"
"11","260","0.3","10","0","pos","small-world","172","66.54205607476635","64.13255360623782","68.76122082585279"
"12","260","0.3","10","0","pos","small-world","126","63.36448598130842","61.98830409356725","64.63195691202873"
"13","260","0.3","10","0","pos","small-world","96","61.588785046728965","61.79337231968811","61.40035906642729"
"11","260","0.3","10","0","pos","small-world","173","66.54205607476635","64.13255360623782","68.76122082585279"
"12","260","0.3","10","0","pos","small-world","127","63.45794392523364","62.1832358674464","64.63195691202873"
"13","260","0.3","10","0","pos","small-world","97","61.40186915887851","61.59844054580896","61.22082585278277"
"11","260","0.3","10","0","pos","small-world","174","66.54205607476635","64.13255360623782","68.76122082585279"
"13","260","0.3","10","0","pos","small-world","98","61.588785046728965","61.79337231968811","61.40035906642729"
"11","260","0.3","10","0","pos","small-world","175","66.44859813084112","64.13255360623782","68.58168761220826"
"12","260","0.3","10","0","pos","small-world","128","63.36448598130842","62.1832358674464","64.4524236983842"
"12","260","0.3","10","0","pos","small-world","129","63.27102803738318","62.1832358674464","64.27289048473968"
"13","260","0.3","10","0","pos","small-world","99","61.588785046728965","61.79337231968811","61.40035906642729"
"11","260","0.3","10","0","pos","small-world","176","66.35514018691589","63.93762183235867","68.58168761220826"
"12","260","0.3","10","0","pos","small-world","130","63.27102803738318","62.1832358674464","64.27289048473968"
"10","260","0.3","10","0","pos","small-world","197","63.83177570093458","63.74269005847953","63.91382405745063"
"13","260","0.3","10","0","pos","small-world","100","61.6822429906542","61.98830409356725","61.40035906642729"
"11","260","0.3","10","0","pos","small-world","177","66.44859813084112","64.13255360623782","68.58168761220826"
"12","260","0.3","10","0","pos","small-world","131","63.177570093457945","61.98830409356725","64.27289048473968"
"11","260","0.3","10","0","pos","small-world","178","66.54205607476635","64.32748538011695","68.58168761220826"
"13","260","0.3","10","0","pos","small-world","101","61.49532710280374","61.59844054580896","61.40035906642729"
"12","260","0.3","10","0","pos","small-world","132","63.27102803738318","61.98830409356725","64.4524236983842"
"13","260","0.3","10","0","pos","small-world","102","61.6822429906542","61.79337231968811","61.57989228007181"
"11","260","0.3","10","0","pos","small-world","179","66.6355140186916","64.32748538011695","68.76122082585279"
"11","260","0.3","10","0","pos","small-world","180","66.44859813084112","64.13255360623782","68.58168761220826"
"12","260","0.3","10","0","pos","small-world","133","63.084112149532714","61.59844054580896","64.4524236983842"
"10","260","0.3","10","0","pos","small-world","198","63.83177570093458","63.74269005847953","63.91382405745063"
"11","260","0.3","10","0","pos","small-world","181","66.54205607476635","63.93762183235867","68.9407540394973"
"12","260","0.3","10","0","pos","small-world","134","63.084112149532714","61.79337231968811","64.27289048473968"
"10","260","0.3","10","0","pos","small-world","199","63.83177570093458","63.547758284600384","64.09335727109516"
"13","260","0.3","10","0","pos","small-world","103","61.77570093457943","61.98830409356725","61.57989228007181"
"11","260","0.3","10","0","pos","small-world","182","66.72897196261682","64.32748538011695","68.9407540394973"
"12","260","0.3","10","0","pos","small-world","135","63.27102803738318","62.1832358674464","64.27289048473968"
"10","260","0.3","10","0","pos","small-world","200","63.73831775700934","63.35282651072125","64.09335727109516"
"12","260","0.3","10","0","pos","small-world","136","63.55140186915887","62.37816764132553","64.63195691202873"
"10","260","0.3","10","0","pos","small-world","201","63.45794392523364","62.96296296296296","63.91382405745063"
"11","260","0.3","10","0","pos","small-world","183","66.82242990654206","64.32748538011695","69.12028725314184"
"13","260","0.3","10","0","pos","small-world","104","61.77570093457943","61.98830409356725","61.57989228007181"
"10","260","0.3","10","0","pos","small-world","202","63.55140186915887","62.96296296296296","64.09335727109516"
"12","260","0.3","10","0","pos","small-world","137","63.55140186915887","62.37816764132553","64.63195691202873"
"10","260","0.3","10","0","pos","small-world","203","63.64485981308411","62.96296296296296","64.27289048473968"
"13","260","0.3","10","0","pos","small-world","105","61.6822429906542","61.98830409356725","61.40035906642729"
"12","260","0.3","10","0","pos","small-world","138","63.55140186915887","62.37816764132553","64.63195691202873"
"13","260","0.3","10","0","pos","small-world","106","61.77570093457943","62.1832358674464","61.40035906642729"
"12","260","0.3","10","0","pos","small-world","139","63.55140186915887","62.37816764132553","64.63195691202873"
"10","260","0.3","10","0","pos","small-world","204","63.55140186915887","62.768031189083814","64.27289048473968"
"12","260","0.3","10","0","pos","small-world","140","63.73831775700934","62.37816764132553","64.99102333931778"
"13","260","0.3","10","0","pos","small-world","107","61.77570093457943","62.1832358674464","61.40035906642729"
"10","260","0.3","10","0","pos","small-world","205","63.55140186915887","62.768031189083814","64.27289048473968"
"10","260","0.3","10","0","pos","small-world","206","63.55140186915887","62.96296296296296","64.09335727109516"
"12","260","0.3","10","0","pos","small-world","141","63.64485981308411","62.1832358674464","64.99102333931778"
"13","260","0.3","10","0","pos","small-world","108","61.96261682242991","62.57309941520468","61.40035906642729"
"10","260","0.3","10","0","pos","small-world","207","63.64485981308411","62.96296296296296","64.27289048473968"
"13","260","0.3","10","0","pos","small-world","109","62.05607476635514","62.57309941520468","61.57989228007181"
"12","260","0.3","10","0","pos","small-world","142","63.83177570093458","62.57309941520468","64.99102333931778"
"11","260","0.3","10","0","pos","small-world","184","67.00934579439253","64.5224171539961","69.29982046678636"
"10","260","0.3","10","0","pos","small-world","208","63.925233644859816","63.1578947368421","64.63195691202873"
"12","260","0.3","10","0","pos","small-world","143","63.925233644859816","62.768031189083814","64.99102333931778"
"13","260","0.3","10","0","pos","small-world","110","61.96261682242991","62.37816764132553","61.57989228007181"
"11","260","0.3","10","0","pos","small-world","185","67.00934579439253","64.5224171539961","69.29982046678636"
"12","260","0.3","10","0","pos","small-world","144","63.83177570093458","62.57309941520468","64.99102333931778"
"10","260","0.3","10","0","pos","small-world","209","63.925233644859816","62.96296296296296","64.81149012567326"
"11","260","0.3","10","0","pos","small-world","186","67.00934579439253","64.5224171539961","69.29982046678636"
"12","260","0.3","10","0","pos","small-world","145","63.925233644859816","62.57309941520468","65.1705565529623"
"13","260","0.3","10","0","pos","small-world","111","62.05607476635514","62.57309941520468","61.57989228007181"
"10","260","0.3","10","0","pos","small-world","210","63.83177570093458","62.96296296296296","64.63195691202873"
"11","260","0.3","10","0","pos","small-world","187","67.00934579439253","64.5224171539961","69.29982046678636"
"11","260","0.3","10","0","pos","small-world","188","66.82242990654206","64.32748538011695","69.12028725314184"
"13","260","0.3","10","0","pos","small-world","112","61.86915887850467","62.37816764132553","61.40035906642729"
"10","260","0.3","10","0","pos","small-world","211","63.83177570093458","63.35282651072125","64.27289048473968"
"12","260","0.3","10","0","pos","small-world","146","63.83177570093458","62.57309941520468","64.99102333931778"
"12","260","0.3","10","0","pos","small-world","147","63.83177570093458","62.57309941520468","64.99102333931778"
"13","260","0.3","10","0","pos","small-world","113","62.05607476635514","62.57309941520468","61.57989228007181"
"10","260","0.3","10","0","pos","small-world","212","64.01869158878505","63.35282651072125","64.63195691202873"
"11","260","0.3","10","0","pos","small-world","189","66.72897196261682","64.13255360623782","69.12028725314184"
"12","260","0.3","10","0","pos","small-world","148","63.83177570093458","62.37816764132553","65.1705565529623"
"10","260","0.3","10","0","pos","small-world","213","64.01869158878505","63.35282651072125","64.63195691202873"
"11","260","0.3","10","0","pos","small-world","190","66.9158878504673","64.32748538011695","69.29982046678636"
"13","260","0.3","10","0","pos","small-world","114","62.05607476635514","62.57309941520468","61.57989228007181"
"12","260","0.3","10","0","pos","small-world","149","64.01869158878505","62.57309941520468","65.35008976660683"
"10","260","0.3","10","0","pos","small-world","214","64.11214953271028","63.547758284600384","64.63195691202873"
"13","260","0.3","10","0","pos","small-world","115","62.149532710280376","62.57309941520468","61.759425493716336"
"11","260","0.3","10","0","pos","small-world","191","66.9158878504673","64.32748538011695","69.29982046678636"
"10","260","0.3","10","0","pos","small-world","215","64.20560747663552","63.547758284600384","64.81149012567326"
"12","260","0.3","10","0","pos","small-world","150","64.01869158878505","62.1832358674464","65.70915619389586"
"13","260","0.3","10","0","pos","small-world","116","61.86915887850467","62.37816764132553","61.40035906642729"
"11","260","0.3","10","0","pos","small-world","192","66.9158878504673","64.32748538011695","69.29982046678636"
"10","260","0.3","10","0","pos","small-world","216","64.11214953271028","63.547758284600384","64.63195691202873"
"12","260","0.3","10","0","pos","small-world","151","64.01869158878505","62.1832358674464","65.70915619389586"
"10","260","0.3","10","0","pos","small-world","217","64.11214953271028","63.547758284600384","64.63195691202873"
"11","260","0.3","10","0","pos","small-world","193","66.9158878504673","64.32748538011695","69.29982046678636"
"13","260","0.3","10","0","pos","small-world","117","61.86915887850467","62.37816764132553","61.40035906642729"
"12","260","0.3","10","0","pos","small-world","152","64.20560747663552","62.57309941520468","65.70915619389586"
"10","260","0.3","10","0","pos","small-world","218","64.20560747663552","63.74269005847953","64.63195691202873"
"11","260","0.3","10","0","pos","small-world","194","67.10280373831776","64.32748538011695","69.6588868940754"
"12","260","0.3","10","0","pos","small-world","153","64.39252336448598","62.768031189083814","65.8886894075404"
"11","260","0.3","10","0","pos","small-world","195","67.00934579439253","64.13255360623782","69.6588868940754"
"10","260","0.3","10","0","pos","small-world","219","64.29906542056075","63.74269005847953","64.81149012567326"
"12","260","0.3","10","0","pos","small-world","154","64.57943925233644","62.96296296296296","66.06822262118493"
"13","260","0.3","10","0","pos","small-world","118","61.86915887850467","62.37816764132553","61.40035906642729"
"10","260","0.3","10","0","pos","small-world","220","64.29906542056075","63.74269005847953","64.81149012567326"
"11","260","0.3","10","0","pos","small-world","196","67.28971962616822","64.5224171539961","69.83842010771993"
"12","260","0.3","10","0","pos","small-world","155","64.48598130841121","62.768031189083814","66.06822262118493"
"10","260","0.3","10","0","pos","small-world","221","64.48598130841121","63.74269005847953","65.1705565529623"
"11","260","0.3","10","0","pos","small-world","197","67.4766355140187","64.71734892787524","70.01795332136446"
"12","260","0.3","10","0","pos","small-world","156","64.48598130841121","62.768031189083814","66.06822262118493"
"13","260","0.3","10","0","pos","small-world","119","61.96261682242991","62.37816764132553","61.57989228007181"
"10","260","0.3","10","0","pos","small-world","222","64.57943925233644","63.93762183235867","65.1705565529623"
"11","260","0.3","10","0","pos","small-world","198","67.4766355140187","64.71734892787524","70.01795332136446"
"12","260","0.3","10","0","pos","small-world","157","64.48598130841121","62.768031189083814","66.06822262118493"
"10","260","0.3","10","0","pos","small-world","223","64.57943925233644","63.93762183235867","65.1705565529623"
"13","260","0.3","10","0","pos","small-world","120","61.86915887850467","62.37816764132553","61.40035906642729"
"10","260","0.3","10","0","pos","small-world","224","64.57943925233644","63.93762183235867","65.1705565529623"
"11","260","0.3","10","0","pos","small-world","199","67.57009345794393","64.71734892787524","70.19748653500898"
"12","260","0.3","10","0","pos","small-world","158","64.57943925233644","62.768031189083814","66.24775583482945"
"10","260","0.3","10","0","pos","small-world","225","64.76635514018692","64.13255360623782","65.35008976660683"
"13","260","0.3","10","0","pos","small-world","121","62.149532710280376","62.37816764132553","61.93895870736086"
"10","260","0.3","10","0","pos","small-world","226","64.67289719626169","64.13255360623782","65.1705565529623"
"11","260","0.3","10","0","pos","small-world","200","67.57009345794393","64.71734892787524","70.19748653500898"
"12","260","0.3","10","0","pos","small-world","159","64.76635514018692","63.1578947368421","66.24775583482945"
"10","260","0.3","10","0","pos","small-world","227","64.57943925233644","64.13255360623782","64.99102333931778"
"11","260","0.3","10","0","pos","small-world","201","67.4766355140187","64.71734892787524","70.01795332136446"
"12","260","0.3","10","0","pos","small-world","160","64.95327102803739","63.1578947368421","66.6068222621185"
"13","260","0.3","10","0","pos","small-world","122","62.05607476635514","62.37816764132553","61.759425493716336"
"10","260","0.3","10","0","pos","small-world","228","64.57943925233644","64.13255360623782","64.99102333931778"
"11","260","0.3","10","0","pos","small-world","202","67.4766355140187","64.71734892787524","70.01795332136446"
"12","260","0.3","10","0","pos","small-world","161","64.95327102803739","63.1578947368421","66.6068222621185"
"13","260","0.3","10","0","pos","small-world","123","61.96261682242991","62.37816764132553","61.57989228007181"
"10","260","0.3","10","0","pos","small-world","229","64.48598130841121","63.93762183235867","64.99102333931778"
"11","260","0.3","10","0","pos","small-world","203","67.66355140186916","64.71734892787524","70.3770197486535"
"10","260","0.3","10","0","pos","small-world","230","64.39252336448598","63.93762183235867","64.81149012567326"
"12","260","0.3","10","0","pos","small-world","162","65.04672897196262","63.35282651072125","66.6068222621185"
"11","260","0.3","10","0","pos","small-world","204","67.7570093457944","64.71734892787524","70.55655296229803"
"13","260","0.3","10","0","pos","small-world","124","62.149532710280376","62.37816764132553","61.93895870736086"
"12","260","0.3","10","0","pos","small-world","163","64.95327102803739","63.1578947368421","66.6068222621185"
"10","260","0.3","10","0","pos","small-world","231","64.39252336448598","63.74269005847953","64.99102333931778"
"11","260","0.3","10","0","pos","small-world","205","67.7570093457944","64.5224171539961","70.73608617594255"
"12","260","0.3","10","0","pos","small-world","164","64.95327102803739","62.96296296296296","66.78635547576302"
"10","260","0.3","10","0","pos","small-world","232","64.57943925233644","63.93762183235867","65.1705565529623"
"11","260","0.3","10","0","pos","small-world","206","67.7570093457944","64.5224171539961","70.73608617594255"
"13","260","0.3","10","0","pos","small-world","125","62.33644859813084","62.57309941520468","62.11849192100538"
"12","260","0.3","10","0","pos","small-world","165","65.04672897196262","63.1578947368421","66.78635547576302"
"10","260","0.3","10","0","pos","small-world","233","64.48598130841121","63.93762183235867","64.99102333931778"
"11","260","0.3","10","0","pos","small-world","207","67.94392523364486","64.71734892787524","70.91561938958706"
"10","260","0.3","10","0","pos","small-world","234","64.20560747663552","63.547758284600384","64.81149012567326"
"13","260","0.3","10","0","pos","small-world","126","62.42990654205608","62.57309941520468","62.29802513464991"
"12","260","0.3","10","0","pos","small-world","166","65.04672897196262","63.1578947368421","66.78635547576302"
"11","260","0.3","10","0","pos","small-world","208","68.22429906542055","65.10721247563353","71.0951526032316"
"10","260","0.3","10","0","pos","small-world","235","64.29906542056075","63.547758284600384","64.99102333931778"
"12","260","0.3","10","0","pos","small-world","167","64.95327102803739","63.1578947368421","66.6068222621185"
"11","260","0.3","10","0","pos","small-world","209","68.41121495327103","65.49707602339181","71.0951526032316"
"13","260","0.3","10","0","pos","small-world","127","62.523364485981304","62.768031189083814","62.29802513464991"
"11","260","0.3","10","0","pos","small-world","210","68.69158878504673","65.69200779727096","71.45421903052065"
"12","260","0.3","10","0","pos","small-world","168","64.76635514018692","62.96296296296296","66.42728904847397"
"10","260","0.3","10","0","pos","small-world","236","64.29906542056075","63.547758284600384","64.99102333931778"
"11","260","0.3","10","0","pos","small-world","211","68.5981308411215","65.69200779727096","71.27468581687613"
"12","260","0.3","10","0","pos","small-world","169","64.95327102803739","63.35282651072125","66.42728904847397"
"10","260","0.3","10","0","pos","small-world","237","64.29906542056075","63.547758284600384","64.99102333931778"
"11","260","0.3","10","0","pos","small-world","212","68.69158878504673","65.69200779727096","71.45421903052065"
"13","260","0.3","10","0","pos","small-world","128","62.80373831775701","62.96296296296296","62.65709156193896"
"12","260","0.3","10","0","pos","small-world","170","64.95327102803739","63.1578947368421","66.6068222621185"
"11","260","0.3","10","0","pos","small-world","213","68.69158878504673","65.69200779727096","71.45421903052065"
"10","260","0.3","10","0","pos","small-world","238","64.29906542056075","63.547758284600384","64.99102333931778"
"12","260","0.3","10","0","pos","small-world","171","64.85981308411215","63.1578947368421","66.42728904847397"
"13","260","0.3","10","0","pos","small-world","129","62.89719626168224","62.96296296296296","62.83662477558348"
"11","260","0.3","10","0","pos","small-world","214","68.87850467289721","65.8869395711501","71.63375224416517"
"12","260","0.3","10","0","pos","small-world","172","64.85981308411215","63.1578947368421","66.42728904847397"
"10","260","0.3","10","0","pos","small-world","239","64.39252336448598","63.74269005847953","64.99102333931778"
"11","260","0.3","10","0","pos","small-world","215","68.78504672897196","65.8869395711501","71.45421903052065"
"13","260","0.3","10","0","pos","small-world","130","62.616822429906534","62.768031189083814","62.47755834829444"
"10","260","0.3","10","0","pos","small-world","240","64.39252336448598","63.74269005847953","64.99102333931778"
"11","260","0.3","10","0","pos","small-world","216","68.5981308411215","65.69200779727096","71.27468581687613"
"12","260","0.3","10","0","pos","small-world","173","64.95327102803739","63.35282651072125","66.42728904847397"
"10","260","0.3","10","0","pos","small-world","241","64.48598130841121","63.74269005847953","65.1705565529623"
"11","260","0.3","10","0","pos","small-world","217","68.5981308411215","65.69200779727096","71.27468581687613"
"13","260","0.3","10","0","pos","small-world","131","62.616822429906534","62.57309941520468","62.65709156193896"
"10","260","0.3","10","0","pos","small-world","242","64.57943925233644","63.547758284600384","65.52962298025135"
"12","260","0.3","10","0","pos","small-world","174","64.95327102803739","63.35282651072125","66.42728904847397"
"11","260","0.3","10","0","pos","small-world","218","68.5981308411215","65.69200779727096","71.27468581687613"
"10","260","0.3","10","0","pos","small-world","243","64.57943925233644","63.74269005847953","65.35008976660683"
"13","260","0.3","10","0","pos","small-world","132","62.89719626168224","62.768031189083814","63.016157989228006"
"10","260","0.3","10","0","pos","small-world","244","64.48598130841121","63.74269005847953","65.1705565529623"
"11","260","0.3","10","0","pos","small-world","219","68.50467289719626","65.69200779727096","71.0951526032316"
"12","260","0.3","10","0","pos","small-world","175","64.76635514018692","63.1578947368421","66.24775583482945"
"13","260","0.3","10","0","pos","small-world","133","62.80373831775701","62.57309941520468","63.016157989228006"
"10","260","0.3","10","0","pos","small-world","245","64.39252336448598","63.74269005847953","64.99102333931778"
"11","260","0.3","10","0","pos","small-world","220","68.41121495327103","65.49707602339181","71.0951526032316"
"12","260","0.3","10","0","pos","small-world","176","64.67289719626169","63.1578947368421","66.06822262118493"
"10","260","0.3","10","0","pos","small-world","246","64.39252336448598","63.74269005847953","64.99102333931778"
"11","260","0.3","10","0","pos","small-world","221","68.50467289719626","65.49707602339181","71.27468581687613"
"13","260","0.3","10","0","pos","small-world","134","62.99065420560748","62.768031189083814","63.19569120287253"
"10","260","0.3","10","0","pos","small-world","247","64.57943925233644","63.74269005847953","65.35008976660683"
"11","260","0.3","10","0","pos","small-world","222","68.5981308411215","65.49707602339181","71.45421903052065"
"12","260","0.3","10","0","pos","small-world","177","64.85981308411215","63.547758284600384","66.06822262118493"
"10","260","0.3","10","0","pos","small-world","248","64.57943925233644","63.74269005847953","65.35008976660683"
"13","260","0.3","10","0","pos","small-world","135","63.177570093457945","62.768031189083814","63.55475763016158"
"10","260","0.3","10","0","pos","small-world","249","64.39252336448598","63.74269005847953","64.99102333931778"
"11","260","0.3","10","0","pos","small-world","223","68.69158878504673","65.49707602339181","71.63375224416517"
"12","260","0.3","10","0","pos","small-world","178","65.04672897196262","63.547758284600384","66.42728904847397"
"13","260","0.3","10","0","pos","small-world","136","63.177570093457945","62.57309941520468","63.73429084380611"
"11","260","0.3","10","0","pos","small-world","224","68.69158878504673","65.69200779727096","71.45421903052065"
"10","260","0.3","10","0","pos","small-world","250","64.48598130841121","63.547758284600384","65.35008976660683"
"12","260","0.3","10","0","pos","small-world","179","64.95327102803739","63.547758284600384","66.24775583482945"
"11","260","0.3","10","0","pos","small-world","225","68.78504672897196","65.69200779727096","71.63375224416517"
"13","260","0.3","10","0","pos","small-world","137","63.177570093457945","62.57309941520468","63.73429084380611"
"10","260","0.3","10","0","pos","small-world","251","64.39252336448598","63.547758284600384","65.1705565529623"
"12","260","0.3","10","0","pos","small-world","180","64.95327102803739","63.547758284600384","66.24775583482945"
"11","260","0.3","10","0","pos","small-world","226","68.97196261682244","66.08187134502924","71.63375224416517"
"10","260","0.3","10","0","pos","small-world","252","64.57943925233644","63.93762183235867","65.1705565529623"
"13","260","0.3","10","0","pos","small-world","138","63.177570093457945","62.768031189083814","63.55475763016158"
"11","260","0.3","10","0","pos","small-world","227","68.97196261682244","66.08187134502924","71.63375224416517"
"12","260","0.3","10","0","pos","small-world","181","64.95327102803739","63.547758284600384","66.24775583482945"
"10","260","0.3","10","0","pos","small-world","253","64.85981308411215","64.32748538011695","65.35008976660683"
"11","260","0.3","10","0","pos","small-world","228","69.1588785046729","66.08187134502924","71.99281867145422"
"13","260","0.3","10","0","pos","small-world","139","63.27102803738318","62.96296296296296","63.55475763016158"
"12","260","0.3","10","0","pos","small-world","182","65.04672897196262","63.547758284600384","66.42728904847397"
"11","260","0.3","10","0","pos","small-world","229","68.97196261682244","65.8869395711501","71.8132854578097"
"10","260","0.3","10","0","pos","small-world","254","64.85981308411215","64.32748538011695","65.35008976660683"
"13","260","0.3","10","0","pos","small-world","140","63.36448598130842","63.1578947368421","63.55475763016158"
"11","260","0.3","10","0","pos","small-world","230","69.1588785046729","66.08187134502924","71.99281867145422"
"10","260","0.3","10","0","pos","small-world","255","64.85981308411215","64.32748538011695","65.35008976660683"
"13","260","0.3","10","0","pos","small-world","141","63.36448598130842","63.1578947368421","63.55475763016158"
"12","260","0.3","10","0","pos","small-world","183","65.14018691588785","63.74269005847953","66.42728904847397"
"11","260","0.3","10","0","pos","small-world","231","69.1588785046729","66.08187134502924","71.99281867145422"
"10","260","0.3","10","0","pos","small-world","256","64.95327102803739","64.32748538011695","65.52962298025135"
"13","260","0.3","10","0","pos","small-world","142","63.36448598130842","62.96296296296296","63.73429084380611"
"11","260","0.3","10","0","pos","small-world","232","69.25233644859813","66.08187134502924","72.17235188509873"
"10","260","0.3","10","0","pos","small-world","257","65.04672897196262","64.5224171539961","65.52962298025135"
"12","260","0.3","10","0","pos","small-world","184","65.14018691588785","63.74269005847953","66.42728904847397"
"11","260","0.3","10","0","pos","small-world","233","69.25233644859813","66.27680311890838","71.99281867145422"
"10","260","0.3","10","0","pos","small-world","258","65.04672897196262","64.5224171539961","65.52962298025135"
"12","260","0.3","10","0","pos","small-world","185","65.14018691588785","63.74269005847953","66.42728904847397"
"13","260","0.3","10","0","pos","small-world","143","63.45794392523364","62.96296296296296","63.91382405745063"
"11","260","0.3","10","0","pos","small-world","234","69.34579439252336","66.47173489278752","71.99281867145422"
"10","260","0.3","10","0","pos","small-world","259","65.04672897196262","64.5224171539961","65.52962298025135"
"12","260","0.3","10","0","pos","small-world","186","65.14018691588785","63.74269005847953","66.42728904847397"
"11","260","0.3","10","0","pos","small-world","235","69.34579439252336","66.47173489278752","71.99281867145422"
"13","260","0.3","10","0","pos","small-world","144","63.45794392523364","62.96296296296296","63.91382405745063"
"16","260","0.3","10","0","pos","small-world","0","60.5607476635514","59.06432748538012","61.93895870736086"
"12","260","0.3","10","0","pos","small-world","187","65.04672897196262","63.74269005847953","66.24775583482945"
"11","260","0.3","10","0","pos","small-world","236","69.4392523364486","66.47173489278752","72.17235188509873"
"13","260","0.3","10","0","pos","small-world","145","63.55140186915887","62.96296296296296","64.09335727109516"
"12","260","0.3","10","0","pos","small-world","188","64.95327102803739","63.74269005847953","66.06822262118493"
"16","260","0.3","10","0","pos","small-world","1","60.65420560747663","59.25925925925925","61.93895870736086"
"11","260","0.3","10","0","pos","small-world","237","69.34579439252336","66.27680311890838","72.17235188509873"
"13","260","0.3","10","0","pos","small-world","146","63.73831775700934","63.35282651072125","64.09335727109516"
"12","260","0.3","10","0","pos","small-world","189","64.85981308411215","63.74269005847953","65.8886894075404"
"11","260","0.3","10","0","pos","small-world","238","69.34579439252336","66.27680311890838","72.17235188509873"
"13","260","0.3","10","0","pos","small-world","147","63.45794392523364","62.96296296296296","63.91382405745063"
"16","260","0.3","10","0","pos","small-world","2","60.65420560747663","59.25925925925925","61.93895870736086"
"11","260","0.3","10","0","pos","small-world","239","69.25233644859813","66.27680311890838","71.99281867145422"
"12","260","0.3","10","0","pos","small-world","190","64.76635514018692","63.547758284600384","65.8886894075404"
"11","260","0.3","10","0","pos","small-world","240","69.25233644859813","66.27680311890838","71.99281867145422"
"12","260","0.3","10","0","pos","small-world","191","64.85981308411215","63.547758284600384","66.06822262118493"
"13","260","0.3","10","0","pos","small-world","148","63.36448598130842","62.768031189083814","63.91382405745063"
"11","260","0.3","10","0","pos","small-world","241","69.25233644859813","66.08187134502924","72.17235188509873"
"12","260","0.3","10","0","pos","small-world","192","64.76635514018692","63.547758284600384","65.8886894075404"
"13","260","0.3","10","0","pos","small-world","149","63.45794392523364","63.1578947368421","63.73429084380611"
"11","260","0.3","10","0","pos","small-world","242","69.25233644859813","66.08187134502924","72.17235188509873"
"12","260","0.3","10","0","pos","small-world","193","64.76635514018692","63.547758284600384","65.8886894075404"
"13","260","0.3","10","0","pos","small-world","150","63.55140186915887","63.1578947368421","63.91382405745063"
"11","260","0.3","10","0","pos","small-world","243","69.25233644859813","66.08187134502924","72.17235188509873"
"11","260","0.3","10","0","pos","small-world","244","69.34579439252336","66.47173489278752","71.99281867145422"
"12","260","0.3","10","0","pos","small-world","194","64.76635514018692","63.35282651072125","66.06822262118493"
"13","260","0.3","10","0","pos","small-world","151","63.925233644859816","63.1578947368421","64.63195691202873"
"16","260","0.3","10","0","pos","small-world","3","60.46728971962617","59.06432748538012","61.759425493716336"
"11","260","0.3","10","0","pos","small-world","245","69.25233644859813","66.27680311890838","71.99281867145422"
"13","260","0.3","10","0","pos","small-world","152","63.73831775700934","62.768031189083814","64.63195691202873"
"11","260","0.3","10","0","pos","small-world","246","69.25233644859813","66.27680311890838","71.99281867145422"
"12","260","0.3","10","0","pos","small-world","195","64.95327102803739","63.547758284600384","66.24775583482945"
"13","260","0.3","10","0","pos","small-world","153","63.925233644859816","63.1578947368421","64.63195691202873"
"11","260","0.3","10","0","pos","small-world","247","69.25233644859813","66.27680311890838","71.99281867145422"
"16","260","0.3","10","0","pos","small-world","4","60.373831775700936","59.06432748538012","61.57989228007181"
"11","260","0.3","10","0","pos","small-world","248","69.34579439252336","66.47173489278752","71.99281867145422"
"12","260","0.3","10","0","pos","small-world","196","64.95327102803739","63.74269005847953","66.06822262118493"
"13","260","0.3","10","0","pos","small-world","154","64.11214953271028","63.1578947368421","64.99102333931778"
"16","260","0.3","10","0","pos","small-world","5","60.373831775700936","58.67446393762184","61.93895870736086"
"11","260","0.3","10","0","pos","small-world","249","69.4392523364486","66.47173489278752","72.17235188509873"
"12","260","0.3","10","0","pos","small-world","197","65.04672897196262","63.93762183235867","66.06822262118493"
"11","260","0.3","10","0","pos","small-world","250","69.34579439252336","66.27680311890838","72.17235188509873"
"12","260","0.3","10","0","pos","small-world","198","65.04672897196262","63.93762183235867","66.06822262118493"
"16","260","0.3","10","0","pos","small-world","6","60.747663551401864","59.06432748538012","62.29802513464991"
"12","260","0.3","10","0","pos","small-world","199","65.04672897196262","63.93762183235867","66.06822262118493"
"13","260","0.3","10","0","pos","small-world","155","64.01869158878505","62.96296296296296","64.99102333931778"
"11","260","0.3","10","0","pos","small-world","251","69.53271028037383","66.47173489278752","72.35188509874327"
"12","260","0.3","10","0","pos","small-world","200","65.04672897196262","63.93762183235867","66.06822262118493"
"16","260","0.3","10","0","pos","small-world","7","61.12149532710281","59.4541910331384","62.65709156193896"
"11","260","0.3","10","0","pos","small-world","252","69.53271028037383","66.66666666666666","72.17235188509873"
"12","260","0.3","10","0","pos","small-world","201","65.04672897196262","63.93762183235867","66.06822262118493"
"13","260","0.3","10","0","pos","small-world","156","64.11214953271028","63.1578947368421","64.99102333931778"
"11","260","0.3","10","0","pos","small-world","253","69.62616822429906","66.8615984405458","72.17235188509873"
"12","260","0.3","10","0","pos","small-world","202","65.23364485981308","64.13255360623782","66.24775583482945"
"11","260","0.3","10","0","pos","small-world","254","69.62616822429906","66.8615984405458","72.17235188509873"
"12","260","0.3","10","0","pos","small-world","203","65.23364485981308","64.13255360623782","66.24775583482945"
"13","260","0.3","10","0","pos","small-world","157","63.83177570093458","63.1578947368421","64.4524236983842"
"12","260","0.3","10","0","pos","small-world","204","65.23364485981308","63.93762183235867","66.42728904847397"
"11","260","0.3","10","0","pos","small-world","255","69.81308411214954","67.05653021442495","72.35188509874327"
"13","260","0.3","10","0","pos","small-world","158","63.73831775700934","63.1578947368421","64.27289048473968"
"11","260","0.3","10","0","pos","small-world","256","70","67.05653021442495","72.71095152603232"
"12","260","0.3","10","0","pos","small-world","205","65.14018691588785","63.93762183235867","66.24775583482945"
"16","260","0.3","10","0","pos","small-world","8","60.93457943925233","59.06432748538012","62.65709156193896"
"11","260","0.3","10","0","pos","small-world","257","70.09345794392523","67.05653021442495","72.89048473967684"
"12","260","0.3","10","0","pos","small-world","206","65.14018691588785","63.93762183235867","66.24775583482945"
"16","260","0.3","10","0","pos","small-world","9","61.02803738317757","59.25925925925925","62.65709156193896"
"13","260","0.3","10","0","pos","small-world","159","63.83177570093458","63.35282651072125","64.27289048473968"
"12","260","0.3","10","0","pos","small-world","207","65.23364485981308","63.93762183235867","66.42728904847397"
"11","260","0.3","10","0","pos","small-world","258","69.90654205607477","66.8615984405458","72.71095152603232"
"13","260","0.3","10","0","pos","small-world","160","63.64485981308411","63.1578947368421","64.09335727109516"
"12","260","0.3","10","0","pos","small-world","208","65.32710280373831","63.93762183235867","66.6068222621185"
"11","260","0.3","10","0","pos","small-world","259","70","66.66666666666666","73.07001795332137"
"16","260","0.3","10","0","pos","small-world","10","61.12149532710281","59.06432748538012","63.016157989228006"
"12","260","0.3","10","0","pos","small-world","209","65.32710280373831","63.93762183235867","66.6068222621185"
"13","260","0.3","10","0","pos","small-world","161","63.55140186915887","63.1578947368421","63.91382405745063"
"16","260","0.3","10","0","pos","small-world","11","61.12149532710281","59.06432748538012","63.016157989228006"
"12","260","0.3","10","0","pos","small-world","210","65.42056074766354","64.13255360623782","66.6068222621185"
"13","260","0.3","10","0","pos","small-world","162","63.83177570093458","63.74269005847953","63.91382405745063"
"12","260","0.3","10","0","pos","small-world","211","65.23364485981308","63.93762183235867","66.42728904847397"
"16","260","0.3","10","0","pos","small-world","12","60.93457943925233","59.06432748538012","62.65709156193896"
"13","260","0.3","10","0","pos","small-world","163","63.83177570093458","63.74269005847953","63.91382405745063"
"12","260","0.3","10","0","pos","small-world","212","65.42056074766354","64.13255360623782","66.6068222621185"
"12","260","0.3","10","0","pos","small-world","213","65.42056074766354","64.13255360623782","66.6068222621185"
"13","260","0.3","10","0","pos","small-world","164","63.925233644859816","63.547758284600384","64.27289048473968"
"16","260","0.3","10","0","pos","small-world","13","60.8411214953271","59.06432748538012","62.47755834829444"
"12","260","0.3","10","0","pos","small-world","214","65.42056074766354","64.32748538011695","66.42728904847397"
"12","260","0.3","10","0","pos","small-world","215","65.51401869158879","64.32748538011695","66.6068222621185"
"13","260","0.3","10","0","pos","small-world","165","63.925233644859816","63.547758284600384","64.27289048473968"
"12","260","0.3","10","0","pos","small-world","216","65.70093457943925","64.5224171539961","66.78635547576302"
"13","260","0.3","10","0","pos","small-world","166","63.83177570093458","63.35282651072125","64.27289048473968"
"12","260","0.3","10","0","pos","small-world","217","65.60747663551402","64.32748538011695","66.78635547576302"
"12","260","0.3","10","0","pos","small-world","218","65.51401869158879","64.32748538011695","66.6068222621185"
"12","260","0.3","10","0","pos","small-world","219","65.51401869158879","64.32748538011695","66.6068222621185"
"16","260","0.3","10","0","pos","small-world","14","60.8411214953271","59.4541910331384","62.11849192100538"
"14","260","0.3","10","0","pos","small-world","0","60.5607476635514","59.06432748538012","61.93895870736086"
"12","260","0.3","10","0","pos","small-world","220","65.51401869158879","64.32748538011695","66.6068222621185"
"12","260","0.3","10","0","pos","small-world","221","65.51401869158879","64.32748538011695","66.6068222621185"
"16","260","0.3","10","0","pos","small-world","15","60.93457943925233","59.4541910331384","62.29802513464991"
"14","260","0.3","10","0","pos","small-world","1","60.65420560747663","59.06432748538012","62.11849192100538"
"12","260","0.3","10","0","pos","small-world","222","65.70093457943925","64.32748538011695","66.96588868940754"
"16","260","0.3","10","0","pos","small-world","16","60.93457943925233","59.25925925925925","62.47755834829444"
"12","260","0.3","10","0","pos","small-world","223","65.7943925233645","64.32748538011695","67.14542190305207"
"14","260","0.3","10","0","pos","small-world","2","60.8411214953271","59.06432748538012","62.47755834829444"
"12","260","0.3","10","0","pos","small-world","224","65.7943925233645","64.32748538011695","67.14542190305207"
"16","260","0.3","10","0","pos","small-world","17","60.93457943925233","59.06432748538012","62.65709156193896"
"12","260","0.3","10","0","pos","small-world","225","65.7943925233645","64.13255360623782","67.3249551166966"
"16","260","0.3","10","0","pos","small-world","18","60.747663551401864","58.67446393762184","62.65709156193896"
"12","260","0.3","10","0","pos","small-world","226","65.88785046728972","64.32748538011695","67.3249551166966"
"12","260","0.3","10","0","pos","small-world","227","66.16822429906543","64.32748538011695","67.86355475763017"
"16","260","0.3","10","0","pos","small-world","19","60.8411214953271","58.86939571150097","62.65709156193896"
"12","260","0.3","10","0","pos","small-world","228","66.35514018691589","64.5224171539961","68.04308797127469"
"12","260","0.3","10","0","pos","small-world","229","66.26168224299064","64.32748538011695","68.04308797127469"
"14","260","0.3","10","0","pos","small-world","3","60.747663551401864","58.86939571150097","62.47755834829444"
"12","260","0.3","10","0","pos","small-world","230","66.16822429906543","64.32748538011695","67.86355475763017"
"16","260","0.3","10","0","pos","small-world","20","61.02803738317757","58.86939571150097","63.016157989228006"
"12","260","0.3","10","0","pos","small-world","231","66.16822429906543","64.32748538011695","67.86355475763017"
"16","260","0.3","10","0","pos","small-world","21","61.12149532710281","59.06432748538012","63.016157989228006"
"12","260","0.3","10","0","pos","small-world","232","66.16822429906543","64.5224171539961","67.68402154398564"
"14","260","0.3","10","0","pos","small-world","4","60.747663551401864","58.86939571150097","62.47755834829444"
"12","260","0.3","10","0","pos","small-world","233","66.26168224299064","64.5224171539961","67.86355475763017"
"14","260","0.3","10","0","pos","small-world","5","60.65420560747663","58.67446393762184","62.47755834829444"
"16","260","0.3","10","0","pos","small-world","22","61.308411214953274","59.25925925925925","63.19569120287253"
"12","260","0.3","10","0","pos","small-world","234","66.26168224299064","64.5224171539961","67.86355475763017"
"12","260","0.3","10","0","pos","small-world","235","66.16822429906543","64.5224171539961","67.68402154398564"
"14","260","0.3","10","0","pos","small-world","6","60.5607476635514","58.67446393762184","62.29802513464991"
"16","260","0.3","10","0","pos","small-world","23","61.308411214953274","59.25925925925925","63.19569120287253"
"12","260","0.3","10","0","pos","small-world","236","66.44859813084112","64.71734892787524","68.04308797127469"
"14","260","0.3","10","0","pos","small-world","7","60.46728971962617","58.67446393762184","62.11849192100538"
"16","260","0.3","10","0","pos","small-world","24","61.308411214953274","59.06432748538012","63.37522441651705"
"12","260","0.3","10","0","pos","small-world","237","66.44859813084112","64.5224171539961","68.2226211849192"
"14","260","0.3","10","0","pos","small-world","8","60.46728971962617","58.86939571150097","61.93895870736086"
"16","260","0.3","10","0","pos","small-world","25","61.02803738317757","59.06432748538012","62.83662477558348"
"12","260","0.3","10","0","pos","small-world","238","66.54205607476635","64.71734892787524","68.2226211849192"
"14","260","0.3","10","0","pos","small-world","9","60.5607476635514","59.06432748538012","61.93895870736086"
"16","260","0.3","10","0","pos","small-world","26","61.02803738317757","59.25925925925925","62.65709156193896"
"12","260","0.3","10","0","pos","small-world","239","66.6355140186916","64.71734892787524","68.40215439856372"
"12","260","0.3","10","0","pos","small-world","240","66.72897196261682","64.91228070175438","68.40215439856372"
"14","260","0.3","10","0","pos","small-world","10","60.5607476635514","59.06432748538012","61.93895870736086"
"16","260","0.3","10","0","pos","small-world","27","61.02803738317757","59.25925925925925","62.65709156193896"
"12","260","0.3","10","0","pos","small-world","241","66.72897196261682","64.91228070175438","68.40215439856372"
"12","260","0.3","10","0","pos","small-world","242","66.9158878504673","65.10721247563353","68.58168761220826"
"14","260","0.3","10","0","pos","small-world","11","60.5607476635514","59.06432748538012","61.93895870736086"
"16","260","0.3","10","0","pos","small-world","28","60.93457943925233","59.4541910331384","62.29802513464991"
"12","260","0.3","10","0","pos","small-world","243","66.72897196261682","64.71734892787524","68.58168761220826"
"14","260","0.3","10","0","pos","small-world","12","60.5607476635514","59.06432748538012","61.93895870736086"
"16","260","0.3","10","0","pos","small-world","29","60.8411214953271","59.4541910331384","62.11849192100538"
"12","260","0.3","10","0","pos","small-world","244","66.6355140186916","64.5224171539961","68.58168761220826"
"14","260","0.3","10","0","pos","small-world","13","60.65420560747663","59.25925925925925","61.93895870736086"
"16","260","0.3","10","0","pos","small-world","30","60.8411214953271","59.4541910331384","62.11849192100538"
"12","260","0.3","10","0","pos","small-world","245","66.6355140186916","64.5224171539961","68.58168761220826"
"16","260","0.3","10","0","pos","small-world","31","61.12149532710281","59.84405458089669","62.29802513464991"
"14","260","0.3","10","0","pos","small-world","14","60.747663551401864","59.25925925925925","62.11849192100538"
"12","260","0.3","10","0","pos","small-world","246","66.72897196261682","64.5224171539961","68.76122082585279"
"16","260","0.3","10","0","pos","small-world","32","61.02803738317757","59.84405458089669","62.11849192100538"
"12","260","0.3","10","0","pos","small-world","247","66.72897196261682","64.5224171539961","68.76122082585279"
"14","260","0.3","10","0","pos","small-world","15","60.8411214953271","59.4541910331384","62.11849192100538"
"12","260","0.3","10","0","pos","small-world","248","66.72897196261682","64.5224171539961","68.76122082585279"
"16","260","0.3","10","0","pos","small-world","33","61.02803738317757","60.03898635477582","61.93895870736086"
"14","260","0.3","10","0","pos","small-world","16","60.93457943925233","59.64912280701754","62.11849192100538"
"12","260","0.3","10","0","pos","small-world","249","66.72897196261682","64.5224171539961","68.76122082585279"
"16","260","0.3","10","0","pos","small-world","34","61.12149532710281","60.03898635477582","62.11849192100538"
"14","260","0.3","10","0","pos","small-world","17","60.93457943925233","59.64912280701754","62.11849192100538"
"12","260","0.3","10","0","pos","small-world","250","66.9158878504673","64.91228070175438","68.76122082585279"
"14","260","0.3","10","0","pos","small-world","18","60.8411214953271","59.64912280701754","61.93895870736086"
"12","260","0.3","10","0","pos","small-world","251","66.9158878504673","64.71734892787524","68.9407540394973"
"14","260","0.3","10","0","pos","small-world","19","61.02803738317757","59.84405458089669","62.11849192100538"
"12","260","0.3","10","0","pos","small-world","252","67.10280373831776","65.10721247563353","68.9407540394973"
"14","260","0.3","10","0","pos","small-world","20","61.21495327102804","60.03898635477582","62.29802513464991"
"12","260","0.3","10","0","pos","small-world","253","67.28971962616822","65.30214424951268","69.12028725314184"
"14","260","0.3","10","0","pos","small-world","21","61.21495327102804","60.23391812865497","62.11849192100538"
"12","260","0.3","10","0","pos","small-world","254","67.28971962616822","65.30214424951268","69.12028725314184"
"12","260","0.3","10","0","pos","small-world","255","67.28971962616822","65.30214424951268","69.12028725314184"
"16","260","0.3","10","0","pos","small-world","35","61.12149532710281","60.03898635477582","62.11849192100538"
"14","260","0.3","10","0","pos","small-world","22","61.21495327102804","60.62378167641326","61.759425493716336"
"12","260","0.3","10","0","pos","small-world","256","67.28971962616822","65.30214424951268","69.12028725314184"
"16","260","0.3","10","0","pos","small-world","36","60.93457943925233","59.84405458089669","61.93895870736086"
"14","260","0.3","10","0","pos","small-world","23","61.308411214953274","60.62378167641326","61.93895870736086"
"12","260","0.3","10","0","pos","small-world","257","67.10280373831776","65.10721247563353","68.9407540394973"
"14","260","0.3","10","0","pos","small-world","24","61.308411214953274","60.42884990253411","62.11849192100538"
"16","260","0.3","10","0","pos","small-world","37","61.12149532710281","59.84405458089669","62.29802513464991"
"12","260","0.3","10","0","pos","small-world","258","67.10280373831776","65.10721247563353","68.9407540394973"
"16","260","0.3","10","0","pos","small-world","38","61.21495327102804","60.03898635477582","62.29802513464991"
"14","260","0.3","10","0","pos","small-world","25","61.40186915887851","60.62378167641326","62.11849192100538"
"16","260","0.3","10","0","pos","small-world","39","61.21495327102804","60.03898635477582","62.29802513464991"
"14","260","0.3","10","0","pos","small-world","26","61.49532710280374","60.62378167641326","62.29802513464991"
"16","260","0.3","10","0","pos","small-world","40","61.12149532710281","60.03898635477582","62.11849192100538"
"14","260","0.3","10","0","pos","small-world","27","61.49532710280374","60.62378167641326","62.29802513464991"
"16","260","0.3","10","0","pos","small-world","41","61.12149532710281","60.23391812865497","61.93895870736086"
"14","260","0.3","10","0","pos","small-world","28","61.40186915887851","60.62378167641326","62.11849192100538"
"14","260","0.3","10","0","pos","small-world","29","61.588785046728965","60.81871345029239","62.29802513464991"
"16","260","0.3","10","0","pos","small-world","42","61.12149532710281","60.23391812865497","61.93895870736086"
"16","260","0.3","10","0","pos","small-world","43","61.21495327102804","60.42884990253411","61.93895870736086"
"14","260","0.3","10","0","pos","small-world","30","61.49532710280374","61.01364522417154","61.93895870736086"
"12","260","0.3","10","0","pos","small-world","259","67.10280373831776","65.30214424951268","68.76122082585279"
"16","260","0.3","10","0","pos","small-world","44","61.02803738317757","60.03898635477582","61.93895870736086"
"14","260","0.3","10","0","pos","small-world","31","61.6822429906542","61.20857699805068","62.11849192100538"
"16","260","0.3","10","0","pos","small-world","45","61.308411214953274","60.23391812865497","62.29802513464991"
"16","260","0.3","10","0","pos","small-world","46","61.49532710280374","60.23391812865497","62.65709156193896"
"14","260","0.3","10","0","pos","small-world","32","61.77570093457943","61.40350877192983","62.11849192100538"
"14","260","0.3","10","0","pos","small-world","33","61.77570093457943","61.40350877192983","62.11849192100538"
"16","260","0.3","10","0","pos","small-world","47","61.49532710280374","60.23391812865497","62.65709156193896"
"14","260","0.3","10","0","pos","small-world","34","61.86915887850467","61.79337231968811","61.93895870736086"
"16","260","0.3","10","0","pos","small-world","48","61.49532710280374","60.23391812865497","62.65709156193896"
"14","260","0.3","10","0","pos","small-world","35","61.6822429906542","61.79337231968811","61.57989228007181"
"16","260","0.3","10","0","pos","small-world","49","61.40186915887851","60.03898635477582","62.65709156193896"
"14","260","0.3","10","0","pos","small-world","36","61.40186915887851","61.40350877192983","61.40035906642729"
"16","260","0.3","10","0","pos","small-world","50","61.40186915887851","60.03898635477582","62.65709156193896"
"16","260","0.3","10","0","pos","small-world","51","61.49532710280374","60.03898635477582","62.83662477558348"
"14","260","0.3","10","0","pos","small-world","37","61.49532710280374","61.59844054580896","61.40035906642729"
"14","260","0.3","10","0","pos","small-world","38","61.588785046728965","61.59844054580896","61.57989228007181"
"16","260","0.3","10","0","pos","small-world","52","61.588785046728965","60.23391812865497","62.83662477558348"
"14","260","0.3","10","0","pos","small-world","39","61.6822429906542","61.79337231968811","61.57989228007181"
"16","260","0.3","10","0","pos","small-world","53","61.6822429906542","60.62378167641326","62.65709156193896"
"14","260","0.3","10","0","pos","small-world","40","61.77570093457943","61.98830409356725","61.57989228007181"
"16","260","0.3","10","0","pos","small-world","54","61.6822429906542","60.62378167641326","62.65709156193896"
"14","260","0.3","10","0","pos","small-world","41","61.86915887850467","62.1832358674464","61.57989228007181"
"16","260","0.3","10","0","pos","small-world","55","61.6822429906542","60.62378167641326","62.65709156193896"
"14","260","0.3","10","0","pos","small-world","42","61.96261682242991","62.1832358674464","61.759425493716336"
"16","260","0.3","10","0","pos","small-world","56","61.6822429906542","60.62378167641326","62.65709156193896"
"14","260","0.3","10","0","pos","small-world","43","61.96261682242991","62.1832358674464","61.759425493716336"
"16","260","0.3","10","0","pos","small-world","57","61.77570093457943","60.42884990253411","63.016157989228006"
"14","260","0.3","10","0","pos","small-world","44","61.86915887850467","61.98830409356725","61.759425493716336"
"16","260","0.3","10","0","pos","small-world","58","61.6822429906542","60.23391812865497","63.016157989228006"
"14","260","0.3","10","0","pos","small-world","45","61.96261682242991","61.98830409356725","61.93895870736086"
"16","260","0.3","10","0","pos","small-world","59","61.588785046728965","60.23391812865497","62.83662477558348"
"14","260","0.3","10","0","pos","small-world","46","61.96261682242991","62.1832358674464","61.759425493716336"
"14","260","0.3","10","0","pos","small-world","47","62.149532710280376","62.37816764132553","61.93895870736086"
"16","260","0.3","10","0","pos","small-world","60","61.6822429906542","60.23391812865497","63.016157989228006"
"14","260","0.3","10","0","pos","small-world","48","62.05607476635514","62.37816764132553","61.759425493716336"
"16","260","0.3","10","0","pos","small-world","61","61.588785046728965","60.23391812865497","62.83662477558348"
"16","260","0.3","10","0","pos","small-world","62","61.6822429906542","60.23391812865497","63.016157989228006"
"14","260","0.3","10","0","pos","small-world","49","61.96261682242991","62.1832358674464","61.759425493716336"
"14","260","0.3","10","0","pos","small-world","50","61.86915887850467","61.98830409356725","61.759425493716336"
"14","260","0.3","10","0","pos","small-world","51","61.6822429906542","61.79337231968811","61.57989228007181"
"16","260","0.3","10","0","pos","small-world","63","61.77570093457943","60.23391812865497","63.19569120287253"
"16","260","0.3","10","0","pos","small-world","64","61.77570093457943","60.23391812865497","63.19569120287253"
"14","260","0.3","10","0","pos","small-world","52","61.77570093457943","61.59844054580896","61.93895870736086"
"13","260","0.3","10","0","pos","small-world","167","63.925233644859816","63.547758284600384","64.27289048473968"
"14","260","0.3","10","0","pos","small-world","53","61.86915887850467","61.59844054580896","62.11849192100538"
"13","260","0.3","10","0","pos","small-world","168","64.01869158878505","63.74269005847953","64.27289048473968"
"16","260","0.3","10","0","pos","small-world","65","61.86915887850467","60.23391812865497","63.37522441651705"
"13","260","0.3","10","0","pos","small-world","169","63.925233644859816","63.74269005847953","64.09335727109516"
"14","260","0.3","10","0","pos","small-world","54","62.05607476635514","61.40350877192983","62.65709156193896"
"16","260","0.3","10","0","pos","small-world","66","62.149532710280376","60.42884990253411","63.73429084380611"
"13","260","0.3","10","0","pos","small-world","170","63.73831775700934","63.35282651072125","64.09335727109516"
"13","260","0.3","10","0","pos","small-world","171","63.45794392523364","63.1578947368421","63.73429084380611"
"16","260","0.3","10","0","pos","small-world","67","62.149532710280376","60.42884990253411","63.73429084380611"
"13","260","0.3","10","0","pos","small-world","172","63.45794392523364","63.1578947368421","63.73429084380611"
"15","260","0.3","10","0","pos","small-world","0","60.5607476635514","59.06432748538012","61.93895870736086"
"16","260","0.3","10","0","pos","small-world","68","62.149532710280376","60.62378167641326","63.55475763016158"
"13","260","0.3","10","0","pos","small-world","173","63.36448598130842","62.96296296296296","63.73429084380611"
"14","260","0.3","10","0","pos","small-world","55","62.149532710280376","61.20857699805068","63.016157989228006"
"16","260","0.3","10","0","pos","small-world","69","62.24299065420561","60.81871345029239","63.55475763016158"
"13","260","0.3","10","0","pos","small-world","174","63.27102803738318","62.96296296296296","63.55475763016158"
"15","260","0.3","10","0","pos","small-world","1","60.5607476635514","59.06432748538012","61.93895870736086"
"16","260","0.3","10","0","pos","small-world","70","62.24299065420561","60.81871345029239","63.55475763016158"
"13","260","0.3","10","0","pos","small-world","175","63.27102803738318","62.96296296296296","63.55475763016158"
"14","260","0.3","10","0","pos","small-world","56","61.96261682242991","61.01364522417154","62.83662477558348"
"13","260","0.3","10","0","pos","small-world","176","63.36448598130842","62.96296296296296","63.73429084380611"
"16","260","0.3","10","0","pos","small-world","71","62.05607476635514","61.01364522417154","63.016157989228006"
"14","260","0.3","10","0","pos","small-world","57","62.149532710280376","61.40350877192983","62.83662477558348"
"15","260","0.3","10","0","pos","small-world","2","60.65420560747663","58.86939571150097","62.29802513464991"
"16","260","0.3","10","0","pos","small-world","72","62.24299065420561","61.40350877192983","63.016157989228006"
"13","260","0.3","10","0","pos","small-world","177","63.36448598130842","62.96296296296296","63.73429084380611"
"14","260","0.3","10","0","pos","small-world","58","62.33644859813084","61.40350877192983","63.19569120287253"
"16","260","0.3","10","0","pos","small-world","73","62.149532710280376","61.20857699805068","63.016157989228006"
"15","260","0.3","10","0","pos","small-world","3","60.5607476635514","58.86939571150097","62.11849192100538"
"13","260","0.3","10","0","pos","small-world","178","63.45794392523364","63.1578947368421","63.73429084380611"
"13","260","0.3","10","0","pos","small-world","179","63.36448598130842","62.96296296296296","63.73429084380611"
"14","260","0.3","10","0","pos","small-world","59","62.33644859813084","61.40350877192983","63.19569120287253"
"15","260","0.3","10","0","pos","small-world","4","60.65420560747663","59.25925925925925","61.93895870736086"
"16","260","0.3","10","0","pos","small-world","74","62.33644859813084","61.40350877192983","63.19569120287253"
"13","260","0.3","10","0","pos","small-world","180","63.45794392523364","63.1578947368421","63.73429084380611"
"14","260","0.3","10","0","pos","small-world","60","62.616822429906534","61.59844054580896","63.55475763016158"
"13","260","0.3","10","0","pos","small-world","181","63.45794392523364","63.1578947368421","63.73429084380611"
"14","260","0.3","10","0","pos","small-world","61","62.523364485981304","61.59844054580896","63.37522441651705"
"15","260","0.3","10","0","pos","small-world","5","60.5607476635514","59.06432748538012","61.93895870736086"
"13","260","0.3","10","0","pos","small-world","182","63.36448598130842","62.96296296296296","63.73429084380611"
"14","260","0.3","10","0","pos","small-world","62","62.616822429906534","61.59844054580896","63.55475763016158"
"16","260","0.3","10","0","pos","small-world","75","62.33644859813084","61.20857699805068","63.37522441651705"
"15","260","0.3","10","0","pos","small-world","6","60.46728971962617","58.86939571150097","61.93895870736086"
"13","260","0.3","10","0","pos","small-world","183","63.45794392523364","62.96296296296296","63.91382405745063"
"14","260","0.3","10","0","pos","small-world","63","62.616822429906534","61.79337231968811","63.37522441651705"
"16","260","0.3","10","0","pos","small-world","76","62.24299065420561","61.20857699805068","63.19569120287253"
"14","260","0.3","10","0","pos","small-world","64","62.616822429906534","61.98830409356725","63.19569120287253"
"13","260","0.3","10","0","pos","small-world","184","63.55140186915887","63.1578947368421","63.91382405745063"
"16","260","0.3","10","0","pos","small-world","77","62.24299065420561","61.20857699805068","63.19569120287253"
"15","260","0.3","10","0","pos","small-world","7","60.373831775700936","58.86939571150097","61.759425493716336"
"14","260","0.3","10","0","pos","small-world","65","62.42990654205608","61.79337231968811","63.016157989228006"
"13","260","0.3","10","0","pos","small-world","185","63.45794392523364","63.1578947368421","63.73429084380611"
"16","260","0.3","10","0","pos","small-world","78","62.05607476635514","61.20857699805068","62.83662477558348"
"13","260","0.3","10","0","pos","small-world","186","63.27102803738318","62.96296296296296","63.55475763016158"
"15","260","0.3","10","0","pos","small-world","8","60.46728971962617","59.06432748538012","61.759425493716336"
"14","260","0.3","10","0","pos","small-world","66","62.33644859813084","61.59844054580896","63.016157989228006"
"13","260","0.3","10","0","pos","small-world","187","63.27102803738318","62.96296296296296","63.55475763016158"
"13","260","0.3","10","0","pos","small-world","188","63.55140186915887","63.35282651072125","63.73429084380611"
"16","260","0.3","10","0","pos","small-world","79","62.149532710280376","61.20857699805068","63.016157989228006"
"15","260","0.3","10","0","pos","small-world","9","60.65420560747663","59.06432748538012","62.11849192100538"
"14","260","0.3","10","0","pos","small-world","67","62.523364485981304","61.79337231968811","63.19569120287253"
"13","260","0.3","10","0","pos","small-world","189","63.55140186915887","63.35282651072125","63.73429084380611"
"14","260","0.3","10","0","pos","small-world","68","62.616822429906534","61.98830409356725","63.19569120287253"
"16","260","0.3","10","0","pos","small-world","80","61.96261682242991","61.01364522417154","62.83662477558348"
"13","260","0.3","10","0","pos","small-world","190","63.73831775700934","63.74269005847953","63.73429084380611"
"14","260","0.3","10","0","pos","small-world","69","62.523364485981304","61.98830409356725","63.016157989228006"
"16","260","0.3","10","0","pos","small-world","81","62.05607476635514","61.20857699805068","62.83662477558348"
"13","260","0.3","10","0","pos","small-world","191","63.64485981308411","63.74269005847953","63.55475763016158"
"14","260","0.3","10","0","pos","small-world","70","62.71028037383177","62.1832358674464","63.19569120287253"
"13","260","0.3","10","0","pos","small-world","192","63.64485981308411","63.74269005847953","63.55475763016158"
"16","260","0.3","10","0","pos","small-world","82","62.149532710280376","61.40350877192983","62.83662477558348"
"14","260","0.3","10","0","pos","small-world","71","62.523364485981304","61.98830409356725","63.016157989228006"
"13","260","0.3","10","0","pos","small-world","193","63.83177570093458","63.93762183235867","63.73429084380611"
"14","260","0.3","10","0","pos","small-world","72","62.616822429906534","62.37816764132553","62.83662477558348"
"16","260","0.3","10","0","pos","small-world","83","62.05607476635514","61.40350877192983","62.65709156193896"
"13","260","0.3","10","0","pos","small-world","194","63.83177570093458","63.74269005847953","63.91382405745063"
"13","260","0.3","10","0","pos","small-world","195","63.83177570093458","63.74269005847953","63.91382405745063"
"16","260","0.3","10","0","pos","small-world","84","62.24299065420561","61.59844054580896","62.83662477558348"
"14","260","0.3","10","0","pos","small-world","73","62.523364485981304","62.57309941520468","62.47755834829444"
"13","260","0.3","10","0","pos","small-world","196","63.73831775700934","63.74269005847953","63.73429084380611"
"16","260","0.3","10","0","pos","small-world","85","62.33644859813084","61.59844054580896","63.016157989228006"
"14","260","0.3","10","0","pos","small-world","74","62.42990654205608","62.37816764132553","62.47755834829444"
"13","260","0.3","10","0","pos","small-world","197","63.64485981308411","63.547758284600384","63.73429084380611"
"13","260","0.3","10","0","pos","small-world","198","63.83177570093458","63.93762183235867","63.73429084380611"
"16","260","0.3","10","0","pos","small-world","86","62.33644859813084","61.40350877192983","63.19569120287253"
"14","260","0.3","10","0","pos","small-world","75","62.42990654205608","62.1832358674464","62.65709156193896"
"13","260","0.3","10","0","pos","small-world","199","63.83177570093458","63.93762183235867","63.73429084380611"
"16","260","0.3","10","0","pos","small-world","87","62.33644859813084","61.40350877192983","63.19569120287253"
"14","260","0.3","10","0","pos","small-world","76","62.523364485981304","62.37816764132553","62.65709156193896"
"13","260","0.3","10","0","pos","small-world","200","63.73831775700934","63.93762183235867","63.55475763016158"
"13","260","0.3","10","0","pos","small-world","201","63.83177570093458","63.93762183235867","63.73429084380611"
"16","260","0.3","10","0","pos","small-world","88","62.149532710280376","61.20857699805068","63.016157989228006"
"14","260","0.3","10","0","pos","small-world","77","62.71028037383177","62.37816764132553","63.016157989228006"
"15","260","0.3","10","0","pos","small-world","10","60.65420560747663","59.06432748538012","62.11849192100538"
"16","260","0.3","10","0","pos","small-world","89","62.24299065420561","61.20857699805068","63.19569120287253"
"14","260","0.3","10","0","pos","small-world","78","62.71028037383177","62.57309941520468","62.83662477558348"
"13","260","0.3","10","0","pos","small-world","202","63.64485981308411","63.74269005847953","63.55475763016158"
"13","260","0.3","10","0","pos","small-world","203","63.83177570093458","63.93762183235867","63.73429084380611"
"16","260","0.3","10","0","pos","small-world","90","62.42990654205608","61.40350877192983","63.37522441651705"
"15","260","0.3","10","0","pos","small-world","11","60.373831775700936","58.86939571150097","61.759425493716336"
"14","260","0.3","10","0","pos","small-world","79","62.616822429906534","62.37816764132553","62.83662477558348"
"13","260","0.3","10","0","pos","small-world","204","63.925233644859816","64.13255360623782","63.73429084380611"
"13","260","0.3","10","0","pos","small-world","205","64.11214953271028","64.13255360623782","64.09335727109516"
"14","260","0.3","10","0","pos","small-world","80","62.71028037383177","62.37816764132553","63.016157989228006"
"16","260","0.3","10","0","pos","small-world","91","62.33644859813084","61.20857699805068","63.37522441651705"
"15","260","0.3","10","0","pos","small-world","12","60.5607476635514","58.86939571150097","62.11849192100538"
"13","260","0.3","10","0","pos","small-world","206","64.11214953271028","63.93762183235867","64.27289048473968"
"16","260","0.3","10","0","pos","small-world","92","62.33644859813084","61.20857699805068","63.37522441651705"
"14","260","0.3","10","0","pos","small-world","81","62.523364485981304","62.1832358674464","62.83662477558348"
"13","260","0.3","10","0","pos","small-world","207","64.29906542056075","64.32748538011695","64.27289048473968"
"15","260","0.3","10","0","pos","small-world","13","60.46728971962617","58.86939571150097","61.93895870736086"
"16","260","0.3","10","0","pos","small-world","93","62.24299065420561","61.20857699805068","63.19569120287253"
"13","260","0.3","10","0","pos","small-world","208","64.29906542056075","64.32748538011695","64.27289048473968"
"14","260","0.3","10","0","pos","small-world","82","62.616822429906534","62.37816764132553","62.83662477558348"
"16","260","0.3","10","0","pos","small-world","94","62.24299065420561","61.01364522417154","63.37522441651705"
"15","260","0.3","10","0","pos","small-world","14","60.65420560747663","58.86939571150097","62.29802513464991"
"14","260","0.3","10","0","pos","small-world","83","62.523364485981304","62.37816764132553","62.65709156193896"
"13","260","0.3","10","0","pos","small-world","209","64.29906542056075","64.32748538011695","64.27289048473968"
"16","260","0.3","10","0","pos","small-world","95","62.33644859813084","61.20857699805068","63.37522441651705"
"14","260","0.3","10","0","pos","small-world","84","62.33644859813084","62.37816764132553","62.29802513464991"
"13","260","0.3","10","0","pos","small-world","210","64.48598130841121","64.5224171539961","64.4524236983842"
"16","260","0.3","10","0","pos","small-world","96","62.33644859813084","61.01364522417154","63.55475763016158"
"15","260","0.3","10","0","pos","small-world","15","60.8411214953271","59.06432748538012","62.47755834829444"
"13","260","0.3","10","0","pos","small-world","211","64.29906542056075","64.13255360623782","64.4524236983842"
"14","260","0.3","10","0","pos","small-world","85","62.24299065420561","61.98830409356725","62.47755834829444"
"13","260","0.3","10","0","pos","small-world","212","64.11214953271028","63.93762183235867","64.27289048473968"
"14","260","0.3","10","0","pos","small-world","86","62.33644859813084","62.1832358674464","62.47755834829444"
"15","260","0.3","10","0","pos","small-world","16","60.8411214953271","59.06432748538012","62.47755834829444"
"16","260","0.3","10","0","pos","small-world","97","62.42990654205608","61.01364522417154","63.73429084380611"
"13","260","0.3","10","0","pos","small-world","213","64.20560747663552","64.13255360623782","64.27289048473968"
"14","260","0.3","10","0","pos","small-world","87","62.33644859813084","62.37816764132553","62.29802513464991"
"13","260","0.3","10","0","pos","small-world","214","64.29906542056075","64.13255360623782","64.4524236983842"
"15","260","0.3","10","0","pos","small-world","17","60.8411214953271","59.06432748538012","62.47755834829444"
"14","260","0.3","10","0","pos","small-world","88","62.149532710280376","61.98830409356725","62.29802513464991"
"16","260","0.3","10","0","pos","small-world","98","62.33644859813084","60.81871345029239","63.73429084380611"
"13","260","0.3","10","0","pos","small-world","215","64.29906542056075","64.13255360623782","64.4524236983842"
"13","260","0.3","10","0","pos","small-world","216","64.20560747663552","64.13255360623782","64.27289048473968"
"15","260","0.3","10","0","pos","small-world","18","60.747663551401864","59.06432748538012","62.29802513464991"
"14","260","0.3","10","0","pos","small-world","89","62.24299065420561","62.1832358674464","62.29802513464991"
"16","260","0.3","10","0","pos","small-world","99","62.24299065420561","60.62378167641326","63.73429084380611"
"13","260","0.3","10","0","pos","small-world","217","64.20560747663552","64.13255360623782","64.27289048473968"
"13","260","0.3","10","0","pos","small-world","218","64.20560747663552","64.13255360623782","64.27289048473968"
"14","260","0.3","10","0","pos","small-world","90","62.149532710280376","61.98830409356725","62.29802513464991"
"16","260","0.3","10","0","pos","small-world","100","62.33644859813084","60.81871345029239","63.73429084380611"
"13","260","0.3","10","0","pos","small-world","219","64.20560747663552","64.32748538011695","64.09335727109516"
"15","260","0.3","10","0","pos","small-world","19","60.8411214953271","59.25925925925925","62.29802513464991"
"13","260","0.3","10","0","pos","small-world","220","64.29906542056075","64.32748538011695","64.27289048473968"
"16","260","0.3","10","0","pos","small-world","101","62.523364485981304","61.01364522417154","63.91382405745063"
"13","260","0.3","10","0","pos","small-world","221","64.20560747663552","64.13255360623782","64.27289048473968"
"13","260","0.3","10","0","pos","small-world","222","64.11214953271028","64.32748538011695","63.91382405745063"
"14","260","0.3","10","0","pos","small-world","91","62.24299065420561","62.1832358674464","62.29802513464991"
"15","260","0.3","10","0","pos","small-world","20","60.8411214953271","59.06432748538012","62.47755834829444"
"16","260","0.3","10","0","pos","small-world","102","62.24299065420561","60.81871345029239","63.55475763016158"
"13","260","0.3","10","0","pos","small-world","223","64.20560747663552","64.32748538011695","64.09335727109516"
"14","260","0.3","10","0","pos","small-world","92","62.33644859813084","62.37816764132553","62.29802513464991"
"13","260","0.3","10","0","pos","small-world","224","64.39252336448598","64.5224171539961","64.27289048473968"
"15","260","0.3","10","0","pos","small-world","21","60.93457943925233","59.25925925925925","62.47755834829444"
"16","260","0.3","10","0","pos","small-world","103","62.24299065420561","60.81871345029239","63.55475763016158"
"13","260","0.3","10","0","pos","small-world","225","64.20560747663552","64.5224171539961","63.91382405745063"
"13","260","0.3","10","0","pos","small-world","226","64.20560747663552","64.5224171539961","63.91382405745063"
"15","260","0.3","10","0","pos","small-world","22","60.8411214953271","59.06432748538012","62.47755834829444"
"14","260","0.3","10","0","pos","small-world","93","62.42990654205608","62.57309941520468","62.29802513464991"
"13","260","0.3","10","0","pos","small-world","227","64.20560747663552","64.5224171539961","63.91382405745063"
"13","260","0.3","10","0","pos","small-world","228","64.01869158878505","64.5224171539961","63.55475763016158"
"13","260","0.3","10","0","pos","small-world","229","64.11214953271028","64.71734892787524","63.55475763016158"
"15","260","0.3","10","0","pos","small-world","23","60.8411214953271","59.06432748538012","62.47755834829444"
"13","260","0.3","10","0","pos","small-world","230","64.20560747663552","64.71734892787524","63.73429084380611"
"14","260","0.3","10","0","pos","small-world","94","62.33644859813084","62.37816764132553","62.29802513464991"
"13","260","0.3","10","0","pos","small-world","231","64.39252336448598","64.71734892787524","64.09335727109516"
"15","260","0.3","10","0","pos","small-world","24","61.02803738317757","59.4541910331384","62.47755834829444"
"18","260","0.3","10","0","pos","small-world","0","60.5607476635514","59.06432748538012","61.93895870736086"
"13","260","0.3","10","0","pos","small-world","232","64.39252336448598","64.71734892787524","64.09335727109516"
"13","260","0.3","10","0","pos","small-world","233","64.39252336448598","64.71734892787524","64.09335727109516"
"16","260","0.3","10","0","pos","small-world","104","62.33644859813084","60.81871345029239","63.73429084380611"
"15","260","0.3","10","0","pos","small-world","25","61.02803738317757","59.4541910331384","62.47755834829444"
"14","260","0.3","10","0","pos","small-world","95","62.42990654205608","62.57309941520468","62.29802513464991"
"18","260","0.3","10","0","pos","small-world","1","60.747663551401864","59.25925925925925","62.11849192100538"
"13","260","0.3","10","0","pos","small-world","234","64.67289719626169","65.10721247563353","64.27289048473968"
"15","260","0.3","10","0","pos","small-world","26","61.02803738317757","59.4541910331384","62.47755834829444"
"14","260","0.3","10","0","pos","small-world","96","62.33644859813084","62.37816764132553","62.29802513464991"
"13","260","0.3","10","0","pos","small-world","235","64.76635514018692","64.91228070175438","64.63195691202873"
"16","260","0.3","10","0","pos","small-world","105","62.523364485981304","60.62378167641326","64.27289048473968"
"14","260","0.3","10","0","pos","small-world","97","62.42990654205608","62.57309941520468","62.29802513464991"
"13","260","0.3","10","0","pos","small-world","236","64.85981308411215","65.30214424951268","64.4524236983842"
"15","260","0.3","10","0","pos","small-world","27","61.308411214953274","59.84405458089669","62.65709156193896"
"18","260","0.3","10","0","pos","small-world","2","60.747663551401864","59.06432748538012","62.29802513464991"
"13","260","0.3","10","0","pos","small-world","237","65.04672897196262","65.69200779727096","64.4524236983842"
"15","260","0.3","10","0","pos","small-world","28","61.6822429906542","60.03898635477582","63.19569120287253"
"16","260","0.3","10","0","pos","small-world","106","62.523364485981304","60.81871345029239","64.09335727109516"
"17","260","0.3","10","0","pos","small-world","0","60.5607476635514","59.06432748538012","61.93895870736086"
"18","260","0.3","10","0","pos","small-world","3","60.8411214953271","59.25925925925925","62.29802513464991"
"13","260","0.3","10","0","pos","small-world","238","65.14018691588785","65.69200779727096","64.63195691202873"
"13","260","0.3","10","0","pos","small-world","239","65.14018691588785","65.49707602339181","64.81149012567326"
"14","260","0.3","10","0","pos","small-world","98","62.33644859813084","62.37816764132553","62.29802513464991"
"15","260","0.3","10","0","pos","small-world","29","61.86915887850467","60.03898635477582","63.55475763016158"
"16","260","0.3","10","0","pos","small-world","107","62.42990654205608","60.81871345029239","63.91382405745063"
"18","260","0.3","10","0","pos","small-world","4","60.93457943925233","59.25925925925925","62.47755834829444"
"14","260","0.3","10","0","pos","small-world","99","62.33644859813084","62.37816764132553","62.29802513464991"
"13","260","0.3","10","0","pos","small-world","240","65.04672897196262","65.30214424951268","64.81149012567326"
"13","260","0.3","10","0","pos","small-world","241","65.14018691588785","65.49707602339181","64.81149012567326"
"15","260","0.3","10","0","pos","small-world","30","61.96261682242991","60.23391812865497","63.55475763016158"
"14","260","0.3","10","0","pos","small-world","100","62.24299065420561","62.37816764132553","62.11849192100538"
"18","260","0.3","10","0","pos","small-world","5","60.93457943925233","59.25925925925925","62.47755834829444"
"17","260","0.3","10","0","pos","small-world","1","60.65420560747663","59.06432748538012","62.11849192100538"
"16","260","0.3","10","0","pos","small-world","108","62.42990654205608","60.81871345029239","63.91382405745063"
"13","260","0.3","10","0","pos","small-world","242","65.23364485981308","65.49707602339181","64.99102333931778"
"14","260","0.3","10","0","pos","small-world","101","61.96261682242991","61.98830409356725","61.93895870736086"
"14","260","0.3","10","0","pos","small-world","102","61.86915887850467","62.1832358674464","61.57989228007181"
"15","260","0.3","10","0","pos","small-world","31","61.86915887850467","60.23391812865497","63.37522441651705"
"18","260","0.3","10","0","pos","small-world","6","60.93457943925233","59.25925925925925","62.47755834829444"
"13","260","0.3","10","0","pos","small-world","243","65.23364485981308","65.49707602339181","64.99102333931778"
"16","260","0.3","10","0","pos","small-world","109","62.523364485981304","60.62378167641326","64.27289048473968"
"17","260","0.3","10","0","pos","small-world","2","60.5607476635514","58.86939571150097","62.11849192100538"
"13","260","0.3","10","0","pos","small-world","244","65.32710280373831","65.49707602339181","65.1705565529623"
"15","260","0.3","10","0","pos","small-world","32","61.6822429906542","60.23391812865497","63.016157989228006"
"14","260","0.3","10","0","pos","small-world","103","61.77570093457943","61.98830409356725","61.57989228007181"
"18","260","0.3","10","0","pos","small-world","7","61.02803738317757","59.25925925925925","62.65709156193896"
"13","260","0.3","10","0","pos","small-world","245","65.23364485981308","65.49707602339181","64.99102333931778"
"13","260","0.3","10","0","pos","small-world","246","65.42056074766354","65.69200779727096","65.1705565529623"
"15","260","0.3","10","0","pos","small-world","33","61.588785046728965","60.03898635477582","63.016157989228006"
"18","260","0.3","10","0","pos","small-world","8","61.02803738317757","59.06432748538012","62.83662477558348"
"14","260","0.3","10","0","pos","small-world","104","61.77570093457943","61.79337231968811","61.759425493716336"
"16","260","0.3","10","0","pos","small-world","110","62.523364485981304","60.62378167641326","64.27289048473968"
"17","260","0.3","10","0","pos","small-world","3","60.373831775700936","58.67446393762184","61.93895870736086"
"13","260","0.3","10","0","pos","small-world","247","65.32710280373831","65.69200779727096","64.99102333931778"
"14","260","0.3","10","0","pos","small-world","105","61.77570093457943","61.98830409356725","61.57989228007181"
"13","260","0.3","10","0","pos","small-world","248","65.23364485981308","65.69200779727096","64.81149012567326"
"15","260","0.3","10","0","pos","small-world","34","61.6822429906542","60.23391812865497","63.016157989228006"
"18","260","0.3","10","0","pos","small-world","9","61.12149532710281","59.4541910331384","62.65709156193896"
"16","260","0.3","10","0","pos","small-world","111","62.616822429906534","60.81871345029239","64.27289048473968"
"17","260","0.3","10","0","pos","small-world","4","60.280373831775705","58.67446393762184","61.759425493716336"
"14","260","0.3","10","0","pos","small-world","106","61.96261682242991","62.1832358674464","61.759425493716336"
"13","260","0.3","10","0","pos","small-world","249","65.42056074766354","66.08187134502924","64.81149012567326"
"13","260","0.3","10","0","pos","small-world","250","65.32710280373831","65.8869395711501","64.81149012567326"
"15","260","0.3","10","0","pos","small-world","35","61.77570093457943","60.23391812865497","63.19569120287253"
"18","260","0.3","10","0","pos","small-world","10","61.02803738317757","59.4541910331384","62.47755834829444"
"16","260","0.3","10","0","pos","small-world","112","62.523364485981304","60.62378167641326","64.27289048473968"
"13","260","0.3","10","0","pos","small-world","251","65.32710280373831","65.8869395711501","64.81149012567326"
"18","260","0.3","10","0","pos","small-world","11","60.93457943925233","59.25925925925925","62.47755834829444"
"14","260","0.3","10","0","pos","small-world","107","62.149532710280376","62.37816764132553","61.93895870736086"
"16","260","0.3","10","0","pos","small-world","113","62.42990654205608","60.42884990253411","64.27289048473968"
"13","260","0.3","10","0","pos","small-world","252","65.23364485981308","65.8869395711501","64.63195691202873"
"15","260","0.3","10","0","pos","small-world","36","61.86915887850467","60.23391812865497","63.37522441651705"
"16","260","0.3","10","0","pos","small-world","114","62.523364485981304","60.62378167641326","64.27289048473968"
"18","260","0.3","10","0","pos","small-world","12","60.8411214953271","59.4541910331384","62.11849192100538"
"14","260","0.3","10","0","pos","small-world","108","62.24299065420561","62.37816764132553","62.11849192100538"
"17","260","0.3","10","0","pos","small-world","5","60.18691588785047","58.67446393762184","61.57989228007181"
"13","260","0.3","10","0","pos","small-world","253","65.23364485981308","65.8869395711501","64.63195691202873"
"15","260","0.3","10","0","pos","small-world","37","61.77570093457943","60.23391812865497","63.19569120287253"
"16","260","0.3","10","0","pos","small-world","115","62.616822429906534","60.62378167641326","64.4524236983842"
"13","260","0.3","10","0","pos","small-world","254","65.23364485981308","66.08187134502924","64.4524236983842"
"18","260","0.3","10","0","pos","small-world","13","60.8411214953271","59.4541910331384","62.11849192100538"
"13","260","0.3","10","0","pos","small-world","255","65.23364485981308","66.27680311890838","64.27289048473968"
"17","260","0.3","10","0","pos","small-world","6","60","58.47953216374269","61.40035906642729"
"15","260","0.3","10","0","pos","small-world","38","61.49532710280374","60.03898635477582","62.83662477558348"
"14","260","0.3","10","0","pos","small-world","109","62.33644859813084","62.37816764132553","62.29802513464991"
"18","260","0.3","10","0","pos","small-world","14","60.8411214953271","59.4541910331384","62.11849192100538"
"16","260","0.3","10","0","pos","small-world","116","62.80373831775701","61.01364522417154","64.4524236983842"
"13","260","0.3","10","0","pos","small-world","256","65.23364485981308","66.27680311890838","64.27289048473968"
"13","260","0.3","10","0","pos","small-world","257","65.32710280373831","66.27680311890838","64.4524236983842"
"15","260","0.3","10","0","pos","small-world","39","61.49532710280374","60.03898635477582","62.83662477558348"
"17","260","0.3","10","0","pos","small-world","7","60","58.47953216374269","61.40035906642729"
"14","260","0.3","10","0","pos","small-world","110","62.33644859813084","62.37816764132553","62.29802513464991"
"13","260","0.3","10","0","pos","small-world","258","65.23364485981308","66.27680311890838","64.27289048473968"
"18","260","0.3","10","0","pos","small-world","15","60.8411214953271","59.64912280701754","61.93895870736086"
"13","260","0.3","10","0","pos","small-world","259","65.32710280373831","66.47173489278752","64.27289048473968"
"15","260","0.3","10","0","pos","small-world","40","61.6822429906542","60.23391812865497","63.016157989228006"
"14","260","0.3","10","0","pos","small-world","111","62.616822429906534","62.768031189083814","62.47755834829444"
"17","260","0.3","10","0","pos","small-world","8","60.18691588785047","58.86939571150097","61.40035906642729"
"16","260","0.3","10","0","pos","small-world","117","62.616822429906534","61.01364522417154","64.09335727109516"
"17","260","0.3","10","0","pos","small-world","9","60.18691588785047","58.86939571150097","61.40035906642729"
"15","260","0.3","10","0","pos","small-world","41","61.6822429906542","60.23391812865497","63.016157989228006"
"18","260","0.3","10","0","pos","small-world","16","60.8411214953271","59.64912280701754","61.93895870736086"
"14","260","0.3","10","0","pos","small-world","112","62.616822429906534","62.768031189083814","62.47755834829444"
"15","260","0.3","10","0","pos","small-world","42","61.588785046728965","60.23391812865497","62.83662477558348"
"14","260","0.3","10","0","pos","small-world","113","62.523364485981304","62.57309941520468","62.47755834829444"
"16","260","0.3","10","0","pos","small-world","118","62.99065420560748","61.40350877192983","64.4524236983842"
"17","260","0.3","10","0","pos","small-world","10","60.09345794392523","58.86939571150097","61.22082585278277"
"18","260","0.3","10","0","pos","small-world","17","61.12149532710281","60.03898635477582","62.11849192100538"
"16","260","0.3","10","0","pos","small-world","119","63.084112149532714","61.59844054580896","64.4524236983842"
"14","260","0.3","10","0","pos","small-world","114","62.523364485981304","62.768031189083814","62.29802513464991"
"15","260","0.3","10","0","pos","small-world","43","61.588785046728965","60.03898635477582","63.016157989228006"
"18","260","0.3","10","0","pos","small-world","18","61.12149532710281","60.03898635477582","62.11849192100538"
"16","260","0.3","10","0","pos","small-world","120","62.89719626168224","61.59844054580896","64.09335727109516"
"17","260","0.3","10","0","pos","small-world","11","60.09345794392523","58.86939571150097","61.22082585278277"
"16","260","0.3","10","0","pos","small-world","121","62.89719626168224","61.59844054580896","64.09335727109516"
"15","260","0.3","10","0","pos","small-world","44","61.77570093457943","60.23391812865497","63.19569120287253"
"17","260","0.3","10","0","pos","small-world","12","60","58.86939571150097","61.04129263913825"
"15","260","0.3","10","0","pos","small-world","45","61.77570093457943","60.42884990253411","63.016157989228006"
"18","260","0.3","10","0","pos","small-world","19","61.02803738317757","59.84405458089669","62.11849192100538"
"16","260","0.3","10","0","pos","small-world","122","62.80373831775701","61.40350877192983","64.09335727109516"
"14","260","0.3","10","0","pos","small-world","115","62.523364485981304","62.768031189083814","62.29802513464991"
"15","260","0.3","10","0","pos","small-world","46","61.96261682242991","60.81871345029239","63.016157989228006"
"17","260","0.3","10","0","pos","small-world","13","60.18691588785047","59.06432748538012","61.22082585278277"
"16","260","0.3","10","0","pos","small-world","123","62.71028037383177","61.20857699805068","64.09335727109516"
"18","260","0.3","10","0","pos","small-world","20","61.12149532710281","59.84405458089669","62.29802513464991"
"14","260","0.3","10","0","pos","small-world","116","62.523364485981304","62.96296296296296","62.11849192100538"
"17","260","0.3","10","0","pos","small-world","14","60.18691588785047","59.25925925925925","61.04129263913825"
"16","260","0.3","10","0","pos","small-world","124","62.71028037383177","61.40350877192983","63.91382405745063"
"15","260","0.3","10","0","pos","small-world","47","61.96261682242991","61.01364522417154","62.83662477558348"
"18","260","0.3","10","0","pos","small-world","21","60.93457943925233","59.4541910331384","62.29802513464991"
"14","260","0.3","10","0","pos","small-world","117","62.33644859813084","62.96296296296296","61.759425493716336"
"18","260","0.3","10","0","pos","small-world","22","60.93457943925233","59.4541910331384","62.29802513464991"
"17","260","0.3","10","0","pos","small-world","15","60","59.06432748538012","60.86175942549371"
"15","260","0.3","10","0","pos","small-world","48","61.77570093457943","60.81871345029239","62.65709156193896"
"16","260","0.3","10","0","pos","small-world","125","62.80373831775701","61.59844054580896","63.91382405745063"
"17","260","0.3","10","0","pos","small-world","16","60.09345794392523","58.67446393762184","61.40035906642729"
"17","260","0.3","10","0","pos","small-world","17","60.09345794392523","58.67446393762184","61.40035906642729"
"15","260","0.3","10","0","pos","small-world","49","61.77570093457943","60.81871345029239","62.65709156193896"
"14","260","0.3","10","0","pos","small-world","118","62.523364485981304","62.96296296296296","62.11849192100538"
"18","260","0.3","10","0","pos","small-world","23","61.02803738317757","59.4541910331384","62.47755834829444"
"16","260","0.3","10","0","pos","small-world","126","62.71028037383177","61.40350877192983","63.91382405745063"
"16","260","0.3","10","0","pos","small-world","127","62.71028037383177","61.40350877192983","63.91382405745063"
"14","260","0.3","10","0","pos","small-world","119","62.523364485981304","63.1578947368421","61.93895870736086"
"15","260","0.3","10","0","pos","small-world","50","61.77570093457943","60.81871345029239","62.65709156193896"
"17","260","0.3","10","0","pos","small-world","18","60.09345794392523","58.67446393762184","61.40035906642729"
"16","260","0.3","10","0","pos","small-world","128","62.80373831775701","61.40350877192983","64.09335727109516"
"18","260","0.3","10","0","pos","small-world","24","60.8411214953271","59.25925925925925","62.29802513464991"
"15","260","0.3","10","0","pos","small-world","51","61.77570093457943","60.42884990253411","63.016157989228006"
"17","260","0.3","10","0","pos","small-world","19","60","58.47953216374269","61.40035906642729"
"16","260","0.3","10","0","pos","small-world","129","63.084112149532714","61.59844054580896","64.4524236983842"
"14","260","0.3","10","0","pos","small-world","120","62.523364485981304","63.1578947368421","61.93895870736086"
"16","260","0.3","10","0","pos","small-world","130","63.084112149532714","61.79337231968811","64.27289048473968"
"17","260","0.3","10","0","pos","small-world","20","60","58.67446393762184","61.22082585278277"
"18","260","0.3","10","0","pos","small-world","25","60.93457943925233","59.4541910331384","62.29802513464991"
"15","260","0.3","10","0","pos","small-world","52","61.77570093457943","60.62378167641326","62.83662477558348"
"16","260","0.3","10","0","pos","small-world","131","63.084112149532714","61.79337231968811","64.27289048473968"
"16","260","0.3","10","0","pos","small-world","132","62.89719626168224","61.79337231968811","63.91382405745063"
"15","260","0.3","10","0","pos","small-world","53","61.588785046728965","60.42884990253411","62.65709156193896"
"17","260","0.3","10","0","pos","small-world","21","59.90654205607476","58.28460038986355","61.40035906642729"
"18","260","0.3","10","0","pos","small-world","26","60.93457943925233","59.25925925925925","62.47755834829444"
"16","260","0.3","10","0","pos","small-world","133","62.71028037383177","61.59844054580896","63.73429084380611"
"18","260","0.3","10","0","pos","small-world","27","61.02803738317757","59.4541910331384","62.47755834829444"
"15","260","0.3","10","0","pos","small-world","54","61.308411214953274","60.03898635477582","62.47755834829444"
"16","260","0.3","10","0","pos","small-world","134","62.616822429906534","61.40350877192983","63.73429084380611"
"17","260","0.3","10","0","pos","small-world","22","59.90654205607476","58.0896686159844","61.57989228007181"
"18","260","0.3","10","0","pos","small-world","28","61.12149532710281","59.64912280701754","62.47755834829444"
"15","260","0.3","10","0","pos","small-world","55","61.21495327102804","60.03898635477582","62.29802513464991"
"17","260","0.3","10","0","pos","small-world","23","60.09345794392523","58.28460038986355","61.759425493716336"
"16","260","0.3","10","0","pos","small-world","135","62.71028037383177","61.59844054580896","63.73429084380611"
"14","260","0.3","10","0","pos","small-world","121","62.42990654205608","63.1578947368421","61.759425493716336"
"18","260","0.3","10","0","pos","small-world","29","60.93457943925233","59.4541910331384","62.29802513464991"
"17","260","0.3","10","0","pos","small-world","24","60.09345794392523","58.47953216374269","61.57989228007181"
"14","260","0.3","10","0","pos","small-world","122","62.523364485981304","63.1578947368421","61.93895870736086"
"16","260","0.3","10","0","pos","small-world","136","62.616822429906534","61.20857699805068","63.91382405745063"
"18","260","0.3","10","0","pos","small-world","30","60.93457943925233","59.25925925925925","62.47755834829444"
"14","260","0.3","10","0","pos","small-world","123","62.523364485981304","63.35282651072125","61.759425493716336"
"16","260","0.3","10","0","pos","small-world","137","62.616822429906534","61.40350877192983","63.73429084380611"
"17","260","0.3","10","0","pos","small-world","25","60.18691588785047","58.47953216374269","61.759425493716336"
"17","260","0.3","10","0","pos","small-world","26","60.18691588785047","58.47953216374269","61.759425493716336"
"14","260","0.3","10","0","pos","small-world","124","62.616822429906534","63.35282651072125","61.93895870736086"
"15","260","0.3","10","0","pos","small-world","56","61.02803738317757","60.03898635477582","61.93895870736086"
"18","260","0.3","10","0","pos","small-world","31","60.8411214953271","59.06432748538012","62.47755834829444"
"16","260","0.3","10","0","pos","small-world","138","62.616822429906534","61.40350877192983","63.73429084380611"
"16","260","0.3","10","0","pos","small-world","139","62.42990654205608","61.20857699805068","63.55475763016158"
"17","260","0.3","10","0","pos","small-world","27","60.373831775700936","58.67446393762184","61.93895870736086"
"17","260","0.3","10","0","pos","small-world","28","60.65420560747663","58.86939571150097","62.29802513464991"
"14","260","0.3","10","0","pos","small-world","125","62.71028037383177","63.35282651072125","62.11849192100538"
"18","260","0.3","10","0","pos","small-world","32","60.93457943925233","59.25925925925925","62.47755834829444"
"16","260","0.3","10","0","pos","small-world","140","62.42990654205608","61.20857699805068","63.55475763016158"
"16","260","0.3","10","0","pos","small-world","141","62.42990654205608","61.20857699805068","63.55475763016158"
"14","260","0.3","10","0","pos","small-world","126","62.71028037383177","63.547758284600384","61.93895870736086"
"17","260","0.3","10","0","pos","small-world","29","60.65420560747663","58.86939571150097","62.29802513464991"
"15","260","0.3","10","0","pos","small-world","57","61.21495327102804","60.42884990253411","61.93895870736086"
"14","260","0.3","10","0","pos","small-world","127","62.99065420560748","63.74269005847953","62.29802513464991"
"18","260","0.3","10","0","pos","small-world","33","61.02803738317757","59.4541910331384","62.47755834829444"
"16","260","0.3","10","0","pos","small-world","142","62.42990654205608","61.20857699805068","63.55475763016158"
"14","260","0.3","10","0","pos","small-world","128","62.89719626168224","63.74269005847953","62.11849192100538"
"16","260","0.3","10","0","pos","small-world","143","62.42990654205608","61.20857699805068","63.55475763016158"
"14","260","0.3","10","0","pos","small-world","129","62.80373831775701","63.74269005847953","61.93895870736086"
"18","260","0.3","10","0","pos","small-world","34","60.8411214953271","59.06432748538012","62.47755834829444"
"15","260","0.3","10","0","pos","small-world","58","61.12149532710281","60.42884990253411","61.759425493716336"
"17","260","0.3","10","0","pos","small-world","30","60.5607476635514","58.86939571150097","62.11849192100538"
"16","260","0.3","10","0","pos","small-world","144","62.33644859813084","61.20857699805068","63.37522441651705"
"18","260","0.3","10","0","pos","small-world","35","60.5607476635514","58.67446393762184","62.29802513464991"
"16","260","0.3","10","0","pos","small-world","145","62.05607476635514","60.62378167641326","63.37522441651705"
"14","260","0.3","10","0","pos","small-world","130","62.89719626168224","63.74269005847953","62.11849192100538"
"17","260","0.3","10","0","pos","small-world","31","60.65420560747663","58.86939571150097","62.29802513464991"
"14","260","0.3","10","0","pos","small-world","131","63.084112149532714","63.93762183235867","62.29802513464991"
"16","260","0.3","10","0","pos","small-world","146","62.05607476635514","60.81871345029239","63.19569120287253"
"18","260","0.3","10","0","pos","small-world","36","60.46728971962617","58.67446393762184","62.11849192100538"
"15","260","0.3","10","0","pos","small-world","59","61.02803738317757","60.23391812865497","61.759425493716336"
"20","260","0.3","10","0","pos","small-world","0","60.5607476635514","59.06432748538012","61.93895870736086"
"17","260","0.3","10","0","pos","small-world","32","60.747663551401864","59.06432748538012","62.29802513464991"
"14","260","0.3","10","0","pos","small-world","132","63.084112149532714","63.93762183235867","62.29802513464991"
"16","260","0.3","10","0","pos","small-world","147","62.24299065420561","61.20857699805068","63.19569120287253"
"18","260","0.3","10","0","pos","small-world","37","60.65420560747663","58.67446393762184","62.47755834829444"
"14","260","0.3","10","0","pos","small-world","133","62.89719626168224","63.547758284600384","62.29802513464991"
"15","260","0.3","10","0","pos","small-world","60","61.12149532710281","60.23391812865497","61.93895870736086"
"16","260","0.3","10","0","pos","small-world","148","62.24299065420561","61.20857699805068","63.19569120287253"
"20","260","0.3","10","0","pos","small-world","1","60.65420560747663","59.06432748538012","62.11849192100538"
"17","260","0.3","10","0","pos","small-world","33","60.93457943925233","59.4541910331384","62.29802513464991"
"20","260","0.3","10","0","pos","small-world","2","60.8411214953271","59.25925925925925","62.29802513464991"
"14","260","0.3","10","0","pos","small-world","134","62.99065420560748","63.547758284600384","62.47755834829444"
"18","260","0.3","10","0","pos","small-world","38","60.373831775700936","58.0896686159844","62.47755834829444"
"15","260","0.3","10","0","pos","small-world","61","61.21495327102804","60.23391812865497","62.11849192100538"
"17","260","0.3","10","0","pos","small-world","34","61.02803738317757","59.64912280701754","62.29802513464991"
"16","260","0.3","10","0","pos","small-world","149","62.24299065420561","61.20857699805068","63.19569120287253"
"20","260","0.3","10","0","pos","small-world","3","61.02803738317757","59.4541910331384","62.47755834829444"
"14","260","0.3","10","0","pos","small-world","135","62.89719626168224","63.35282651072125","62.47755834829444"
"14","260","0.3","10","0","pos","small-world","136","62.89719626168224","63.1578947368421","62.65709156193896"
"16","260","0.3","10","0","pos","small-world","150","62.24299065420561","61.20857699805068","63.19569120287253"
"19","260","0.3","10","0","pos","small-world","0","60.5607476635514","59.06432748538012","61.93895870736086"
"17","260","0.3","10","0","pos","small-world","35","60.8411214953271","59.64912280701754","61.93895870736086"
"14","260","0.3","10","0","pos","small-world","137","62.80373831775701","63.1578947368421","62.47755834829444"
"20","260","0.3","10","0","pos","small-world","4","61.12149532710281","59.84405458089669","62.29802513464991"
"15","260","0.3","10","0","pos","small-world","62","61.21495327102804","60.23391812865497","62.11849192100538"
"19","260","0.3","10","0","pos","small-world","1","60.46728971962617","58.86939571150097","61.93895870736086"
"18","260","0.3","10","0","pos","small-world","39","60.373831775700936","58.0896686159844","62.47755834829444"
"20","260","0.3","10","0","pos","small-world","5","61.12149532710281","59.84405458089669","62.29802513464991"
"14","260","0.3","10","0","pos","small-world","138","62.99065420560748","63.547758284600384","62.47755834829444"
"19","260","0.3","10","0","pos","small-world","2","60.46728971962617","58.86939571150097","61.93895870736086"
"16","260","0.3","10","0","pos","small-world","151","62.42990654205608","61.40350877192983","63.37522441651705"
"15","260","0.3","10","0","pos","small-world","63","61.21495327102804","60.03898635477582","62.29802513464991"
"20","260","0.3","10","0","pos","small-world","6","60.93457943925233","59.84405458089669","61.93895870736086"
"17","260","0.3","10","0","pos","small-world","36","61.02803738317757","59.84405458089669","62.11849192100538"
"19","260","0.3","10","0","pos","small-world","3","60.46728971962617","59.06432748538012","61.759425493716336"
"16","260","0.3","10","0","pos","small-world","152","62.616822429906534","61.40350877192983","63.73429084380611"
"20","260","0.3","10","0","pos","small-world","7","60.8411214953271","59.84405458089669","61.759425493716336"
"15","260","0.3","10","0","pos","small-world","64","61.21495327102804","59.84405458089669","62.47755834829444"
"17","260","0.3","10","0","pos","small-world","37","61.21495327102804","59.84405458089669","62.47755834829444"
"18","260","0.3","10","0","pos","small-world","40","60.373831775700936","58.0896686159844","62.47755834829444"
"14","260","0.3","10","0","pos","small-world","139","63.084112149532714","63.74269005847953","62.47755834829444"
"20","260","0.3","10","0","pos","small-world","8","60.93457943925233","59.84405458089669","61.93895870736086"
"19","260","0.3","10","0","pos","small-world","4","60.46728971962617","58.86939571150097","61.93895870736086"
"17","260","0.3","10","0","pos","small-world","38","61.40186915887851","60.03898635477582","62.65709156193896"
"20","260","0.3","10","0","pos","small-world","9","60.747663551401864","59.64912280701754","61.759425493716336"
"18","260","0.3","10","0","pos","small-world","41","60.280373831775705","57.69980506822612","62.65709156193896"
"15","260","0.3","10","0","pos","small-world","65","61.21495327102804","59.84405458089669","62.47755834829444"
"17","260","0.3","10","0","pos","small-world","39","61.40186915887851","60.03898635477582","62.65709156193896"
"14","260","0.3","10","0","pos","small-world","140","63.177570093457945","63.74269005847953","62.65709156193896"
"16","260","0.3","10","0","pos","small-world","153","62.616822429906534","61.59844054580896","63.55475763016158"
"19","260","0.3","10","0","pos","small-world","5","60.46728971962617","58.67446393762184","62.11849192100538"
"18","260","0.3","10","0","pos","small-world","42","60.373831775700936","57.89473684210527","62.65709156193896"
"19","260","0.3","10","0","pos","small-world","6","60.18691588785047","58.0896686159844","62.11849192100538"
"19","260","0.3","10","0","pos","small-world","7","60.280373831775705","58.28460038986355","62.11849192100538"
"15","260","0.3","10","0","pos","small-world","66","61.12149532710281","59.84405458089669","62.29802513464991"
"17","260","0.3","10","0","pos","small-world","40","61.40186915887851","60.03898635477582","62.65709156193896"
"16","260","0.3","10","0","pos","small-world","154","62.80373831775701","61.79337231968811","63.73429084380611"
"14","260","0.3","10","0","pos","small-world","141","63.177570093457945","63.74269005847953","62.65709156193896"
"19","260","0.3","10","0","pos","small-world","8","60.280373831775705","58.0896686159844","62.29802513464991"
"17","260","0.3","10","0","pos","small-world","41","61.588785046728965","60.03898635477582","63.016157989228006"
"19","260","0.3","10","0","pos","small-world","9","60.280373831775705","58.28460038986355","62.11849192100538"
"18","260","0.3","10","0","pos","small-world","43","60.65420560747663","58.0896686159844","63.016157989228006"
"19","260","0.3","10","0","pos","small-world","10","60.280373831775705","58.28460038986355","62.11849192100538"
"15","260","0.3","10","0","pos","small-world","67","60.93457943925233","59.4541910331384","62.29802513464991"
"16","260","0.3","10","0","pos","small-world","155","62.71028037383177","61.79337231968811","63.55475763016158"
"14","260","0.3","10","0","pos","small-world","142","63.177570093457945","63.74269005847953","62.65709156193896"
"17","260","0.3","10","0","pos","small-world","42","61.49532710280374","60.03898635477582","62.83662477558348"
"19","260","0.3","10","0","pos","small-world","11","60.09345794392523","58.0896686159844","61.93895870736086"
"17","260","0.3","10","0","pos","small-world","43","61.6822429906542","60.42884990253411","62.83662477558348"
"19","260","0.3","10","0","pos","small-world","12","60.18691588785047","58.0896686159844","62.11849192100538"
"19","260","0.3","10","0","pos","small-world","13","60.280373831775705","58.0896686159844","62.29802513464991"
"15","260","0.3","10","0","pos","small-world","68","61.02803738317757","59.64912280701754","62.29802513464991"
"18","260","0.3","10","0","pos","small-world","44","60.46728971962617","58.0896686159844","62.65709156193896"
"19","260","0.3","10","0","pos","small-world","14","60.373831775700936","58.0896686159844","62.47755834829444"
"14","260","0.3","10","0","pos","small-world","143","63.36448598130842","63.93762183235867","62.83662477558348"
"16","260","0.3","10","0","pos","small-world","156","62.71028037383177","61.59844054580896","63.73429084380611"
"18","260","0.3","10","0","pos","small-world","45","60.373831775700936","58.28460038986355","62.29802513464991"
"19","260","0.3","10","0","pos","small-world","15","60.09345794392523","57.69980506822612","62.29802513464991"
"17","260","0.3","10","0","pos","small-world","44","61.96261682242991","60.81871345029239","63.016157989228006"
"15","260","0.3","10","0","pos","small-world","69","61.12149532710281","60.03898635477582","62.11849192100538"
"14","260","0.3","10","0","pos","small-world","144","63.36448598130842","64.13255360623782","62.65709156193896"
"16","260","0.3","10","0","pos","small-world","157","62.71028037383177","61.59844054580896","63.73429084380611"
"19","260","0.3","10","0","pos","small-world","16","59.90654205607476","57.50487329434698","62.11849192100538"
"16","260","0.3","10","0","pos","small-world","158","62.89719626168224","61.98830409356725","63.73429084380611"
"19","260","0.3","10","0","pos","small-world","17","60","57.69980506822612","62.11849192100538"
"14","260","0.3","10","0","pos","small-world","145","63.45794392523364","64.13255360623782","62.83662477558348"
"16","260","0.3","10","0","pos","small-world","159","62.616822429906534","61.79337231968811","63.37522441651705"
"17","260","0.3","10","0","pos","small-world","45","61.86915887850467","60.81871345029239","62.83662477558348"
"18","260","0.3","10","0","pos","small-world","46","60.373831775700936","58.0896686159844","62.47755834829444"
"15","260","0.3","10","0","pos","small-world","70","61.308411214953274","60.23391812865497","62.29802513464991"
"19","260","0.3","10","0","pos","small-world","18","60","57.69980506822612","62.11849192100538"
"19","260","0.3","10","0","pos","small-world","19","60.18691588785047","57.89473684210527","62.29802513464991"
"17","260","0.3","10","0","pos","small-world","46","62.149532710280376","61.20857699805068","63.016157989228006"
"19","260","0.3","10","0","pos","small-world","20","60","57.69980506822612","62.11849192100538"
"19","260","0.3","10","0","pos","small-world","21","59.90654205607476","57.69980506822612","61.93895870736086"
"14","260","0.3","10","0","pos","small-world","146","63.45794392523364","63.93762183235867","63.016157989228006"
"15","260","0.3","10","0","pos","small-world","71","61.40186915887851","60.42884990253411","62.29802513464991"
"17","260","0.3","10","0","pos","small-world","47","62.33644859813084","61.40350877192983","63.19569120287253"
"18","260","0.3","10","0","pos","small-world","47","60.373831775700936","58.0896686159844","62.47755834829444"
"16","260","0.3","10","0","pos","small-world","160","62.71028037383177","61.79337231968811","63.55475763016158"
"19","260","0.3","10","0","pos","small-world","22","60","57.89473684210527","61.93895870736086"
"19","260","0.3","10","0","pos","small-world","23","60.09345794392523","57.69980506822612","62.29802513464991"
"14","260","0.3","10","0","pos","small-world","147","63.64485981308411","64.13255360623782","63.19569120287253"
"15","260","0.3","10","0","pos","small-world","72","61.40186915887851","60.42884990253411","62.29802513464991"
"18","260","0.3","10","0","pos","small-world","48","60.5607476635514","58.28460038986355","62.65709156193896"
"16","260","0.3","10","0","pos","small-world","161","62.616822429906534","61.79337231968811","63.37522441651705"
"17","260","0.3","10","0","pos","small-world","48","62.05607476635514","61.20857699805068","62.83662477558348"
"19","260","0.3","10","0","pos","small-world","24","60.18691588785047","57.69980506822612","62.47755834829444"
"19","260","0.3","10","0","pos","small-world","25","60.280373831775705","57.69980506822612","62.65709156193896"
"15","260","0.3","10","0","pos","small-world","73","61.588785046728965","60.81871345029239","62.29802513464991"
"14","260","0.3","10","0","pos","small-world","148","63.64485981308411","64.13255360623782","63.19569120287253"
"18","260","0.3","10","0","pos","small-world","49","60.46728971962617","58.47953216374269","62.29802513464991"
"19","260","0.3","10","0","pos","small-world","26","60.5607476635514","57.89473684210527","63.016157989228006"
"16","260","0.3","10","0","pos","small-world","162","62.523364485981304","61.79337231968811","63.19569120287253"
"14","260","0.3","10","0","pos","small-world","149","63.83177570093458","64.5224171539961","63.19569120287253"
"17","260","0.3","10","0","pos","small-world","49","61.96261682242991","61.20857699805068","62.65709156193896"
"19","260","0.3","10","0","pos","small-world","27","60.5607476635514","57.89473684210527","63.016157989228006"
"15","260","0.3","10","0","pos","small-world","74","61.6822429906542","61.01364522417154","62.29802513464991"
"18","260","0.3","10","0","pos","small-world","50","60.5607476635514","58.67446393762184","62.29802513464991"
"16","260","0.3","10","0","pos","small-world","163","62.616822429906534","61.98830409356725","63.19569120287253"
"19","260","0.3","10","0","pos","small-world","28","60.5607476635514","58.0896686159844","62.83662477558348"
"17","260","0.3","10","0","pos","small-world","50","61.96261682242991","61.20857699805068","62.65709156193896"
"19","260","0.3","10","0","pos","small-world","29","60.46728971962617","57.89473684210527","62.83662477558348"
"15","260","0.3","10","0","pos","small-world","75","61.6822429906542","61.01364522417154","62.29802513464991"
"21","260","0.3","10","0","pos","small-world","0","60.5607476635514","59.06432748538012","61.93895870736086"
"14","260","0.3","10","0","pos","small-world","150","63.64485981308411","64.13255360623782","63.19569120287253"
"18","260","0.3","10","0","pos","small-world","51","60.46728971962617","58.47953216374269","62.29802513464991"
"16","260","0.3","10","0","pos","small-world","164","62.523364485981304","61.79337231968811","63.19569120287253"
"19","260","0.3","10","0","pos","small-world","30","60.373831775700936","57.69980506822612","62.83662477558348"
"21","260","0.3","10","0","pos","small-world","1","60.747663551401864","59.4541910331384","61.93895870736086"
"17","260","0.3","10","0","pos","small-world","51","62.05607476635514","61.20857699805068","62.83662477558348"
"21","260","0.3","10","0","pos","small-world","2","60.93457943925233","59.4541910331384","62.29802513464991"
"16","260","0.3","10","0","pos","small-world","165","62.42990654205608","61.98830409356725","62.83662477558348"
"15","260","0.3","10","0","pos","small-world","76","61.6822429906542","61.20857699805068","62.11849192100538"
"18","260","0.3","10","0","pos","small-world","52","60.46728971962617","58.47953216374269","62.29802513464991"
"19","260","0.3","10","0","pos","small-world","31","60.280373831775705","57.69980506822612","62.65709156193896"
"16","260","0.3","10","0","pos","small-world","166","62.42990654205608","62.1832358674464","62.65709156193896"
"14","260","0.3","10","0","pos","small-world","151","63.83177570093458","64.13255360623782","63.55475763016158"
"21","260","0.3","10","0","pos","small-world","3","60.93457943925233","59.4541910331384","62.29802513464991"
"19","260","0.3","10","0","pos","small-world","32","60.18691588785047","57.69980506822612","62.47755834829444"
"18","260","0.3","10","0","pos","small-world","53","60.5607476635514","58.67446393762184","62.29802513464991"
"17","260","0.3","10","0","pos","small-world","52","62.149532710280376","61.40350877192983","62.83662477558348"
"16","260","0.3","10","0","pos","small-world","167","62.42990654205608","61.98830409356725","62.83662477558348"
"19","260","0.3","10","0","pos","small-world","33","60.18691588785047","57.89473684210527","62.29802513464991"
"21","260","0.3","10","0","pos","small-world","4","60.93457943925233","59.4541910331384","62.29802513464991"
"15","260","0.3","10","0","pos","small-world","77","61.77570093457943","61.40350877192983","62.11849192100538"
"16","260","0.3","10","0","pos","small-world","168","62.523364485981304","62.1832358674464","62.83662477558348"
"14","260","0.3","10","0","pos","small-world","152","63.925233644859816","64.32748538011695","63.55475763016158"
"18","260","0.3","10","0","pos","small-world","54","60.5607476635514","58.47953216374269","62.47755834829444"
"21","260","0.3","10","0","pos","small-world","5","60.93457943925233","59.84405458089669","61.93895870736086"
"19","260","0.3","10","0","pos","small-world","34","60.09345794392523","57.89473684210527","62.11849192100538"
"16","260","0.3","10","0","pos","small-world","169","62.616822429906534","62.37816764132553","62.83662477558348"
"17","260","0.3","10","0","pos","small-world","53","62.149532710280376","61.40350877192983","62.83662477558348"
"21","260","0.3","10","0","pos","small-world","6","61.02803738317757","59.64912280701754","62.29802513464991"
"14","260","0.3","10","0","pos","small-world","153","63.925233644859816","64.32748538011695","63.55475763016158"
"19","260","0.3","10","0","pos","small-world","35","60.09345794392523","57.89473684210527","62.11849192100538"
"15","260","0.3","10","0","pos","small-world","78","61.77570093457943","61.40350877192983","62.11849192100538"
"16","260","0.3","10","0","pos","small-world","170","62.42990654205608","62.1832358674464","62.65709156193896"
"18","260","0.3","10","0","pos","small-world","55","60.5607476635514","58.47953216374269","62.47755834829444"
"20","260","0.3","10","0","pos","small-world","10","60.8411214953271","59.84405458089669","61.759425493716336"
"21","260","0.3","10","0","pos","small-world","7","61.02803738317757","59.64912280701754","62.29802513464991"
"19","260","0.3","10","0","pos","small-world","36","60","57.69980506822612","62.11849192100538"
"20","260","0.3","10","0","pos","small-world","11","61.02803738317757","59.84405458089669","62.11849192100538"
"21","260","0.3","10","0","pos","small-world","8","61.02803738317757","59.84405458089669","62.11849192100538"
"17","260","0.3","10","0","pos","small-world","54","62.05607476635514","61.20857699805068","62.83662477558348"
"19","260","0.3","10","0","pos","small-world","37","59.90654205607476","57.69980506822612","61.93895870736086"
"20","260","0.3","10","0","pos","small-world","12","60.93457943925233","59.64912280701754","62.11849192100538"
"14","260","0.3","10","0","pos","small-world","154","63.73831775700934","64.5224171539961","63.016157989228006"
"15","260","0.3","10","0","pos","small-world","79","61.86915887850467","61.40350877192983","62.29802513464991"
"18","260","0.3","10","0","pos","small-world","56","60.5607476635514","58.47953216374269","62.47755834829444"
"21","260","0.3","10","0","pos","small-world","9","61.02803738317757","60.03898635477582","61.93895870736086"
"16","260","0.3","10","0","pos","small-world","171","62.42990654205608","62.1832358674464","62.65709156193896"
"20","260","0.3","10","0","pos","small-world","13","61.12149532710281","59.84405458089669","62.29802513464991"
"19","260","0.3","10","0","pos","small-world","38","59.813084112149525","57.50487329434698","61.93895870736086"
"14","260","0.3","10","0","pos","small-world","155","63.83177570093458","64.5224171539961","63.19569120287253"
"16","260","0.3","10","0","pos","small-world","172","62.42990654205608","62.1832358674464","62.65709156193896"
"20","260","0.3","10","0","pos","small-world","14","61.02803738317757","59.84405458089669","62.11849192100538"
"21","260","0.3","10","0","pos","small-world","10","61.12149532710281","60.03898635477582","62.11849192100538"
"19","260","0.3","10","0","pos","small-world","39","59.813084112149525","57.30994152046783","62.11849192100538"
"18","260","0.3","10","0","pos","small-world","57","60.46728971962617","58.28460038986355","62.47755834829444"
"17","260","0.3","10","0","pos","small-world","55","62.24299065420561","61.59844054580896","62.83662477558348"
"14","260","0.3","10","0","pos","small-world","156","63.64485981308411","64.13255360623782","63.19569120287253"
"15","260","0.3","10","0","pos","small-world","80","61.588785046728965","61.20857699805068","61.93895870736086"
"21","260","0.3","10","0","pos","small-world","11","61.12149532710281","60.03898635477582","62.11849192100538"
"20","260","0.3","10","0","pos","small-world","15","61.12149532710281","59.84405458089669","62.29802513464991"
"17","260","0.3","10","0","pos","small-world","56","62.33644859813084","61.59844054580896","63.016157989228006"
"14","260","0.3","10","0","pos","small-world","157","63.64485981308411","64.13255360623782","63.19569120287253"
"18","260","0.3","10","0","pos","small-world","58","60.46728971962617","58.28460038986355","62.47755834829444"
"16","260","0.3","10","0","pos","small-world","173","62.42990654205608","62.1832358674464","62.65709156193896"
"21","260","0.3","10","0","pos","small-world","12","60.93457943925233","59.64912280701754","62.11849192100538"
"17","260","0.3","10","0","pos","small-world","57","62.33644859813084","61.59844054580896","63.016157989228006"
"15","260","0.3","10","0","pos","small-world","81","61.49532710280374","61.01364522417154","61.93895870736086"
"21","260","0.3","10","0","pos","small-world","13","61.02803738317757","59.64912280701754","62.29802513464991"
"20","260","0.3","10","0","pos","small-world","16","61.308411214953274","60.42884990253411","62.11849192100538"
"14","260","0.3","10","0","pos","small-world","158","63.73831775700934","64.13255360623782","63.37522441651705"
"19","260","0.3","10","0","pos","small-world","40","59.7196261682243","57.30994152046783","61.93895870736086"
"16","260","0.3","10","0","pos","small-world","174","62.616822429906534","62.57309941520468","62.65709156193896"
"18","260","0.3","10","0","pos","small-world","59","60.46728971962617","58.28460038986355","62.47755834829444"
"21","260","0.3","10","0","pos","small-world","14","61.02803738317757","59.64912280701754","62.29802513464991"
"20","260","0.3","10","0","pos","small-world","17","61.308411214953274","60.62378167641326","61.93895870736086"
"21","260","0.3","10","0","pos","small-world","15","61.02803738317757","59.84405458089669","62.11849192100538"
"17","260","0.3","10","0","pos","small-world","58","62.33644859813084","61.59844054580896","63.016157989228006"
"19","260","0.3","10","0","pos","small-world","41","59.813084112149525","57.50487329434698","61.93895870736086"
"14","260","0.3","10","0","pos","small-world","159","63.73831775700934","64.13255360623782","63.37522441651705"
"20","260","0.3","10","0","pos","small-world","18","61.12149532710281","60.62378167641326","61.57989228007181"
"15","260","0.3","10","0","pos","small-world","82","61.40186915887851","60.81871345029239","61.93895870736086"
"18","260","0.3","10","0","pos","small-world","60","60.373831775700936","57.89473684210527","62.65709156193896"
"21","260","0.3","10","0","pos","small-world","16","61.21495327102804","59.84405458089669","62.47755834829444"
"16","260","0.3","10","0","pos","small-world","175","62.99065420560748","62.768031189083814","63.19569120287253"
"17","260","0.3","10","0","pos","small-world","59","62.33644859813084","61.59844054580896","63.016157989228006"
"14","260","0.3","10","0","pos","small-world","160","63.925233644859816","64.5224171539961","63.37522441651705"
"18","260","0.3","10","0","pos","small-world","61","60.373831775700936","57.89473684210527","62.65709156193896"
"20","260","0.3","10","0","pos","small-world","19","61.02803738317757","60.81871345029239","61.22082585278277"
"21","260","0.3","10","0","pos","small-world","17","61.21495327102804","59.84405458089669","62.47755834829444"
"18","260","0.3","10","0","pos","small-world","62","60.280373831775705","57.69980506822612","62.65709156193896"
"14","260","0.3","10","0","pos","small-world","161","63.925233644859816","64.71734892787524","63.19569120287253"
"19","260","0.3","10","0","pos","small-world","42","59.7196261682243","57.30994152046783","61.93895870736086"
"16","260","0.3","10","0","pos","small-world","176","62.99065420560748","62.57309941520468","63.37522441651705"
"20","260","0.3","10","0","pos","small-world","20","60.93457943925233","60.62378167641326","61.22082585278277"
"17","260","0.3","10","0","pos","small-world","60","62.33644859813084","61.79337231968811","62.83662477558348"
"15","260","0.3","10","0","pos","small-world","83","61.49532710280374","61.01364522417154","61.93895870736086"
"21","260","0.3","10","0","pos","small-world","18","61.40186915887851","60.23391812865497","62.47755834829444"
"16","260","0.3","10","0","pos","small-world","177","63.084112149532714","62.57309941520468","63.55475763016158"
"19","260","0.3","10","0","pos","small-world","43","59.813084112149525","57.69980506822612","61.759425493716336"
"20","260","0.3","10","0","pos","small-world","21","61.02803738317757","60.62378167641326","61.40035906642729"
"17","260","0.3","10","0","pos","small-world","61","62.33644859813084","61.98830409356725","62.65709156193896"
"16","260","0.3","10","0","pos","small-world","178","63.084112149532714","62.37816764132553","63.73429084380611"
"14","260","0.3","10","0","pos","small-world","162","64.01869158878505","64.71734892787524","63.37522441651705"
"20","260","0.3","10","0","pos","small-world","22","60.93457943925233","60.42884990253411","61.40035906642729"
"18","260","0.3","10","0","pos","small-world","63","60.280373831775705","57.50487329434698","62.83662477558348"
"15","260","0.3","10","0","pos","small-world","84","61.40186915887851","60.81871345029239","61.93895870736086"
"16","260","0.3","10","0","pos","small-world","179","63.084112149532714","62.37816764132553","63.73429084380611"
"17","260","0.3","10","0","pos","small-world","62","62.42990654205608","62.1832358674464","62.65709156193896"
"19","260","0.3","10","0","pos","small-world","44","59.7196261682243","57.50487329434698","61.759425493716336"
"21","260","0.3","10","0","pos","small-world","19","61.40186915887851","60.23391812865497","62.47755834829444"
"18","260","0.3","10","0","pos","small-world","64","60.18691588785047","57.30994152046783","62.83662477558348"
"14","260","0.3","10","0","pos","small-world","163","63.925233644859816","64.71734892787524","63.19569120287253"
"20","260","0.3","10","0","pos","small-world","23","61.02803738317757","60.62378167641326","61.40035906642729"
"16","260","0.3","10","0","pos","small-world","180","63.177570093457945","62.37816764132553","63.91382405745063"
"19","260","0.3","10","0","pos","small-world","45","59.62616822429907","57.30994152046783","61.759425493716336"
"16","260","0.3","10","0","pos","small-world","181","63.177570093457945","62.37816764132553","63.91382405745063"
"17","260","0.3","10","0","pos","small-world","63","62.33644859813084","61.98830409356725","62.65709156193896"
"18","260","0.3","10","0","pos","small-world","65","60","57.1150097465887","62.65709156193896"
"21","260","0.3","10","0","pos","small-world","20","61.40186915887851","60.03898635477582","62.65709156193896"
"20","260","0.3","10","0","pos","small-world","24","61.21495327102804","60.62378167641326","61.759425493716336"
"14","260","0.3","10","0","pos","small-world","164","64.20560747663552","64.91228070175438","63.55475763016158"
"15","260","0.3","10","0","pos","small-world","85","61.308411214953274","60.62378167641326","61.93895870736086"
"19","260","0.3","10","0","pos","small-world","46","59.813084112149525","57.50487329434698","61.93895870736086"
"16","260","0.3","10","0","pos","small-world","182","63.177570093457945","62.37816764132553","63.91382405745063"
"18","260","0.3","10","0","pos","small-world","66","60.09345794392523","57.30994152046783","62.65709156193896"
"17","260","0.3","10","0","pos","small-world","64","62.33644859813084","61.98830409356725","62.65709156193896"
"21","260","0.3","10","0","pos","small-world","21","61.40186915887851","60.23391812865497","62.47755834829444"
"14","260","0.3","10","0","pos","small-world","165","64.11214953271028","65.10721247563353","63.19569120287253"
"20","260","0.3","10","0","pos","small-world","25","61.12149532710281","60.62378167641326","61.57989228007181"
"15","260","0.3","10","0","pos","small-world","86","61.40186915887851","60.62378167641326","62.11849192100538"
"19","260","0.3","10","0","pos","small-world","47","60","57.69980506822612","62.11849192100538"
"18","260","0.3","10","0","pos","small-world","67","60","57.1150097465887","62.65709156193896"
"16","260","0.3","10","0","pos","small-world","183","62.89719626168224","62.1832358674464","63.55475763016158"
"21","260","0.3","10","0","pos","small-world","22","61.308411214953274","60.03898635477582","62.47755834829444"
"20","260","0.3","10","0","pos","small-world","26","61.308411214953274","61.01364522417154","61.57989228007181"
"14","260","0.3","10","0","pos","small-world","166","64.20560747663552","65.30214424951268","63.19569120287253"
"19","260","0.3","10","0","pos","small-world","48","60.09345794392523","57.69980506822612","62.29802513464991"
"21","260","0.3","10","0","pos","small-world","23","61.21495327102804","59.84405458089669","62.47755834829444"
"18","260","0.3","10","0","pos","small-world","68","60","57.30994152046783","62.47755834829444"
"20","260","0.3","10","0","pos","small-world","27","61.308411214953274","61.01364522417154","61.57989228007181"
"15","260","0.3","10","0","pos","small-world","87","61.308411214953274","60.42884990253411","62.11849192100538"
"18","260","0.3","10","0","pos","small-world","69","60.18691588785047","57.89473684210527","62.29802513464991"
"21","260","0.3","10","0","pos","small-world","24","61.308411214953274","60.23391812865497","62.29802513464991"
"19","260","0.3","10","0","pos","small-world","49","60.09345794392523","57.69980506822612","62.29802513464991"
"17","260","0.3","10","0","pos","small-world","65","62.149532710280376","61.98830409356725","62.29802513464991"
"20","260","0.3","10","0","pos","small-world","28","61.12149532710281","60.81871345029239","61.40035906642729"
"16","260","0.3","10","0","pos","small-world","184","62.99065420560748","62.1832358674464","63.73429084380611"
"14","260","0.3","10","0","pos","small-world","167","64.39252336448598","65.49707602339181","63.37522441651705"
"16","260","0.3","10","0","pos","small-world","185","62.99065420560748","61.98830409356725","63.91382405745063"
"18","260","0.3","10","0","pos","small-world","70","60.373831775700936","58.28460038986355","62.29802513464991"
"19","260","0.3","10","0","pos","small-world","50","60.09345794392523","57.89473684210527","62.11849192100538"
"16","260","0.3","10","0","pos","small-world","186","62.89719626168224","61.98830409356725","63.73429084380611"
"14","260","0.3","10","0","pos","small-world","168","64.57943925233644","65.49707602339181","63.73429084380611"
"20","260","0.3","10","0","pos","small-world","29","61.12149532710281","61.01364522417154","61.22082585278277"
"19","260","0.3","10","0","pos","small-world","51","60.09345794392523","57.89473684210527","62.11849192100538"
"21","260","0.3","10","0","pos","small-world","25","61.21495327102804","60.23391812865497","62.11849192100538"
"16","260","0.3","10","0","pos","small-world","187","62.99065420560748","61.98830409356725","63.91382405745063"
"18","260","0.3","10","0","pos","small-world","71","60.46728971962617","58.0896686159844","62.65709156193896"
"14","260","0.3","10","0","pos","small-world","169","64.57943925233644","65.10721247563353","64.09335727109516"
"20","260","0.3","10","0","pos","small-world","30","61.308411214953274","61.01364522417154","61.57989228007181"
"19","260","0.3","10","0","pos","small-world","52","59.90654205607476","57.50487329434698","62.11849192100538"
"21","260","0.3","10","0","pos","small-world","26","61.21495327102804","60.42884990253411","61.93895870736086"
"14","260","0.3","10","0","pos","small-world","170","64.39252336448598","65.10721247563353","63.73429084380611"
"21","260","0.3","10","0","pos","small-world","27","61.40186915887851","60.42884990253411","62.29802513464991"
"19","260","0.3","10","0","pos","small-world","53","60","57.69980506822612","62.11849192100538"
"20","260","0.3","10","0","pos","small-world","31","61.21495327102804","60.81871345029239","61.57989228007181"
"18","260","0.3","10","0","pos","small-world","72","60.5607476635514","57.89473684210527","63.016157989228006"
"16","260","0.3","10","0","pos","small-world","188","62.99065420560748","61.98830409356725","63.91382405745063"
"14","260","0.3","10","0","pos","small-world","171","64.48598130841121","65.10721247563353","63.91382405745063"
"19","260","0.3","10","0","pos","small-world","54","59.90654205607476","57.50487329434698","62.11849192100538"
"20","260","0.3","10","0","pos","small-world","32","61.02803738317757","60.62378167641326","61.40035906642729"
"14","260","0.3","10","0","pos","small-world","172","64.39252336448598","65.10721247563353","63.73429084380611"
"19","260","0.3","10","0","pos","small-world","55","60.09345794392523","57.89473684210527","62.11849192100538"
"16","260","0.3","10","0","pos","small-world","189","63.084112149532714","62.1832358674464","63.91382405745063"
"20","260","0.3","10","0","pos","small-world","33","61.02803738317757","60.81871345029239","61.22082585278277"
"15","260","0.3","10","0","pos","small-world","88","61.6822429906542","61.01364522417154","62.29802513464991"
"21","260","0.3","10","0","pos","small-world","28","61.40186915887851","60.42884990253411","62.29802513464991"
"14","260","0.3","10","0","pos","small-world","173","64.39252336448598","65.10721247563353","63.73429084380611"
"16","260","0.3","10","0","pos","small-world","190","63.084112149532714","62.1832358674464","63.91382405745063"
"19","260","0.3","10","0","pos","small-world","56","60.18691588785047","57.89473684210527","62.29802513464991"
"20","260","0.3","10","0","pos","small-world","34","61.12149532710281","60.81871345029239","61.40035906642729"
"17","260","0.3","10","0","pos","small-world","66","62.149532710280376","61.98830409356725","62.29802513464991"
"18","260","0.3","10","0","pos","small-world","73","60.5607476635514","57.89473684210527","63.016157989228006"
"20","260","0.3","10","0","pos","small-world","35","61.12149532710281","60.42884990253411","61.759425493716336"
"21","260","0.3","10","0","pos","small-world","29","61.49532710280374","60.42884990253411","62.47755834829444"
"15","260","0.3","10","0","pos","small-world","89","61.6822429906542","61.01364522417154","62.29802513464991"
"18","260","0.3","10","0","pos","small-world","74","60.65420560747663","58.28460038986355","62.83662477558348"
"14","260","0.3","10","0","pos","small-world","174","64.67289719626169","65.10721247563353","64.27289048473968"
"16","260","0.3","10","0","pos","small-world","191","62.99065420560748","61.98830409356725","63.91382405745063"
"19","260","0.3","10","0","pos","small-world","57","60.280373831775705","57.89473684210527","62.47755834829444"
"17","260","0.3","10","0","pos","small-world","67","62.24299065420561","61.98830409356725","62.47755834829444"
"21","260","0.3","10","0","pos","small-world","30","61.77570093457943","60.62378167641326","62.83662477558348"
"20","260","0.3","10","0","pos","small-world","36","61.308411214953274","60.62378167641326","61.93895870736086"
"21","260","0.3","10","0","pos","small-world","31","61.96261682242991","60.42884990253411","63.37522441651705"
"20","260","0.3","10","0","pos","small-world","37","61.21495327102804","60.42884990253411","61.93895870736086"
"16","260","0.3","10","0","pos","small-world","192","62.89719626168224","61.98830409356725","63.73429084380611"
"19","260","0.3","10","0","pos","small-world","58","60.373831775700936","58.0896686159844","62.47755834829444"
"18","260","0.3","10","0","pos","small-world","75","60.65420560747663","58.28460038986355","62.83662477558348"
"15","260","0.3","10","0","pos","small-world","90","61.588785046728965","61.01364522417154","62.11849192100538"
"17","260","0.3","10","0","pos","small-world","68","62.24299065420561","61.98830409356725","62.47755834829444"
"14","260","0.3","10","0","pos","small-world","175","64.57943925233644","65.10721247563353","64.09335727109516"
"20","260","0.3","10","0","pos","small-world","38","61.12149532710281","60.23391812865497","61.93895870736086"
"21","260","0.3","10","0","pos","small-world","32","62.149532710280376","60.62378167641326","63.55475763016158"
"19","260","0.3","10","0","pos","small-world","59","60.280373831775705","57.89473684210527","62.47755834829444"
"18","260","0.3","10","0","pos","small-world","76","60.65420560747663","58.28460038986355","62.83662477558348"
"20","260","0.3","10","0","pos","small-world","39","60.747663551401864","59.4541910331384","61.93895870736086"
"19","260","0.3","10","0","pos","small-world","60","60.18691588785047","57.69980506822612","62.47755834829444"
"21","260","0.3","10","0","pos","small-world","33","62.42990654205608","60.62378167641326","64.09335727109516"
"15","260","0.3","10","0","pos","small-world","91","61.49532710280374","60.81871345029239","62.11849192100538"
"14","260","0.3","10","0","pos","small-world","176","64.76635514018692","65.30214424951268","64.27289048473968"
"17","260","0.3","10","0","pos","small-world","69","62.149532710280376","61.98830409356725","62.29802513464991"
"16","260","0.3","10","0","pos","small-world","193","62.71028037383177","61.59844054580896","63.73429084380611"
"20","260","0.3","10","0","pos","small-world","40","60.747663551401864","59.4541910331384","61.93895870736086"
"18","260","0.3","10","0","pos","small-world","77","60.65420560747663","58.47953216374269","62.65709156193896"
"21","260","0.3","10","0","pos","small-world","34","62.33644859813084","60.62378167641326","63.91382405745063"
"19","260","0.3","10","0","pos","small-world","61","60.09345794392523","57.69980506822612","62.29802513464991"
"17","260","0.3","10","0","pos","small-world","70","62.05607476635514","61.59844054580896","62.47755834829444"
"20","260","0.3","10","0","pos","small-world","41","60.747663551401864","59.4541910331384","61.93895870736086"
"18","260","0.3","10","0","pos","small-world","78","60.747663551401864","58.67446393762184","62.65709156193896"
"21","260","0.3","10","0","pos","small-world","35","62.42990654205608","60.81871345029239","63.91382405745063"
"15","260","0.3","10","0","pos","small-world","92","61.49532710280374","60.81871345029239","62.11849192100538"
"14","260","0.3","10","0","pos","small-world","177","64.85981308411215","65.49707602339181","64.27289048473968"
"20","260","0.3","10","0","pos","small-world","42","60.65420560747663","59.4541910331384","61.759425493716336"
"19","260","0.3","10","0","pos","small-world","62","60.18691588785047","57.69980506822612","62.47755834829444"
"16","260","0.3","10","0","pos","small-world","194","62.80373831775701","61.59844054580896","63.91382405745063"
"21","260","0.3","10","0","pos","small-world","36","62.33644859813084","60.81871345029239","63.73429084380611"
"14","260","0.3","10","0","pos","small-world","178","64.85981308411215","65.49707602339181","64.27289048473968"
"18","260","0.3","10","0","pos","small-world","79","60.93457943925233","58.67446393762184","63.016157989228006"
"16","260","0.3","10","0","pos","small-world","195","62.71028037383177","61.59844054580896","63.73429084380611"
"17","260","0.3","10","0","pos","small-world","71","61.96261682242991","61.40350877192983","62.47755834829444"
"14","260","0.3","10","0","pos","small-world","179","64.95327102803739","65.49707602339181","64.4524236983842"
"19","260","0.3","10","0","pos","small-world","63","60.09345794392523","57.69980506822612","62.29802513464991"
"15","260","0.3","10","0","pos","small-world","93","61.308411214953274","60.42884990253411","62.11849192100538"
"16","260","0.3","10","0","pos","small-world","196","62.71028037383177","61.59844054580896","63.73429084380611"
"21","260","0.3","10","0","pos","small-world","37","62.24299065420561","60.81871345029239","63.55475763016158"
"20","260","0.3","10","0","pos","small-world","43","60.8411214953271","59.84405458089669","61.759425493716336"
"19","260","0.3","10","0","pos","small-world","64","60","57.69980506822612","62.11849192100538"
"14","260","0.3","10","0","pos","small-world","180","64.85981308411215","65.49707602339181","64.27289048473968"
"18","260","0.3","10","0","pos","small-world","80","61.02803738317757","58.86939571150097","63.016157989228006"
"15","260","0.3","10","0","pos","small-world","94","61.308411214953274","60.23391812865497","62.29802513464991"
"16","260","0.3","10","0","pos","small-world","197","62.89719626168224","61.79337231968811","63.91382405745063"
"20","260","0.3","10","0","pos","small-world","44","60.747663551401864","59.84405458089669","61.57989228007181"
"14","260","0.3","10","0","pos","small-world","181","64.95327102803739","65.69200779727096","64.27289048473968"
"19","260","0.3","10","0","pos","small-world","65","60.09345794392523","57.89473684210527","62.11849192100538"
"21","260","0.3","10","0","pos","small-world","38","62.24299065420561","60.81871345029239","63.55475763016158"
"17","260","0.3","10","0","pos","small-world","72","61.96261682242991","61.20857699805068","62.65709156193896"
"16","260","0.3","10","0","pos","small-world","198","62.80373831775701","61.79337231968811","63.73429084380611"
"15","260","0.3","10","0","pos","small-world","95","61.308411214953274","60.23391812865497","62.29802513464991"
"18","260","0.3","10","0","pos","small-world","81","61.21495327102804","59.06432748538012","63.19569120287253"
"17","260","0.3","10","0","pos","small-world","73","61.96261682242991","61.40350877192983","62.47755834829444"
"20","260","0.3","10","0","pos","small-world","45","61.21495327102804","60.23391812865497","62.11849192100538"
"21","260","0.3","10","0","pos","small-world","39","62.149532710280376","60.81871345029239","63.37522441651705"
"19","260","0.3","10","0","pos","small-world","66","60.280373831775705","58.0896686159844","62.29802513464991"
"14","260","0.3","10","0","pos","small-world","182","65.23364485981308","66.08187134502924","64.4524236983842"
"16","260","0.3","10","0","pos","small-world","199","62.80373831775701","61.79337231968811","63.73429084380611"
"21","260","0.3","10","0","pos","small-world","40","62.05607476635514","60.81871345029239","63.19569120287253"
"16","260","0.3","10","0","pos","small-world","200","62.71028037383177","61.79337231968811","63.55475763016158"
"17","260","0.3","10","0","pos","small-world","74","61.96261682242991","61.40350877192983","62.47755834829444"
"14","260","0.3","10","0","pos","small-world","183","65.23364485981308","66.08187134502924","64.4524236983842"
"19","260","0.3","10","0","pos","small-world","67","60.5607476635514","58.47953216374269","62.47755834829444"
"20","260","0.3","10","0","pos","small-world","46","61.12149532710281","60.42884990253411","61.759425493716336"
"16","260","0.3","10","0","pos","small-world","201","62.616822429906534","61.79337231968811","63.37522441651705"
"18","260","0.3","10","0","pos","small-world","82","61.21495327102804","59.06432748538012","63.19569120287253"
"15","260","0.3","10","0","pos","small-world","96","61.308411214953274","60.23391812865497","62.29802513464991"
"21","260","0.3","10","0","pos","small-world","41","62.149532710280376","61.01364522417154","63.19569120287253"
"19","260","0.3","10","0","pos","small-world","68","60.65420560747663","58.67446393762184","62.47755834829444"
"14","260","0.3","10","0","pos","small-world","184","65.42056074766354","66.27680311890838","64.63195691202873"
"16","260","0.3","10","0","pos","small-world","202","62.42990654205608","61.79337231968811","63.016157989228006"
"20","260","0.3","10","0","pos","small-world","47","61.02803738317757","60.42884990253411","61.57989228007181"
"17","260","0.3","10","0","pos","small-world","75","61.96261682242991","61.20857699805068","62.65709156193896"
"18","260","0.3","10","0","pos","small-world","83","61.49532710280374","59.25925925925925","63.55475763016158"
"14","260","0.3","10","0","pos","small-world","185","65.32710280373831","66.08187134502924","64.63195691202873"
"20","260","0.3","10","0","pos","small-world","48","61.21495327102804","60.42884990253411","61.93895870736086"
"16","260","0.3","10","0","pos","small-world","203","62.523364485981304","61.79337231968811","63.19569120287253"
"15","260","0.3","10","0","pos","small-world","97","61.12149532710281","60.23391812865497","61.93895870736086"
"19","260","0.3","10","0","pos","small-world","69","60.65420560747663","58.67446393762184","62.47755834829444"
"17","260","0.3","10","0","pos","small-world","76","61.86915887850467","61.20857699805068","62.47755834829444"
"21","260","0.3","10","0","pos","small-world","42","61.96261682242991","60.62378167641326","63.19569120287253"
"16","260","0.3","10","0","pos","small-world","204","62.42990654205608","61.59844054580896","63.19569120287253"
"14","260","0.3","10","0","pos","small-world","186","65.42056074766354","66.08187134502924","64.81149012567326"
"20","260","0.3","10","0","pos","small-world","49","61.21495327102804","60.42884990253411","61.93895870736086"
"16","260","0.3","10","0","pos","small-world","205","62.42990654205608","61.40350877192983","63.37522441651705"
"14","260","0.3","10","0","pos","small-world","187","65.51401869158879","66.47173489278752","64.63195691202873"
"18","260","0.3","10","0","pos","small-world","84","61.49532710280374","59.25925925925925","63.55475763016158"
"16","260","0.3","10","0","pos","small-world","206","62.71028037383177","61.79337231968811","63.55475763016158"
"20","260","0.3","10","0","pos","small-world","50","61.40186915887851","60.62378167641326","62.11849192100538"
"19","260","0.3","10","0","pos","small-world","70","60.747663551401864","58.67446393762184","62.65709156193896"
"21","260","0.3","10","0","pos","small-world","43","61.86915887850467","60.42884990253411","63.19569120287253"
"14","260","0.3","10","0","pos","small-world","188","65.60747663551402","66.47173489278752","64.81149012567326"
"15","260","0.3","10","0","pos","small-world","98","61.49532710280374","60.81871345029239","62.11849192100538"
"18","260","0.3","10","0","pos","small-world","85","61.49532710280374","59.25925925925925","63.55475763016158"
"20","260","0.3","10","0","pos","small-world","51","61.308411214953274","60.81871345029239","61.759425493716336"
"17","260","0.3","10","0","pos","small-world","77","61.86915887850467","61.20857699805068","62.47755834829444"
"19","260","0.3","10","0","pos","small-world","71","61.02803738317757","59.06432748538012","62.83662477558348"
"14","260","0.3","10","0","pos","small-world","189","65.7943925233645","66.66666666666666","64.99102333931778"
"21","260","0.3","10","0","pos","small-world","44","61.96261682242991","60.42884990253411","63.37522441651705"
"16","260","0.3","10","0","pos","small-world","207","62.71028037383177","61.79337231968811","63.55475763016158"
"14","260","0.3","10","0","pos","small-world","190","65.88785046728972","66.66666666666666","65.1705565529623"
"20","260","0.3","10","0","pos","small-world","52","61.49532710280374","61.01364522417154","61.93895870736086"
"15","260","0.3","10","0","pos","small-world","99","61.588785046728965","60.81871345029239","62.29802513464991"
"19","260","0.3","10","0","pos","small-world","72","61.308411214953274","59.06432748538012","63.37522441651705"
"18","260","0.3","10","0","pos","small-world","86","61.49532710280374","59.25925925925925","63.55475763016158"
"21","260","0.3","10","0","pos","small-world","45","61.96261682242991","60.42884990253411","63.37522441651705"
"17","260","0.3","10","0","pos","small-world","78","62.149532710280376","61.59844054580896","62.65709156193896"
"16","260","0.3","10","0","pos","small-world","208","62.80373831775701","61.79337231968811","63.73429084380611"
"20","260","0.3","10","0","pos","small-world","53","61.86915887850467","61.40350877192983","62.29802513464991"
"16","260","0.3","10","0","pos","small-world","209","62.71028037383177","61.79337231968811","63.55475763016158"
"14","260","0.3","10","0","pos","small-world","191","65.88785046728972","66.8615984405458","64.99102333931778"
"16","260","0.3","10","0","pos","small-world","210","62.80373831775701","61.79337231968811","63.73429084380611"
"19","260","0.3","10","0","pos","small-world","73","61.40186915887851","58.86939571150097","63.73429084380611"
"21","260","0.3","10","0","pos","small-world","46","62.05607476635514","60.62378167641326","63.37522441651705"
"17","260","0.3","10","0","pos","small-world","79","62.24299065420561","61.59844054580896","62.83662477558348"
"15","260","0.3","10","0","pos","small-world","100","61.49532710280374","60.81871345029239","62.11849192100538"
"18","260","0.3","10","0","pos","small-world","87","61.588785046728965","59.4541910331384","63.55475763016158"
"21","260","0.3","10","0","pos","small-world","47","61.96261682242991","60.42884990253411","63.37522441651705"
"19","260","0.3","10","0","pos","small-world","74","61.6822429906542","59.25925925925925","63.91382405745063"
"20","260","0.3","10","0","pos","small-world","54","62.05607476635514","61.79337231968811","62.29802513464991"
"16","260","0.3","10","0","pos","small-world","211","62.80373831775701","61.79337231968811","63.73429084380611"
"14","260","0.3","10","0","pos","small-world","192","66.26168224299064","67.05653021442495","65.52962298025135"
"16","260","0.3","10","0","pos","small-world","212","63.177570093457945","61.98830409356725","64.27289048473968"
"15","260","0.3","10","0","pos","small-world","101","61.40186915887851","60.62378167641326","62.11849192100538"
"21","260","0.3","10","0","pos","small-world","48","62.24299065420561","60.62378167641326","63.73429084380611"
"20","260","0.3","10","0","pos","small-world","55","62.05607476635514","61.79337231968811","62.29802513464991"
"17","260","0.3","10","0","pos","small-world","80","62.24299065420561","61.59844054580896","62.83662477558348"
"18","260","0.3","10","0","pos","small-world","88","61.6822429906542","59.4541910331384","63.73429084380611"
"19","260","0.3","10","0","pos","small-world","75","61.588785046728965","59.25925925925925","63.73429084380611"
"14","260","0.3","10","0","pos","small-world","193","66.16822429906543","66.8615984405458","65.52962298025135"
"16","260","0.3","10","0","pos","small-world","213","63.36448598130842","62.1832358674464","64.4524236983842"
"16","260","0.3","10","0","pos","small-world","214","63.36448598130842","62.1832358674464","64.4524236983842"
"17","260","0.3","10","0","pos","small-world","81","62.42990654205608","61.59844054580896","63.19569120287253"
"16","260","0.3","10","0","pos","small-world","215","63.36448598130842","62.1832358674464","64.4524236983842"
"18","260","0.3","10","0","pos","small-world","89","61.77570093457943","59.4541910331384","63.91382405745063"
"15","260","0.3","10","0","pos","small-world","102","61.588785046728965","60.62378167641326","62.47755834829444"
"20","260","0.3","10","0","pos","small-world","56","62.149532710280376","61.79337231968811","62.47755834829444"
"19","260","0.3","10","0","pos","small-world","76","61.588785046728965","59.4541910331384","63.55475763016158"
"21","260","0.3","10","0","pos","small-world","49","62.24299065420561","60.62378167641326","63.73429084380611"
"14","260","0.3","10","0","pos","small-world","194","66.07476635514018","66.66666666666666","65.52962298025135"
"16","260","0.3","10","0","pos","small-world","216","63.177570093457945","62.1832358674464","64.09335727109516"
"20","260","0.3","10","0","pos","small-world","57","62.33644859813084","61.79337231968811","62.83662477558348"
"18","260","0.3","10","0","pos","small-world","90","61.6822429906542","59.25925925925925","63.91382405745063"
"21","260","0.3","10","0","pos","small-world","50","62.24299065420561","60.62378167641326","63.73429084380611"
"19","260","0.3","10","0","pos","small-world","77","61.588785046728965","59.4541910331384","63.55475763016158"
"16","260","0.3","10","0","pos","small-world","217","63.177570093457945","62.1832358674464","64.09335727109516"
"20","260","0.3","10","0","pos","small-world","58","62.33644859813084","61.79337231968811","62.83662477558348"
"14","260","0.3","10","0","pos","small-world","195","66.16822429906543","66.66666666666666","65.70915619389586"
"18","260","0.3","10","0","pos","small-world","91","61.6822429906542","59.4541910331384","63.73429084380611"
"16","260","0.3","10","0","pos","small-world","218","63.36448598130842","62.37816764132553","64.27289048473968"
"15","260","0.3","10","0","pos","small-world","103","61.588785046728965","60.62378167641326","62.47755834829444"
"17","260","0.3","10","0","pos","small-world","82","62.42990654205608","61.59844054580896","63.19569120287253"
"21","260","0.3","10","0","pos","small-world","51","62.33644859813084","60.81871345029239","63.73429084380611"
"16","260","0.3","10","0","pos","small-world","219","63.36448598130842","62.37816764132553","64.27289048473968"
"19","260","0.3","10","0","pos","small-world","78","61.49532710280374","59.4541910331384","63.37522441651705"
"20","260","0.3","10","0","pos","small-world","59","62.42990654205608","61.79337231968811","63.016157989228006"
"14","260","0.3","10","0","pos","small-world","196","65.98130841121495","66.47173489278752","65.52962298025135"
"20","260","0.3","10","0","pos","small-world","60","62.523364485981304","61.79337231968811","63.19569120287253"
"19","260","0.3","10","0","pos","small-world","79","61.49532710280374","59.4541910331384","63.37522441651705"
"21","260","0.3","10","0","pos","small-world","52","62.149532710280376","60.62378167641326","63.55475763016158"
"18","260","0.3","10","0","pos","small-world","92","61.77570093457943","59.84405458089669","63.55475763016158"
"17","260","0.3","10","0","pos","small-world","83","62.523364485981304","61.59844054580896","63.37522441651705"
"20","260","0.3","10","0","pos","small-world","61","62.616822429906534","61.79337231968811","63.37522441651705"
"19","260","0.3","10","0","pos","small-world","80","61.6822429906542","59.84405458089669","63.37522441651705"
"21","260","0.3","10","0","pos","small-world","53","62.05607476635514","60.62378167641326","63.37522441651705"
"20","260","0.3","10","0","pos","small-world","62","62.616822429906534","61.98830409356725","63.19569120287253"
"19","260","0.3","10","0","pos","small-world","81","61.6822429906542","59.84405458089669","63.37522441651705"
"21","260","0.3","10","0","pos","small-world","54","62.05607476635514","60.42884990253411","63.55475763016158"
"20","260","0.3","10","0","pos","small-world","63","62.80373831775701","62.1832358674464","63.37522441651705"
"19","260","0.3","10","0","pos","small-world","82","61.86915887850467","60.03898635477582","63.55475763016158"
"21","260","0.3","10","0","pos","small-world","55","62.24299065420561","60.42884990253411","63.91382405745063"
"14","260","0.3","10","0","pos","small-world","197","65.88785046728972","66.47173489278752","65.35008976660683"
"20","260","0.3","10","0","pos","small-world","64","62.71028037383177","61.98830409356725","63.37522441651705"
"16","260","0.3","10","0","pos","small-world","220","63.27102803738318","62.37816764132553","64.09335727109516"
"19","260","0.3","10","0","pos","small-world","83","61.96261682242991","60.03898635477582","63.73429084380611"
"20","260","0.3","10","0","pos","small-world","65","62.99065420560748","62.37816764132553","63.55475763016158"
"16","260","0.3","10","0","pos","small-world","221","63.27102803738318","62.37816764132553","64.09335727109516"
"19","260","0.3","10","0","pos","small-world","84","61.96261682242991","60.03898635477582","63.73429084380611"
"21","260","0.3","10","0","pos","small-world","56","62.42990654205608","61.01364522417154","63.73429084380611"
"14","260","0.3","10","0","pos","small-world","198","65.7943925233645","66.27680311890838","65.35008976660683"
"20","260","0.3","10","0","pos","small-world","66","62.99065420560748","62.37816764132553","63.55475763016158"
"16","260","0.3","10","0","pos","small-world","222","63.45794392523364","62.37816764132553","64.4524236983842"
"19","260","0.3","10","0","pos","small-world","85","61.96261682242991","60.03898635477582","63.73429084380611"
"21","260","0.3","10","0","pos","small-world","57","62.33644859813084","60.81871345029239","63.73429084380611"
"14","260","0.3","10","0","pos","small-world","199","65.98130841121495","66.47173489278752","65.52962298025135"
"20","260","0.3","10","0","pos","small-world","67","62.99065420560748","62.37816764132553","63.55475763016158"
"19","260","0.3","10","0","pos","small-world","86","61.96261682242991","60.03898635477582","63.73429084380611"
"21","260","0.3","10","0","pos","small-world","58","62.33644859813084","61.01364522417154","63.55475763016158"
"16","260","0.3","10","0","pos","small-world","223","63.55140186915887","62.57309941520468","64.4524236983842"
"14","260","0.3","10","0","pos","small-world","200","65.98130841121495","66.47173489278752","65.52962298025135"
"16","260","0.3","10","0","pos","small-world","224","63.55140186915887","62.57309941520468","64.4524236983842"
"19","260","0.3","10","0","pos","small-world","87","62.05607476635514","60.03898635477582","63.91382405745063"
"14","260","0.3","10","0","pos","small-world","201","66.07476635514018","66.66666666666666","65.52962298025135"
"20","260","0.3","10","0","pos","small-world","68","63.177570093457945","62.768031189083814","63.55475763016158"
"16","260","0.3","10","0","pos","small-world","225","63.64485981308411","62.768031189083814","64.4524236983842"
"14","260","0.3","10","0","pos","small-world","202","65.98130841121495","66.66666666666666","65.35008976660683"
"16","260","0.3","10","0","pos","small-world","226","63.83177570093458","62.96296296296296","64.63195691202873"
"14","260","0.3","10","0","pos","small-world","203","65.88785046728972","66.27680311890838","65.52962298025135"
"16","260","0.3","10","0","pos","small-world","227","63.83177570093458","62.96296296296296","64.63195691202873"
"21","260","0.3","10","0","pos","small-world","59","62.523364485981304","61.20857699805068","63.73429084380611"
"19","260","0.3","10","0","pos","small-world","88","61.77570093457943","59.64912280701754","63.73429084380611"
"16","260","0.3","10","0","pos","small-world","228","63.83177570093458","62.96296296296296","64.63195691202873"
"14","260","0.3","10","0","pos","small-world","204","65.88785046728972","66.27680311890838","65.52962298025135"
"19","260","0.3","10","0","pos","small-world","89","61.6822429906542","59.4541910331384","63.73429084380611"
"20","260","0.3","10","0","pos","small-world","69","63.177570093457945","62.768031189083814","63.55475763016158"
"16","260","0.3","10","0","pos","small-world","229","64.01869158878505","63.1578947368421","64.81149012567326"
"14","260","0.3","10","0","pos","small-world","205","65.7943925233645","66.08187134502924","65.52962298025135"
"21","260","0.3","10","0","pos","small-world","60","62.616822429906534","61.20857699805068","63.91382405745063"
"19","260","0.3","10","0","pos","small-world","90","61.49532710280374","59.4541910331384","63.37522441651705"
"20","260","0.3","10","0","pos","small-world","70","63.177570093457945","62.768031189083814","63.55475763016158"
"16","260","0.3","10","0","pos","small-world","230","64.11214953271028","63.1578947368421","64.99102333931778"
"14","260","0.3","10","0","pos","small-world","206","65.70093457943925","65.8869395711501","65.52962298025135"
"19","260","0.3","10","0","pos","small-world","91","61.49532710280374","59.64912280701754","63.19569120287253"
"21","260","0.3","10","0","pos","small-world","61","62.71028037383177","61.20857699805068","64.09335727109516"
"20","260","0.3","10","0","pos","small-world","71","63.36448598130842","62.96296296296296","63.73429084380611"
"16","260","0.3","10","0","pos","small-world","231","64.01869158878505","63.1578947368421","64.81149012567326"
"14","260","0.3","10","0","pos","small-world","207","65.7943925233645","65.8869395711501","65.70915619389586"
"15","260","0.3","10","0","pos","small-world","104","61.588785046728965","60.62378167641326","62.47755834829444"
"18","260","0.3","10","0","pos","small-world","93","61.96261682242991","60.03898635477582","63.73429084380611"
"17","260","0.3","10","0","pos","small-world","84","62.42990654205608","61.59844054580896","63.19569120287253"
"20","260","0.3","10","0","pos","small-world","72","63.45794392523364","63.35282651072125","63.55475763016158"
"19","260","0.3","10","0","pos","small-world","92","61.40186915887851","59.4541910331384","63.19569120287253"
"21","260","0.3","10","0","pos","small-world","62","62.616822429906534","61.01364522417154","64.09335727109516"
"14","260","0.3","10","0","pos","small-world","208","65.60747663551402","65.69200779727096","65.52962298025135"
"16","260","0.3","10","0","pos","small-world","232","64.11214953271028","63.1578947368421","64.99102333931778"
"14","260","0.3","10","0","pos","small-world","209","65.7943925233645","65.8869395711501","65.70915619389586"
"16","260","0.3","10","0","pos","small-world","233","64.20560747663552","63.35282651072125","64.99102333931778"
"17","260","0.3","10","0","pos","small-world","85","62.616822429906534","61.59844054580896","63.55475763016158"
"21","260","0.3","10","0","pos","small-world","63","62.616822429906534","61.01364522417154","64.09335727109516"
"19","260","0.3","10","0","pos","small-world","93","61.308411214953274","59.4541910331384","63.016157989228006"
"20","260","0.3","10","0","pos","small-world","73","63.45794392523364","63.35282651072125","63.55475763016158"
"16","260","0.3","10","0","pos","small-world","234","64.20560747663552","63.35282651072125","64.99102333931778"
"14","260","0.3","10","0","pos","small-world","210","65.88785046728972","66.08187134502924","65.70915619389586"
"15","260","0.3","10","0","pos","small-world","105","61.588785046728965","60.81871345029239","62.29802513464991"
"18","260","0.3","10","0","pos","small-world","94","61.86915887850467","59.4541910331384","64.09335727109516"
"17","260","0.3","10","0","pos","small-world","86","62.523364485981304","61.40350877192983","63.55475763016158"
"21","260","0.3","10","0","pos","small-world","64","62.71028037383177","61.20857699805068","64.09335727109516"
"14","260","0.3","10","0","pos","small-world","211","65.7943925233645","66.08187134502924","65.52962298025135"
"16","260","0.3","10","0","pos","small-world","235","64.11214953271028","63.35282651072125","64.81149012567326"
"20","260","0.3","10","0","pos","small-world","74","63.55140186915887","63.547758284600384","63.55475763016158"
"19","260","0.3","10","0","pos","small-world","94","61.308411214953274","59.64912280701754","62.83662477558348"
"14","260","0.3","10","0","pos","small-world","212","65.70093457943925","65.8869395711501","65.52962298025135"
"17","260","0.3","10","0","pos","small-world","87","62.24299065420561","61.01364522417154","63.37522441651705"
"18","260","0.3","10","0","pos","small-world","95","61.96261682242991","59.4541910331384","64.27289048473968"
"16","260","0.3","10","0","pos","small-world","236","64.11214953271028","63.35282651072125","64.81149012567326"
"15","260","0.3","10","0","pos","small-world","106","61.6822429906542","61.20857699805068","62.11849192100538"
"21","260","0.3","10","0","pos","small-world","65","62.89719626168224","61.40350877192983","64.27289048473968"
"19","260","0.3","10","0","pos","small-world","95","61.21495327102804","59.25925925925925","63.016157989228006"
"16","260","0.3","10","0","pos","small-world","237","64.01869158878505","63.1578947368421","64.81149012567326"
"20","260","0.3","10","0","pos","small-world","75","63.64485981308411","63.74269005847953","63.55475763016158"
"14","260","0.3","10","0","pos","small-world","213","65.88785046728972","66.27680311890838","65.52962298025135"
"21","260","0.3","10","0","pos","small-world","66","63.084112149532714","61.40350877192983","64.63195691202873"
"17","260","0.3","10","0","pos","small-world","88","62.24299065420561","61.40350877192983","63.016157989228006"
"19","260","0.3","10","0","pos","small-world","96","61.308411214953274","59.25925925925925","63.19569120287253"
"18","260","0.3","10","0","pos","small-world","96","61.77570093457943","59.4541910331384","63.91382405745063"
"15","260","0.3","10","0","pos","small-world","107","61.86915887850467","61.40350877192983","62.29802513464991"
"20","260","0.3","10","0","pos","small-world","76","63.55140186915887","63.74269005847953","63.37522441651705"
"21","260","0.3","10","0","pos","small-world","67","63.177570093457945","61.59844054580896","64.63195691202873"
"14","260","0.3","10","0","pos","small-world","214","65.98130841121495","66.47173489278752","65.52962298025135"
"16","260","0.3","10","0","pos","small-world","238","64.11214953271028","63.35282651072125","64.81149012567326"
"19","260","0.3","10","0","pos","small-world","97","61.40186915887851","59.4541910331384","63.19569120287253"
"18","260","0.3","10","0","pos","small-world","97","61.77570093457943","59.64912280701754","63.73429084380611"
"17","260","0.3","10","0","pos","small-world","89","62.33644859813084","61.40350877192983","63.19569120287253"
"16","260","0.3","10","0","pos","small-world","239","64.01869158878505","63.1578947368421","64.81149012567326"
"15","260","0.3","10","0","pos","small-world","108","61.77570093457943","61.20857699805068","62.29802513464991"
"14","260","0.3","10","0","pos","small-world","215","66.07476635514018","66.47173489278752","65.70915619389586"
"18","260","0.3","10","0","pos","small-world","98","62.149532710280376","59.84405458089669","64.27289048473968"
"21","260","0.3","10","0","pos","small-world","68","63.084112149532714","61.59844054580896","64.4524236983842"
"16","260","0.3","10","0","pos","small-world","240","64.11214953271028","63.1578947368421","64.99102333931778"
"20","260","0.3","10","0","pos","small-world","77","63.73831775700934","63.93762183235867","63.55475763016158"
"14","260","0.3","10","0","pos","small-world","216","66.07476635514018","66.47173489278752","65.70915619389586"
"19","260","0.3","10","0","pos","small-world","98","61.40186915887851","59.84405458089669","62.83662477558348"
"16","260","0.3","10","0","pos","small-world","241","64.01869158878505","63.1578947368421","64.81149012567326"
"18","260","0.3","10","0","pos","small-world","99","62.42990654205608","60.03898635477582","64.63195691202873"
"21","260","0.3","10","0","pos","small-world","69","63.177570093457945","61.59844054580896","64.63195691202873"
"17","260","0.3","10","0","pos","small-world","90","62.42990654205608","61.59844054580896","63.19569120287253"
"15","260","0.3","10","0","pos","small-world","109","61.6822429906542","61.20857699805068","62.11849192100538"
"20","260","0.3","10","0","pos","small-world","78","63.73831775700934","63.93762183235867","63.55475763016158"
"16","260","0.3","10","0","pos","small-world","242","64.01869158878505","63.1578947368421","64.81149012567326"
"21","260","0.3","10","0","pos","small-world","70","63.177570093457945","61.98830409356725","64.27289048473968"
"14","260","0.3","10","0","pos","small-world","217","66.07476635514018","66.47173489278752","65.70915619389586"
"19","260","0.3","10","0","pos","small-world","99","61.40186915887851","59.84405458089669","62.83662477558348"
"18","260","0.3","10","0","pos","small-world","100","62.616822429906534","60.42884990253411","64.63195691202873"
"16","260","0.3","10","0","pos","small-world","243","63.925233644859816","63.1578947368421","64.63195691202873"
"17","260","0.3","10","0","pos","small-world","91","62.42990654205608","61.59844054580896","63.19569120287253"
"14","260","0.3","10","0","pos","small-world","218","66.07476635514018","66.47173489278752","65.70915619389586"
"16","260","0.3","10","0","pos","small-world","244","63.83177570093458","63.1578947368421","64.4524236983842"
"18","260","0.3","10","0","pos","small-world","101","62.71028037383177","60.62378167641326","64.63195691202873"
"14","260","0.3","10","0","pos","small-world","219","66.16822429906543","66.66666666666666","65.70915619389586"
"17","260","0.3","10","0","pos","small-world","92","62.523364485981304","61.59844054580896","63.37522441651705"
"16","260","0.3","10","0","pos","small-world","245","63.83177570093458","63.1578947368421","64.4524236983842"
"21","260","0.3","10","0","pos","small-world","71","63.27102803738318","62.1832358674464","64.27289048473968"
"20","260","0.3","10","0","pos","small-world","79","63.64485981308411","63.93762183235867","63.37522441651705"
"15","260","0.3","10","0","pos","small-world","110","61.77570093457943","61.20857699805068","62.29802513464991"
"16","260","0.3","10","0","pos","small-world","246","64.11214953271028","63.74269005847953","64.4524236983842"
"14","260","0.3","10","0","pos","small-world","220","66.07476635514018","66.66666666666666","65.52962298025135"
"20","260","0.3","10","0","pos","small-world","80","63.73831775700934","63.93762183235867","63.55475763016158"
"21","260","0.3","10","0","pos","small-world","72","63.177570093457945","61.98830409356725","64.27289048473968"
"19","260","0.3","10","0","pos","small-world","100","61.02803738317757","59.64912280701754","62.29802513464991"
"18","260","0.3","10","0","pos","small-world","102","62.80373831775701","60.81871345029239","64.63195691202873"
"17","260","0.3","10","0","pos","small-world","93","62.42990654205608","61.40350877192983","63.37522441651705"
"16","260","0.3","10","0","pos","small-world","247","64.11214953271028","63.74269005847953","64.4524236983842"
"20","260","0.3","10","0","pos","small-world","81","63.83177570093458","63.93762183235867","63.73429084380611"
"15","260","0.3","10","0","pos","small-world","111","61.588785046728965","61.01364522417154","62.11849192100538"
"18","260","0.3","10","0","pos","small-world","103","62.71028037383177","60.81871345029239","64.4524236983842"
"14","260","0.3","10","0","pos","small-world","221","66.16822429906543","66.8615984405458","65.52962298025135"
"16","260","0.3","10","0","pos","small-world","248","64.20560747663552","63.74269005847953","64.63195691202873"
"19","260","0.3","10","0","pos","small-world","101","60.8411214953271","59.64912280701754","61.93895870736086"
"21","260","0.3","10","0","pos","small-world","73","63.177570093457945","62.1832358674464","64.09335727109516"
"20","260","0.3","10","0","pos","small-world","82","63.73831775700934","63.74269005847953","63.73429084380611"
"17","260","0.3","10","0","pos","small-world","94","62.71028037383177","61.59844054580896","63.73429084380611"
"14","260","0.3","10","0","pos","small-world","222","66.07476635514018","66.66666666666666","65.52962298025135"
"19","260","0.3","10","0","pos","small-world","102","60.747663551401864","59.64912280701754","61.759425493716336"
"21","260","0.3","10","0","pos","small-world","74","63.177570093457945","62.37816764132553","63.91382405745063"
"17","260","0.3","10","0","pos","small-world","95","62.616822429906534","61.59844054580896","63.55475763016158"
"16","260","0.3","10","0","pos","small-world","249","64.20560747663552","63.74269005847953","64.63195691202873"
"18","260","0.3","10","0","pos","small-world","104","62.523364485981304","60.62378167641326","64.27289048473968"
"14","260","0.3","10","0","pos","small-world","223","66.16822429906543","66.66666666666666","65.70915619389586"
"20","260","0.3","10","0","pos","small-world","83","63.83177570093458","63.74269005847953","63.91382405745063"
"21","260","0.3","10","0","pos","small-world","75","63.27102803738318","62.37816764132553","64.09335727109516"
"16","260","0.3","10","0","pos","small-world","250","64.20560747663552","63.74269005847953","64.63195691202873"
"19","260","0.3","10","0","pos","small-world","103","60.93457943925233","59.84405458089669","61.93895870736086"
"15","260","0.3","10","0","pos","small-world","112","61.49532710280374","61.01364522417154","61.93895870736086"
"20","260","0.3","10","0","pos","small-world","84","63.83177570093458","63.74269005847953","63.91382405745063"
"18","260","0.3","10","0","pos","small-world","105","62.523364485981304","60.62378167641326","64.27289048473968"
"14","260","0.3","10","0","pos","small-world","224","66.26168224299064","66.66666666666666","65.8886894075404"
"17","260","0.3","10","0","pos","small-world","96","62.616822429906534","61.59844054580896","63.55475763016158"
"16","260","0.3","10","0","pos","small-world","251","64.20560747663552","63.74269005847953","64.63195691202873"
"16","260","0.3","10","0","pos","small-world","252","64.29906542056075","63.93762183235867","64.63195691202873"
"21","260","0.3","10","0","pos","small-world","76","63.36448598130842","62.37816764132553","64.27289048473968"
"19","260","0.3","10","0","pos","small-world","104","60.8411214953271","59.84405458089669","61.759425493716336"
"16","260","0.3","10","0","pos","small-world","253","64.29906542056075","63.93762183235867","64.63195691202873"
"20","260","0.3","10","0","pos","small-world","85","63.73831775700934","63.93762183235867","63.55475763016158"
"15","260","0.3","10","0","pos","small-world","113","61.49532710280374","61.01364522417154","61.93895870736086"
"18","260","0.3","10","0","pos","small-world","106","62.71028037383177","60.81871345029239","64.4524236983842"
"16","260","0.3","10","0","pos","small-world","254","64.29906542056075","63.93762183235867","64.63195691202873"
"14","260","0.3","10","0","pos","small-world","225","66.35514018691589","66.8615984405458","65.8886894075404"
"17","260","0.3","10","0","pos","small-world","97","62.42990654205608","61.59844054580896","63.19569120287253"
"20","260","0.3","10","0","pos","small-world","86","63.83177570093458","63.93762183235867","63.73429084380611"
"21","260","0.3","10","0","pos","small-world","77","63.36448598130842","62.37816764132553","64.27289048473968"
"16","260","0.3","10","0","pos","small-world","255","64.48598130841121","63.93762183235867","64.99102333931778"
"20","260","0.3","10","0","pos","small-world","87","63.73831775700934","63.93762183235867","63.55475763016158"
"18","260","0.3","10","0","pos","small-world","107","62.80373831775701","61.01364522417154","64.4524236983842"
"14","260","0.3","10","0","pos","small-world","226","66.35514018691589","66.8615984405458","65.8886894075404"
"21","260","0.3","10","0","pos","small-world","78","63.64485981308411","62.768031189083814","64.4524236983842"
"15","260","0.3","10","0","pos","small-world","114","61.308411214953274","60.62378167641326","61.93895870736086"
"17","260","0.3","10","0","pos","small-world","98","62.42990654205608","61.59844054580896","63.19569120287253"
"19","260","0.3","10","0","pos","small-world","105","60.5607476635514","59.64912280701754","61.40035906642729"
"16","260","0.3","10","0","pos","small-world","256","64.76635514018692","64.32748538011695","65.1705565529623"
"14","260","0.3","10","0","pos","small-world","227","66.35514018691589","67.05653021442495","65.70915619389586"
"18","260","0.3","10","0","pos","small-world","108","62.523364485981304","60.81871345029239","64.09335727109516"
"14","260","0.3","10","0","pos","small-world","228","66.26168224299064","67.05653021442495","65.52962298025135"
"17","260","0.3","10","0","pos","small-world","99","62.42990654205608","61.59844054580896","63.19569120287253"
"16","260","0.3","10","0","pos","small-world","257","65.14018691588785","64.91228070175438","65.35008976660683"
"14","260","0.3","10","0","pos","small-world","229","66.16822429906543","67.05653021442495","65.35008976660683"
"18","260","0.3","10","0","pos","small-world","109","62.523364485981304","60.81871345029239","64.09335727109516"
"16","260","0.3","10","0","pos","small-world","258","65.23364485981308","65.10721247563353","65.35008976660683"
"17","260","0.3","10","0","pos","small-world","100","62.33644859813084","61.40350877192983","63.19569120287253"
"21","260","0.3","10","0","pos","small-world","79","63.83177570093458","62.96296296296296","64.63195691202873"
"14","260","0.3","10","0","pos","small-world","230","66.35514018691589","67.2514619883041","65.52962298025135"
"19","260","0.3","10","0","pos","small-world","106","60.8411214953271","60.03898635477582","61.57989228007181"
"20","260","0.3","10","0","pos","small-world","88","64.01869158878505","64.32748538011695","63.73429084380611"
"17","260","0.3","10","0","pos","small-world","101","62.42990654205608","61.40350877192983","63.37522441651705"
"14","260","0.3","10","0","pos","small-world","231","66.54205607476635","67.64132553606238","65.52962298025135"
"15","260","0.3","10","0","pos","small-world","115","61.308411214953274","60.62378167641326","61.93895870736086"
"19","260","0.3","10","0","pos","small-world","107","60.8411214953271","60.03898635477582","61.57989228007181"
"17","260","0.3","10","0","pos","small-world","102","62.523364485981304","61.40350877192983","63.55475763016158"
"18","260","0.3","10","0","pos","small-world","110","62.42990654205608","60.62378167641326","64.09335727109516"
"16","260","0.3","10","0","pos","small-world","259","65.14018691588785","64.91228070175438","65.35008976660683"
"20","260","0.3","10","0","pos","small-world","89","64.20560747663552","64.13255360623782","64.27289048473968"
"14","260","0.3","10","0","pos","small-world","232","66.6355140186916","67.64132553606238","65.70915619389586"
"21","260","0.3","10","0","pos","small-world","80","63.73831775700934","62.96296296296296","64.4524236983842"
"14","260","0.3","10","0","pos","small-world","233","66.6355140186916","67.64132553606238","65.70915619389586"
"15","260","0.3","10","0","pos","small-world","116","61.308411214953274","60.62378167641326","61.93895870736086"
"18","260","0.3","10","0","pos","small-world","111","62.33644859813084","60.42884990253411","64.09335727109516"
"21","260","0.3","10","0","pos","small-world","81","63.73831775700934","62.96296296296296","64.4524236983842"
"19","260","0.3","10","0","pos","small-world","108","61.02803738317757","60.42884990253411","61.57989228007181"
"20","260","0.3","10","0","pos","small-world","90","64.39252336448598","64.13255360623782","64.63195691202873"
"17","260","0.3","10","0","pos","small-world","103","62.523364485981304","61.40350877192983","63.55475763016158"
"21","260","0.3","10","0","pos","small-world","82","63.83177570093458","63.1578947368421","64.4524236983842"
"19","260","0.3","10","0","pos","small-world","109","61.02803738317757","60.42884990253411","61.57989228007181"
"21","260","0.3","10","0","pos","small-world","83","63.73831775700934","63.1578947368421","64.27289048473968"
"20","260","0.3","10","0","pos","small-world","91","64.20560747663552","63.93762183235867","64.4524236983842"
"15","260","0.3","10","0","pos","small-world","117","61.40186915887851","60.81871345029239","61.93895870736086"
"18","260","0.3","10","0","pos","small-world","112","62.33644859813084","60.23391812865497","64.27289048473968"
"17","260","0.3","10","0","pos","small-world","104","62.616822429906534","61.59844054580896","63.55475763016158"
"14","260","0.3","10","0","pos","small-world","234","66.82242990654206","67.64132553606238","66.06822262118493"
"21","260","0.3","10","0","pos","small-world","84","64.01869158878505","63.1578947368421","64.81149012567326"
"19","260","0.3","10","0","pos","small-world","110","61.12149532710281","60.42884990253411","61.759425493716336"
"20","260","0.3","10","0","pos","small-world","92","64.11214953271028","63.93762183235867","64.27289048473968"
"14","260","0.3","10","0","pos","small-world","235","67.00934579439253","67.83625730994152","66.24775583482945"
"18","260","0.3","10","0","pos","small-world","113","62.33644859813084","60.23391812865497","64.27289048473968"
"15","260","0.3","10","0","pos","small-world","118","61.308411214953274","60.81871345029239","61.759425493716336"
"14","260","0.3","10","0","pos","small-world","236","67.10280373831776","67.83625730994152","66.42728904847397"
"20","260","0.3","10","0","pos","small-world","93","64.29906542056075","64.13255360623782","64.4524236983842"
"21","260","0.3","10","0","pos","small-world","85","64.11214953271028","63.35282651072125","64.81149012567326"
"19","260","0.3","10","0","pos","small-world","111","61.40186915887851","60.62378167641326","62.11849192100538"
"14","260","0.3","10","0","pos","small-world","237","66.9158878504673","67.83625730994152","66.06822262118493"
"19","260","0.3","10","0","pos","small-world","112","61.40186915887851","60.42884990253411","62.29802513464991"
"17","260","0.3","10","0","pos","small-world","105","62.616822429906534","61.79337231968811","63.37522441651705"
"14","260","0.3","10","0","pos","small-world","238","66.82242990654206","67.64132553606238","66.06822262118493"
"15","260","0.3","10","0","pos","small-world","119","61.40186915887851","61.01364522417154","61.759425493716336"
"18","260","0.3","10","0","pos","small-world","114","62.33644859813084","60.23391812865497","64.27289048473968"
"20","260","0.3","10","0","pos","small-world","94","64.29906542056075","64.13255360623782","64.4524236983842"
"21","260","0.3","10","0","pos","small-world","86","64.01869158878505","63.35282651072125","64.63195691202873"
"14","260","0.3","10","0","pos","small-world","239","66.9158878504673","67.83625730994152","66.06822262118493"
"19","260","0.3","10","0","pos","small-world","113","61.40186915887851","60.42884990253411","62.29802513464991"
"17","260","0.3","10","0","pos","small-world","106","62.616822429906534","61.79337231968811","63.37522441651705"
"14","260","0.3","10","0","pos","small-world","240","67.00934579439253","67.83625730994152","66.24775583482945"
"20","260","0.3","10","0","pos","small-world","95","64.11214953271028","64.13255360623782","64.09335727109516"
"18","260","0.3","10","0","pos","small-world","115","61.96261682242991","59.64912280701754","64.09335727109516"
"21","260","0.3","10","0","pos","small-world","87","64.29906542056075","63.547758284600384","64.99102333931778"
"17","260","0.3","10","0","pos","small-world","107","62.33644859813084","61.59844054580896","63.016157989228006"
"19","260","0.3","10","0","pos","small-world","114","61.40186915887851","60.42884990253411","62.29802513464991"
"20","260","0.3","10","0","pos","small-world","96","64.29906542056075","64.13255360623782","64.4524236983842"
"17","260","0.3","10","0","pos","small-world","108","62.42990654205608","61.79337231968811","63.016157989228006"
"18","260","0.3","10","0","pos","small-world","116","61.96261682242991","59.64912280701754","64.09335727109516"
"19","260","0.3","10","0","pos","small-world","115","61.40186915887851","60.42884990253411","62.29802513464991"
"17","260","0.3","10","0","pos","small-world","109","62.71028037383177","62.1832358674464","63.19569120287253"
"18","260","0.3","10","0","pos","small-world","117","61.86915887850467","59.64912280701754","63.91382405745063"
"19","260","0.3","10","0","pos","small-world","116","61.308411214953274","60.23391812865497","62.29802513464991"
"20","260","0.3","10","0","pos","small-world","97","64.39252336448598","64.13255360623782","64.63195691202873"
"17","260","0.3","10","0","pos","small-world","110","62.71028037383177","62.1832358674464","63.19569120287253"
"18","260","0.3","10","0","pos","small-world","118","61.77570093457943","59.64912280701754","63.73429084380611"
"19","260","0.3","10","0","pos","small-world","117","61.308411214953274","60.23391812865497","62.29802513464991"
"20","260","0.3","10","0","pos","small-world","98","64.39252336448598","64.13255360623782","64.63195691202873"
"17","260","0.3","10","0","pos","small-world","111","62.523364485981304","61.98830409356725","63.016157989228006"
"18","260","0.3","10","0","pos","small-world","119","61.86915887850467","59.84405458089669","63.73429084380611"
"19","260","0.3","10","0","pos","small-world","118","61.308411214953274","60.23391812865497","62.29802513464991"
"17","260","0.3","10","0","pos","small-world","112","62.616822429906534","62.1832358674464","63.016157989228006"
"20","260","0.3","10","0","pos","small-world","99","64.57943925233644","64.32748538011695","64.81149012567326"
"14","260","0.3","10","0","pos","small-world","241","67.10280373831776","68.03118908382066","66.24775583482945"
"19","260","0.3","10","0","pos","small-world","119","61.588785046728965","60.42884990253411","62.65709156193896"
"18","260","0.3","10","0","pos","small-world","120","61.96261682242991","60.03898635477582","63.73429084380611"
"20","260","0.3","10","0","pos","small-world","100","64.57943925233644","64.32748538011695","64.81149012567326"
"19","260","0.3","10","0","pos","small-world","120","61.6822429906542","60.42884990253411","62.83662477558348"
"20","260","0.3","10","0","pos","small-world","101","64.95327102803739","64.71734892787524","65.1705565529623"
"18","260","0.3","10","0","pos","small-world","121","62.149532710280376","60.23391812865497","63.91382405745063"
"14","260","0.3","10","0","pos","small-world","242","67.19626168224299","68.03118908382066","66.42728904847397"
"20","260","0.3","10","0","pos","small-world","102","64.95327102803739","64.91228070175438","64.99102333931778"
"19","260","0.3","10","0","pos","small-world","121","61.588785046728965","60.42884990253411","62.65709156193896"
"18","260","0.3","10","0","pos","small-world","122","62.149532710280376","60.23391812865497","63.91382405745063"
"14","260","0.3","10","0","pos","small-world","243","67.10280373831776","67.83625730994152","66.42728904847397"
"15","260","0.3","10","0","pos","small-world","120","61.40186915887851","61.01364522417154","61.759425493716336"
"17","260","0.3","10","0","pos","small-world","113","62.616822429906534","62.1832358674464","63.016157989228006"
"20","260","0.3","10","0","pos","small-world","103","64.85981308411215","64.71734892787524","64.99102333931778"
"14","260","0.3","10","0","pos","small-world","244","67.00934579439253","67.83625730994152","66.24775583482945"
"17","260","0.3","10","0","pos","small-world","114","62.71028037383177","62.1832358674464","63.19569120287253"
"14","260","0.3","10","0","pos","small-world","245","67.10280373831776","68.03118908382066","66.24775583482945"
"18","260","0.3","10","0","pos","small-world","123","62.33644859813084","60.42884990253411","64.09335727109516"
"15","260","0.3","10","0","pos","small-world","121","61.40186915887851","61.01364522417154","61.759425493716336"
"17","260","0.3","10","0","pos","small-world","115","62.80373831775701","62.37816764132553","63.19569120287253"
"19","260","0.3","10","0","pos","small-world","122","61.6822429906542","60.62378167641326","62.65709156193896"
"21","260","0.3","10","0","pos","small-world","88","64.48598130841121","63.547758284600384","65.35008976660683"
"20","260","0.3","10","0","pos","small-world","104","64.95327102803739","64.91228070175438","64.99102333931778"
"18","260","0.3","10","0","pos","small-world","124","62.24299065420561","60.23391812865497","64.09335727109516"
"17","260","0.3","10","0","pos","small-world","116","62.71028037383177","62.1832358674464","63.19569120287253"
"20","260","0.3","10","0","pos","small-world","105","65.04672897196262","64.91228070175438","65.1705565529623"
"15","260","0.3","10","0","pos","small-world","122","61.49532710280374","61.20857699805068","61.759425493716336"
"14","260","0.3","10","0","pos","small-world","246","67.19626168224299","68.03118908382066","66.42728904847397"
"21","260","0.3","10","0","pos","small-world","89","64.57943925233644","63.547758284600384","65.52962298025135"
"19","260","0.3","10","0","pos","small-world","123","61.588785046728965","60.62378167641326","62.47755834829444"
"18","260","0.3","10","0","pos","small-world","125","62.24299065420561","60.23391812865497","64.09335727109516"
"20","260","0.3","10","0","pos","small-world","106","65.14018691588785","65.10721247563353","65.1705565529623"
"17","260","0.3","10","0","pos","small-world","117","62.616822429906534","62.1832358674464","63.016157989228006"
"15","260","0.3","10","0","pos","small-world","123","61.588785046728965","61.40350877192983","61.759425493716336"
"14","260","0.3","10","0","pos","small-world","247","67.28971962616822","68.03118908382066","66.6068222621185"
"19","260","0.3","10","0","pos","small-world","124","61.77570093457943","60.62378167641326","62.83662477558348"
"20","260","0.3","10","0","pos","small-world","107","65.04672897196262","64.91228070175438","65.1705565529623"
"18","260","0.3","10","0","pos","small-world","126","62.05607476635514","60.23391812865497","63.73429084380611"
"21","260","0.3","10","0","pos","small-world","90","64.76635514018692","63.74269005847953","65.70915619389586"
"17","260","0.3","10","0","pos","small-world","118","62.80373831775701","62.1832358674464","63.37522441651705"
"14","260","0.3","10","0","pos","small-world","248","67.28971962616822","68.03118908382066","66.6068222621185"
"15","260","0.3","10","0","pos","small-world","124","61.86915887850467","61.59844054580896","62.11849192100538"
"18","260","0.3","10","0","pos","small-world","127","62.33644859813084","60.42884990253411","64.09335727109516"
"20","260","0.3","10","0","pos","small-world","108","64.95327102803739","64.71734892787524","65.1705565529623"
"19","260","0.3","10","0","pos","small-world","125","61.77570093457943","60.62378167641326","62.83662477558348"
"14","260","0.3","10","0","pos","small-world","249","67.10280373831776","67.83625730994152","66.42728904847397"
"17","260","0.3","10","0","pos","small-world","119","62.80373831775701","62.1832358674464","63.37522441651705"
"21","260","0.3","10","0","pos","small-world","91","64.85981308411215","63.74269005847953","65.8886894075404"
"15","260","0.3","10","0","pos","small-world","125","61.77570093457943","61.40350877192983","62.11849192100538"
"20","260","0.3","10","0","pos","small-world","109","65.04672897196262","64.71734892787524","65.35008976660683"
"17","260","0.3","10","0","pos","small-world","120","63.084112149532714","62.37816764132553","63.73429084380611"
"19","260","0.3","10","0","pos","small-world","126","61.77570093457943","60.81871345029239","62.65709156193896"
"14","260","0.3","10","0","pos","small-world","250","67.19626168224299","67.83625730994152","66.6068222621185"
"18","260","0.3","10","0","pos","small-world","128","62.24299065420561","60.42884990253411","63.91382405745063"
"21","260","0.3","10","0","pos","small-world","92","64.76635514018692","63.547758284600384","65.8886894075404"
"14","260","0.3","10","0","pos","small-world","251","67.19626168224299","67.83625730994152","66.6068222621185"
"18","260","0.3","10","0","pos","small-world","129","62.33644859813084","60.62378167641326","63.91382405745063"
"21","260","0.3","10","0","pos","small-world","93","64.57943925233644","63.35282651072125","65.70915619389586"
"14","260","0.3","10","0","pos","small-world","252","67.10280373831776","67.83625730994152","66.42728904847397"
"17","260","0.3","10","0","pos","small-world","121","63.084112149532714","62.37816764132553","63.73429084380611"
"15","260","0.3","10","0","pos","small-world","126","61.77570093457943","61.20857699805068","62.29802513464991"
"20","260","0.3","10","0","pos","small-world","110","65.23364485981308","65.10721247563353","65.35008976660683"
"19","260","0.3","10","0","pos","small-world","127","61.6822429906542","60.62378167641326","62.65709156193896"
"17","260","0.3","10","0","pos","small-world","122","63.27102803738318","62.37816764132553","64.09335727109516"
"21","260","0.3","10","0","pos","small-world","94","64.48598130841121","63.1578947368421","65.70915619389586"
"14","260","0.3","10","0","pos","small-world","253","67.19626168224299","68.03118908382066","66.42728904847397"
"18","260","0.3","10","0","pos","small-world","130","62.523364485981304","61.01364522417154","63.91382405745063"
"19","260","0.3","10","0","pos","small-world","128","61.6822429906542","60.81871345029239","62.47755834829444"
"15","260","0.3","10","0","pos","small-world","127","61.588785046728965","61.20857699805068","61.93895870736086"
"14","260","0.3","10","0","pos","small-world","254","67.28971962616822","68.03118908382066","66.6068222621185"
"17","260","0.3","10","0","pos","small-world","123","63.27102803738318","62.37816764132553","64.09335727109516"
"20","260","0.3","10","0","pos","small-world","111","65.04672897196262","64.91228070175438","65.1705565529623"
"21","260","0.3","10","0","pos","small-world","95","64.48598130841121","63.1578947368421","65.70915619389586"
"19","260","0.3","10","0","pos","small-world","129","61.588785046728965","60.62378167641326","62.47755834829444"
"14","260","0.3","10","0","pos","small-world","255","67.38317757009345","68.2261208576998","66.6068222621185"
"15","260","0.3","10","0","pos","small-world","128","61.49532710280374","61.20857699805068","61.759425493716336"
"18","260","0.3","10","0","pos","small-world","131","62.616822429906534","61.20857699805068","63.91382405745063"
"20","260","0.3","10","0","pos","small-world","112","64.85981308411215","64.71734892787524","64.99102333931778"
"21","260","0.3","10","0","pos","small-world","96","64.39252336448598","63.1578947368421","65.52962298025135"
"14","260","0.3","10","0","pos","small-world","256","67.19626168224299","68.03118908382066","66.42728904847397"
"14","260","0.3","10","0","pos","small-world","257","67.19626168224299","68.03118908382066","66.42728904847397"
"15","260","0.3","10","0","pos","small-world","129","61.86915887850467","61.59844054580896","62.11849192100538"
"18","260","0.3","10","0","pos","small-world","132","62.616822429906534","61.20857699805068","63.91382405745063"
"17","260","0.3","10","0","pos","small-world","124","63.27102803738318","62.37816764132553","64.09335727109516"
"19","260","0.3","10","0","pos","small-world","130","61.588785046728965","60.42884990253411","62.65709156193896"
"14","260","0.3","10","0","pos","small-world","258","67.10280373831776","67.83625730994152","66.42728904847397"
"20","260","0.3","10","0","pos","small-world","113","64.85981308411215","64.71734892787524","64.99102333931778"
"18","260","0.3","10","0","pos","small-world","133","62.71028037383177","61.40350877192983","63.91382405745063"
"17","260","0.3","10","0","pos","small-world","125","63.177570093457945","62.37816764132553","63.91382405745063"
"21","260","0.3","10","0","pos","small-world","97","64.57943925233644","63.547758284600384","65.52962298025135"
"15","260","0.3","10","0","pos","small-world","130","61.86915887850467","61.59844054580896","62.11849192100538"
"19","260","0.3","10","0","pos","small-world","131","61.588785046728965","60.42884990253411","62.65709156193896"
"14","260","0.3","10","0","pos","small-world","259","67.10280373831776","67.83625730994152","66.42728904847397"
"21","260","0.3","10","0","pos","small-world","98","64.57943925233644","63.547758284600384","65.52962298025135"
"20","260","0.3","10","0","pos","small-world","114","65.14018691588785","65.10721247563353","65.1705565529623"
"17","260","0.3","10","0","pos","small-world","126","63.36448598130842","62.37816764132553","64.27289048473968"
"15","260","0.3","10","0","pos","small-world","131","61.86915887850467","61.59844054580896","62.11849192100538"
"18","260","0.3","10","0","pos","small-world","134","62.71028037383177","61.59844054580896","63.73429084380611"
"21","260","0.3","10","0","pos","small-world","99","64.57943925233644","63.35282651072125","65.70915619389586"
"17","260","0.3","10","0","pos","small-world","127","63.36448598130842","62.37816764132553","64.27289048473968"
"20","260","0.3","10","0","pos","small-world","115","65.32710280373831","65.30214424951268","65.35008976660683"
"19","260","0.3","10","0","pos","small-world","132","61.588785046728965","60.42884990253411","62.65709156193896"
"17","260","0.3","10","0","pos","small-world","128","63.45794392523364","62.37816764132553","64.4524236983842"
"18","260","0.3","10","0","pos","small-world","135","62.80373831775701","61.79337231968811","63.73429084380611"
"15","260","0.3","10","0","pos","small-world","132","61.77570093457943","61.40350877192983","62.11849192100538"
"21","260","0.3","10","0","pos","small-world","100","64.48598130841121","63.1578947368421","65.70915619389586"
"17","260","0.3","10","0","pos","small-world","129","63.45794392523364","62.37816764132553","64.4524236983842"
"18","260","0.3","10","0","pos","small-world","136","62.71028037383177","61.79337231968811","63.55475763016158"
"19","260","0.3","10","0","pos","small-world","133","61.77570093457943","60.81871345029239","62.65709156193896"
"17","260","0.3","10","0","pos","small-world","130","63.177570093457945","61.79337231968811","64.4524236983842"
"18","260","0.3","10","0","pos","small-world","137","62.71028037383177","61.79337231968811","63.55475763016158"
"19","260","0.3","10","0","pos","small-world","134","61.96261682242991","60.81871345029239","63.016157989228006"
"17","260","0.3","10","0","pos","small-world","131","62.99065420560748","61.59844054580896","64.27289048473968"
"18","260","0.3","10","0","pos","small-world","138","62.99065420560748","61.98830409356725","63.91382405745063"
"17","260","0.3","10","0","pos","small-world","132","63.084112149532714","61.59844054580896","64.4524236983842"
"17","260","0.3","10","0","pos","small-world","133","63.084112149532714","61.59844054580896","64.4524236983842"
"15","260","0.3","10","0","pos","small-world","133","61.77570093457943","61.20857699805068","62.29802513464991"
"21","260","0.3","10","0","pos","small-world","101","64.57943925233644","63.35282651072125","65.70915619389586"
"18","260","0.3","10","0","pos","small-world","139","62.99065420560748","62.1832358674464","63.73429084380611"
"20","260","0.3","10","0","pos","small-world","116","65.60747663551402","65.30214424951268","65.8886894075404"
"17","260","0.3","10","0","pos","small-world","134","63.084112149532714","61.79337231968811","64.27289048473968"
"19","260","0.3","10","0","pos","small-world","135","61.96261682242991","60.81871345029239","63.016157989228006"
"19","260","0.3","10","0","pos","small-world","136","62.05607476635514","61.01364522417154","63.016157989228006"
"15","260","0.3","10","0","pos","small-world","134","61.6822429906542","61.01364522417154","62.29802513464991"
"21","260","0.3","10","0","pos","small-world","102","64.48598130841121","63.35282651072125","65.52962298025135"
"18","260","0.3","10","0","pos","small-world","140","62.89719626168224","61.98830409356725","63.73429084380611"
"20","260","0.3","10","0","pos","small-world","117","65.60747663551402","65.30214424951268","65.8886894075404"
"17","260","0.3","10","0","pos","small-world","135","62.89719626168224","61.59844054580896","64.09335727109516"
"19","260","0.3","10","0","pos","small-world","137","61.96261682242991","61.01364522417154","62.83662477558348"
"15","260","0.3","10","0","pos","small-world","135","62.149532710280376","61.01364522417154","63.19569120287253"
"17","260","0.3","10","0","pos","small-world","136","62.80373831775701","61.59844054580896","63.91382405745063"
"18","260","0.3","10","0","pos","small-world","141","62.89719626168224","62.1832358674464","63.55475763016158"
"20","260","0.3","10","0","pos","small-world","118","65.42056074766354","65.10721247563353","65.70915619389586"
"19","260","0.3","10","0","pos","small-world","138","61.96261682242991","61.01364522417154","62.83662477558348"
"21","260","0.3","10","0","pos","small-world","103","64.48598130841121","63.547758284600384","65.35008976660683"
"17","260","0.3","10","0","pos","small-world","137","62.89719626168224","61.59844054580896","64.09335727109516"
"18","260","0.3","10","0","pos","small-world","142","63.084112149532714","62.37816764132553","63.73429084380611"
"17","260","0.3","10","0","pos","small-world","138","63.084112149532714","61.98830409356725","64.09335727109516"
"21","260","0.3","10","0","pos","small-world","104","64.39252336448598","63.35282651072125","65.35008976660683"
"15","260","0.3","10","0","pos","small-world","136","61.96261682242991","61.01364522417154","62.83662477558348"
"20","260","0.3","10","0","pos","small-world","119","65.42056074766354","65.10721247563353","65.70915619389586"
"21","260","0.3","10","0","pos","small-world","105","64.29906542056075","63.35282651072125","65.1705565529623"
"19","260","0.3","10","0","pos","small-world","139","62.05607476635514","61.20857699805068","62.83662477558348"
"15","260","0.3","10","0","pos","small-world","137","62.05607476635514","61.01364522417154","63.016157989228006"
"17","260","0.3","10","0","pos","small-world","139","63.177570093457945","62.1832358674464","64.09335727109516"
"18","260","0.3","10","0","pos","small-world","143","63.27102803738318","62.57309941520468","63.91382405745063"
"20","260","0.3","10","0","pos","small-world","120","65.60747663551402","65.10721247563353","66.06822262118493"
"18","260","0.3","10","0","pos","small-world","144","63.27102803738318","62.57309941520468","63.91382405745063"
"21","260","0.3","10","0","pos","small-world","106","64.20560747663552","63.547758284600384","64.81149012567326"
"15","260","0.3","10","0","pos","small-world","138","62.33644859813084","61.20857699805068","63.37522441651705"
"19","260","0.3","10","0","pos","small-world","140","62.24299065420561","61.40350877192983","63.016157989228006"
"17","260","0.3","10","0","pos","small-world","140","63.36448598130842","62.37816764132553","64.27289048473968"
"20","260","0.3","10","0","pos","small-world","121","65.98130841121495","65.49707602339181","66.42728904847397"
"18","260","0.3","10","0","pos","small-world","145","63.36448598130842","62.57309941520468","64.09335727109516"
"21","260","0.3","10","0","pos","small-world","107","64.20560747663552","63.547758284600384","64.81149012567326"
"21","260","0.3","10","0","pos","small-world","108","64.39252336448598","63.74269005847953","64.99102333931778"
"20","260","0.3","10","0","pos","small-world","122","65.98130841121495","65.69200779727096","66.24775583482945"
"21","260","0.3","10","0","pos","small-world","109","64.39252336448598","63.74269005847953","64.99102333931778"
"19","260","0.3","10","0","pos","small-world","141","62.149532710280376","61.40350877192983","62.83662477558348"
"17","260","0.3","10","0","pos","small-world","141","63.55140186915887","62.37816764132553","64.63195691202873"
"21","260","0.3","10","0","pos","small-world","110","64.20560747663552","63.35282651072125","64.99102333931778"
"17","260","0.3","10","0","pos","small-world","142","63.55140186915887","62.37816764132553","64.63195691202873"
"20","260","0.3","10","0","pos","small-world","123","65.98130841121495","65.69200779727096","66.24775583482945"
"19","260","0.3","10","0","pos","small-world","142","62.33644859813084","61.79337231968811","62.83662477558348"
"17","260","0.3","10","0","pos","small-world","143","63.55140186915887","62.37816764132553","64.63195691202873"
"21","260","0.3","10","0","pos","small-world","111","64.20560747663552","63.547758284600384","64.81149012567326"
"19","260","0.3","10","0","pos","small-world","143","62.24299065420561","61.79337231968811","62.65709156193896"
"20","260","0.3","10","0","pos","small-world","124","66.07476635514018","65.8869395711501","66.24775583482945"
"17","260","0.3","10","0","pos","small-world","144","63.83177570093458","62.1832358674464","65.35008976660683"
"21","260","0.3","10","0","pos","small-world","112","64.11214953271028","63.35282651072125","64.81149012567326"
"18","260","0.3","10","0","pos","small-world","146","63.45794392523364","62.57309941520468","64.27289048473968"
"19","260","0.3","10","0","pos","small-world","144","62.616822429906534","62.57309941520468","62.65709156193896"
"17","260","0.3","10","0","pos","small-world","145","64.01869158878505","61.98830409356725","65.8886894075404"
"20","260","0.3","10","0","pos","small-world","125","65.98130841121495","65.69200779727096","66.24775583482945"
"21","260","0.3","10","0","pos","small-world","113","64.01869158878505","63.1578947368421","64.81149012567326"
"17","260","0.3","10","0","pos","small-world","146","63.83177570093458","61.79337231968811","65.70915619389586"
"20","260","0.3","10","0","pos","small-world","126","65.7943925233645","65.69200779727096","65.8886894075404"
"19","260","0.3","10","0","pos","small-world","145","62.80373831775701","62.57309941520468","63.016157989228006"
"18","260","0.3","10","0","pos","small-world","147","63.64485981308411","62.768031189083814","64.4524236983842"
"21","260","0.3","10","0","pos","small-world","114","64.11214953271028","63.35282651072125","64.81149012567326"
"17","260","0.3","10","0","pos","small-world","147","63.73831775700934","61.79337231968811","65.52962298025135"
"19","260","0.3","10","0","pos","small-world","146","62.616822429906534","62.1832358674464","63.016157989228006"
"18","260","0.3","10","0","pos","small-world","148","63.83177570093458","62.96296296296296","64.63195691202873"
"20","260","0.3","10","0","pos","small-world","127","65.88785046728972","65.69200779727096","66.06822262118493"
"21","260","0.3","10","0","pos","small-world","115","64.01869158878505","63.35282651072125","64.63195691202873"
"19","260","0.3","10","0","pos","small-world","147","62.71028037383177","62.37816764132553","63.016157989228006"
"18","260","0.3","10","0","pos","small-world","149","63.73831775700934","62.96296296296296","64.4524236983842"
"17","260","0.3","10","0","pos","small-world","148","63.73831775700934","61.98830409356725","65.35008976660683"
"21","260","0.3","10","0","pos","small-world","116","63.83177570093458","62.96296296296296","64.63195691202873"
"20","260","0.3","10","0","pos","small-world","128","66.07476635514018","65.49707602339181","66.6068222621185"
"15","260","0.3","10","0","pos","small-world","139","62.33644859813084","61.20857699805068","63.37522441651705"
"18","260","0.3","10","0","pos","small-world","150","63.83177570093458","63.547758284600384","64.09335727109516"
"20","260","0.3","10","0","pos","small-world","129","66.16822429906543","65.49707602339181","66.78635547576302"
"21","260","0.3","10","0","pos","small-world","117","63.73831775700934","62.96296296296296","64.4524236983842"
"19","260","0.3","10","0","pos","small-world","148","62.42990654205608","61.98830409356725","62.83662477558348"
"20","260","0.3","10","0","pos","small-world","130","66.26168224299064","65.8869395711501","66.6068222621185"
"15","260","0.3","10","0","pos","small-world","140","62.42990654205608","61.40350877192983","63.37522441651705"
"17","260","0.3","10","0","pos","small-world","149","63.925233644859816","62.1832358674464","65.52962298025135"
"18","260","0.3","10","0","pos","small-world","151","64.01869158878505","63.74269005847953","64.27289048473968"
"20","260","0.3","10","0","pos","small-world","131","66.35514018691589","65.8869395711501","66.78635547576302"
"19","260","0.3","10","0","pos","small-world","149","62.616822429906534","62.1832358674464","63.016157989228006"
"21","260","0.3","10","0","pos","small-world","118","63.83177570093458","62.96296296296296","64.63195691202873"
"17","260","0.3","10","0","pos","small-world","150","63.925233644859816","62.37816764132553","65.35008976660683"
"18","260","0.3","10","0","pos","small-world","152","64.01869158878505","63.74269005847953","64.27289048473968"
"19","260","0.3","10","0","pos","small-world","150","62.523364485981304","62.1832358674464","62.83662477558348"
"21","260","0.3","10","0","pos","small-world","119","63.83177570093458","62.96296296296296","64.63195691202873"
"20","260","0.3","10","0","pos","small-world","132","66.35514018691589","65.69200779727096","66.96588868940754"
"15","260","0.3","10","0","pos","small-world","141","62.523364485981304","61.40350877192983","63.55475763016158"
"17","260","0.3","10","0","pos","small-world","151","64.01869158878505","62.37816764132553","65.52962298025135"
"18","260","0.3","10","0","pos","small-world","153","64.01869158878505","63.93762183235867","64.09335727109516"
"21","260","0.3","10","0","pos","small-world","120","63.83177570093458","63.1578947368421","64.4524236983842"
"20","260","0.3","10","0","pos","small-world","133","66.54205607476635","65.8869395711501","67.14542190305207"
"19","260","0.3","10","0","pos","small-world","151","62.616822429906534","62.1832358674464","63.016157989228006"
"21","260","0.3","10","0","pos","small-world","121","63.925233644859816","63.1578947368421","64.63195691202873"
"17","260","0.3","10","0","pos","small-world","152","64.11214953271028","62.57309941520468","65.52962298025135"
"18","260","0.3","10","0","pos","small-world","154","63.925233644859816","63.93762183235867","63.91382405745063"
"19","260","0.3","10","0","pos","small-world","152","62.523364485981304","62.1832358674464","62.83662477558348"
"15","260","0.3","10","0","pos","small-world","142","62.523364485981304","61.20857699805068","63.73429084380611"
"20","260","0.3","10","0","pos","small-world","134","66.54205607476635","65.8869395711501","67.14542190305207"
"18","260","0.3","10","0","pos","small-world","155","63.925233644859816","63.93762183235867","63.91382405745063"
"17","260","0.3","10","0","pos","small-world","153","64.01869158878505","62.1832358674464","65.70915619389586"
"21","260","0.3","10","0","pos","small-world","122","64.01869158878505","63.1578947368421","64.81149012567326"
"18","260","0.3","10","0","pos","small-world","156","63.83177570093458","63.74269005847953","63.91382405745063"
"17","260","0.3","10","0","pos","small-world","154","64.01869158878505","62.1832358674464","65.70915619389586"
"18","260","0.3","10","0","pos","small-world","157","63.925233644859816","63.74269005847953","64.09335727109516"
"17","260","0.3","10","0","pos","small-world","155","64.01869158878505","62.37816764132553","65.52962298025135"
"15","260","0.3","10","0","pos","small-world","143","62.42990654205608","61.01364522417154","63.73429084380611"
"19","260","0.3","10","0","pos","small-world","153","62.71028037383177","62.37816764132553","63.016157989228006"
"20","260","0.3","10","0","pos","small-world","135","66.82242990654206","66.27680311890838","67.3249551166966"
"18","260","0.3","10","0","pos","small-world","158","63.83177570093458","63.74269005847953","63.91382405745063"
"17","260","0.3","10","0","pos","small-world","156","64.01869158878505","62.37816764132553","65.52962298025135"
"21","260","0.3","10","0","pos","small-world","123","64.20560747663552","63.547758284600384","64.81149012567326"
"18","260","0.3","10","0","pos","small-world","159","64.20560747663552","64.13255360623782","64.27289048473968"
"20","260","0.3","10","0","pos","small-world","136","66.72897196261682","66.27680311890838","67.14542190305207"
"19","260","0.3","10","0","pos","small-world","154","62.80373831775701","62.57309941520468","63.016157989228006"
"17","260","0.3","10","0","pos","small-world","157","64.20560747663552","62.96296296296296","65.35008976660683"
"15","260","0.3","10","0","pos","small-world","144","62.33644859813084","61.01364522417154","63.55475763016158"
"21","260","0.3","10","0","pos","small-world","124","64.11214953271028","63.1578947368421","64.99102333931778"
"17","260","0.3","10","0","pos","small-world","158","64.20560747663552","62.96296296296296","65.35008976660683"
"18","260","0.3","10","0","pos","small-world","160","64.29906542056075","64.13255360623782","64.4524236983842"
"17","260","0.3","10","0","pos","small-world","159","64.29906542056075","62.96296296296296","65.52962298025135"
"15","260","0.3","10","0","pos","small-world","145","62.33644859813084","61.01364522417154","63.55475763016158"
"19","260","0.3","10","0","pos","small-world","155","62.616822429906534","62.37816764132553","62.83662477558348"
"18","260","0.3","10","0","pos","small-world","161","64.48598130841121","64.32748538011695","64.63195691202873"
"20","260","0.3","10","0","pos","small-world","137","66.82242990654206","66.08187134502924","67.50448833034112"
"17","260","0.3","10","0","pos","small-world","160","64.39252336448598","62.96296296296296","65.70915619389586"
"21","260","0.3","10","0","pos","small-world","125","64.20560747663552","62.96296296296296","65.35008976660683"
"17","260","0.3","10","0","pos","small-world","161","64.67289719626169","63.1578947368421","66.06822262118493"
"18","260","0.3","10","0","pos","small-world","162","64.57943925233644","64.5224171539961","64.63195691202873"
"17","260","0.3","10","0","pos","small-world","162","64.67289719626169","63.1578947368421","66.06822262118493"
"15","260","0.3","10","0","pos","small-world","146","62.33644859813084","61.01364522417154","63.55475763016158"
"21","260","0.3","10","0","pos","small-world","126","64.20560747663552","62.96296296296296","65.35008976660683"
"19","260","0.3","10","0","pos","small-world","156","62.80373831775701","62.96296296296296","62.65709156193896"
"18","260","0.3","10","0","pos","small-world","163","64.76635514018692","64.71734892787524","64.81149012567326"
"20","260","0.3","10","0","pos","small-world","138","66.6355140186916","66.08187134502924","67.14542190305207"
"17","260","0.3","10","0","pos","small-world","163","64.57943925233644","63.1578947368421","65.8886894075404"
"17","260","0.3","10","0","pos","small-world","164","64.48598130841121","62.96296296296296","65.8886894075404"
"18","260","0.3","10","0","pos","small-world","164","64.48598130841121","64.32748538011695","64.63195691202873"
"15","260","0.3","10","0","pos","small-world","147","62.523364485981304","61.01364522417154","63.91382405745063"
"21","260","0.3","10","0","pos","small-world","127","64.01869158878505","62.768031189083814","65.1705565529623"
"20","260","0.3","10","0","pos","small-world","139","66.82242990654206","66.27680311890838","67.3249551166966"
"17","260","0.3","10","0","pos","small-world","165","64.67289719626169","62.96296296296296","66.24775583482945"
"19","260","0.3","10","0","pos","small-world","157","62.99065420560748","63.1578947368421","62.83662477558348"
"18","260","0.3","10","0","pos","small-world","165","64.85981308411215","64.91228070175438","64.81149012567326"
"18","260","0.3","10","0","pos","small-world","166","64.76635514018692","64.91228070175438","64.63195691202873"
"17","260","0.3","10","0","pos","small-world","166","64.67289719626169","62.96296296296296","66.24775583482945"
"19","260","0.3","10","0","pos","small-world","158","62.80373831775701","63.1578947368421","62.47755834829444"
"15","260","0.3","10","0","pos","small-world","148","62.523364485981304","61.01364522417154","63.91382405745063"
"20","260","0.3","10","0","pos","small-world","140","66.72897196261682","66.08187134502924","67.3249551166966"
"21","260","0.3","10","0","pos","small-world","128","64.20560747663552","63.1578947368421","65.1705565529623"
"17","260","0.3","10","0","pos","small-world","167","64.67289719626169","62.96296296296296","66.24775583482945"
"18","260","0.3","10","0","pos","small-world","167","64.76635514018692","64.91228070175438","64.63195691202873"
"19","260","0.3","10","0","pos","small-world","159","62.99065420560748","63.547758284600384","62.47755834829444"
"17","260","0.3","10","0","pos","small-world","168","64.57943925233644","62.768031189083814","66.24775583482945"
"18","260","0.3","10","0","pos","small-world","168","64.76635514018692","64.71734892787524","64.81149012567326"
"21","260","0.3","10","0","pos","small-world","129","64.11214953271028","63.1578947368421","64.99102333931778"
"20","260","0.3","10","0","pos","small-world","141","66.72897196261682","66.08187134502924","67.3249551166966"
"17","260","0.3","10","0","pos","small-world","169","64.29906542056075","62.57309941520468","65.8886894075404"
"15","260","0.3","10","0","pos","small-world","149","62.71028037383177","61.40350877192983","63.91382405745063"
"19","260","0.3","10","0","pos","small-world","160","63.084112149532714","63.547758284600384","62.65709156193896"
"18","260","0.3","10","0","pos","small-world","169","64.67289719626169","64.5224171539961","64.81149012567326"
"17","260","0.3","10","0","pos","small-world","170","64.29906542056075","62.37816764132553","66.06822262118493"
"20","260","0.3","10","0","pos","small-world","142","66.72897196261682","66.08187134502924","67.3249551166966"
"21","260","0.3","10","0","pos","small-world","130","64.11214953271028","62.96296296296296","65.1705565529623"
"21","260","0.3","10","0","pos","small-world","131","64.20560747663552","63.1578947368421","65.1705565529623"
"20","260","0.3","10","0","pos","small-world","143","66.9158878504673","66.27680311890838","67.50448833034112"
"17","260","0.3","10","0","pos","small-world","171","64.20560747663552","62.37816764132553","65.8886894075404"
"19","260","0.3","10","0","pos","small-world","161","63.177570093457945","63.547758284600384","62.83662477558348"
"18","260","0.3","10","0","pos","small-world","170","64.57943925233644","64.5224171539961","64.63195691202873"
"15","260","0.3","10","0","pos","small-world","150","62.71028037383177","61.20857699805068","64.09335727109516"
"19","260","0.3","10","0","pos","small-world","162","63.084112149532714","63.35282651072125","62.83662477558348"
"17","260","0.3","10","0","pos","small-world","172","64.29906542056075","62.57309941520468","65.8886894075404"
"21","260","0.3","10","0","pos","small-world","132","64.01869158878505","62.96296296296296","64.99102333931778"
"20","260","0.3","10","0","pos","small-world","144","67.00934579439253","66.66666666666666","67.3249551166966"
"17","260","0.3","10","0","pos","small-world","173","64.29906542056075","62.768031189083814","65.70915619389586"
"18","260","0.3","10","0","pos","small-world","171","64.67289719626169","64.5224171539961","64.81149012567326"
"15","260","0.3","10","0","pos","small-world","151","62.71028037383177","61.01364522417154","64.27289048473968"
"21","260","0.3","10","0","pos","small-world","133","64.20560747663552","63.1578947368421","65.1705565529623"
"20","260","0.3","10","0","pos","small-world","145","66.9158878504673","66.47173489278752","67.3249551166966"
"19","260","0.3","10","0","pos","small-world","163","62.99065420560748","63.1578947368421","62.83662477558348"
"17","260","0.3","10","0","pos","small-world","174","64.11214953271028","62.57309941520468","65.52962298025135"
"18","260","0.3","10","0","pos","small-world","172","64.57943925233644","64.5224171539961","64.63195691202873"
"18","260","0.3","10","0","pos","small-world","173","64.67289719626169","64.5224171539961","64.81149012567326"
"17","260","0.3","10","0","pos","small-world","175","64.20560747663552","62.768031189083814","65.52962298025135"
"15","260","0.3","10","0","pos","small-world","152","62.71028037383177","61.01364522417154","64.27289048473968"
"22","260","0.3","10","0","pos","small-world","0","60.5607476635514","59.06432748538012","61.93895870736086"
"21","260","0.3","10","0","pos","small-world","134","64.48598130841121","63.547758284600384","65.35008976660683"
"20","260","0.3","10","0","pos","small-world","146","66.82242990654206","66.47173489278752","67.14542190305207"
"19","260","0.3","10","0","pos","small-world","164","62.89719626168224","62.96296296296296","62.83662477558348"
"17","260","0.3","10","0","pos","small-world","176","64.48598130841121","62.96296296296296","65.8886894075404"
"18","260","0.3","10","0","pos","small-world","174","64.67289719626169","64.71734892787524","64.63195691202873"
"17","260","0.3","10","0","pos","small-world","177","64.67289719626169","63.35282651072125","65.8886894075404"
"18","260","0.3","10","0","pos","small-world","175","64.67289719626169","64.71734892787524","64.63195691202873"
"17","260","0.3","10","0","pos","small-world","178","64.76635514018692","63.547758284600384","65.8886894075404"
"18","260","0.3","10","0","pos","small-world","176","64.67289719626169","64.5224171539961","64.81149012567326"
"15","260","0.3","10","0","pos","small-world","153","62.523364485981304","60.81871345029239","64.09335727109516"
"22","260","0.3","10","0","pos","small-world","1","60.747663551401864","58.86939571150097","62.47755834829444"
"18","260","0.3","10","0","pos","small-world","177","64.57943925233644","64.13255360623782","64.99102333931778"
"17","260","0.3","10","0","pos","small-world","179","64.76635514018692","63.547758284600384","65.8886894075404"
"19","260","0.3","10","0","pos","small-world","165","62.99065420560748","63.1578947368421","62.83662477558348"
"21","260","0.3","10","0","pos","small-world","135","64.48598130841121","63.35282651072125","65.52962298025135"
"20","260","0.3","10","0","pos","small-world","147","66.72897196261682","66.47173489278752","66.96588868940754"
"18","260","0.3","10","0","pos","small-world","178","64.57943925233644","64.13255360623782","64.99102333931778"
"17","260","0.3","10","0","pos","small-world","180","64.85981308411215","63.74269005847953","65.8886894075404"
"18","260","0.3","10","0","pos","small-world","179","64.57943925233644","63.93762183235867","65.1705565529623"
"17","260","0.3","10","0","pos","small-world","181","64.85981308411215","63.93762183235867","65.70915619389586"
"21","260","0.3","10","0","pos","small-world","136","64.29906542056075","62.96296296296296","65.52962298025135"
"19","260","0.3","10","0","pos","small-world","166","63.177570093457945","63.1578947368421","63.19569120287253"
"15","260","0.3","10","0","pos","small-world","154","62.523364485981304","61.01364522417154","63.91382405745063"
"22","260","0.3","10","0","pos","small-world","2","60.8411214953271","59.06432748538012","62.47755834829444"
"20","260","0.3","10","0","pos","small-world","148","66.82242990654206","66.66666666666666","66.96588868940754"
"17","260","0.3","10","0","pos","small-world","182","64.95327102803739","63.93762183235867","65.8886894075404"
"21","260","0.3","10","0","pos","small-world","137","64.01869158878505","62.768031189083814","65.1705565529623"
"17","260","0.3","10","0","pos","small-world","183","64.85981308411215","63.93762183235867","65.70915619389586"
"18","260","0.3","10","0","pos","small-world","180","64.39252336448598","63.35282651072125","65.35008976660683"
"15","260","0.3","10","0","pos","small-world","155","62.42990654205608","60.62378167641326","64.09335727109516"
"20","260","0.3","10","0","pos","small-world","149","66.9158878504673","67.05653021442495","66.78635547576302"
"19","260","0.3","10","0","pos","small-world","167","63.177570093457945","63.1578947368421","63.19569120287253"
"18","260","0.3","10","0","pos","small-world","181","64.29906542056075","63.35282651072125","65.1705565529623"
"17","260","0.3","10","0","pos","small-world","184","64.85981308411215","63.93762183235867","65.70915619389586"
"21","260","0.3","10","0","pos","small-world","138","64.11214953271028","62.768031189083814","65.35008976660683"
"18","260","0.3","10","0","pos","small-world","182","64.39252336448598","63.547758284600384","65.1705565529623"
"17","260","0.3","10","0","pos","small-world","185","65.04672897196262","63.93762183235867","66.06822262118493"
"15","260","0.3","10","0","pos","small-world","156","62.42990654205608","60.62378167641326","64.09335727109516"
"21","260","0.3","10","0","pos","small-world","139","64.29906542056075","63.35282651072125","65.1705565529623"
"22","260","0.3","10","0","pos","small-world","3","61.12149532710281","59.64912280701754","62.47755834829444"
"17","260","0.3","10","0","pos","small-world","186","64.85981308411215","63.74269005847953","65.8886894075404"
"19","260","0.3","10","0","pos","small-world","168","63.27102803738318","62.96296296296296","63.55475763016158"
"18","260","0.3","10","0","pos","small-world","183","64.39252336448598","63.547758284600384","65.1705565529623"
"17","260","0.3","10","0","pos","small-world","187","64.76635514018692","63.74269005847953","65.70915619389586"
"17","260","0.3","10","0","pos","small-world","188","64.76635514018692","63.74269005847953","65.70915619389586"
"20","260","0.3","10","0","pos","small-world","150","66.82242990654206","66.8615984405458","66.78635547576302"
"17","260","0.3","10","0","pos","small-world","189","65.04672897196262","64.13255360623782","65.8886894075404"
"21","260","0.3","10","0","pos","small-world","140","64.39252336448598","63.547758284600384","65.1705565529623"
"19","260","0.3","10","0","pos","small-world","169","63.27102803738318","62.96296296296296","63.55475763016158"
"17","260","0.3","10","0","pos","small-world","190","65.42056074766354","64.91228070175438","65.8886894075404"
"18","260","0.3","10","0","pos","small-world","184","64.48598130841121","63.93762183235867","64.99102333931778"
"22","260","0.3","10","0","pos","small-world","4","61.12149532710281","59.64912280701754","62.47755834829444"
"17","260","0.3","10","0","pos","small-world","191","65.32710280373831","64.91228070175438","65.70915619389586"
"18","260","0.3","10","0","pos","small-world","185","64.57943925233644","64.13255360623782","64.99102333931778"
"19","260","0.3","10","0","pos","small-world","170","63.27102803738318","63.1578947368421","63.37522441651705"
"21","260","0.3","10","0","pos","small-world","141","64.48598130841121","63.74269005847953","65.1705565529623"
"17","260","0.3","10","0","pos","small-world","192","65.51401869158879","65.10721247563353","65.8886894075404"
"18","260","0.3","10","0","pos","small-world","186","64.67289719626169","63.93762183235867","65.35008976660683"
"20","260","0.3","10","0","pos","small-world","151","66.72897196261682","66.66666666666666","66.78635547576302"
"19","260","0.3","10","0","pos","small-world","171","63.45794392523364","63.35282651072125","63.55475763016158"
"22","260","0.3","10","0","pos","small-world","5","61.21495327102804","59.4541910331384","62.83662477558348"
"21","260","0.3","10","0","pos","small-world","142","64.39252336448598","63.74269005847953","64.99102333931778"
"17","260","0.3","10","0","pos","small-world","193","65.51401869158879","65.10721247563353","65.8886894075404"
"19","260","0.3","10","0","pos","small-world","172","63.45794392523364","63.547758284600384","63.37522441651705"
"18","260","0.3","10","0","pos","small-world","187","64.67289719626169","63.74269005847953","65.52962298025135"
"20","260","0.3","10","0","pos","small-world","152","66.6355140186916","66.66666666666666","66.6068222621185"
"21","260","0.3","10","0","pos","small-world","143","64.39252336448598","63.74269005847953","64.99102333931778"
"20","260","0.3","10","0","pos","small-world","153","66.54205607476635","66.66666666666666","66.42728904847397"
"17","260","0.3","10","0","pos","small-world","194","65.70093457943925","65.30214424951268","66.06822262118493"
"18","260","0.3","10","0","pos","small-world","188","64.76635514018692","63.74269005847953","65.70915619389586"
"19","260","0.3","10","0","pos","small-world","173","63.36448598130842","63.35282651072125","63.37522441651705"
"22","260","0.3","10","0","pos","small-world","6","61.21495327102804","59.64912280701754","62.65709156193896"
"21","260","0.3","10","0","pos","small-world","144","64.67289719626169","63.93762183235867","65.35008976660683"
"20","260","0.3","10","0","pos","small-world","154","66.6355140186916","66.8615984405458","66.42728904847397"
"17","260","0.3","10","0","pos","small-world","195","65.7943925233645","65.49707602339181","66.06822262118493"
"19","260","0.3","10","0","pos","small-world","174","63.45794392523364","63.35282651072125","63.55475763016158"
"18","260","0.3","10","0","pos","small-world","189","64.76635514018692","63.74269005847953","65.70915619389586"
"19","260","0.3","10","0","pos","small-world","175","63.36448598130842","63.35282651072125","63.37522441651705"
"18","260","0.3","10","0","pos","small-world","190","64.85981308411215","63.74269005847953","65.8886894075404"
"17","260","0.3","10","0","pos","small-world","196","65.88785046728972","65.69200779727096","66.06822262118493"
"20","260","0.3","10","0","pos","small-world","155","66.6355140186916","66.8615984405458","66.42728904847397"
"20","260","0.3","10","0","pos","small-world","156","66.82242990654206","67.2514619883041","66.42728904847397"
"18","260","0.3","10","0","pos","small-world","191","65.04672897196262","63.93762183235867","66.06822262118493"
"19","260","0.3","10","0","pos","small-world","176","63.36448598130842","63.1578947368421","63.55475763016158"
"17","260","0.3","10","0","pos","small-world","197","66.35514018691589","66.27680311890838","66.42728904847397"
"20","260","0.3","10","0","pos","small-world","157","66.9158878504673","67.2514619883041","66.6068222621185"
"19","260","0.3","10","0","pos","small-world","177","63.36448598130842","63.1578947368421","63.55475763016158"
"17","260","0.3","10","0","pos","small-world","198","66.35514018691589","66.27680311890838","66.42728904847397"
"20","260","0.3","10","0","pos","small-world","158","66.72897196261682","67.05653021442495","66.42728904847397"
"18","260","0.3","10","0","pos","small-world","192","65.14018691588785","64.13255360623782","66.06822262118493"
"17","260","0.3","10","0","pos","small-world","199","66.26168224299064","66.08187134502924","66.42728904847397"
"19","260","0.3","10","0","pos","small-world","178","63.36448598130842","63.1578947368421","63.55475763016158"
"20","260","0.3","10","0","pos","small-world","159","67.10280373831776","67.44639376218323","66.78635547576302"
"17","260","0.3","10","0","pos","small-world","200","66.54205607476635","66.47173489278752","66.6068222621185"
"20","260","0.3","10","0","pos","small-world","160","67.10280373831776","67.44639376218323","66.78635547576302"
"19","260","0.3","10","0","pos","small-world","179","63.55140186915887","63.1578947368421","63.91382405745063"
"17","260","0.3","10","0","pos","small-world","201","66.54205607476635","66.47173489278752","66.6068222621185"
"19","260","0.3","10","0","pos","small-world","180","63.36448598130842","63.1578947368421","63.55475763016158"
"20","260","0.3","10","0","pos","small-world","161","67.00934579439253","67.44639376218323","66.6068222621185"
"15","260","0.3","10","0","pos","small-world","157","62.71028037383177","61.01364522417154","64.27289048473968"
"17","260","0.3","10","0","pos","small-world","202","66.44859813084112","66.47173489278752","66.42728904847397"
"18","260","0.3","10","0","pos","small-world","193","65.14018691588785","64.13255360623782","66.06822262118493"
"20","260","0.3","10","0","pos","small-world","162","67.00934579439253","67.44639376218323","66.6068222621185"
"19","260","0.3","10","0","pos","small-world","181","63.45794392523364","63.1578947368421","63.73429084380611"
"22","260","0.3","10","0","pos","small-world","7","61.40186915887851","59.84405458089669","62.83662477558348"
"18","260","0.3","10","0","pos","small-world","194","65.23364485981308","64.32748538011695","66.06822262118493"
"19","260","0.3","10","0","pos","small-world","182","63.55140186915887","63.1578947368421","63.91382405745063"
"20","260","0.3","10","0","pos","small-world","163","67.00934579439253","67.2514619883041","66.78635547576302"
"17","260","0.3","10","0","pos","small-world","203","66.54205607476635","66.66666666666666","66.42728904847397"
"15","260","0.3","10","0","pos","small-world","158","62.89719626168224","61.01364522417154","64.63195691202873"
"19","260","0.3","10","0","pos","small-world","183","63.64485981308411","63.1578947368421","64.09335727109516"
"18","260","0.3","10","0","pos","small-world","195","65.14018691588785","64.32748538011695","65.8886894075404"
"17","260","0.3","10","0","pos","small-world","204","66.6355140186916","66.8615984405458","66.42728904847397"
"21","260","0.3","10","0","pos","small-world","145","64.48598130841121","63.74269005847953","65.1705565529623"
"20","260","0.3","10","0","pos","small-world","164","67.28971962616822","67.44639376218323","67.14542190305207"
"17","260","0.3","10","0","pos","small-world","205","66.72897196261682","66.8615984405458","66.6068222621185"
"19","260","0.3","10","0","pos","small-world","184","63.45794392523364","62.96296296296296","63.91382405745063"
"21","260","0.3","10","0","pos","small-world","146","64.57943925233644","63.93762183235867","65.1705565529623"
"17","260","0.3","10","0","pos","small-world","206","66.82242990654206","67.05653021442495","66.6068222621185"
"22","260","0.3","10","0","pos","small-world","8","61.40186915887851","59.84405458089669","62.83662477558348"
"18","260","0.3","10","0","pos","small-world","196","65.32710280373831","64.71734892787524","65.8886894075404"
"15","260","0.3","10","0","pos","small-world","159","62.89719626168224","61.01364522417154","64.63195691202873"
"20","260","0.3","10","0","pos","small-world","165","67.28971962616822","67.44639376218323","67.14542190305207"
"18","260","0.3","10","0","pos","small-world","197","65.42056074766354","64.91228070175438","65.8886894075404"
"17","260","0.3","10","0","pos","small-world","207","66.72897196261682","67.05653021442495","66.42728904847397"
"19","260","0.3","10","0","pos","small-world","185","63.55140186915887","62.96296296296296","64.09335727109516"
"18","260","0.3","10","0","pos","small-world","198","65.70093457943925","65.30214424951268","66.06822262118493"
"17","260","0.3","10","0","pos","small-world","208","66.6355140186916","67.05653021442495","66.24775583482945"
"22","260","0.3","10","0","pos","small-world","9","61.40186915887851","59.84405458089669","62.83662477558348"
"21","260","0.3","10","0","pos","small-world","147","64.67289719626169","63.93762183235867","65.35008976660683"
"18","260","0.3","10","0","pos","small-world","199","65.88785046728972","65.30214424951268","66.42728904847397"
"17","260","0.3","10","0","pos","small-world","209","66.72897196261682","67.05653021442495","66.42728904847397"
"15","260","0.3","10","0","pos","small-world","160","62.99065420560748","61.20857699805068","64.63195691202873"
"20","260","0.3","10","0","pos","small-world","166","67.10280373831776","67.2514619883041","66.96588868940754"
"17","260","0.3","10","0","pos","small-world","210","66.72897196261682","67.05653021442495","66.42728904847397"
"18","260","0.3","10","0","pos","small-world","200","66.07476635514018","65.30214424951268","66.78635547576302"
"21","260","0.3","10","0","pos","small-world","148","64.85981308411215","64.13255360623782","65.52962298025135"
"18","260","0.3","10","0","pos","small-world","201","66.16822429906543","65.49707602339181","66.78635547576302"
"17","260","0.3","10","0","pos","small-world","211","66.9158878504673","67.05653021442495","66.78635547576302"
"22","260","0.3","10","0","pos","small-world","10","61.588785046728965","60.03898635477582","63.016157989228006"
"17","260","0.3","10","0","pos","small-world","212","66.9158878504673","67.05653021442495","66.78635547576302"
"18","260","0.3","10","0","pos","small-world","202","66.44859813084112","65.69200779727096","67.14542190305207"
"19","260","0.3","10","0","pos","small-world","186","63.64485981308411","62.96296296296296","64.27289048473968"
"15","260","0.3","10","0","pos","small-world","161","62.89719626168224","61.20857699805068","64.4524236983842"
"18","260","0.3","10","0","pos","small-world","203","66.54205607476635","65.8869395711501","67.14542190305207"
"17","260","0.3","10","0","pos","small-world","213","67.10280373831776","67.2514619883041","66.96588868940754"
"19","260","0.3","10","0","pos","small-world","187","63.55140186915887","62.96296296296296","64.09335727109516"
"21","260","0.3","10","0","pos","small-world","149","64.85981308411215","64.13255360623782","65.52962298025135"
"18","260","0.3","10","0","pos","small-world","204","66.82242990654206","66.27680311890838","67.3249551166966"
"17","260","0.3","10","0","pos","small-world","214","67.19626168224299","67.2514619883041","67.14542190305207"
"19","260","0.3","10","0","pos","small-world","188","63.64485981308411","62.96296296296296","64.27289048473968"
"22","260","0.3","10","0","pos","small-world","11","61.49532710280374","60.03898635477582","62.83662477558348"
"18","260","0.3","10","0","pos","small-world","205","66.82242990654206","66.27680311890838","67.3249551166966"
"21","260","0.3","10","0","pos","small-world","150","64.76635514018692","64.13255360623782","65.35008976660683"
"15","260","0.3","10","0","pos","small-world","162","63.084112149532714","61.20857699805068","64.81149012567326"
"17","260","0.3","10","0","pos","small-world","215","67.19626168224299","67.2514619883041","67.14542190305207"
"20","260","0.3","10","0","pos","small-world","167","67.00934579439253","67.05653021442495","66.96588868940754"
"19","260","0.3","10","0","pos","small-world","189","63.64485981308411","62.768031189083814","64.4524236983842"
"18","260","0.3","10","0","pos","small-world","206","66.82242990654206","66.27680311890838","67.3249551166966"
"18","260","0.3","10","0","pos","small-world","207","66.54205607476635","66.27680311890838","66.78635547576302"
"18","260","0.3","10","0","pos","small-world","208","66.54205607476635","66.47173489278752","66.6068222621185"
"15","260","0.3","10","0","pos","small-world","163","63.177570093457945","61.40350877192983","64.81149012567326"
"21","260","0.3","10","0","pos","small-world","151","64.76635514018692","64.32748538011695","65.1705565529623"
"22","260","0.3","10","0","pos","small-world","12","61.308411214953274","59.4541910331384","63.016157989228006"
"20","260","0.3","10","0","pos","small-world","168","67.19626168224299","67.2514619883041","67.14542190305207"
"17","260","0.3","10","0","pos","small-world","216","67.19626168224299","67.44639376218323","66.96588868940754"
"18","260","0.3","10","0","pos","small-world","209","66.6355140186916","66.66666666666666","66.6068222621185"
"19","260","0.3","10","0","pos","small-world","190","63.73831775700934","62.96296296296296","64.4524236983842"
"17","260","0.3","10","0","pos","small-world","217","67.28971962616822","67.44639376218323","67.14542190305207"
"18","260","0.3","10","0","pos","small-world","210","66.6355140186916","66.66666666666666","66.6068222621185"
"15","260","0.3","10","0","pos","small-world","164","63.36448598130842","61.40350877192983","65.1705565529623"
"19","260","0.3","10","0","pos","small-world","191","63.73831775700934","62.768031189083814","64.63195691202873"
"17","260","0.3","10","0","pos","small-world","218","67.28971962616822","67.44639376218323","67.14542190305207"
"21","260","0.3","10","0","pos","small-world","152","64.76635514018692","64.32748538011695","65.1705565529623"
"20","260","0.3","10","0","pos","small-world","169","67.19626168224299","67.05653021442495","67.3249551166966"
"22","260","0.3","10","0","pos","small-world","13","61.12149532710281","59.25925925925925","62.83662477558348"
"18","260","0.3","10","0","pos","small-world","211","66.82242990654206","66.8615984405458","66.78635547576302"
"18","260","0.3","10","0","pos","small-world","212","67.00934579439253","67.05653021442495","66.96588868940754"
"15","260","0.3","10","0","pos","small-world","165","63.36448598130842","61.40350877192983","65.1705565529623"
"20","260","0.3","10","0","pos","small-world","170","67.4766355140187","67.2514619883041","67.68402154398564"
"21","260","0.3","10","0","pos","small-world","153","64.67289719626169","64.13255360623782","65.1705565529623"
"19","260","0.3","10","0","pos","small-world","192","63.64485981308411","62.768031189083814","64.4524236983842"
"17","260","0.3","10","0","pos","small-world","219","67.4766355140187","67.44639376218323","67.50448833034112"
"17","260","0.3","10","0","pos","small-world","220","67.38317757009345","67.44639376218323","67.3249551166966"
"17","260","0.3","10","0","pos","small-world","221","67.4766355140187","67.44639376218323","67.50448833034112"
"15","260","0.3","10","0","pos","small-world","166","63.36448598130842","61.40350877192983","65.1705565529623"
"18","260","0.3","10","0","pos","small-world","213","66.9158878504673","66.8615984405458","66.96588868940754"
"22","260","0.3","10","0","pos","small-world","14","61.308411214953274","59.4541910331384","63.016157989228006"
"21","260","0.3","10","0","pos","small-world","154","64.67289719626169","64.13255360623782","65.1705565529623"
"20","260","0.3","10","0","pos","small-world","171","67.66355140186916","67.2514619883041","68.04308797127469"
"19","260","0.3","10","0","pos","small-world","193","63.64485981308411","62.57309941520468","64.63195691202873"
"17","260","0.3","10","0","pos","small-world","222","67.4766355140187","67.44639376218323","67.50448833034112"
"18","260","0.3","10","0","pos","small-world","214","66.82242990654206","66.8615984405458","66.78635547576302"
"19","260","0.3","10","0","pos","small-world","194","63.45794392523364","62.57309941520468","64.27289048473968"
"15","260","0.3","10","0","pos","small-world","167","63.36448598130842","61.40350877192983","65.1705565529623"
"22","260","0.3","10","0","pos","small-world","15","61.12149532710281","59.4541910331384","62.65709156193896"
"21","260","0.3","10","0","pos","small-world","155","64.57943925233644","64.13255360623782","64.99102333931778"
"20","260","0.3","10","0","pos","small-world","172","67.57009345794393","67.2514619883041","67.86355475763017"
"17","260","0.3","10","0","pos","small-world","223","67.57009345794393","67.64132553606238","67.50448833034112"
"18","260","0.3","10","0","pos","small-world","215","66.82242990654206","66.8615984405458","66.78635547576302"
"19","260","0.3","10","0","pos","small-world","195","63.45794392523364","62.37816764132553","64.4524236983842"
"17","260","0.3","10","0","pos","small-world","224","67.66355140186916","67.83625730994152","67.50448833034112"
"21","260","0.3","10","0","pos","small-world","156","64.39252336448598","63.93762183235867","64.81149012567326"
"17","260","0.3","10","0","pos","small-world","225","67.38317757009345","67.44639376218323","67.3249551166966"
"18","260","0.3","10","0","pos","small-world","216","66.82242990654206","66.8615984405458","66.78635547576302"
"15","260","0.3","10","0","pos","small-world","168","63.45794392523364","61.59844054580896","65.1705565529623"
"20","260","0.3","10","0","pos","small-world","173","67.57009345794393","67.2514619883041","67.86355475763017"
"17","260","0.3","10","0","pos","small-world","226","67.4766355140187","67.44639376218323","67.50448833034112"
"22","260","0.3","10","0","pos","small-world","16","61.02803738317757","59.25925925925925","62.65709156193896"
"21","260","0.3","10","0","pos","small-world","157","64.11214953271028","63.547758284600384","64.63195691202873"
"18","260","0.3","10","0","pos","small-world","217","66.72897196261682","66.66666666666666","66.78635547576302"
"19","260","0.3","10","0","pos","small-world","196","63.36448598130842","62.37816764132553","64.27289048473968"
"18","260","0.3","10","0","pos","small-world","218","66.72897196261682","66.66666666666666","66.78635547576302"
"21","260","0.3","10","0","pos","small-world","158","64.01869158878505","63.35282651072125","64.63195691202873"
"19","260","0.3","10","0","pos","small-world","197","63.45794392523364","62.57309941520468","64.27289048473968"
"17","260","0.3","10","0","pos","small-world","227","67.4766355140187","67.44639376218323","67.50448833034112"
"20","260","0.3","10","0","pos","small-world","174","67.4766355140187","67.2514619883041","67.68402154398564"
"15","260","0.3","10","0","pos","small-world","169","63.36448598130842","61.59844054580896","64.99102333931778"
"22","260","0.3","10","0","pos","small-world","17","60.8411214953271","59.06432748538012","62.47755834829444"
"19","260","0.3","10","0","pos","small-world","198","63.64485981308411","62.768031189083814","64.4524236983842"
"21","260","0.3","10","0","pos","small-world","159","64.01869158878505","63.547758284600384","64.4524236983842"
"18","260","0.3","10","0","pos","small-world","219","66.82242990654206","67.05653021442495","66.6068222621185"
"17","260","0.3","10","0","pos","small-world","228","67.57009345794393","67.64132553606238","67.50448833034112"
"17","260","0.3","10","0","pos","small-world","229","67.57009345794393","67.83625730994152","67.3249551166966"
"18","260","0.3","10","0","pos","small-world","220","66.82242990654206","67.05653021442495","66.6068222621185"
"17","260","0.3","10","0","pos","small-world","230","67.57009345794393","67.83625730994152","67.3249551166966"
"15","260","0.3","10","0","pos","small-world","170","63.73831775700934","61.98830409356725","65.35008976660683"
"20","260","0.3","10","0","pos","small-world","175","67.66355140186916","67.44639376218323","67.86355475763017"
"18","260","0.3","10","0","pos","small-world","221","67.00934579439253","67.05653021442495","66.96588868940754"
"17","260","0.3","10","0","pos","small-world","231","67.57009345794393","67.83625730994152","67.3249551166966"
"21","260","0.3","10","0","pos","small-world","160","64.01869158878505","63.547758284600384","64.4524236983842"
"19","260","0.3","10","0","pos","small-world","199","63.73831775700934","62.768031189083814","64.63195691202873"
"17","260","0.3","10","0","pos","small-world","232","67.7570093457944","67.83625730994152","67.68402154398564"
"18","260","0.3","10","0","pos","small-world","222","67.00934579439253","67.05653021442495","66.96588868940754"
"15","260","0.3","10","0","pos","small-world","171","63.64485981308411","61.79337231968811","65.35008976660683"
"20","260","0.3","10","0","pos","small-world","176","67.4766355140187","67.05653021442495","67.86355475763017"
"22","260","0.3","10","0","pos","small-world","18","60.93457943925233","59.25925925925925","62.47755834829444"
"18","260","0.3","10","0","pos","small-world","223","67.10280373831776","67.05653021442495","67.14542190305207"
"17","260","0.3","10","0","pos","small-world","233","67.7570093457944","67.83625730994152","67.68402154398564"
"19","260","0.3","10","0","pos","small-world","200","63.73831775700934","62.768031189083814","64.63195691202873"
"21","260","0.3","10","0","pos","small-world","161","64.11214953271028","63.74269005847953","64.4524236983842"
"18","260","0.3","10","0","pos","small-world","224","66.9158878504673","66.8615984405458","66.96588868940754"
"15","260","0.3","10","0","pos","small-world","172","63.36448598130842","61.79337231968811","64.81149012567326"
"21","260","0.3","10","0","pos","small-world","162","64.20560747663552","63.74269005847953","64.63195691202873"
"17","260","0.3","10","0","pos","small-world","234","67.85046728971963","67.64132553606238","68.04308797127469"
"18","260","0.3","10","0","pos","small-world","225","66.9158878504673","66.8615984405458","66.96588868940754"
"19","260","0.3","10","0","pos","small-world","201","63.64485981308411","62.768031189083814","64.4524236983842"
"17","260","0.3","10","0","pos","small-world","235","67.85046728971963","67.83625730994152","67.86355475763017"
"15","260","0.3","10","0","pos","small-world","173","63.45794392523364","61.59844054580896","65.1705565529623"
"22","260","0.3","10","0","pos","small-world","19","60.8411214953271","59.25925925925925","62.29802513464991"
"21","260","0.3","10","0","pos","small-world","163","64.48598130841121","63.93762183235867","64.99102333931778"
"18","260","0.3","10","0","pos","small-world","226","67.00934579439253","66.8615984405458","67.14542190305207"
"20","260","0.3","10","0","pos","small-world","177","67.4766355140187","67.05653021442495","67.86355475763017"
"17","260","0.3","10","0","pos","small-world","236","67.85046728971963","67.64132553606238","68.04308797127469"
"18","260","0.3","10","0","pos","small-world","227","66.9158878504673","66.8615984405458","66.96588868940754"
"17","260","0.3","10","0","pos","small-world","237","67.85046728971963","67.64132553606238","68.04308797127469"
"15","260","0.3","10","0","pos","small-world","174","63.45794392523364","61.79337231968811","64.99102333931778"
"22","260","0.3","10","0","pos","small-world","20","60.65420560747663","59.06432748538012","62.11849192100538"
"21","260","0.3","10","0","pos","small-world","164","64.57943925233644","64.13255360623782","64.99102333931778"
"19","260","0.3","10","0","pos","small-world","202","63.73831775700934","62.96296296296296","64.4524236983842"
"17","260","0.3","10","0","pos","small-world","238","67.85046728971963","67.64132553606238","68.04308797127469"
"18","260","0.3","10","0","pos","small-world","228","67.10280373831776","66.8615984405458","67.3249551166966"
"17","260","0.3","10","0","pos","small-world","239","67.94392523364486","67.64132553606238","68.2226211849192"
"18","260","0.3","10","0","pos","small-world","229","67.10280373831776","66.8615984405458","67.3249551166966"
"18","260","0.3","10","0","pos","small-world","230","67.10280373831776","66.8615984405458","67.3249551166966"
"17","260","0.3","10","0","pos","small-world","240","67.7570093457944","67.44639376218323","68.04308797127469"
"21","260","0.3","10","0","pos","small-world","165","64.76635514018692","64.32748538011695","65.1705565529623"
"20","260","0.3","10","0","pos","small-world","178","67.66355140186916","67.05653021442495","68.2226211849192"
"22","260","0.3","10","0","pos","small-world","21","60.747663551401864","59.25925925925925","62.11849192100538"
"18","260","0.3","10","0","pos","small-world","231","67.19626168224299","67.05653021442495","67.3249551166966"
"17","260","0.3","10","0","pos","small-world","241","67.7570093457944","67.44639376218323","68.04308797127469"
"19","260","0.3","10","0","pos","small-world","203","63.64485981308411","62.768031189083814","64.4524236983842"
"21","260","0.3","10","0","pos","small-world","166","64.76635514018692","64.5224171539961","64.99102333931778"
"18","260","0.3","10","0","pos","small-world","232","67.19626168224299","67.05653021442495","67.3249551166966"
"17","260","0.3","10","0","pos","small-world","242","67.94392523364486","67.64132553606238","68.2226211849192"
"19","260","0.3","10","0","pos","small-world","204","63.73831775700934","62.768031189083814","64.63195691202873"
"21","260","0.3","10","0","pos","small-world","167","64.67289719626169","64.32748538011695","64.99102333931778"
"18","260","0.3","10","0","pos","small-world","233","67.19626168224299","67.05653021442495","67.3249551166966"
"22","260","0.3","10","0","pos","small-world","22","60.747663551401864","59.25925925925925","62.11849192100538"
"17","260","0.3","10","0","pos","small-world","243","67.94392523364486","67.64132553606238","68.2226211849192"
"21","260","0.3","10","0","pos","small-world","168","64.67289719626169","64.5224171539961","64.81149012567326"
"20","260","0.3","10","0","pos","small-world","179","67.4766355140187","66.8615984405458","68.04308797127469"
"19","260","0.3","10","0","pos","small-world","205","63.83177570093458","62.768031189083814","64.81149012567326"
"18","260","0.3","10","0","pos","small-world","234","67.19626168224299","67.05653021442495","67.3249551166966"
"17","260","0.3","10","0","pos","small-world","244","67.85046728971963","67.44639376218323","68.2226211849192"
"21","260","0.3","10","0","pos","small-world","169","64.57943925233644","64.32748538011695","64.81149012567326"
"20","260","0.3","10","0","pos","small-world","180","67.4766355140187","66.8615984405458","68.04308797127469"
"18","260","0.3","10","0","pos","small-world","235","67.4766355140187","67.64132553606238","67.3249551166966"
"22","260","0.3","10","0","pos","small-world","23","60.747663551401864","59.06432748538012","62.29802513464991"
"19","260","0.3","10","0","pos","small-world","206","63.925233644859816","62.768031189083814","64.99102333931778"
"17","260","0.3","10","0","pos","small-world","245","67.7570093457944","67.44639376218323","68.04308797127469"
"18","260","0.3","10","0","pos","small-world","236","67.57009345794393","67.83625730994152","67.3249551166966"
"19","260","0.3","10","0","pos","small-world","207","63.83177570093458","62.57309941520468","64.99102333931778"
"20","260","0.3","10","0","pos","small-world","181","67.66355140186916","66.8615984405458","68.40215439856372"
"17","260","0.3","10","0","pos","small-world","246","67.7570093457944","67.2514619883041","68.2226211849192"
"21","260","0.3","10","0","pos","small-world","170","64.57943925233644","64.5224171539961","64.63195691202873"
"18","260","0.3","10","0","pos","small-world","237","67.4766355140187","67.64132553606238","67.3249551166966"
"17","260","0.3","10","0","pos","small-world","247","67.94392523364486","67.2514619883041","68.58168761220826"
"18","260","0.3","10","0","pos","small-world","238","67.57009345794393","67.83625730994152","67.3249551166966"
"17","260","0.3","10","0","pos","small-world","248","67.94392523364486","67.2514619883041","68.58168761220826"
"22","260","0.3","10","0","pos","small-world","24","60.65420560747663","58.86939571150097","62.29802513464991"
"17","260","0.3","10","0","pos","small-world","249","68.03738317757009","67.2514619883041","68.76122082585279"
"21","260","0.3","10","0","pos","small-world","171","64.57943925233644","64.5224171539961","64.63195691202873"
"19","260","0.3","10","0","pos","small-world","208","63.83177570093458","62.57309941520468","64.99102333931778"
"20","260","0.3","10","0","pos","small-world","182","67.66355140186916","66.8615984405458","68.40215439856372"
"17","260","0.3","10","0","pos","small-world","250","68.3177570093458","67.44639376218323","69.12028725314184"
"19","260","0.3","10","0","pos","small-world","209","63.83177570093458","62.57309941520468","64.99102333931778"
"17","260","0.3","10","0","pos","small-world","251","68.50467289719626","67.83625730994152","69.12028725314184"
"21","260","0.3","10","0","pos","small-world","172","64.67289719626169","64.5224171539961","64.81149012567326"
"20","260","0.3","10","0","pos","small-world","183","67.7570093457944","67.05653021442495","68.40215439856372"
"19","260","0.3","10","0","pos","small-world","210","64.01869158878505","62.768031189083814","65.1705565529623"
"17","260","0.3","10","0","pos","small-world","252","68.50467289719626","67.83625730994152","69.12028725314184"
"21","260","0.3","10","0","pos","small-world","173","64.67289719626169","64.32748538011695","64.99102333931778"
"20","260","0.3","10","0","pos","small-world","184","67.85046728971963","67.2514619883041","68.40215439856372"
"19","260","0.3","10","0","pos","small-world","211","64.11214953271028","62.768031189083814","65.35008976660683"
"17","260","0.3","10","0","pos","small-world","253","68.41121495327103","67.64132553606238","69.12028725314184"
"21","260","0.3","10","0","pos","small-world","174","64.85981308411215","64.5224171539961","65.1705565529623"
"18","260","0.3","10","0","pos","small-world","239","67.4766355140187","67.83625730994152","67.14542190305207"
"20","260","0.3","10","0","pos","small-world","185","67.85046728971963","67.2514619883041","68.40215439856372"
"19","260","0.3","10","0","pos","small-world","212","64.11214953271028","62.96296296296296","65.1705565529623"
"17","260","0.3","10","0","pos","small-world","254","68.3177570093458","67.64132553606238","68.9407540394973"
"21","260","0.3","10","0","pos","small-world","175","64.85981308411215","64.5224171539961","65.1705565529623"
"18","260","0.3","10","0","pos","small-world","240","67.38317757009345","67.64132553606238","67.14542190305207"
"20","260","0.3","10","0","pos","small-world","186","67.85046728971963","67.2514619883041","68.40215439856372"
"22","260","0.3","10","0","pos","small-world","25","60.5607476635514","58.67446393762184","62.29802513464991"
"17","260","0.3","10","0","pos","small-world","255","68.3177570093458","67.64132553606238","68.9407540394973"
"19","260","0.3","10","0","pos","small-world","213","64.20560747663552","62.96296296296296","65.35008976660683"
"21","260","0.3","10","0","pos","small-world","176","65.04672897196262","64.71734892787524","65.35008976660683"
"20","260","0.3","10","0","pos","small-world","187","67.94392523364486","67.2514619883041","68.58168761220826"
"18","260","0.3","10","0","pos","small-world","241","67.28971962616822","67.44639376218323","67.14542190305207"
"17","260","0.3","10","0","pos","small-world","256","68.22429906542055","67.44639376218323","68.9407540394973"
"20","260","0.3","10","0","pos","small-world","188","67.94392523364486","67.44639376218323","68.40215439856372"
"21","260","0.3","10","0","pos","small-world","177","65.23364485981308","64.91228070175438","65.52962298025135"
"19","260","0.3","10","0","pos","small-world","214","64.11214953271028","62.768031189083814","65.35008976660683"
"18","260","0.3","10","0","pos","small-world","242","67.4766355140187","67.64132553606238","67.3249551166966"
"22","260","0.3","10","0","pos","small-world","26","60.373831775700936","58.67446393762184","61.93895870736086"
"17","260","0.3","10","0","pos","small-world","257","68.03738317757009","67.2514619883041","68.76122082585279"
"21","260","0.3","10","0","pos","small-world","178","65.23364485981308","64.91228070175438","65.52962298025135"
"20","260","0.3","10","0","pos","small-world","189","68.03738317757009","67.64132553606238","68.40215439856372"
"19","260","0.3","10","0","pos","small-world","215","64.39252336448598","62.96296296296296","65.70915619389586"
"17","260","0.3","10","0","pos","small-world","258","68.3177570093458","67.44639376218323","69.12028725314184"
"21","260","0.3","10","0","pos","small-world","179","65.42056074766354","65.10721247563353","65.70915619389586"
"17","260","0.3","10","0","pos","small-world","259","68.22429906542055","67.2514619883041","69.12028725314184"
"18","260","0.3","10","0","pos","small-world","243","67.38317757009345","67.64132553606238","67.14542190305207"
"19","260","0.3","10","0","pos","small-world","216","64.39252336448598","63.1578947368421","65.52962298025135"
"20","260","0.3","10","0","pos","small-world","190","68.3177570093458","67.83625730994152","68.76122082585279"
"18","260","0.3","10","0","pos","small-world","244","67.28971962616822","67.64132553606238","66.96588868940754"
"22","260","0.3","10","0","pos","small-world","27","60.46728971962617","58.86939571150097","61.93895870736086"
"20","260","0.3","10","0","pos","small-world","191","68.22429906542055","67.64132553606238","68.76122082585279"
"21","260","0.3","10","0","pos","small-world","180","65.14018691588785","64.71734892787524","65.52962298025135"
"19","260","0.3","10","0","pos","small-world","217","64.57943925233644","63.35282651072125","65.70915619389586"
"18","260","0.3","10","0","pos","small-world","245","67.28971962616822","67.64132553606238","66.96588868940754"
"18","260","0.3","10","0","pos","small-world","246","67.28971962616822","67.83625730994152","66.78635547576302"
"19","260","0.3","10","0","pos","small-world","218","64.39252336448598","63.35282651072125","65.35008976660683"
"22","260","0.3","10","0","pos","small-world","28","60.46728971962617","58.86939571150097","61.93895870736086"
"21","260","0.3","10","0","pos","small-world","181","64.85981308411215","64.32748538011695","65.35008976660683"
"20","260","0.3","10","0","pos","small-world","192","68.3177570093458","67.83625730994152","68.76122082585279"
"18","260","0.3","10","0","pos","small-world","247","67.28971962616822","67.83625730994152","66.78635547576302"
"19","260","0.3","10","0","pos","small-world","219","64.39252336448598","63.547758284600384","65.1705565529623"
"21","260","0.3","10","0","pos","small-world","182","64.95327102803739","64.5224171539961","65.35008976660683"
"20","260","0.3","10","0","pos","small-world","193","68.50467289719626","68.42105263157895","68.58168761220826"
"22","260","0.3","10","0","pos","small-world","29","60.5607476635514","58.86939571150097","62.11849192100538"
"18","260","0.3","10","0","pos","small-world","248","67.28971962616822","67.83625730994152","66.78635547576302"
"21","260","0.3","10","0","pos","small-world","183","65.23364485981308","64.71734892787524","65.70915619389586"
"19","260","0.3","10","0","pos","small-world","220","64.20560747663552","63.35282651072125","64.99102333931778"
"20","260","0.3","10","0","pos","small-world","194","68.5981308411215","68.61598440545808","68.58168761220826"
"18","260","0.3","10","0","pos","small-world","249","67.19626168224299","67.83625730994152","66.6068222621185"
"22","260","0.3","10","0","pos","small-world","30","60.65420560747663","58.86939571150097","62.29802513464991"
"21","260","0.3","10","0","pos","small-world","184","65.32710280373831","64.71734892787524","65.8886894075404"
"19","260","0.3","10","0","pos","small-world","221","64.20560747663552","63.35282651072125","64.99102333931778"
"20","260","0.3","10","0","pos","small-world","195","68.5981308411215","68.81091617933723","68.40215439856372"
"18","260","0.3","10","0","pos","small-world","250","67.28971962616822","67.83625730994152","66.78635547576302"
"21","260","0.3","10","0","pos","small-world","185","65.23364485981308","64.5224171539961","65.8886894075404"
"22","260","0.3","10","0","pos","small-world","31","60.5607476635514","58.86939571150097","62.11849192100538"
"19","260","0.3","10","0","pos","small-world","222","64.20560747663552","63.35282651072125","64.99102333931778"
"20","260","0.3","10","0","pos","small-world","196","68.5981308411215","69.00584795321637","68.2226211849192"
"18","260","0.3","10","0","pos","small-world","251","67.28971962616822","67.83625730994152","66.78635547576302"
"21","260","0.3","10","0","pos","small-world","186","65.23364485981308","64.5224171539961","65.8886894075404"
"19","260","0.3","10","0","pos","small-world","223","64.11214953271028","63.35282651072125","64.81149012567326"
"20","260","0.3","10","0","pos","small-world","197","68.5981308411215","69.00584795321637","68.2226211849192"
"18","260","0.3","10","0","pos","small-world","252","67.38317757009345","68.03118908382066","66.78635547576302"
"21","260","0.3","10","0","pos","small-world","187","65.42056074766354","64.71734892787524","66.06822262118493"
"22","260","0.3","10","0","pos","small-world","32","60.5607476635514","59.06432748538012","61.93895870736086"
"19","260","0.3","10","0","pos","small-world","224","64.29906542056075","63.35282651072125","65.1705565529623"
"20","260","0.3","10","0","pos","small-world","198","68.69158878504673","69.00584795321637","68.40215439856372"
"21","260","0.3","10","0","pos","small-world","188","65.42056074766354","64.71734892787524","66.06822262118493"
"18","260","0.3","10","0","pos","small-world","253","67.4766355140187","68.2261208576998","66.78635547576302"
"20","260","0.3","10","0","pos","small-world","199","68.97196261682244","69.39571150097466","68.58168761220826"
"19","260","0.3","10","0","pos","small-world","225","64.29906542056075","63.35282651072125","65.1705565529623"
"21","260","0.3","10","0","pos","small-world","189","65.42056074766354","64.71734892787524","66.06822262118493"
"22","260","0.3","10","0","pos","small-world","33","60.46728971962617","58.86939571150097","61.93895870736086"
"19","260","0.3","10","0","pos","small-world","226","64.39252336448598","63.547758284600384","65.1705565529623"
"20","260","0.3","10","0","pos","small-world","200","69.06542056074765","69.5906432748538","68.58168761220826"
"21","260","0.3","10","0","pos","small-world","190","65.51401869158879","64.71734892787524","66.24775583482945"
"19","260","0.3","10","0","pos","small-world","227","64.39252336448598","63.547758284600384","65.1705565529623"
"20","260","0.3","10","0","pos","small-world","201","69.1588785046729","69.5906432748538","68.76122082585279"
"22","260","0.3","10","0","pos","small-world","34","60.46728971962617","58.86939571150097","61.93895870736086"
"21","260","0.3","10","0","pos","small-world","191","65.51401869158879","64.71734892787524","66.24775583482945"
"19","260","0.3","10","0","pos","small-world","228","64.48598130841121","63.547758284600384","65.35008976660683"
"20","260","0.3","10","0","pos","small-world","202","69.1588785046729","69.78557504873294","68.58168761220826"
"21","260","0.3","10","0","pos","small-world","192","65.51401869158879","64.71734892787524","66.24775583482945"
"19","260","0.3","10","0","pos","small-world","229","64.57943925233644","63.547758284600384","65.52962298025135"
"20","260","0.3","10","0","pos","small-world","203","69.1588785046729","69.5906432748538","68.76122082585279"
"18","260","0.3","10","0","pos","small-world","254","67.57009345794393","68.42105263157895","66.78635547576302"
"22","260","0.3","10","0","pos","small-world","35","60.46728971962617","58.86939571150097","61.93895870736086"
"21","260","0.3","10","0","pos","small-world","193","65.60747663551402","64.91228070175438","66.24775583482945"
"19","260","0.3","10","0","pos","small-world","230","64.57943925233644","63.547758284600384","65.52962298025135"
"18","260","0.3","10","0","pos","small-world","255","67.66355140186916","68.42105263157895","66.96588868940754"
"21","260","0.3","10","0","pos","small-world","194","65.70093457943925","65.10721247563353","66.24775583482945"
"20","260","0.3","10","0","pos","small-world","204","69.25233644859813","69.5906432748538","68.9407540394973"
"19","260","0.3","10","0","pos","small-world","231","64.76635514018692","63.74269005847953","65.70915619389586"
"18","260","0.3","10","0","pos","small-world","256","67.66355140186916","68.42105263157895","66.96588868940754"
"21","260","0.3","10","0","pos","small-world","195","65.70093457943925","65.10721247563353","66.24775583482945"
"20","260","0.3","10","0","pos","small-world","205","69.53271028037383","69.78557504873294","69.29982046678636"
"18","260","0.3","10","0","pos","small-world","257","67.57009345794393","68.2261208576998","66.96588868940754"
"22","260","0.3","10","0","pos","small-world","36","60.46728971962617","59.06432748538012","61.759425493716336"
"21","260","0.3","10","0","pos","small-world","196","65.70093457943925","65.10721247563353","66.24775583482945"
"18","260","0.3","10","0","pos","small-world","258","67.66355140186916","68.2261208576998","67.14542190305207"
"18","260","0.3","10","0","pos","small-world","259","67.66355140186916","68.03118908382066","67.3249551166966"
"19","260","0.3","10","0","pos","small-world","232","64.76635514018692","63.74269005847953","65.70915619389586"
"20","260","0.3","10","0","pos","small-world","206","69.53271028037383","69.78557504873294","69.29982046678636"
"19","260","0.3","10","0","pos","small-world","233","64.95327102803739","64.13255360623782","65.70915619389586"
"20","260","0.3","10","0","pos","small-world","207","69.62616822429906","69.78557504873294","69.47935368043088"
"22","260","0.3","10","0","pos","small-world","37","60.373831775700936","59.06432748538012","61.57989228007181"
"21","260","0.3","10","0","pos","small-world","197","65.88785046728972","65.49707602339181","66.24775583482945"
"21","260","0.3","10","0","pos","small-world","198","65.88785046728972","65.49707602339181","66.24775583482945"
"19","260","0.3","10","0","pos","small-world","234","65.14018691588785","64.32748538011695","65.8886894075404"
"22","260","0.3","10","0","pos","small-world","38","60.373831775700936","59.25925925925925","61.40035906642729"
"20","260","0.3","10","0","pos","small-world","208","69.53271028037383","69.5906432748538","69.47935368043088"
"19","260","0.3","10","0","pos","small-world","235","64.95327102803739","64.13255360623782","65.70915619389586"
"20","260","0.3","10","0","pos","small-world","209","69.71962616822431","69.98050682261209","69.47935368043088"
"21","260","0.3","10","0","pos","small-world","199","65.88785046728972","65.49707602339181","66.24775583482945"
"22","260","0.3","10","0","pos","small-world","39","60.65420560747663","59.64912280701754","61.57989228007181"
"20","260","0.3","10","0","pos","small-world","210","69.62616822429906","69.78557504873294","69.47935368043088"
"20","260","0.3","10","0","pos","small-world","211","69.71962616822431","69.78557504873294","69.6588868940754"
"22","260","0.3","10","0","pos","small-world","40","60.65420560747663","59.84405458089669","61.40035906642729"
"20","260","0.3","10","0","pos","small-world","212","69.81308411214954","69.78557504873294","69.83842010771993"
"21","260","0.3","10","0","pos","small-world","200","65.7943925233645","65.30214424951268","66.24775583482945"
"22","260","0.3","10","0","pos","small-world","41","60.65420560747663","60.03898635477582","61.22082585278277"
"20","260","0.3","10","0","pos","small-world","213","69.90654205607477","69.98050682261209","69.83842010771993"
"21","260","0.3","10","0","pos","small-world","201","65.88785046728972","65.49707602339181","66.24775583482945"
"20","260","0.3","10","0","pos","small-world","214","69.90654205607477","69.98050682261209","69.83842010771993"
"21","260","0.3","10","0","pos","small-world","202","65.88785046728972","65.49707602339181","66.24775583482945"
"22","260","0.3","10","0","pos","small-world","42","60.65420560747663","60.03898635477582","61.22082585278277"
"20","260","0.3","10","0","pos","small-world","215","69.90654205607477","69.98050682261209","69.83842010771993"
"21","260","0.3","10","0","pos","small-world","203","65.70093457943925","65.30214424951268","66.06822262118493"
"20","260","0.3","10","0","pos","small-world","216","69.81308411214954","69.78557504873294","69.83842010771993"
"22","260","0.3","10","0","pos","small-world","43","60.46728971962617","59.84405458089669","61.04129263913825"
"20","260","0.3","10","0","pos","small-world","217","69.71962616822431","69.5906432748538","69.83842010771993"
"21","260","0.3","10","0","pos","small-world","204","65.88785046728972","65.49707602339181","66.24775583482945"
"20","260","0.3","10","0","pos","small-world","218","69.71962616822431","69.5906432748538","69.83842010771993"
"22","260","0.3","10","0","pos","small-world","44","60.46728971962617","59.84405458089669","61.04129263913825"
"21","260","0.3","10","0","pos","small-world","205","65.7943925233645","65.30214424951268","66.24775583482945"
"20","260","0.3","10","0","pos","small-world","219","69.62616822429906","69.5906432748538","69.6588868940754"
"21","260","0.3","10","0","pos","small-world","206","65.7943925233645","65.30214424951268","66.24775583482945"
"20","260","0.3","10","0","pos","small-world","220","69.62616822429906","69.5906432748538","69.6588868940754"
"22","260","0.3","10","0","pos","small-world","45","60.5607476635514","59.84405458089669","61.22082585278277"
"19","260","0.3","10","0","pos","small-world","236","65.04672897196262","64.13255360623782","65.8886894075404"
"21","260","0.3","10","0","pos","small-world","207","65.88785046728972","65.49707602339181","66.24775583482945"
"20","260","0.3","10","0","pos","small-world","221","69.34579439252336","69.39571150097466","69.29982046678636"
"22","260","0.3","10","0","pos","small-world","46","60.65420560747663","60.03898635477582","61.22082585278277"
"21","260","0.3","10","0","pos","small-world","208","65.70093457943925","65.10721247563353","66.24775583482945"
"20","260","0.3","10","0","pos","small-world","222","69.34579439252336","69.39571150097466","69.29982046678636"
"21","260","0.3","10","0","pos","small-world","209","65.88785046728972","65.30214424951268","66.42728904847397"
"20","260","0.3","10","0","pos","small-world","223","69.53271028037383","69.5906432748538","69.47935368043088"
"22","260","0.3","10","0","pos","small-world","47","60.65420560747663","60.03898635477582","61.22082585278277"
"21","260","0.3","10","0","pos","small-world","210","65.98130841121495","65.49707602339181","66.42728904847397"
"20","260","0.3","10","0","pos","small-world","224","69.4392523364486","69.39571150097466","69.47935368043088"
"22","260","0.3","10","0","pos","small-world","48","60.65420560747663","59.64912280701754","61.57989228007181"
"21","260","0.3","10","0","pos","small-world","211","65.88785046728972","65.30214424951268","66.42728904847397"
"20","260","0.3","10","0","pos","small-world","225","69.53271028037383","69.5906432748538","69.47935368043088"
"20","260","0.3","10","0","pos","small-world","226","69.53271028037383","69.39571150097466","69.6588868940754"
"21","260","0.3","10","0","pos","small-world","212","65.70093457943925","65.30214424951268","66.06822262118493"
"22","260","0.3","10","0","pos","small-world","49","60.65420560747663","59.84405458089669","61.40035906642729"
"21","260","0.3","10","0","pos","small-world","213","65.70093457943925","65.30214424951268","66.06822262118493"
"20","260","0.3","10","0","pos","small-world","227","69.34579439252336","69.20077972709552","69.47935368043088"
"21","260","0.3","10","0","pos","small-world","214","65.7943925233645","65.30214424951268","66.24775583482945"
"20","260","0.3","10","0","pos","small-world","228","69.25233644859813","69.20077972709552","69.29982046678636"
"22","260","0.3","10","0","pos","small-world","50","60.747663551401864","60.03898635477582","61.40035906642729"
"19","260","0.3","10","0","pos","small-world","237","65.04672897196262","64.13255360623782","65.8886894075404"
"21","260","0.3","10","0","pos","small-world","215","65.70093457943925","65.10721247563353","66.24775583482945"
"20","260","0.3","10","0","pos","small-world","229","69.34579439252336","69.5906432748538","69.12028725314184"
"21","260","0.3","10","0","pos","small-world","216","65.88785046728972","65.49707602339181","66.24775583482945"
"22","260","0.3","10","0","pos","small-world","51","60.747663551401864","60.03898635477582","61.40035906642729"
"20","260","0.3","10","0","pos","small-world","230","69.34579439252336","69.78557504873294","68.9407540394973"
"21","260","0.3","10","0","pos","small-world","217","65.7943925233645","65.49707602339181","66.06822262118493"
"19","260","0.3","10","0","pos","small-world","238","65.23364485981308","64.32748538011695","66.06822262118493"
"20","260","0.3","10","0","pos","small-world","231","69.1588785046729","69.39571150097466","68.9407540394973"
"21","260","0.3","10","0","pos","small-world","218","65.70093457943925","65.49707602339181","65.8886894075404"
"22","260","0.3","10","0","pos","small-world","52","60.747663551401864","60.23391812865497","61.22082585278277"
"19","260","0.3","10","0","pos","small-world","239","65.32710280373831","64.5224171539961","66.06822262118493"
"21","260","0.3","10","0","pos","small-world","219","65.70093457943925","65.49707602339181","65.8886894075404"
"19","260","0.3","10","0","pos","small-world","240","65.42056074766354","64.5224171539961","66.24775583482945"
"20","260","0.3","10","0","pos","small-world","232","69.34579439252336","69.39571150097466","69.29982046678636"
"22","260","0.3","10","0","pos","small-world","53","60.93457943925233","60.42884990253411","61.40035906642729"
"21","260","0.3","10","0","pos","small-world","220","65.42056074766354","65.10721247563353","65.70915619389586"
"19","260","0.3","10","0","pos","small-world","241","65.51401869158879","64.5224171539961","66.42728904847397"
"21","260","0.3","10","0","pos","small-world","221","65.42056074766354","64.91228070175438","65.8886894075404"
"20","260","0.3","10","0","pos","small-world","233","69.4392523364486","69.5906432748538","69.29982046678636"
"15","260","0.3","10","0","pos","small-world","175","63.45794392523364","61.98830409356725","64.81149012567326"
"19","260","0.3","10","0","pos","small-world","242","65.42056074766354","64.32748538011695","66.42728904847397"
"21","260","0.3","10","0","pos","small-world","222","65.60747663551402","65.30214424951268","65.8886894075404"
"22","260","0.3","10","0","pos","small-world","54","60.65420560747663","60.03898635477582","61.22082585278277"
"20","260","0.3","10","0","pos","small-world","234","69.62616822429906","69.5906432748538","69.6588868940754"
"15","260","0.3","10","0","pos","small-world","176","63.36448598130842","61.59844054580896","64.99102333931778"
"21","260","0.3","10","0","pos","small-world","223","65.51401869158879","65.10721247563353","65.8886894075404"
"19","260","0.3","10","0","pos","small-world","243","65.42056074766354","64.32748538011695","66.42728904847397"
"21","260","0.3","10","0","pos","small-world","224","65.60747663551402","65.30214424951268","65.8886894075404"
"20","260","0.3","10","0","pos","small-world","235","69.53271028037383","69.5906432748538","69.47935368043088"
"22","260","0.3","10","0","pos","small-world","55","60.747663551401864","60.03898635477582","61.40035906642729"
"19","260","0.3","10","0","pos","small-world","244","65.51401869158879","64.71734892787524","66.24775583482945"
"21","260","0.3","10","0","pos","small-world","225","65.60747663551402","65.30214424951268","65.8886894075404"
"15","260","0.3","10","0","pos","small-world","177","63.36448598130842","61.59844054580896","64.99102333931778"
"20","260","0.3","10","0","pos","small-world","236","69.4392523364486","69.5906432748538","69.29982046678636"
"19","260","0.3","10","0","pos","small-world","245","65.42056074766354","64.71734892787524","66.06822262118493"
"21","260","0.3","10","0","pos","small-world","226","65.51401869158879","65.30214424951268","65.70915619389586"
"22","260","0.3","10","0","pos","small-world","56","60.5607476635514","59.64912280701754","61.40035906642729"
"15","260","0.3","10","0","pos","small-world","178","63.27102803738318","61.59844054580896","64.81149012567326"
"19","260","0.3","10","0","pos","small-world","246","65.23364485981308","64.32748538011695","66.06822262118493"
"20","260","0.3","10","0","pos","small-world","237","69.71962616822431","69.98050682261209","69.47935368043088"
"22","260","0.3","10","0","pos","small-world","57","60.8411214953271","60.03898635477582","61.57989228007181"
"21","260","0.3","10","0","pos","small-world","227","65.70093457943925","65.49707602339181","65.8886894075404"
"19","260","0.3","10","0","pos","small-world","247","65.23364485981308","64.32748538011695","66.06822262118493"
"15","260","0.3","10","0","pos","small-world","179","63.084112149532714","61.40350877192983","64.63195691202873"
"20","260","0.3","10","0","pos","small-world","238","69.81308411214954","70.17543859649122","69.47935368043088"
"22","260","0.3","10","0","pos","small-world","58","61.02803738317757","60.03898635477582","61.93895870736086"
"19","260","0.3","10","0","pos","small-world","248","65.32710280373831","64.32748538011695","66.24775583482945"
"21","260","0.3","10","0","pos","small-world","228","65.70093457943925","65.69200779727096","65.70915619389586"
"19","260","0.3","10","0","pos","small-world","249","65.42056074766354","64.32748538011695","66.42728904847397"
"20","260","0.3","10","0","pos","small-world","239","70","70.37037037037037","69.6588868940754"
"15","260","0.3","10","0","pos","small-world","180","63.27102803738318","61.59844054580896","64.81149012567326"
"21","260","0.3","10","0","pos","small-world","229","65.7943925233645","65.8869395711501","65.70915619389586"
"20","260","0.3","10","0","pos","small-world","240","69.90654205607477","70.37037037037037","69.47935368043088"
"15","260","0.3","10","0","pos","small-world","181","63.45794392523364","61.79337231968811","64.99102333931778"
"22","260","0.3","10","0","pos","small-world","59","60.93457943925233","60.03898635477582","61.759425493716336"
"19","260","0.3","10","0","pos","small-world","250","65.42056074766354","64.5224171539961","66.24775583482945"
"21","260","0.3","10","0","pos","small-world","230","65.7943925233645","65.8869395711501","65.70915619389586"
"19","260","0.3","10","0","pos","small-world","251","65.60747663551402","64.71734892787524","66.42728904847397"
"15","260","0.3","10","0","pos","small-world","182","63.64485981308411","61.79337231968811","65.35008976660683"
"22","260","0.3","10","0","pos","small-world","60","61.12149532710281","60.03898635477582","62.11849192100538"
"21","260","0.3","10","0","pos","small-world","231","65.88785046728972","66.08187134502924","65.70915619389586"
"19","260","0.3","10","0","pos","small-world","252","65.60747663551402","64.71734892787524","66.42728904847397"
"19","260","0.3","10","0","pos","small-world","253","65.60747663551402","64.71734892787524","66.42728904847397"
"15","260","0.3","10","0","pos","small-world","183","63.73831775700934","61.98830409356725","65.35008976660683"
"20","260","0.3","10","0","pos","small-world","241","69.81308411214954","70.37037037037037","69.29982046678636"
"19","260","0.3","10","0","pos","small-world","254","65.70093457943925","64.91228070175438","66.42728904847397"
"21","260","0.3","10","0","pos","small-world","232","65.88785046728972","66.08187134502924","65.70915619389586"
"15","260","0.3","10","0","pos","small-world","184","63.83177570093458","61.98830409356725","65.52962298025135"
"22","260","0.3","10","0","pos","small-world","61","61.308411214953274","60.03898635477582","62.47755834829444"
"19","260","0.3","10","0","pos","small-world","255","65.60747663551402","64.91228070175438","66.24775583482945"
"20","260","0.3","10","0","pos","small-world","242","69.53271028037383","69.78557504873294","69.29982046678636"
"15","260","0.3","10","0","pos","small-world","185","63.925233644859816","62.1832358674464","65.52962298025135"
"19","260","0.3","10","0","pos","small-world","256","65.70093457943925","65.10721247563353","66.24775583482945"
"21","260","0.3","10","0","pos","small-world","233","65.88785046728972","66.08187134502924","65.70915619389586"
"19","260","0.3","10","0","pos","small-world","257","65.7943925233645","65.30214424951268","66.24775583482945"
"22","260","0.3","10","0","pos","small-world","62","61.40186915887851","60.23391812865497","62.47755834829444"
"20","260","0.3","10","0","pos","small-world","243","69.4392523364486","69.78557504873294","69.12028725314184"
"15","260","0.3","10","0","pos","small-world","186","64.11214953271028","62.37816764132553","65.70915619389586"
"19","260","0.3","10","0","pos","small-world","258","65.70093457943925","65.49707602339181","65.8886894075404"
"21","260","0.3","10","0","pos","small-world","234","65.98130841121495","66.08187134502924","65.8886894075404"
"20","260","0.3","10","0","pos","small-world","244","69.53271028037383","69.78557504873294","69.29982046678636"
"22","260","0.3","10","0","pos","small-world","63","61.12149532710281","60.23391812865497","61.93895870736086"
"20","260","0.3","10","0","pos","small-world","245","69.34579439252336","69.5906432748538","69.12028725314184"
"15","260","0.3","10","0","pos","small-world","187","64.29906542056075","62.768031189083814","65.70915619389586"
"22","260","0.3","10","0","pos","small-world","64","61.308411214953274","60.42884990253411","62.11849192100538"
"19","260","0.3","10","0","pos","small-world","259","65.60747663551402","65.49707602339181","65.70915619389586"
"20","260","0.3","10","0","pos","small-world","246","69.53271028037383","69.98050682261209","69.12028725314184"
"21","260","0.3","10","0","pos","small-world","235","65.98130841121495","65.8869395711501","66.06822262118493"
"15","260","0.3","10","0","pos","small-world","188","64.20560747663552","62.57309941520468","65.70915619389586"
"22","260","0.3","10","0","pos","small-world","65","61.49532710280374","60.62378167641326","62.29802513464991"
"21","260","0.3","10","0","pos","small-world","236","65.88785046728972","65.8869395711501","65.8886894075404"
"20","260","0.3","10","0","pos","small-world","247","69.53271028037383","69.98050682261209","69.12028725314184"
"21","260","0.3","10","0","pos","small-world","237","65.7943925233645","65.69200779727096","65.8886894075404"
"15","260","0.3","10","0","pos","small-world","189","64.11214953271028","62.37816764132553","65.70915619389586"
"20","260","0.3","10","0","pos","small-world","248","69.53271028037383","69.98050682261209","69.12028725314184"
"21","260","0.3","10","0","pos","small-world","238","65.7943925233645","65.69200779727096","65.8886894075404"
"15","260","0.3","10","0","pos","small-world","190","64.39252336448598","62.57309941520468","66.06822262118493"
"22","260","0.3","10","0","pos","small-world","66","61.588785046728965","60.62378167641326","62.47755834829444"
"20","260","0.3","10","0","pos","small-world","249","69.4392523364486","69.98050682261209","68.9407540394973"
"21","260","0.3","10","0","pos","small-world","239","65.60747663551402","65.49707602339181","65.70915619389586"
"21","260","0.3","10","0","pos","small-world","240","65.7943925233645","65.49707602339181","66.06822262118493"
"15","260","0.3","10","0","pos","small-world","191","64.57943925233644","62.768031189083814","66.24775583482945"
"20","260","0.3","10","0","pos","small-world","250","69.34579439252336","69.78557504873294","68.9407540394973"
"21","260","0.3","10","0","pos","small-world","241","65.7943925233645","65.49707602339181","66.06822262118493"
"22","260","0.3","10","0","pos","small-world","67","61.588785046728965","60.81871345029239","62.29802513464991"
"21","260","0.3","10","0","pos","small-world","242","65.7943925233645","65.30214424951268","66.24775583482945"
"20","260","0.3","10","0","pos","small-world","251","69.34579439252336","69.5906432748538","69.12028725314184"
"15","260","0.3","10","0","pos","small-world","192","64.57943925233644","62.768031189083814","66.24775583482945"
"20","260","0.3","10","0","pos","small-world","252","69.34579439252336","69.5906432748538","69.12028725314184"
"21","260","0.3","10","0","pos","small-world","243","65.98130841121495","65.69200779727096","66.24775583482945"
"22","260","0.3","10","0","pos","small-world","68","61.308411214953274","60.62378167641326","61.93895870736086"
"15","260","0.3","10","0","pos","small-world","193","64.48598130841121","62.768031189083814","66.06822262118493"
"20","260","0.3","10","0","pos","small-world","253","69.25233644859813","69.5906432748538","68.9407540394973"
"21","260","0.3","10","0","pos","small-world","244","65.88785046728972","65.69200779727096","66.06822262118493"
"22","260","0.3","10","0","pos","small-world","69","61.308411214953274","60.62378167641326","61.93895870736086"
"20","260","0.3","10","0","pos","small-world","254","69.25233644859813","69.5906432748538","68.9407540394973"
"21","260","0.3","10","0","pos","small-world","245","65.98130841121495","65.69200779727096","66.24775583482945"
"21","260","0.3","10","0","pos","small-world","246","66.07476635514018","65.8869395711501","66.24775583482945"
"20","260","0.3","10","0","pos","small-world","255","69.34579439252336","69.78557504873294","68.9407540394973"
"21","260","0.3","10","0","pos","small-world","247","65.98130841121495","65.8869395711501","66.06822262118493"
"20","260","0.3","10","0","pos","small-world","256","69.81308411214954","69.98050682261209","69.6588868940754"
"21","260","0.3","10","0","pos","small-world","248","66.26168224299064","66.27680311890838","66.24775583482945"
"20","260","0.3","10","0","pos","small-world","257","69.81308411214954","69.98050682261209","69.6588868940754"
"22","260","0.3","10","0","pos","small-world","70","61.40186915887851","60.81871345029239","61.93895870736086"
"21","260","0.3","10","0","pos","small-world","249","66.26168224299064","66.08187134502924","66.42728904847397"
"20","260","0.3","10","0","pos","small-world","258","69.81308411214954","69.98050682261209","69.6588868940754"
"21","260","0.3","10","0","pos","small-world","250","66.16822429906543","65.8869395711501","66.42728904847397"
"20","260","0.3","10","0","pos","small-world","259","70","70.37037037037037","69.6588868940754"
"15","260","0.3","10","0","pos","small-world","194","64.57943925233644","62.96296296296296","66.06822262118493"
"21","260","0.3","10","0","pos","small-world","251","66.16822429906543","66.08187134502924","66.24775583482945"
"15","260","0.3","10","0","pos","small-world","195","64.57943925233644","62.96296296296296","66.06822262118493"
"22","260","0.3","10","0","pos","small-world","71","61.49532710280374","60.81871345029239","62.11849192100538"
"15","260","0.3","10","0","pos","small-world","196","64.95327102803739","63.1578947368421","66.6068222621185"
"21","260","0.3","10","0","pos","small-world","252","66.26168224299064","66.08187134502924","66.42728904847397"
"15","260","0.3","10","0","pos","small-world","197","64.95327102803739","63.1578947368421","66.6068222621185"
"22","260","0.3","10","0","pos","small-world","72","61.86915887850467","61.01364522417154","62.65709156193896"
"21","260","0.3","10","0","pos","small-world","253","66.54205607476635","66.47173489278752","66.6068222621185"
"21","260","0.3","10","0","pos","small-world","254","66.54205607476635","66.47173489278752","66.6068222621185"
"15","260","0.3","10","0","pos","small-world","198","64.95327102803739","63.1578947368421","66.6068222621185"
"22","260","0.3","10","0","pos","small-world","73","61.96261682242991","61.20857699805068","62.65709156193896"
"21","260","0.3","10","0","pos","small-world","255","66.6355140186916","66.47173489278752","66.78635547576302"
"15","260","0.3","10","0","pos","small-world","199","65.04672897196262","63.35282651072125","66.6068222621185"
"22","260","0.3","10","0","pos","small-world","74","61.96261682242991","61.20857699805068","62.65709156193896"
"21","260","0.3","10","0","pos","small-world","256","66.6355140186916","66.47173489278752","66.78635547576302"
"21","260","0.3","10","0","pos","small-world","257","66.6355140186916","66.47173489278752","66.78635547576302"
"15","260","0.3","10","0","pos","small-world","200","65.14018691588785","63.547758284600384","66.6068222621185"
"22","260","0.3","10","0","pos","small-world","75","62.05607476635514","61.40350877192983","62.65709156193896"
"21","260","0.3","10","0","pos","small-world","258","66.54205607476635","66.47173489278752","66.6068222621185"
"15","260","0.3","10","0","pos","small-world","201","65.14018691588785","63.547758284600384","66.6068222621185"
"22","260","0.3","10","0","pos","small-world","76","61.86915887850467","61.20857699805068","62.47755834829444"
"21","260","0.3","10","0","pos","small-world","259","66.35514018691589","66.27680311890838","66.42728904847397"
"15","260","0.3","10","0","pos","small-world","202","65.23364485981308","63.547758284600384","66.78635547576302"
"22","260","0.3","10","0","pos","small-world","77","61.6822429906542","61.01364522417154","62.29802513464991"
"15","260","0.3","10","0","pos","small-world","203","65.23364485981308","63.547758284600384","66.78635547576302"
"22","260","0.3","10","0","pos","small-world","78","61.6822429906542","61.01364522417154","62.29802513464991"
"15","260","0.3","10","0","pos","small-world","204","65.32710280373831","63.547758284600384","66.96588868940754"
"22","260","0.3","10","0","pos","small-world","79","61.96261682242991","61.40350877192983","62.47755834829444"
"15","260","0.3","10","0","pos","small-world","205","65.32710280373831","63.547758284600384","66.96588868940754"
"22","260","0.3","10","0","pos","small-world","80","62.149532710280376","61.79337231968811","62.47755834829444"
"22","260","0.3","10","0","pos","small-world","81","62.05607476635514","61.59844054580896","62.47755834829444"
"15","260","0.3","10","0","pos","small-world","206","65.51401869158879","63.74269005847953","67.14542190305207"
"22","260","0.3","10","0","pos","small-world","82","62.149532710280376","61.79337231968811","62.47755834829444"
"15","260","0.3","10","0","pos","small-world","207","65.60747663551402","63.74269005847953","67.3249551166966"
"22","260","0.3","10","0","pos","small-world","83","62.24299065420561","61.79337231968811","62.65709156193896"
"15","260","0.3","10","0","pos","small-world","208","65.51401869158879","63.74269005847953","67.14542190305207"
"22","260","0.3","10","0","pos","small-world","84","62.24299065420561","61.79337231968811","62.65709156193896"
"15","260","0.3","10","0","pos","small-world","209","65.60747663551402","63.93762183235867","67.14542190305207"
"22","260","0.3","10","0","pos","small-world","85","62.24299065420561","61.79337231968811","62.65709156193896"
"15","260","0.3","10","0","pos","small-world","210","65.70093457943925","64.13255360623782","67.14542190305207"
"22","260","0.3","10","0","pos","small-world","86","62.42990654205608","61.98830409356725","62.83662477558348"
"15","260","0.3","10","0","pos","small-world","211","65.88785046728972","64.32748538011695","67.3249551166966"
"15","260","0.3","10","0","pos","small-world","212","65.88785046728972","64.13255360623782","67.50448833034112"
"22","260","0.3","10","0","pos","small-world","87","62.33644859813084","61.98830409356725","62.65709156193896"
"22","260","0.3","10","0","pos","small-world","88","62.616822429906534","62.1832358674464","63.016157989228006"
"22","260","0.3","10","0","pos","small-world","89","62.616822429906534","62.1832358674464","63.016157989228006"
"15","260","0.3","10","0","pos","small-world","213","65.7943925233645","63.93762183235867","67.50448833034112"
"22","260","0.3","10","0","pos","small-world","90","62.71028037383177","62.37816764132553","63.016157989228006"
"15","260","0.3","10","0","pos","small-world","214","65.7943925233645","63.93762183235867","67.50448833034112"
"22","260","0.3","10","0","pos","small-world","91","62.616822429906534","62.37816764132553","62.83662477558348"
"22","260","0.3","10","0","pos","small-world","92","62.71028037383177","62.57309941520468","62.83662477558348"
"15","260","0.3","10","0","pos","small-world","215","65.70093457943925","63.74269005847953","67.50448833034112"
"22","260","0.3","10","0","pos","small-world","93","62.616822429906534","62.37816764132553","62.83662477558348"
"22","260","0.3","10","0","pos","small-world","94","62.616822429906534","62.37816764132553","62.83662477558348"
"15","260","0.3","10","0","pos","small-world","216","65.88785046728972","63.93762183235867","67.68402154398564"
"22","260","0.3","10","0","pos","small-world","95","62.523364485981304","62.1832358674464","62.83662477558348"
"15","260","0.3","10","0","pos","small-world","217","65.7943925233645","63.74269005847953","67.68402154398564"
"22","260","0.3","10","0","pos","small-world","96","62.616822429906534","62.57309941520468","62.65709156193896"
"15","260","0.3","10","0","pos","small-world","218","65.70093457943925","63.547758284600384","67.68402154398564"
"22","260","0.3","10","0","pos","small-world","97","62.42990654205608","62.1832358674464","62.65709156193896"
"15","260","0.3","10","0","pos","small-world","219","65.7943925233645","63.74269005847953","67.68402154398564"
"22","260","0.3","10","0","pos","small-world","98","62.523364485981304","62.1832358674464","62.83662477558348"
"15","260","0.3","10","0","pos","small-world","220","65.88785046728972","63.74269005847953","67.86355475763017"
"22","260","0.3","10","0","pos","small-world","99","62.42990654205608","62.1832358674464","62.65709156193896"
"15","260","0.3","10","0","pos","small-world","221","65.98130841121495","63.93762183235867","67.86355475763017"
"22","260","0.3","10","0","pos","small-world","100","62.42990654205608","62.1832358674464","62.65709156193896"
"15","260","0.3","10","0","pos","small-world","222","65.88785046728972","63.74269005847953","67.86355475763017"
"22","260","0.3","10","0","pos","small-world","101","62.24299065420561","62.1832358674464","62.29802513464991"
"15","260","0.3","10","0","pos","small-world","223","66.07476635514018","64.13255360623782","67.86355475763017"
"22","260","0.3","10","0","pos","small-world","102","62.24299065420561","62.1832358674464","62.29802513464991"
"15","260","0.3","10","0","pos","small-world","224","65.98130841121495","63.93762183235867","67.86355475763017"
"22","260","0.3","10","0","pos","small-world","103","62.33644859813084","62.37816764132553","62.29802513464991"
"15","260","0.3","10","0","pos","small-world","225","65.98130841121495","63.93762183235867","67.86355475763017"
"22","260","0.3","10","0","pos","small-world","104","62.33644859813084","62.1832358674464","62.47755834829444"
"15","260","0.3","10","0","pos","small-world","226","65.88785046728972","63.74269005847953","67.86355475763017"
"22","260","0.3","10","0","pos","small-world","105","62.33644859813084","62.1832358674464","62.47755834829444"
"15","260","0.3","10","0","pos","small-world","227","65.98130841121495","63.74269005847953","68.04308797127469"
"22","260","0.3","10","0","pos","small-world","106","62.33644859813084","62.1832358674464","62.47755834829444"
"15","260","0.3","10","0","pos","small-world","228","65.98130841121495","63.93762183235867","67.86355475763017"
"22","260","0.3","10","0","pos","small-world","107","62.42990654205608","62.37816764132553","62.47755834829444"
"15","260","0.3","10","0","pos","small-world","229","65.88785046728972","63.93762183235867","67.68402154398564"
"15","260","0.3","10","0","pos","small-world","230","65.7943925233645","63.93762183235867","67.50448833034112"
"15","260","0.3","10","0","pos","small-world","231","65.98130841121495","64.32748538011695","67.50448833034112"
"22","260","0.3","10","0","pos","small-world","108","62.523364485981304","62.1832358674464","62.83662477558348"
"22","260","0.3","10","0","pos","small-world","109","62.616822429906534","62.37816764132553","62.83662477558348"
"22","260","0.3","10","0","pos","small-world","110","62.71028037383177","62.37816764132553","63.016157989228006"
"15","260","0.3","10","0","pos","small-world","232","65.98130841121495","64.13255360623782","67.68402154398564"
"22","260","0.3","10","0","pos","small-world","111","62.71028037383177","62.1832358674464","63.19569120287253"
"15","260","0.3","10","0","pos","small-world","233","65.98130841121495","64.13255360623782","67.68402154398564"
"22","260","0.3","10","0","pos","small-world","112","62.89719626168224","62.1832358674464","63.55475763016158"
"15","260","0.3","10","0","pos","small-world","234","66.07476635514018","64.13255360623782","67.86355475763017"
"22","260","0.3","10","0","pos","small-world","113","62.80373831775701","62.1832358674464","63.37522441651705"
"15","260","0.3","10","0","pos","small-world","235","65.88785046728972","64.13255360623782","67.50448833034112"
"22","260","0.3","10","0","pos","small-world","114","62.80373831775701","62.1832358674464","63.37522441651705"
"15","260","0.3","10","0","pos","small-world","236","65.7943925233645","64.13255360623782","67.3249551166966"
"22","260","0.3","10","0","pos","small-world","115","62.80373831775701","62.1832358674464","63.37522441651705"
"15","260","0.3","10","0","pos","small-world","237","65.60747663551402","63.74269005847953","67.3249551166966"
"22","260","0.3","10","0","pos","small-world","116","62.99065420560748","62.37816764132553","63.55475763016158"
"15","260","0.3","10","0","pos","small-world","238","65.51401869158879","63.35282651072125","67.50448833034112"
"22","260","0.3","10","0","pos","small-world","117","62.99065420560748","62.37816764132553","63.55475763016158"
"15","260","0.3","10","0","pos","small-world","239","65.23364485981308","62.96296296296296","67.3249551166966"
"22","260","0.3","10","0","pos","small-world","118","62.99065420560748","62.1832358674464","63.73429084380611"
"22","260","0.3","10","0","pos","small-world","119","63.177570093457945","62.57309941520468","63.73429084380611"
"15","260","0.3","10","0","pos","small-world","240","65.23364485981308","62.96296296296296","67.3249551166966"
"22","260","0.3","10","0","pos","small-world","120","63.27102803738318","62.57309941520468","63.91382405745063"
"15","260","0.3","10","0","pos","small-world","241","65.32710280373831","63.1578947368421","67.3249551166966"
"22","260","0.3","10","0","pos","small-world","121","63.36448598130842","62.37816764132553","64.27289048473968"
"15","260","0.3","10","0","pos","small-world","242","65.32710280373831","62.96296296296296","67.50448833034112"
"22","260","0.3","10","0","pos","small-world","122","63.36448598130842","62.37816764132553","64.27289048473968"
"22","260","0.3","10","0","pos","small-world","123","63.177570093457945","61.98830409356725","64.27289048473968"
"15","260","0.3","10","0","pos","small-world","243","65.51401869158879","62.96296296296296","67.86355475763017"
"22","260","0.3","10","0","pos","small-world","124","63.27102803738318","62.1832358674464","64.27289048473968"
"15","260","0.3","10","0","pos","small-world","244","65.51401869158879","62.96296296296296","67.86355475763017"
"23","260","0.3","10","0","pos","small-world","0","60.5607476635514","59.06432748538012","61.93895870736086"
"22","260","0.3","10","0","pos","small-world","125","63.27102803738318","62.1832358674464","64.27289048473968"
"15","260","0.3","10","0","pos","small-world","245","65.51401869158879","62.96296296296296","67.86355475763017"
"23","260","0.3","10","0","pos","small-world","1","60.65420560747663","59.06432748538012","62.11849192100538"
"22","260","0.3","10","0","pos","small-world","126","63.36448598130842","62.1832358674464","64.4524236983842"
"23","260","0.3","10","0","pos","small-world","2","60.46728971962617","58.67446393762184","62.11849192100538"
"15","260","0.3","10","0","pos","small-world","246","65.51401869158879","62.96296296296296","67.86355475763017"
"23","260","0.3","10","0","pos","small-world","3","60.5607476635514","58.47953216374269","62.47755834829444"
"22","260","0.3","10","0","pos","small-world","127","63.27102803738318","61.98830409356725","64.4524236983842"
"15","260","0.3","10","0","pos","small-world","247","65.42056074766354","62.768031189083814","67.86355475763017"
"23","260","0.3","10","0","pos","small-world","4","60.373831775700936","58.28460038986355","62.29802513464991"
"22","260","0.3","10","0","pos","small-world","128","63.36448598130842","62.1832358674464","64.4524236983842"
"15","260","0.3","10","0","pos","small-world","248","65.51401869158879","62.96296296296296","67.86355475763017"
"23","260","0.3","10","0","pos","small-world","5","60.373831775700936","58.28460038986355","62.29802513464991"
"22","260","0.3","10","0","pos","small-world","129","63.36448598130842","62.1832358674464","64.4524236983842"
"23","260","0.3","10","0","pos","small-world","6","60.373831775700936","58.47953216374269","62.11849192100538"
"15","260","0.3","10","0","pos","small-world","249","65.70093457943925","63.1578947368421","68.04308797127469"
"22","260","0.3","10","0","pos","small-world","130","63.36448598130842","62.1832358674464","64.4524236983842"
"23","260","0.3","10","0","pos","small-world","7","60.18691588785047","58.47953216374269","61.759425493716336"
"22","260","0.3","10","0","pos","small-world","131","63.36448598130842","62.1832358674464","64.4524236983842"
"23","260","0.3","10","0","pos","small-world","8","60.280373831775705","58.67446393762184","61.759425493716336"
"15","260","0.3","10","0","pos","small-world","250","65.70093457943925","63.1578947368421","68.04308797127469"
"23","260","0.3","10","0","pos","small-world","9","60.373831775700936","58.86939571150097","61.759425493716336"
"22","260","0.3","10","0","pos","small-world","132","63.55140186915887","62.37816764132553","64.63195691202873"
"23","260","0.3","10","0","pos","small-world","10","60.280373831775705","58.67446393762184","61.759425493716336"
"15","260","0.3","10","0","pos","small-world","251","65.7943925233645","63.35282651072125","68.04308797127469"
"22","260","0.3","10","0","pos","small-world","133","63.45794392523364","62.1832358674464","64.63195691202873"
"23","260","0.3","10","0","pos","small-world","11","60.18691588785047","58.47953216374269","61.759425493716336"
"23","260","0.3","10","0","pos","small-world","12","60.09345794392523","58.28460038986355","61.759425493716336"
"15","260","0.3","10","0","pos","small-world","252","65.98130841121495","63.547758284600384","68.2226211849192"
"22","260","0.3","10","0","pos","small-world","134","63.36448598130842","61.98830409356725","64.63195691202873"
"23","260","0.3","10","0","pos","small-world","13","60","58.0896686159844","61.759425493716336"
"22","260","0.3","10","0","pos","small-world","135","63.27102803738318","61.98830409356725","64.4524236983842"
"23","260","0.3","10","0","pos","small-world","14","60.09345794392523","58.47953216374269","61.57989228007181"
"15","260","0.3","10","0","pos","small-world","253","65.88785046728972","63.35282651072125","68.2226211849192"
"23","260","0.3","10","0","pos","small-world","15","60","58.47953216374269","61.40035906642729"
"22","260","0.3","10","0","pos","small-world","136","63.27102803738318","61.98830409356725","64.4524236983842"
"15","260","0.3","10","0","pos","small-world","254","65.98130841121495","63.547758284600384","68.2226211849192"
"23","260","0.3","10","0","pos","small-world","16","60","58.28460038986355","61.57989228007181"
"22","260","0.3","10","0","pos","small-world","137","63.45794392523364","61.79337231968811","64.99102333931778"
"15","260","0.3","10","0","pos","small-world","255","66.07476635514018","63.547758284600384","68.40215439856372"
"23","260","0.3","10","0","pos","small-world","17","60","58.47953216374269","61.40035906642729"
"22","260","0.3","10","0","pos","small-world","138","63.73831775700934","62.1832358674464","65.1705565529623"
"15","260","0.3","10","0","pos","small-world","256","66.16822429906543","63.547758284600384","68.58168761220826"
"23","260","0.3","10","0","pos","small-world","18","60.09345794392523","58.28460038986355","61.759425493716336"
"22","260","0.3","10","0","pos","small-world","139","63.73831775700934","62.1832358674464","65.1705565529623"
"15","260","0.3","10","0","pos","small-world","257","66.16822429906543","63.547758284600384","68.58168761220826"
"23","260","0.3","10","0","pos","small-world","19","60.18691588785047","58.28460038986355","61.93895870736086"
"22","260","0.3","10","0","pos","small-world","140","63.83177570093458","62.37816764132553","65.1705565529623"
"15","260","0.3","10","0","pos","small-world","258","66.16822429906543","63.547758284600384","68.58168761220826"
"22","260","0.3","10","0","pos","small-world","141","63.83177570093458","62.57309941520468","64.99102333931778"
"23","260","0.3","10","0","pos","small-world","20","60.280373831775705","58.28460038986355","62.11849192100538"
"15","260","0.3","10","0","pos","small-world","259","66.35514018691589","63.74269005847953","68.76122082585279"
"22","260","0.3","10","0","pos","small-world","142","63.73831775700934","62.57309941520468","64.81149012567326"
"23","260","0.3","10","0","pos","small-world","21","60.280373831775705","58.28460038986355","62.11849192100538"
"23","260","0.3","10","0","pos","small-world","22","60.280373831775705","58.0896686159844","62.29802513464991"
"22","260","0.3","10","0","pos","small-world","143","63.73831775700934","62.57309941520468","64.81149012567326"
"23","260","0.3","10","0","pos","small-world","23","60.280373831775705","57.89473684210527","62.47755834829444"
"23","260","0.3","10","0","pos","small-world","24","60.280373831775705","58.0896686159844","62.29802513464991"
"23","260","0.3","10","0","pos","small-world","25","60.09345794392523","57.89473684210527","62.11849192100538"
"22","260","0.3","10","0","pos","small-world","144","63.83177570093458","62.57309941520468","64.99102333931778"
"23","260","0.3","10","0","pos","small-world","26","60.18691588785047","58.28460038986355","61.93895870736086"
"22","260","0.3","10","0","pos","small-world","145","63.925233644859816","62.768031189083814","64.99102333931778"
"23","260","0.3","10","0","pos","small-world","27","60.18691588785047","58.0896686159844","62.11849192100538"
"23","260","0.3","10","0","pos","small-world","28","60.18691588785047","58.0896686159844","62.11849192100538"
"22","260","0.3","10","0","pos","small-world","146","64.11214953271028","62.96296296296296","65.1705565529623"
"23","260","0.3","10","0","pos","small-world","29","60.373831775700936","58.47953216374269","62.11849192100538"
"22","260","0.3","10","0","pos","small-world","147","64.29906542056075","63.1578947368421","65.35008976660683"
"23","260","0.3","10","0","pos","small-world","30","60.280373831775705","58.47953216374269","61.93895870736086"
"22","260","0.3","10","0","pos","small-world","148","64.29906542056075","63.1578947368421","65.35008976660683"
"23","260","0.3","10","0","pos","small-world","31","60.46728971962617","58.28460038986355","62.47755834829444"
"22","260","0.3","10","0","pos","small-world","149","64.29906542056075","63.1578947368421","65.35008976660683"
"23","260","0.3","10","0","pos","small-world","32","60.65420560747663","58.28460038986355","62.83662477558348"
"22","260","0.3","10","0","pos","small-world","150","64.11214953271028","62.96296296296296","65.1705565529623"
"23","260","0.3","10","0","pos","small-world","33","60.93457943925233","58.47953216374269","63.19569120287253"
"22","260","0.3","10","0","pos","small-world","151","63.925233644859816","62.57309941520468","65.1705565529623"
"23","260","0.3","10","0","pos","small-world","34","61.02803738317757","58.67446393762184","63.19569120287253"
"22","260","0.3","10","0","pos","small-world","152","64.01869158878505","62.57309941520468","65.35008976660683"
"23","260","0.3","10","0","pos","small-world","35","61.12149532710281","58.86939571150097","63.19569120287253"
"23","260","0.3","10","0","pos","small-world","36","61.02803738317757","58.86939571150097","63.016157989228006"
"22","260","0.3","10","0","pos","small-world","153","64.11214953271028","62.37816764132553","65.70915619389586"
"23","260","0.3","10","0","pos","small-world","37","60.8411214953271","58.67446393762184","62.83662477558348"
"22","260","0.3","10","0","pos","small-world","154","64.11214953271028","62.1832358674464","65.8886894075404"
"23","260","0.3","10","0","pos","small-world","38","60.8411214953271","58.47953216374269","63.016157989228006"
"22","260","0.3","10","0","pos","small-world","155","64.20560747663552","62.37816764132553","65.8886894075404"
"23","260","0.3","10","0","pos","small-world","39","60.8411214953271","58.28460038986355","63.19569120287253"
"22","260","0.3","10","0","pos","small-world","156","64.01869158878505","62.1832358674464","65.70915619389586"
"23","260","0.3","10","0","pos","small-world","40","60.8411214953271","58.47953216374269","63.016157989228006"
"23","260","0.3","10","0","pos","small-world","41","60.8411214953271","58.28460038986355","63.19569120287253"
"22","260","0.3","10","0","pos","small-world","157","64.01869158878505","62.1832358674464","65.70915619389586"
"22","260","0.3","10","0","pos","small-world","158","64.01869158878505","62.1832358674464","65.70915619389586"
"23","260","0.3","10","0","pos","small-world","42","61.02803738317757","58.47953216374269","63.37522441651705"
"23","260","0.3","10","0","pos","small-world","43","61.02803738317757","58.47953216374269","63.37522441651705"
"23","260","0.3","10","0","pos","small-world","44","60.93457943925233","58.28460038986355","63.37522441651705"
"23","260","0.3","10","0","pos","small-world","45","61.02803738317757","58.47953216374269","63.37522441651705"
"23","260","0.3","10","0","pos","small-world","46","61.02803738317757","58.47953216374269","63.37522441651705"
"23","260","0.3","10","0","pos","small-world","47","61.12149532710281","58.67446393762184","63.37522441651705"
"23","260","0.3","10","0","pos","small-world","48","61.02803738317757","58.47953216374269","63.37522441651705"
"23","260","0.3","10","0","pos","small-world","49","61.02803738317757","58.67446393762184","63.19569120287253"
"23","260","0.3","10","0","pos","small-world","50","61.12149532710281","58.86939571150097","63.19569120287253"
"23","260","0.3","10","0","pos","small-world","51","61.308411214953274","58.86939571150097","63.55475763016158"
"23","260","0.3","10","0","pos","small-world","52","61.40186915887851","58.86939571150097","63.73429084380611"
"23","260","0.3","10","0","pos","small-world","53","61.21495327102804","58.67446393762184","63.55475763016158"
"23","260","0.3","10","0","pos","small-world","54","61.308411214953274","59.06432748538012","63.37522441651705"
"23","260","0.3","10","0","pos","small-world","55","61.40186915887851","59.06432748538012","63.55475763016158"
"23","260","0.3","10","0","pos","small-world","56","61.588785046728965","59.25925925925925","63.73429084380611"
"23","260","0.3","10","0","pos","small-world","57","61.6822429906542","59.4541910331384","63.73429084380611"
"23","260","0.3","10","0","pos","small-world","58","61.96261682242991","59.84405458089669","63.91382405745063"
"23","260","0.3","10","0","pos","small-world","59","61.86915887850467","59.84405458089669","63.73429084380611"
"22","260","0.3","10","0","pos","small-world","159","64.20560747663552","62.37816764132553","65.8886894075404"
"23","260","0.3","10","0","pos","small-world","60","61.77570093457943","59.84405458089669","63.55475763016158"
"23","260","0.3","10","0","pos","small-world","61","61.588785046728965","59.84405458089669","63.19569120287253"
"22","260","0.3","10","0","pos","small-world","160","64.48598130841121","62.37816764132553","66.42728904847397"
"23","260","0.3","10","0","pos","small-world","62","61.77570093457943","60.03898635477582","63.37522441651705"
"22","260","0.3","10","0","pos","small-world","161","64.57943925233644","62.57309941520468","66.42728904847397"
"23","260","0.3","10","0","pos","small-world","63","61.77570093457943","60.03898635477582","63.37522441651705"
"22","260","0.3","10","0","pos","small-world","162","64.57943925233644","62.57309941520468","66.42728904847397"
"23","260","0.3","10","0","pos","small-world","64","61.77570093457943","60.03898635477582","63.37522441651705"
"22","260","0.3","10","0","pos","small-world","163","64.48598130841121","62.57309941520468","66.24775583482945"
"23","260","0.3","10","0","pos","small-world","65","61.86915887850467","60.03898635477582","63.55475763016158"
"24","260","0.3","10","0","pos","small-world","0","60.5607476635514","59.06432748538012","61.93895870736086"
"22","260","0.3","10","0","pos","small-world","164","64.39252336448598","62.57309941520468","66.06822262118493"
"23","260","0.3","10","0","pos","small-world","66","61.77570093457943","60.03898635477582","63.37522441651705"
"23","260","0.3","10","0","pos","small-world","67","61.96261682242991","60.23391812865497","63.55475763016158"
"22","260","0.3","10","0","pos","small-world","165","64.48598130841121","62.768031189083814","66.06822262118493"
"24","260","0.3","10","0","pos","small-world","1","60.373831775700936","59.06432748538012","61.57989228007181"
"24","260","0.3","10","0","pos","small-world","2","60.18691588785047","58.86939571150097","61.40035906642729"
"22","260","0.3","10","0","pos","small-world","166","64.39252336448598","62.768031189083814","65.8886894075404"
"22","260","0.3","10","0","pos","small-world","167","64.20560747663552","62.37816764132553","65.8886894075404"
"24","260","0.3","10","0","pos","small-world","3","60.18691588785047","59.06432748538012","61.22082585278277"
"24","260","0.3","10","0","pos","small-world","4","59.90654205607476","58.86939571150097","60.86175942549371"
"22","260","0.3","10","0","pos","small-world","168","64.29906542056075","62.37816764132553","66.06822262118493"
"24","260","0.3","10","0","pos","small-world","5","60.09345794392523","59.25925925925925","60.86175942549371"
"22","260","0.3","10","0","pos","small-world","169","64.11214953271028","62.1832358674464","65.8886894075404"
"24","260","0.3","10","0","pos","small-world","6","60.18691588785047","59.25925925925925","61.04129263913825"
"22","260","0.3","10","0","pos","small-world","170","64.29906542056075","62.37816764132553","66.06822262118493"
"24","260","0.3","10","0","pos","small-world","7","60.18691588785047","59.25925925925925","61.04129263913825"
"24","260","0.3","10","0","pos","small-world","8","60.18691588785047","59.25925925925925","61.04129263913825"
"22","260","0.3","10","0","pos","small-world","171","64.39252336448598","62.57309941520468","66.06822262118493"
"24","260","0.3","10","0","pos","small-world","9","60.18691588785047","59.4541910331384","60.86175942549371"
"22","260","0.3","10","0","pos","small-world","172","64.57943925233644","62.768031189083814","66.24775583482945"
"24","260","0.3","10","0","pos","small-world","10","60.373831775700936","59.4541910331384","61.22082585278277"
"22","260","0.3","10","0","pos","small-world","173","64.76635514018692","63.1578947368421","66.24775583482945"
"24","260","0.3","10","0","pos","small-world","11","60.373831775700936","59.25925925925925","61.40035906642729"
"24","260","0.3","10","0","pos","small-world","12","60.280373831775705","59.06432748538012","61.40035906642729"
"22","260","0.3","10","0","pos","small-world","174","64.85981308411215","63.35282651072125","66.24775583482945"
"24","260","0.3","10","0","pos","small-world","13","60.18691588785047","58.86939571150097","61.40035906642729"
"22","260","0.3","10","0","pos","small-world","175","64.76635514018692","63.35282651072125","66.06822262118493"
"23","260","0.3","10","0","pos","small-world","68","61.77570093457943","59.84405458089669","63.55475763016158"
"24","260","0.3","10","0","pos","small-world","14","60.18691588785047","58.67446393762184","61.57989228007181"
"22","260","0.3","10","0","pos","small-world","176","64.76635514018692","63.35282651072125","66.06822262118493"
"24","260","0.3","10","0","pos","small-world","15","60.280373831775705","58.67446393762184","61.759425493716336"
"23","260","0.3","10","0","pos","small-world","69","62.149532710280376","60.23391812865497","63.91382405745063"
"24","260","0.3","10","0","pos","small-world","16","60.373831775700936","58.86939571150097","61.759425493716336"
"22","260","0.3","10","0","pos","small-world","177","64.85981308411215","63.35282651072125","66.24775583482945"
"23","260","0.3","10","0","pos","small-world","70","62.149532710280376","60.23391812865497","63.91382405745063"
"22","260","0.3","10","0","pos","small-world","178","64.67289719626169","63.1578947368421","66.06822262118493"
"24","260","0.3","10","0","pos","small-world","17","60.373831775700936","58.86939571150097","61.759425493716336"
"23","260","0.3","10","0","pos","small-world","71","62.42990654205608","60.62378167641326","64.09335727109516"
"22","260","0.3","10","0","pos","small-world","179","64.57943925233644","62.96296296296296","66.06822262118493"
"24","260","0.3","10","0","pos","small-world","18","60.5607476635514","58.86939571150097","62.11849192100538"
"23","260","0.3","10","0","pos","small-world","72","62.523364485981304","60.42884990253411","64.4524236983842"
"22","260","0.3","10","0","pos","small-world","180","64.76635514018692","63.1578947368421","66.24775583482945"
"24","260","0.3","10","0","pos","small-world","19","60.46728971962617","58.86939571150097","61.93895870736086"
"23","260","0.3","10","0","pos","small-world","73","62.616822429906534","60.42884990253411","64.63195691202873"
"24","260","0.3","10","0","pos","small-world","20","60.46728971962617","59.25925925925925","61.57989228007181"
"22","260","0.3","10","0","pos","small-world","181","64.85981308411215","63.35282651072125","66.24775583482945"
"23","260","0.3","10","0","pos","small-world","74","62.616822429906534","60.23391812865497","64.81149012567326"
"24","260","0.3","10","0","pos","small-world","21","60.93457943925233","59.64912280701754","62.11849192100538"
"22","260","0.3","10","0","pos","small-world","182","64.95327102803739","63.35282651072125","66.42728904847397"
"24","260","0.3","10","0","pos","small-world","22","60.93457943925233","59.64912280701754","62.11849192100538"
"23","260","0.3","10","0","pos","small-world","75","62.523364485981304","59.84405458089669","64.99102333931778"
"22","260","0.3","10","0","pos","small-world","183","65.14018691588785","63.35282651072125","66.78635547576302"
"24","260","0.3","10","0","pos","small-world","23","60.93457943925233","59.64912280701754","62.11849192100538"
"23","260","0.3","10","0","pos","small-world","76","62.42990654205608","60.03898635477582","64.63195691202873"
"22","260","0.3","10","0","pos","small-world","184","65.32710280373831","63.74269005847953","66.78635547576302"
"24","260","0.3","10","0","pos","small-world","24","61.12149532710281","60.03898635477582","62.11849192100538"
"23","260","0.3","10","0","pos","small-world","77","62.42990654205608","60.03898635477582","64.63195691202873"
"22","260","0.3","10","0","pos","small-world","185","65.32710280373831","63.74269005847953","66.78635547576302"
"24","260","0.3","10","0","pos","small-world","25","61.21495327102804","60.23391812865497","62.11849192100538"
"23","260","0.3","10","0","pos","small-world","78","62.71028037383177","60.23391812865497","64.99102333931778"
"24","260","0.3","10","0","pos","small-world","26","61.21495327102804","60.03898635477582","62.29802513464991"
"22","260","0.3","10","0","pos","small-world","186","65.51401869158879","64.13255360623782","66.78635547576302"
"24","260","0.3","10","0","pos","small-world","27","61.21495327102804","60.23391812865497","62.11849192100538"
"23","260","0.3","10","0","pos","small-world","79","62.616822429906534","60.03898635477582","64.99102333931778"
"22","260","0.3","10","0","pos","small-world","187","65.60747663551402","64.32748538011695","66.78635547576302"
"24","260","0.3","10","0","pos","small-world","28","61.02803738317757","60.03898635477582","61.93895870736086"
"23","260","0.3","10","0","pos","small-world","80","62.616822429906534","60.03898635477582","64.99102333931778"
"22","260","0.3","10","0","pos","small-world","188","65.70093457943925","64.5224171539961","66.78635547576302"
"24","260","0.3","10","0","pos","small-world","29","61.12149532710281","60.03898635477582","62.11849192100538"
"22","260","0.3","10","0","pos","small-world","189","65.7943925233645","64.71734892787524","66.78635547576302"
"23","260","0.3","10","0","pos","small-world","81","62.71028037383177","60.03898635477582","65.1705565529623"
"24","260","0.3","10","0","pos","small-world","30","61.02803738317757","59.84405458089669","62.11849192100538"
"23","260","0.3","10","0","pos","small-world","82","62.616822429906534","59.84405458089669","65.1705565529623"
"22","260","0.3","10","0","pos","small-world","190","65.7943925233645","64.71734892787524","66.78635547576302"
"24","260","0.3","10","0","pos","small-world","31","61.02803738317757","59.84405458089669","62.11849192100538"
"23","260","0.3","10","0","pos","small-world","83","62.523364485981304","59.84405458089669","64.99102333931778"
"22","260","0.3","10","0","pos","small-world","191","65.70093457943925","64.5224171539961","66.78635547576302"
"23","260","0.3","10","0","pos","small-world","84","62.523364485981304","59.84405458089669","64.99102333931778"
"22","260","0.3","10","0","pos","small-world","192","65.88785046728972","64.5224171539961","67.14542190305207"
"23","260","0.3","10","0","pos","small-world","85","62.523364485981304","59.64912280701754","65.1705565529623"
"22","260","0.3","10","0","pos","small-world","193","65.88785046728972","64.32748538011695","67.3249551166966"
"23","260","0.3","10","0","pos","small-world","86","62.616822429906534","59.84405458089669","65.1705565529623"
"22","260","0.3","10","0","pos","small-world","194","65.98130841121495","64.5224171539961","67.3249551166966"
"23","260","0.3","10","0","pos","small-world","87","62.71028037383177","59.84405458089669","65.35008976660683"
"22","260","0.3","10","0","pos","small-world","195","66.16822429906543","64.5224171539961","67.68402154398564"
"23","260","0.3","10","0","pos","small-world","88","62.71028037383177","59.64912280701754","65.52962298025135"
"22","260","0.3","10","0","pos","small-world","196","66.44859813084112","64.5224171539961","68.2226211849192"
"23","260","0.3","10","0","pos","small-world","89","62.80373831775701","59.84405458089669","65.52962298025135"
"22","260","0.3","10","0","pos","small-world","197","66.35514018691589","64.32748538011695","68.2226211849192"
"23","260","0.3","10","0","pos","small-world","90","62.71028037383177","59.84405458089669","65.35008976660683"
"22","260","0.3","10","0","pos","small-world","198","66.26168224299064","64.32748538011695","68.04308797127469"
"23","260","0.3","10","0","pos","small-world","91","63.084112149532714","60.23391812865497","65.70915619389586"
"23","260","0.3","10","0","pos","small-world","92","63.084112149532714","60.23391812865497","65.70915619389586"
"23","260","0.3","10","0","pos","small-world","93","62.99065420560748","60.03898635477582","65.70915619389586"
"22","260","0.3","10","0","pos","small-world","199","66.26168224299064","64.5224171539961","67.86355475763017"
"23","260","0.3","10","0","pos","small-world","94","63.084112149532714","60.03898635477582","65.8886894075404"
"22","260","0.3","10","0","pos","small-world","200","66.26168224299064","64.71734892787524","67.68402154398564"
"23","260","0.3","10","0","pos","small-world","95","63.36448598130842","60.23391812865497","66.24775583482945"
"22","260","0.3","10","0","pos","small-world","201","66.35514018691589","64.71734892787524","67.86355475763017"
"24","260","0.3","10","0","pos","small-world","32","60.8411214953271","59.4541910331384","62.11849192100538"
"23","260","0.3","10","0","pos","small-world","96","63.45794392523364","60.62378167641326","66.06822262118493"
"22","260","0.3","10","0","pos","small-world","202","66.54205607476635","64.71734892787524","68.2226211849192"
"24","260","0.3","10","0","pos","small-world","33","60.8411214953271","59.64912280701754","61.93895870736086"
"23","260","0.3","10","0","pos","small-world","97","63.45794392523364","60.62378167641326","66.06822262118493"
"22","260","0.3","10","0","pos","small-world","203","66.44859813084112","64.71734892787524","68.04308797127469"
"23","260","0.3","10","0","pos","small-world","98","63.177570093457945","60.42884990253411","65.70915619389586"
"24","260","0.3","10","0","pos","small-world","34","61.12149532710281","59.84405458089669","62.29802513464991"
"23","260","0.3","10","0","pos","small-world","99","63.27102803738318","60.42884990253411","65.8886894075404"
"22","260","0.3","10","0","pos","small-world","204","66.82242990654206","65.30214424951268","68.2226211849192"
"24","260","0.3","10","0","pos","small-world","35","61.12149532710281","59.84405458089669","62.29802513464991"
"23","260","0.3","10","0","pos","small-world","100","63.27102803738318","60.42884990253411","65.8886894075404"
"22","260","0.3","10","0","pos","small-world","205","66.9158878504673","65.49707602339181","68.2226211849192"
"24","260","0.3","10","0","pos","small-world","36","61.02803738317757","59.84405458089669","62.11849192100538"
"23","260","0.3","10","0","pos","small-world","101","63.177570093457945","60.23391812865497","65.8886894075404"
"22","260","0.3","10","0","pos","small-world","206","66.82242990654206","65.49707602339181","68.04308797127469"
"24","260","0.3","10","0","pos","small-world","37","61.12149532710281","60.03898635477582","62.11849192100538"
"23","260","0.3","10","0","pos","small-world","102","63.45794392523364","60.42884990253411","66.24775583482945"
"22","260","0.3","10","0","pos","small-world","207","66.9158878504673","65.49707602339181","68.2226211849192"
"24","260","0.3","10","0","pos","small-world","38","61.21495327102804","60.03898635477582","62.29802513464991"
"23","260","0.3","10","0","pos","small-world","103","63.55140186915887","60.62378167641326","66.24775583482945"
"22","260","0.3","10","0","pos","small-world","208","67.00934579439253","65.49707602339181","68.40215439856372"
"24","260","0.3","10","0","pos","small-world","39","61.40186915887851","60.42884990253411","62.29802513464991"
"23","260","0.3","10","0","pos","small-world","104","63.64485981308411","60.81871345029239","66.24775583482945"
"24","260","0.3","10","0","pos","small-world","40","61.21495327102804","60.42884990253411","61.93895870736086"
"22","260","0.3","10","0","pos","small-world","209","66.9158878504673","65.49707602339181","68.2226211849192"
"23","260","0.3","10","0","pos","small-world","105","63.55140186915887","60.81871345029239","66.06822262118493"
"22","260","0.3","10","0","pos","small-world","210","67.10280373831776","65.69200779727096","68.40215439856372"
"24","260","0.3","10","0","pos","small-world","41","61.40186915887851","60.62378167641326","62.11849192100538"
"23","260","0.3","10","0","pos","small-world","106","63.45794392523364","60.62378167641326","66.06822262118493"
"23","260","0.3","10","0","pos","small-world","107","63.36448598130842","60.62378167641326","65.8886894075404"
"24","260","0.3","10","0","pos","small-world","42","61.40186915887851","60.62378167641326","62.11849192100538"
"22","260","0.3","10","0","pos","small-world","211","67.10280373831776","65.49707602339181","68.58168761220826"
"24","260","0.3","10","0","pos","small-world","43","61.40186915887851","60.62378167641326","62.11849192100538"
"22","260","0.3","10","0","pos","small-world","212","67.10280373831776","65.10721247563353","68.9407540394973"
"23","260","0.3","10","0","pos","small-world","108","63.45794392523364","60.81871345029239","65.8886894075404"
"24","260","0.3","10","0","pos","small-world","44","61.02803738317757","60.23391812865497","61.759425493716336"
"23","260","0.3","10","0","pos","small-world","109","63.36448598130842","60.62378167641326","65.8886894075404"
"22","260","0.3","10","0","pos","small-world","213","67.10280373831776","65.10721247563353","68.9407540394973"
"24","260","0.3","10","0","pos","small-world","45","61.02803738317757","60.23391812865497","61.759425493716336"
"23","260","0.3","10","0","pos","small-world","110","63.45794392523364","60.62378167641326","66.06822262118493"
"22","260","0.3","10","0","pos","small-world","214","66.9158878504673","65.49707602339181","68.2226211849192"
"24","260","0.3","10","0","pos","small-world","46","61.12149532710281","60.42884990253411","61.759425493716336"
"23","260","0.3","10","0","pos","small-world","111","63.64485981308411","60.81871345029239","66.24775583482945"
"24","260","0.3","10","0","pos","small-world","47","61.12149532710281","60.62378167641326","61.57989228007181"
"22","260","0.3","10","0","pos","small-world","215","67.00934579439253","65.69200779727096","68.2226211849192"
"23","260","0.3","10","0","pos","small-world","112","63.55140186915887","60.62378167641326","66.24775583482945"
"24","260","0.3","10","0","pos","small-world","48","61.21495327102804","60.62378167641326","61.759425493716336"
"22","260","0.3","10","0","pos","small-world","216","66.72897196261682","65.49707602339181","67.86355475763017"
"23","260","0.3","10","0","pos","small-world","113","63.83177570093458","60.62378167641326","66.78635547576302"
"24","260","0.3","10","0","pos","small-world","49","61.40186915887851","60.81871345029239","61.93895870736086"
"22","260","0.3","10","0","pos","small-world","217","66.9158878504673","65.69200779727096","68.04308797127469"
"23","260","0.3","10","0","pos","small-world","114","63.925233644859816","60.81871345029239","66.78635547576302"
"24","260","0.3","10","0","pos","small-world","50","61.40186915887851","60.81871345029239","61.93895870736086"
"22","260","0.3","10","0","pos","small-world","218","66.82242990654206","65.69200779727096","67.86355475763017"
"23","260","0.3","10","0","pos","small-world","115","64.01869158878505","60.81871345029239","66.96588868940754"
"24","260","0.3","10","0","pos","small-world","51","61.308411214953274","60.62378167641326","61.93895870736086"
"22","260","0.3","10","0","pos","small-world","219","66.82242990654206","65.69200779727096","67.86355475763017"
"23","260","0.3","10","0","pos","small-world","116","63.925233644859816","60.62378167641326","66.96588868940754"
"24","260","0.3","10","0","pos","small-world","52","61.49532710280374","60.81871345029239","62.11849192100538"
"22","260","0.3","10","0","pos","small-world","220","66.9158878504673","65.8869395711501","67.86355475763017"
"24","260","0.3","10","0","pos","small-world","53","61.6822429906542","61.01364522417154","62.29802513464991"
"22","260","0.3","10","0","pos","small-world","221","67.00934579439253","65.8869395711501","68.04308797127469"
"24","260","0.3","10","0","pos","small-world","54","61.77570093457943","61.20857699805068","62.29802513464991"
"22","260","0.3","10","0","pos","small-world","222","66.9158878504673","65.69200779727096","68.04308797127469"
"24","260","0.3","10","0","pos","small-world","55","61.86915887850467","61.20857699805068","62.47755834829444"
"22","260","0.3","10","0","pos","small-world","223","66.9158878504673","65.49707602339181","68.2226211849192"
"24","260","0.3","10","0","pos","small-world","56","62.05607476635514","61.40350877192983","62.65709156193896"
"24","260","0.3","10","0","pos","small-world","57","62.05607476635514","61.40350877192983","62.65709156193896"
"22","260","0.3","10","0","pos","small-world","224","66.82242990654206","65.30214424951268","68.2226211849192"
"24","260","0.3","10","0","pos","small-world","58","62.149532710280376","61.59844054580896","62.65709156193896"
"22","260","0.3","10","0","pos","small-world","225","66.9158878504673","65.49707602339181","68.2226211849192"
"24","260","0.3","10","0","pos","small-world","59","62.149532710280376","61.59844054580896","62.65709156193896"
"22","260","0.3","10","0","pos","small-world","226","66.82242990654206","65.49707602339181","68.04308797127469"
"24","260","0.3","10","0","pos","small-world","60","62.33644859813084","61.59844054580896","63.016157989228006"
"24","260","0.3","10","0","pos","small-world","61","62.523364485981304","61.79337231968811","63.19569120287253"
"22","260","0.3","10","0","pos","small-world","227","67.00934579439253","65.49707602339181","68.40215439856372"
"24","260","0.3","10","0","pos","small-world","62","62.33644859813084","61.40350877192983","63.19569120287253"
"22","260","0.3","10","0","pos","small-world","228","67.00934579439253","65.49707602339181","68.40215439856372"
"24","260","0.3","10","0","pos","small-world","63","62.33644859813084","61.40350877192983","63.19569120287253"
"22","260","0.3","10","0","pos","small-world","229","67.00934579439253","65.49707602339181","68.40215439856372"
"24","260","0.3","10","0","pos","small-world","64","62.42990654205608","61.40350877192983","63.37522441651705"
"22","260","0.3","10","0","pos","small-world","230","67.28971962616822","65.8869395711501","68.58168761220826"
"24","260","0.3","10","0","pos","small-world","65","62.616822429906534","61.59844054580896","63.55475763016158"
"24","260","0.3","10","0","pos","small-world","66","62.42990654205608","61.59844054580896","63.19569120287253"
"22","260","0.3","10","0","pos","small-world","231","67.38317757009345","66.08187134502924","68.58168761220826"
"24","260","0.3","10","0","pos","small-world","67","62.523364485981304","61.79337231968811","63.19569120287253"
"22","260","0.3","10","0","pos","small-world","232","67.4766355140187","66.27680311890838","68.58168761220826"
"24","260","0.3","10","0","pos","small-world","68","62.523364485981304","61.79337231968811","63.19569120287253"
"22","260","0.3","10","0","pos","small-world","233","67.66355140186916","66.47173489278752","68.76122082585279"
"23","260","0.3","10","0","pos","small-world","117","63.925233644859816","60.62378167641326","66.96588868940754"
"24","260","0.3","10","0","pos","small-world","69","62.616822429906534","61.79337231968811","63.37522441651705"
"22","260","0.3","10","0","pos","small-world","234","67.7570093457944","66.27680311890838","69.12028725314184"
"24","260","0.3","10","0","pos","small-world","70","62.523364485981304","61.59844054580896","63.37522441651705"
"23","260","0.3","10","0","pos","small-world","118","63.925233644859816","60.42884990253411","67.14542190305207"
"24","260","0.3","10","0","pos","small-world","71","62.523364485981304","61.59844054580896","63.37522441651705"
"22","260","0.3","10","0","pos","small-world","235","67.7570093457944","66.27680311890838","69.12028725314184"
"23","260","0.3","10","0","pos","small-world","119","64.01869158878505","60.42884990253411","67.3249551166966"
"24","260","0.3","10","0","pos","small-world","72","62.616822429906534","61.59844054580896","63.55475763016158"
"22","260","0.3","10","0","pos","small-world","236","67.94392523364486","66.66666666666666","69.12028725314184"
"23","260","0.3","10","0","pos","small-world","120","64.01869158878505","60.42884990253411","67.3249551166966"
"24","260","0.3","10","0","pos","small-world","73","62.80373831775701","61.79337231968811","63.73429084380611"
"22","260","0.3","10","0","pos","small-world","237","67.94392523364486","66.66666666666666","69.12028725314184"
"23","260","0.3","10","0","pos","small-world","121","64.11214953271028","60.42884990253411","67.50448833034112"
"24","260","0.3","10","0","pos","small-world","74","62.71028037383177","61.59844054580896","63.73429084380611"
"22","260","0.3","10","0","pos","small-world","238","67.85046728971963","66.66666666666666","68.9407540394973"
"23","260","0.3","10","0","pos","small-world","122","64.01869158878505","60.42884990253411","67.3249551166966"
"24","260","0.3","10","0","pos","small-world","75","62.71028037383177","61.59844054580896","63.73429084380611"
"24","260","0.3","10","0","pos","small-world","76","62.616822429906534","61.40350877192983","63.73429084380611"
"22","260","0.3","10","0","pos","small-world","239","67.85046728971963","66.66666666666666","68.9407540394973"
"24","260","0.3","10","0","pos","small-world","77","62.42990654205608","61.01364522417154","63.73429084380611"
"23","260","0.3","10","0","pos","small-world","123","63.64485981308411","60.23391812865497","66.78635547576302"
"22","260","0.3","10","0","pos","small-world","240","67.94392523364486","66.66666666666666","69.12028725314184"
"24","260","0.3","10","0","pos","small-world","78","62.523364485981304","61.01364522417154","63.91382405745063"
"23","260","0.3","10","0","pos","small-world","124","63.55140186915887","60.23391812865497","66.6068222621185"
"24","260","0.3","10","0","pos","small-world","79","62.33644859813084","61.01364522417154","63.55475763016158"
"22","260","0.3","10","0","pos","small-world","241","67.85046728971963","66.66666666666666","68.9407540394973"
"23","260","0.3","10","0","pos","small-world","125","63.55140186915887","60.23391812865497","66.6068222621185"
"24","260","0.3","10","0","pos","small-world","80","62.42990654205608","61.01364522417154","63.73429084380611"
"22","260","0.3","10","0","pos","small-world","242","67.85046728971963","66.66666666666666","68.9407540394973"
"23","260","0.3","10","0","pos","small-world","126","63.64485981308411","60.42884990253411","66.6068222621185"
"22","260","0.3","10","0","pos","small-world","243","67.7570093457944","66.47173489278752","68.9407540394973"
"24","260","0.3","10","0","pos","small-world","81","62.523364485981304","61.01364522417154","63.91382405745063"
"23","260","0.3","10","0","pos","small-world","127","63.83177570093458","60.62378167641326","66.78635547576302"
"24","260","0.3","10","0","pos","small-world","82","62.42990654205608","61.01364522417154","63.73429084380611"
"23","260","0.3","10","0","pos","small-world","128","63.83177570093458","60.42884990253411","66.96588868940754"
"22","260","0.3","10","0","pos","small-world","244","67.94392523364486","66.66666666666666","69.12028725314184"
"24","260","0.3","10","0","pos","small-world","83","62.33644859813084","60.81871345029239","63.73429084380611"
"23","260","0.3","10","0","pos","small-world","129","63.83177570093458","60.62378167641326","66.78635547576302"
"24","260","0.3","10","0","pos","small-world","84","62.149532710280376","60.62378167641326","63.55475763016158"
"22","260","0.3","10","0","pos","small-world","245","68.03738317757009","66.8615984405458","69.12028725314184"
"23","260","0.3","10","0","pos","small-world","130","64.01869158878505","60.62378167641326","67.14542190305207"
"22","260","0.3","10","0","pos","small-world","246","68.13084112149532","67.05653021442495","69.12028725314184"
"24","260","0.3","10","0","pos","small-world","85","62.05607476635514","60.62378167641326","63.37522441651705"
"23","260","0.3","10","0","pos","small-world","131","64.01869158878505","60.81871345029239","66.96588868940754"
"22","260","0.3","10","0","pos","small-world","247","68.03738317757009","67.05653021442495","68.9407540394973"
"23","260","0.3","10","0","pos","small-world","132","64.29906542056075","61.40350877192983","66.96588868940754"
"22","260","0.3","10","0","pos","small-world","248","68.03738317757009","67.05653021442495","68.9407540394973"
"23","260","0.3","10","0","pos","small-world","133","64.39252336448598","61.40350877192983","67.14542190305207"
"23","260","0.3","10","0","pos","small-world","134","64.29906542056075","61.40350877192983","66.96588868940754"
"22","260","0.3","10","0","pos","small-world","249","67.94392523364486","66.8615984405458","68.9407540394973"
"23","260","0.3","10","0","pos","small-world","135","64.39252336448598","61.40350877192983","67.14542190305207"
"22","260","0.3","10","0","pos","small-world","250","68.03738317757009","66.8615984405458","69.12028725314184"
"23","260","0.3","10","0","pos","small-world","136","64.29906542056075","61.20857699805068","67.14542190305207"
"23","260","0.3","10","0","pos","small-world","137","64.39252336448598","61.20857699805068","67.3249551166966"
"22","260","0.3","10","0","pos","small-world","251","68.03738317757009","66.8615984405458","69.12028725314184"
"23","260","0.3","10","0","pos","small-world","138","64.39252336448598","61.01364522417154","67.50448833034112"
"22","260","0.3","10","0","pos","small-world","252","68.03738317757009","66.8615984405458","69.12028725314184"
"23","260","0.3","10","0","pos","small-world","139","64.29906542056075","61.01364522417154","67.3249551166966"
"24","260","0.3","10","0","pos","small-world","86","62.24299065420561","60.62378167641326","63.73429084380611"
"23","260","0.3","10","0","pos","small-world","140","64.29906542056075","60.81871345029239","67.50448833034112"
"24","260","0.3","10","0","pos","small-world","87","62.42990654205608","61.01364522417154","63.73429084380611"
"23","260","0.3","10","0","pos","small-world","141","64.29906542056075","60.81871345029239","67.50448833034112"
"24","260","0.3","10","0","pos","small-world","88","62.42990654205608","61.01364522417154","63.73429084380611"
"22","260","0.3","10","0","pos","small-world","253","68.22429906542055","67.05653021442495","69.29982046678636"
"23","260","0.3","10","0","pos","small-world","142","64.11214953271028","60.62378167641326","67.3249551166966"
"24","260","0.3","10","0","pos","small-world","89","62.42990654205608","60.81871345029239","63.91382405745063"
"23","260","0.3","10","0","pos","small-world","143","64.29906542056075","60.81871345029239","67.50448833034112"
"24","260","0.3","10","0","pos","small-world","90","62.523364485981304","61.01364522417154","63.91382405745063"
"23","260","0.3","10","0","pos","small-world","144","64.11214953271028","60.62378167641326","67.3249551166966"
"24","260","0.3","10","0","pos","small-world","91","62.33644859813084","60.62378167641326","63.91382405745063"
"23","260","0.3","10","0","pos","small-world","145","64.20560747663552","60.81871345029239","67.3249551166966"
"23","260","0.3","10","0","pos","small-world","146","64.48598130841121","61.01364522417154","67.68402154398564"
"24","260","0.3","10","0","pos","small-world","92","62.149532710280376","60.23391812865497","63.91382405745063"
"23","260","0.3","10","0","pos","small-world","147","64.57943925233644","61.20857699805068","67.68402154398564"
"24","260","0.3","10","0","pos","small-world","93","62.05607476635514","60.03898635477582","63.91382405745063"
"23","260","0.3","10","0","pos","small-world","148","64.67289719626169","61.40350877192983","67.68402154398564"
"24","260","0.3","10","0","pos","small-world","94","62.24299065420561","60.23391812865497","64.09335727109516"
"23","260","0.3","10","0","pos","small-world","149","64.39252336448598","61.20857699805068","67.3249551166966"
"24","260","0.3","10","0","pos","small-world","95","62.33644859813084","60.23391812865497","64.27289048473968"
"23","260","0.3","10","0","pos","small-world","150","64.39252336448598","61.01364522417154","67.50448833034112"
"23","260","0.3","10","0","pos","small-world","151","64.39252336448598","61.20857699805068","67.3249551166966"
"24","260","0.3","10","0","pos","small-world","96","62.33644859813084","60.23391812865497","64.27289048473968"
"23","260","0.3","10","0","pos","small-world","152","64.48598130841121","61.40350877192983","67.3249551166966"
"24","260","0.3","10","0","pos","small-world","97","62.24299065420561","60.23391812865497","64.09335727109516"
"23","260","0.3","10","0","pos","small-world","153","64.48598130841121","61.40350877192983","67.3249551166966"
"24","260","0.3","10","0","pos","small-world","98","62.33644859813084","60.42884990253411","64.09335727109516"
"23","260","0.3","10","0","pos","small-world","154","64.39252336448598","61.20857699805068","67.3249551166966"
"24","260","0.3","10","0","pos","small-world","99","62.33644859813084","60.23391812865497","64.27289048473968"
"24","260","0.3","10","0","pos","small-world","100","62.24299065420561","60.23391812865497","64.09335727109516"
"23","260","0.3","10","0","pos","small-world","155","64.48598130841121","61.40350877192983","67.3249551166966"
"24","260","0.3","10","0","pos","small-world","101","62.33644859813084","60.23391812865497","64.27289048473968"
"23","260","0.3","10","0","pos","small-world","156","64.57943925233644","61.40350877192983","67.50448833034112"
"22","260","0.3","10","0","pos","small-world","254","68.22429906542055","67.05653021442495","69.29982046678636"
"24","260","0.3","10","0","pos","small-world","102","62.33644859813084","60.42884990253411","64.09335727109516"
"23","260","0.3","10","0","pos","small-world","157","64.57943925233644","61.40350877192983","67.50448833034112"
"24","260","0.3","10","0","pos","small-world","103","62.33644859813084","60.42884990253411","64.09335727109516"
"23","260","0.3","10","0","pos","small-world","158","64.67289719626169","61.40350877192983","67.68402154398564"
"24","260","0.3","10","0","pos","small-world","104","62.24299065420561","60.23391812865497","64.09335727109516"
"23","260","0.3","10","0","pos","small-world","159","64.67289719626169","61.40350877192983","67.68402154398564"
"23","260","0.3","10","0","pos","small-world","160","64.67289719626169","61.40350877192983","67.68402154398564"
"24","260","0.3","10","0","pos","small-world","105","62.33644859813084","60.23391812865497","64.27289048473968"
"23","260","0.3","10","0","pos","small-world","161","64.57943925233644","61.20857699805068","67.68402154398564"
"24","260","0.3","10","0","pos","small-world","106","62.149532710280376","60.03898635477582","64.09335727109516"
"23","260","0.3","10","0","pos","small-world","162","64.48598130841121","60.81871345029239","67.86355475763017"
"24","260","0.3","10","0","pos","small-world","107","62.05607476635514","59.84405458089669","64.09335727109516"
"23","260","0.3","10","0","pos","small-world","163","64.39252336448598","60.62378167641326","67.86355475763017"
"24","260","0.3","10","0","pos","small-world","108","61.96261682242991","59.64912280701754","64.09335727109516"
"23","260","0.3","10","0","pos","small-world","164","64.57943925233644","61.01364522417154","67.86355475763017"
"24","260","0.3","10","0","pos","small-world","109","62.05607476635514","59.64912280701754","64.27289048473968"
"23","260","0.3","10","0","pos","small-world","165","64.57943925233644","61.01364522417154","67.86355475763017"
"24","260","0.3","10","0","pos","small-world","110","61.96261682242991","59.64912280701754","64.09335727109516"
"23","260","0.3","10","0","pos","small-world","166","64.57943925233644","61.01364522417154","67.86355475763017"
"26","260","0.3","10","0","pos","small-world","0","60.5607476635514","59.06432748538012","61.93895870736086"
"24","260","0.3","10","0","pos","small-world","111","61.96261682242991","59.84405458089669","63.91382405745063"
"23","260","0.3","10","0","pos","small-world","167","64.48598130841121","60.81871345029239","67.86355475763017"
"24","260","0.3","10","0","pos","small-world","112","61.96261682242991","59.64912280701754","64.09335727109516"
"26","260","0.3","10","0","pos","small-world","1","60.46728971962617","58.86939571150097","61.93895870736086"
"23","260","0.3","10","0","pos","small-world","168","64.39252336448598","60.62378167641326","67.86355475763017"
"24","260","0.3","10","0","pos","small-world","113","61.96261682242991","59.64912280701754","64.09335727109516"
"26","260","0.3","10","0","pos","small-world","2","60.373831775700936","58.67446393762184","61.93895870736086"
"22","260","0.3","10","0","pos","small-world","255","68.3177570093458","67.05653021442495","69.47935368043088"
"23","260","0.3","10","0","pos","small-world","169","64.57943925233644","60.62378167641326","68.2226211849192"
"24","260","0.3","10","0","pos","small-world","114","61.96261682242991","59.4541910331384","64.27289048473968"
"26","260","0.3","10","0","pos","small-world","3","60.280373831775705","58.47953216374269","61.93895870736086"
"27","260","0.3","10","0","pos","small-world","0","60.5607476635514","59.06432748538012","61.93895870736086"
"23","260","0.3","10","0","pos","small-world","170","64.76635514018692","61.01364522417154","68.2226211849192"
"24","260","0.3","10","0","pos","small-world","115","61.588785046728965","59.06432748538012","63.91382405745063"
"24","260","0.3","10","0","pos","small-world","116","61.588785046728965","59.06432748538012","63.91382405745063"
"26","260","0.3","10","0","pos","small-world","4","60.18691588785047","58.47953216374269","61.759425493716336"
"24","260","0.3","10","0","pos","small-world","117","61.77570093457943","59.4541910331384","63.91382405745063"
"23","260","0.3","10","0","pos","small-world","171","64.95327102803739","61.20857699805068","68.40215439856372"
"22","260","0.3","10","0","pos","small-world","256","68.41121495327103","67.05653021442495","69.6588868940754"
"27","260","0.3","10","0","pos","small-world","1","60.65420560747663","59.4541910331384","61.759425493716336"
"24","260","0.3","10","0","pos","small-world","118","61.96261682242991","59.84405458089669","63.91382405745063"
"23","260","0.3","10","0","pos","small-world","172","65.23364485981308","61.40350877192983","68.76122082585279"
"22","260","0.3","10","0","pos","small-world","257","68.5981308411215","67.2514619883041","69.83842010771993"
"24","260","0.3","10","0","pos","small-world","119","61.96261682242991","59.84405458089669","63.91382405745063"
"26","260","0.3","10","0","pos","small-world","5","60","58.67446393762184","61.22082585278277"
"23","260","0.3","10","0","pos","small-world","173","65.51401869158879","61.79337231968811","68.9407540394973"
"27","260","0.3","10","0","pos","small-world","2","60.5607476635514","59.25925925925925","61.759425493716336"
"23","260","0.3","10","0","pos","small-world","174","65.70093457943925","62.1832358674464","68.9407540394973"
"24","260","0.3","10","0","pos","small-world","120","62.149532710280376","60.03898635477582","64.09335727109516"
"26","260","0.3","10","0","pos","small-world","6","60.09345794392523","58.86939571150097","61.22082585278277"
"23","260","0.3","10","0","pos","small-world","175","65.70093457943925","62.1832358674464","68.9407540394973"
"23","260","0.3","10","0","pos","small-world","176","65.88785046728972","62.37816764132553","69.12028725314184"
"24","260","0.3","10","0","pos","small-world","121","62.33644859813084","60.03898635477582","64.4524236983842"
"22","260","0.3","10","0","pos","small-world","258","68.5981308411215","67.2514619883041","69.83842010771993"
"26","260","0.3","10","0","pos","small-world","7","60.09345794392523","58.86939571150097","61.22082585278277"
"23","260","0.3","10","0","pos","small-world","177","65.98130841121495","62.57309941520468","69.12028725314184"
"24","260","0.3","10","0","pos","small-world","122","62.42990654205608","60.23391812865497","64.4524236983842"
"26","260","0.3","10","0","pos","small-world","8","60.18691588785047","59.06432748538012","61.22082585278277"
"23","260","0.3","10","0","pos","small-world","178","65.98130841121495","62.37816764132553","69.29982046678636"
"24","260","0.3","10","0","pos","small-world","123","62.616822429906534","60.62378167641326","64.4524236983842"
"27","260","0.3","10","0","pos","small-world","3","60.5607476635514","59.25925925925925","61.759425493716336"
"23","260","0.3","10","0","pos","small-world","179","65.98130841121495","62.37816764132553","69.29982046678636"
"26","260","0.3","10","0","pos","small-world","9","60.09345794392523","59.06432748538012","61.04129263913825"
"24","260","0.3","10","0","pos","small-world","124","62.71028037383177","60.81871345029239","64.4524236983842"
"22","260","0.3","10","0","pos","small-world","259","68.87850467289721","67.44639376218323","70.19748653500898"
"23","260","0.3","10","0","pos","small-world","180","66.07476635514018","62.57309941520468","69.29982046678636"
"26","260","0.3","10","0","pos","small-world","10","60.18691588785047","58.86939571150097","61.40035906642729"
"24","260","0.3","10","0","pos","small-world","125","62.80373831775701","60.62378167641326","64.81149012567326"
"27","260","0.3","10","0","pos","small-world","4","60.65420560747663","59.4541910331384","61.759425493716336"
"23","260","0.3","10","0","pos","small-world","181","66.07476635514018","62.37816764132553","69.47935368043088"
"26","260","0.3","10","0","pos","small-world","11","60.280373831775705","58.86939571150097","61.57989228007181"
"24","260","0.3","10","0","pos","small-world","126","62.89719626168224","60.62378167641326","64.99102333931778"
"27","260","0.3","10","0","pos","small-world","5","61.02803738317757","59.84405458089669","62.11849192100538"
"24","260","0.3","10","0","pos","small-world","127","63.084112149532714","60.81871345029239","65.1705565529623"
"26","260","0.3","10","0","pos","small-world","12","60.18691588785047","58.86939571150097","61.40035906642729"
"23","260","0.3","10","0","pos","small-world","182","66.16822429906543","62.37816764132553","69.6588868940754"
"24","260","0.3","10","0","pos","small-world","128","62.99065420560748","60.62378167641326","65.1705565529623"
"26","260","0.3","10","0","pos","small-world","13","60.18691588785047","58.86939571150097","61.40035906642729"
"27","260","0.3","10","0","pos","small-world","6","61.02803738317757","59.84405458089669","62.11849192100538"
"23","260","0.3","10","0","pos","small-world","183","66.07476635514018","62.37816764132553","69.47935368043088"
"24","260","0.3","10","0","pos","small-world","129","63.084112149532714","60.62378167641326","65.35008976660683"
"24","260","0.3","10","0","pos","small-world","130","63.084112149532714","60.42884990253411","65.52962298025135"
"27","260","0.3","10","0","pos","small-world","7","61.21495327102804","60.03898635477582","62.29802513464991"
"23","260","0.3","10","0","pos","small-world","184","66.07476635514018","62.37816764132553","69.47935368043088"
"27","260","0.3","10","0","pos","small-world","8","61.40186915887851","60.23391812865497","62.47755834829444"
"25","260","0.3","10","0","pos","small-world","0","60.5607476635514","59.06432748538012","61.93895870736086"
"26","260","0.3","10","0","pos","small-world","14","60.09345794392523","58.67446393762184","61.40035906642729"
"24","260","0.3","10","0","pos","small-world","131","62.99065420560748","60.23391812865497","65.52962298025135"
"27","260","0.3","10","0","pos","small-world","9","61.49532710280374","60.23391812865497","62.65709156193896"
"23","260","0.3","10","0","pos","small-world","185","66.16822429906543","62.1832358674464","69.83842010771993"
"27","260","0.3","10","0","pos","small-world","10","61.12149532710281","59.4541910331384","62.65709156193896"
"23","260","0.3","10","0","pos","small-world","186","66.26168224299064","61.98830409356725","70.19748653500898"
"24","260","0.3","10","0","pos","small-world","132","63.177570093457945","61.01364522417154","65.1705565529623"
"27","260","0.3","10","0","pos","small-world","11","61.02803738317757","59.25925925925925","62.65709156193896"
"25","260","0.3","10","0","pos","small-world","1","60.46728971962617","59.06432748538012","61.759425493716336"
"26","260","0.3","10","0","pos","small-world","15","59.90654205607476","58.28460038986355","61.40035906642729"
"24","260","0.3","10","0","pos","small-world","133","63.177570093457945","61.01364522417154","65.1705565529623"
"27","260","0.3","10","0","pos","small-world","12","61.12149532710281","59.25925925925925","62.83662477558348"
"23","260","0.3","10","0","pos","small-world","187","66.44859813084112","62.37816764132553","70.19748653500898"
"25","260","0.3","10","0","pos","small-world","2","60.280373831775705","59.06432748538012","61.40035906642729"
"24","260","0.3","10","0","pos","small-world","134","63.084112149532714","61.01364522417154","64.99102333931778"
"27","260","0.3","10","0","pos","small-world","13","61.12149532710281","59.25925925925925","62.83662477558348"
"26","260","0.3","10","0","pos","small-world","16","59.813084112149525","58.0896686159844","61.40035906642729"
"23","260","0.3","10","0","pos","small-world","188","66.44859813084112","62.37816764132553","70.19748653500898"
"24","260","0.3","10","0","pos","small-world","135","62.99065420560748","61.01364522417154","64.81149012567326"
"25","260","0.3","10","0","pos","small-world","3","60.18691588785047","58.86939571150097","61.40035906642729"
"23","260","0.3","10","0","pos","small-world","189","66.35514018691589","62.1832358674464","70.19748653500898"
"27","260","0.3","10","0","pos","small-world","14","60.8411214953271","58.86939571150097","62.65709156193896"
"26","260","0.3","10","0","pos","small-world","17","59.532710280373834","57.69980506822612","61.22082585278277"
"27","260","0.3","10","0","pos","small-world","15","60.93457943925233","59.06432748538012","62.65709156193896"
"24","260","0.3","10","0","pos","small-world","136","62.89719626168224","61.01364522417154","64.63195691202873"
"25","260","0.3","10","0","pos","small-world","4","60.09345794392523","58.67446393762184","61.40035906642729"
"23","260","0.3","10","0","pos","small-world","190","66.54205607476635","62.57309941520468","70.19748653500898"
"27","260","0.3","10","0","pos","small-world","16","60.8411214953271","58.86939571150097","62.65709156193896"
"24","260","0.3","10","0","pos","small-world","137","62.89719626168224","60.81871345029239","64.81149012567326"
"29","260","0.3","10","0","pos","small-world","0","60.5607476635514","59.06432748538012","61.93895870736086"
"23","260","0.3","10","0","pos","small-world","191","66.6355140186916","62.57309941520468","70.3770197486535"
"27","260","0.3","10","0","pos","small-world","17","60.747663551401864","58.86939571150097","62.47755834829444"
"29","260","0.3","10","0","pos","small-world","1","60.5607476635514","59.06432748538012","61.93895870736086"
"26","260","0.3","10","0","pos","small-world","18","59.532710280373834","57.69980506822612","61.22082585278277"
"27","260","0.3","10","0","pos","small-world","18","60.747663551401864","58.86939571150097","62.47755834829444"
"25","260","0.3","10","0","pos","small-world","5","60.09345794392523","58.67446393762184","61.40035906642729"
"29","260","0.3","10","0","pos","small-world","2","60.747663551401864","59.25925925925925","62.11849192100538"
"23","260","0.3","10","0","pos","small-world","192","67.00934579439253","62.96296296296296","70.73608617594255"
"24","260","0.3","10","0","pos","small-world","138","62.89719626168224","60.81871345029239","64.81149012567326"
"27","260","0.3","10","0","pos","small-world","19","60.747663551401864","59.06432748538012","62.29802513464991"
"23","260","0.3","10","0","pos","small-world","193","67.10280373831776","62.96296296296296","70.91561938958706"
"26","260","0.3","10","0","pos","small-world","19","59.439252336448604","57.50487329434698","61.22082585278277"
"25","260","0.3","10","0","pos","small-world","6","60.09345794392523","58.67446393762184","61.40035906642729"
"29","260","0.3","10","0","pos","small-world","3","60.747663551401864","59.64912280701754","61.759425493716336"
"23","260","0.3","10","0","pos","small-world","194","67.38317757009345","63.35282651072125","71.0951526032316"
"26","260","0.3","10","0","pos","small-world","20","59.345794392523366","57.50487329434698","61.04129263913825"
"25","260","0.3","10","0","pos","small-world","7","60.09345794392523","58.67446393762184","61.40035906642729"
"23","260","0.3","10","0","pos","small-world","195","67.38317757009345","63.35282651072125","71.0951526032316"
"27","260","0.3","10","0","pos","small-world","20","60.93457943925233","59.25925925925925","62.47755834829444"
"24","260","0.3","10","0","pos","small-world","139","62.89719626168224","60.81871345029239","64.81149012567326"
"29","260","0.3","10","0","pos","small-world","4","61.02803738317757","60.23391812865497","61.759425493716336"
"25","260","0.3","10","0","pos","small-world","8","60.18691588785047","58.86939571150097","61.40035906642729"
"23","260","0.3","10","0","pos","small-world","196","67.19626168224299","62.96296296296296","71.0951526032316"
"27","260","0.3","10","0","pos","small-world","21","60.93457943925233","59.25925925925925","62.47755834829444"
"26","260","0.3","10","0","pos","small-world","21","59.439252336448604","57.50487329434698","61.22082585278277"
"29","260","0.3","10","0","pos","small-world","5","61.12149532710281","60.81871345029239","61.40035906642729"
"24","260","0.3","10","0","pos","small-world","140","63.177570093457945","61.20857699805068","64.99102333931778"
"25","260","0.3","10","0","pos","small-world","9","60.18691588785047","58.86939571150097","61.40035906642729"
"23","260","0.3","10","0","pos","small-world","197","67.10280373831776","62.96296296296296","70.91561938958706"
"27","260","0.3","10","0","pos","small-world","22","60.8411214953271","59.06432748538012","62.47755834829444"
"29","260","0.3","10","0","pos","small-world","6","61.12149532710281","61.20857699805068","61.04129263913825"
"23","260","0.3","10","0","pos","small-world","198","67.38317757009345","63.35282651072125","71.0951526032316"
"25","260","0.3","10","0","pos","small-world","10","60.09345794392523","58.67446393762184","61.40035906642729"
"26","260","0.3","10","0","pos","small-world","22","59.439252336448604","57.50487329434698","61.22082585278277"
"24","260","0.3","10","0","pos","small-world","141","63.36448598130842","61.20857699805068","65.35008976660683"
"27","260","0.3","10","0","pos","small-world","23","60.747663551401864","59.06432748538012","62.29802513464991"
"29","260","0.3","10","0","pos","small-world","7","61.12149532710281","61.20857699805068","61.04129263913825"
"23","260","0.3","10","0","pos","small-world","199","67.38317757009345","63.35282651072125","71.0951526032316"
"25","260","0.3","10","0","pos","small-world","11","60.280373831775705","59.06432748538012","61.40035906642729"
"29","260","0.3","10","0","pos","small-world","8","61.12149532710281","61.20857699805068","61.04129263913825"
"26","260","0.3","10","0","pos","small-world","23","59.439252336448604","57.50487329434698","61.22082585278277"
"27","260","0.3","10","0","pos","small-world","24","60.8411214953271","59.4541910331384","62.11849192100538"
"23","260","0.3","10","0","pos","small-world","200","67.19626168224299","63.1578947368421","70.91561938958706"
"24","260","0.3","10","0","pos","small-world","142","63.45794392523364","61.20857699805068","65.52962298025135"
"25","260","0.3","10","0","pos","small-world","12","60.09345794392523","58.86939571150097","61.22082585278277"
"29","260","0.3","10","0","pos","small-world","9","61.02803738317757","61.40350877192983","60.68222621184919"
"27","260","0.3","10","0","pos","small-world","25","61.12149532710281","59.4541910331384","62.65709156193896"
"23","260","0.3","10","0","pos","small-world","201","67.19626168224299","63.1578947368421","70.91561938958706"
"29","260","0.3","10","0","pos","small-world","10","61.12149532710281","61.40350877192983","60.86175942549371"
"26","260","0.3","10","0","pos","small-world","24","59.62616822429907","57.89473684210527","61.22082585278277"
"24","260","0.3","10","0","pos","small-world","143","63.36448598130842","61.20857699805068","65.35008976660683"
"25","260","0.3","10","0","pos","small-world","13","59.90654205607476","58.67446393762184","61.04129263913825"
"27","260","0.3","10","0","pos","small-world","26","61.12149532710281","59.64912280701754","62.47755834829444"
"23","260","0.3","10","0","pos","small-world","202","67.19626168224299","62.96296296296296","71.0951526032316"
"29","260","0.3","10","0","pos","small-world","11","61.12149532710281","61.40350877192983","60.86175942549371"
"27","260","0.3","10","0","pos","small-world","27","60.93457943925233","59.4541910331384","62.29802513464991"
"29","260","0.3","10","0","pos","small-world","12","61.308411214953274","61.59844054580896","61.04129263913825"
"24","260","0.3","10","0","pos","small-world","144","63.36448598130842","61.20857699805068","65.35008976660683"
"27","260","0.3","10","0","pos","small-world","28","61.02803738317757","59.4541910331384","62.47755834829444"
"26","260","0.3","10","0","pos","small-world","25","59.532710280373834","57.69980506822612","61.22082585278277"
"23","260","0.3","10","0","pos","small-world","203","67.10280373831776","62.768031189083814","71.0951526032316"
"29","260","0.3","10","0","pos","small-world","13","61.308411214953274","61.59844054580896","61.04129263913825"
"27","260","0.3","10","0","pos","small-world","29","61.12149532710281","59.4541910331384","62.65709156193896"
"23","260","0.3","10","0","pos","small-world","204","67.00934579439253","62.768031189083814","70.91561938958706"
"29","260","0.3","10","0","pos","small-world","14","61.40186915887851","61.59844054580896","61.22082585278277"
"24","260","0.3","10","0","pos","small-world","145","63.27102803738318","61.20857699805068","65.1705565529623"
"25","260","0.3","10","0","pos","small-world","14","59.813084112149525","58.47953216374269","61.04129263913825"
"27","260","0.3","10","0","pos","small-world","30","61.40186915887851","59.84405458089669","62.83662477558348"
"26","260","0.3","10","0","pos","small-world","26","59.7196261682243","57.89473684210527","61.40035906642729"
"29","260","0.3","10","0","pos","small-world","15","61.21495327102804","61.20857699805068","61.22082585278277"
"23","260","0.3","10","0","pos","small-world","205","67.00934579439253","62.768031189083814","70.91561938958706"
"27","260","0.3","10","0","pos","small-world","31","61.6822429906542","60.23391812865497","63.016157989228006"
"24","260","0.3","10","0","pos","small-world","146","63.27102803738318","61.20857699805068","65.1705565529623"
"29","260","0.3","10","0","pos","small-world","16","61.12149532710281","61.20857699805068","61.04129263913825"
"27","260","0.3","10","0","pos","small-world","32","61.77570093457943","60.23391812865497","63.19569120287253"
"26","260","0.3","10","0","pos","small-world","27","59.7196261682243","57.89473684210527","61.40035906642729"
"25","260","0.3","10","0","pos","small-world","15","59.7196261682243","58.0896686159844","61.22082585278277"
"23","260","0.3","10","0","pos","small-world","206","67.00934579439253","63.1578947368421","70.55655296229803"
"24","260","0.3","10","0","pos","small-world","147","63.36448598130842","61.20857699805068","65.35008976660683"
"29","260","0.3","10","0","pos","small-world","17","61.12149532710281","61.40350877192983","60.86175942549371"
"27","260","0.3","10","0","pos","small-world","33","61.86915887850467","60.62378167641326","63.016157989228006"
"29","260","0.3","10","0","pos","small-world","18","61.12149532710281","61.40350877192983","60.86175942549371"
"23","260","0.3","10","0","pos","small-world","207","67.00934579439253","63.35282651072125","70.3770197486535"
"25","260","0.3","10","0","pos","small-world","16","59.62616822429907","57.89473684210527","61.22082585278277"
"26","260","0.3","10","0","pos","small-world","28","59.439252336448604","57.50487329434698","61.22082585278277"
"29","260","0.3","10","0","pos","small-world","19","60.93457943925233","61.20857699805068","60.68222621184919"
"27","260","0.3","10","0","pos","small-world","34","61.77570093457943","60.42884990253411","63.016157989228006"
"24","260","0.3","10","0","pos","small-world","148","63.36448598130842","61.20857699805068","65.35008976660683"
"23","260","0.3","10","0","pos","small-world","208","66.9158878504673","63.35282651072125","70.19748653500898"
"25","260","0.3","10","0","pos","small-world","17","59.62616822429907","57.89473684210527","61.22082585278277"
"26","260","0.3","10","0","pos","small-world","29","59.62616822429907","57.69980506822612","61.40035906642729"
"28","260","0.3","10","0","pos","small-world","0","60.5607476635514","59.06432748538012","61.93895870736086"
"29","260","0.3","10","0","pos","small-world","20","60.8411214953271","61.01364522417154","60.68222621184919"
"27","260","0.3","10","0","pos","small-world","35","61.6822429906542","60.42884990253411","62.83662477558348"
"24","260","0.3","10","0","pos","small-world","149","63.55140186915887","61.40350877192983","65.52962298025135"
"23","260","0.3","10","0","pos","small-world","209","66.72897196261682","63.35282651072125","69.83842010771993"
"25","260","0.3","10","0","pos","small-world","18","59.7196261682243","58.0896686159844","61.22082585278277"
"28","260","0.3","10","0","pos","small-world","1","60.65420560747663","59.4541910331384","61.759425493716336"
"26","260","0.3","10","0","pos","small-world","30","60","58.0896686159844","61.759425493716336"
"29","260","0.3","10","0","pos","small-world","21","61.02803738317757","61.20857699805068","60.86175942549371"
"27","260","0.3","10","0","pos","small-world","36","61.6822429906542","60.62378167641326","62.65709156193896"
"24","260","0.3","10","0","pos","small-world","150","63.45794392523364","61.40350877192983","65.35008976660683"
"23","260","0.3","10","0","pos","small-world","210","66.6355140186916","63.35282651072125","69.6588868940754"
"27","260","0.3","10","0","pos","small-world","37","61.6822429906542","60.62378167641326","62.65709156193896"
"26","260","0.3","10","0","pos","small-world","31","59.7196261682243","57.50487329434698","61.759425493716336"
"28","260","0.3","10","0","pos","small-world","2","60.65420560747663","59.4541910331384","61.759425493716336"
"25","260","0.3","10","0","pos","small-world","19","59.62616822429907","57.89473684210527","61.22082585278277"
"29","260","0.3","10","0","pos","small-world","22","61.12149532710281","61.20857699805068","61.04129263913825"
"24","260","0.3","10","0","pos","small-world","151","63.45794392523364","61.20857699805068","65.52962298025135"
"29","260","0.3","10","0","pos","small-world","23","61.21495327102804","61.20857699805068","61.22082585278277"
"25","260","0.3","10","0","pos","small-world","20","59.439252336448604","57.69980506822612","61.04129263913825"
"26","260","0.3","10","0","pos","small-world","32","59.62616822429907","57.69980506822612","61.40035906642729"
"27","260","0.3","10","0","pos","small-world","38","61.40186915887851","60.03898635477582","62.65709156193896"
"23","260","0.3","10","0","pos","small-world","211","66.72897196261682","63.1578947368421","70.01795332136446"
"28","260","0.3","10","0","pos","small-world","3","60.5607476635514","59.4541910331384","61.57989228007181"
"24","260","0.3","10","0","pos","small-world","152","63.45794392523364","61.01364522417154","65.70915619389586"
"29","260","0.3","10","0","pos","small-world","24","61.40186915887851","61.40350877192983","61.40035906642729"
"27","260","0.3","10","0","pos","small-world","39","61.6822429906542","60.03898635477582","63.19569120287253"
"28","260","0.3","10","0","pos","small-world","4","60.373831775700936","59.4541910331384","61.22082585278277"
"24","260","0.3","10","0","pos","small-world","153","63.55140186915887","61.20857699805068","65.70915619389586"
"25","260","0.3","10","0","pos","small-world","21","59.439252336448604","57.69980506822612","61.04129263913825"
"29","260","0.3","10","0","pos","small-world","25","61.308411214953274","61.40350877192983","61.22082585278277"
"26","260","0.3","10","0","pos","small-world","33","59.532710280373834","57.69980506822612","61.22082585278277"
"27","260","0.3","10","0","pos","small-world","40","61.49532710280374","59.84405458089669","63.016157989228006"
"28","260","0.3","10","0","pos","small-world","5","60.373831775700936","59.4541910331384","61.22082585278277"
"29","260","0.3","10","0","pos","small-world","26","61.308411214953274","61.20857699805068","61.40035906642729"
"25","260","0.3","10","0","pos","small-world","22","59.345794392523366","57.69980506822612","60.86175942549371"
"28","260","0.3","10","0","pos","small-world","6","60.373831775700936","59.4541910331384","61.22082585278277"
"27","260","0.3","10","0","pos","small-world","41","61.40186915887851","59.84405458089669","62.83662477558348"
"26","260","0.3","10","0","pos","small-world","34","59.7196261682243","58.0896686159844","61.22082585278277"
"29","260","0.3","10","0","pos","small-world","27","61.308411214953274","61.01364522417154","61.57989228007181"
"27","260","0.3","10","0","pos","small-world","42","61.588785046728965","60.03898635477582","63.016157989228006"
"28","260","0.3","10","0","pos","small-world","7","60.5607476635514","59.84405458089669","61.22082585278277"
"25","260","0.3","10","0","pos","small-world","23","59.1588785046729","57.50487329434698","60.68222621184919"
"23","260","0.3","10","0","pos","small-world","212","66.6355140186916","63.1578947368421","69.83842010771993"
"29","260","0.3","10","0","pos","small-world","28","61.21495327102804","61.01364522417154","61.40035906642729"
"26","260","0.3","10","0","pos","small-world","35","60","58.28460038986355","61.57989228007181"
"28","260","0.3","10","0","pos","small-world","8","60.5607476635514","59.84405458089669","61.22082585278277"
"27","260","0.3","10","0","pos","small-world","43","61.588785046728965","60.03898635477582","63.016157989228006"
"25","260","0.3","10","0","pos","small-world","24","59.1588785046729","57.50487329434698","60.68222621184919"
"29","260","0.3","10","0","pos","small-world","29","61.12149532710281","60.81871345029239","61.40035906642729"
"28","260","0.3","10","0","pos","small-world","9","60.46728971962617","59.84405458089669","61.04129263913825"
"23","260","0.3","10","0","pos","small-world","213","66.72897196261682","63.1578947368421","70.01795332136446"
"27","260","0.3","10","0","pos","small-world","44","61.49532710280374","60.03898635477582","62.83662477558348"
"26","260","0.3","10","0","pos","small-world","36","60.280373831775705","58.47953216374269","61.93895870736086"
"29","260","0.3","10","0","pos","small-world","30","61.02803738317757","60.62378167641326","61.40035906642729"
"25","260","0.3","10","0","pos","small-world","25","59.1588785046729","57.69980506822612","60.502692998204665"
"27","260","0.3","10","0","pos","small-world","45","61.588785046728965","60.03898635477582","63.016157989228006"
"28","260","0.3","10","0","pos","small-world","10","60.373831775700936","59.84405458089669","60.86175942549371"
"23","260","0.3","10","0","pos","small-world","214","66.9158878504673","63.1578947368421","70.3770197486535"
"24","260","0.3","10","0","pos","small-world","154","63.36448598130842","60.81871345029239","65.70915619389586"
"29","260","0.3","10","0","pos","small-world","31","61.12149532710281","60.62378167641326","61.57989228007181"
"26","260","0.3","10","0","pos","small-world","37","60.280373831775705","58.67446393762184","61.759425493716336"
"25","260","0.3","10","0","pos","small-world","26","58.971962616822424","57.30994152046783","60.502692998204665"
"27","260","0.3","10","0","pos","small-world","46","61.588785046728965","59.84405458089669","63.19569120287253"
"28","260","0.3","10","0","pos","small-world","11","60.18691588785047","59.84405458089669","60.502692998204665"
"24","260","0.3","10","0","pos","small-world","155","63.55140186915887","61.01364522417154","65.8886894075404"
"29","260","0.3","10","0","pos","small-world","32","61.21495327102804","60.81871345029239","61.57989228007181"
"28","260","0.3","10","0","pos","small-world","12","60.280373831775705","60.03898635477582","60.502692998204665"
"27","260","0.3","10","0","pos","small-world","47","61.588785046728965","59.84405458089669","63.19569120287253"
"26","260","0.3","10","0","pos","small-world","38","60.280373831775705","58.67446393762184","61.759425493716336"
"25","260","0.3","10","0","pos","small-world","27","58.971962616822424","57.1150097465887","60.68222621184919"
"23","260","0.3","10","0","pos","small-world","215","67.00934579439253","63.35282651072125","70.3770197486535"
"24","260","0.3","10","0","pos","small-world","156","63.64485981308411","61.01364522417154","66.06822262118493"
"29","260","0.3","10","0","pos","small-world","33","61.21495327102804","61.01364522417154","61.40035906642729"
"27","260","0.3","10","0","pos","small-world","48","61.77570093457943","59.84405458089669","63.55475763016158"
"26","260","0.3","10","0","pos","small-world","39","60.280373831775705","58.47953216374269","61.93895870736086"
"28","260","0.3","10","0","pos","small-world","13","60.280373831775705","60.03898635477582","60.502692998204665"
"24","260","0.3","10","0","pos","small-world","157","63.73831775700934","61.20857699805068","66.06822262118493"
"25","260","0.3","10","0","pos","small-world","28","58.971962616822424","57.30994152046783","60.502692998204665"
"23","260","0.3","10","0","pos","small-world","216","67.00934579439253","63.35282651072125","70.3770197486535"
"29","260","0.3","10","0","pos","small-world","34","61.40186915887851","61.01364522417154","61.759425493716336"
"28","260","0.3","10","0","pos","small-world","14","60.373831775700936","60.23391812865497","60.502692998204665"
"27","260","0.3","10","0","pos","small-world","49","61.77570093457943","59.84405458089669","63.55475763016158"
"24","260","0.3","10","0","pos","small-world","158","63.83177570093458","61.40350877192983","66.06822262118493"
"26","260","0.3","10","0","pos","small-world","40","60.18691588785047","58.47953216374269","61.759425493716336"
"25","260","0.3","10","0","pos","small-world","29","59.06542056074766","57.50487329434698","60.502692998204665"
"23","260","0.3","10","0","pos","small-world","217","67.00934579439253","63.35282651072125","70.3770197486535"
"29","260","0.3","10","0","pos","small-world","35","61.40186915887851","61.01364522417154","61.759425493716336"
"28","260","0.3","10","0","pos","small-world","15","60.09345794392523","59.64912280701754","60.502692998204665"
"24","260","0.3","10","0","pos","small-world","159","63.925233644859816","61.59844054580896","66.06822262118493"
"27","260","0.3","10","0","pos","small-world","50","61.86915887850467","59.84405458089669","63.73429084380611"
"29","260","0.3","10","0","pos","small-world","36","61.49532710280374","61.01364522417154","61.93895870736086"
"26","260","0.3","10","0","pos","small-world","41","60.18691588785047","58.67446393762184","61.57989228007181"
"25","260","0.3","10","0","pos","small-world","30","59.06542056074766","57.50487329434698","60.502692998204665"
"28","260","0.3","10","0","pos","small-world","16","60.373831775700936","59.84405458089669","60.86175942549371"
"23","260","0.3","10","0","pos","small-world","218","67.10280373831776","63.35282651072125","70.55655296229803"
"27","260","0.3","10","0","pos","small-world","51","61.96261682242991","60.23391812865497","63.55475763016158"
"24","260","0.3","10","0","pos","small-world","160","63.925233644859816","61.59844054580896","66.06822262118493"
"28","260","0.3","10","0","pos","small-world","17","60.373831775700936","59.84405458089669","60.86175942549371"
"27","260","0.3","10","0","pos","small-world","52","62.05607476635514","60.62378167641326","63.37522441651705"
"29","260","0.3","10","0","pos","small-world","37","61.49532710280374","60.81871345029239","62.11849192100538"
"25","260","0.3","10","0","pos","small-world","31","59.06542056074766","57.30994152046783","60.68222621184919"
"23","260","0.3","10","0","pos","small-world","219","67.00934579439253","63.1578947368421","70.55655296229803"
"28","260","0.3","10","0","pos","small-world","18","60.46728971962617","60.03898635477582","60.86175942549371"
"27","260","0.3","10","0","pos","small-world","53","61.86915887850467","60.62378167641326","63.016157989228006"
"29","260","0.3","10","0","pos","small-world","38","61.49532710280374","60.81871345029239","62.11849192100538"
"27","260","0.3","10","0","pos","small-world","54","61.77570093457943","60.42884990253411","63.016157989228006"
"28","260","0.3","10","0","pos","small-world","19","60.373831775700936","60.03898635477582","60.68222621184919"
"29","260","0.3","10","0","pos","small-world","39","61.49532710280374","60.81871345029239","62.11849192100538"
"28","260","0.3","10","0","pos","small-world","20","60.18691588785047","60.03898635477582","60.32315978456014"
"27","260","0.3","10","0","pos","small-world","55","61.77570093457943","60.42884990253411","63.016157989228006"
"26","260","0.3","10","0","pos","small-world","42","60.18691588785047","58.67446393762184","61.57989228007181"
"29","260","0.3","10","0","pos","small-world","40","61.588785046728965","61.01364522417154","62.11849192100538"
"23","260","0.3","10","0","pos","small-world","220","66.9158878504673","62.96296296296296","70.55655296229803"
"28","260","0.3","10","0","pos","small-world","21","60.09345794392523","60.03898635477582","60.14362657091562"
"27","260","0.3","10","0","pos","small-world","56","61.77570093457943","60.62378167641326","62.83662477558348"
"25","260","0.3","10","0","pos","small-world","32","58.971962616822424","57.1150097465887","60.68222621184919"
"24","260","0.3","10","0","pos","small-world","161","63.925233644859816","61.59844054580896","66.06822262118493"
"29","260","0.3","10","0","pos","small-world","41","61.49532710280374","61.01364522417154","61.93895870736086"
"23","260","0.3","10","0","pos","small-world","221","67.00934579439253","63.1578947368421","70.55655296229803"
"28","260","0.3","10","0","pos","small-world","22","60.09345794392523","60.03898635477582","60.14362657091562"
"27","260","0.3","10","0","pos","small-world","57","61.588785046728965","60.23391812865497","62.83662477558348"
"26","260","0.3","10","0","pos","small-world","43","60","58.67446393762184","61.22082585278277"
"29","260","0.3","10","0","pos","small-world","42","61.588785046728965","61.20857699805068","61.93895870736086"
"28","260","0.3","10","0","pos","small-world","23","60.18691588785047","60.03898635477582","60.32315978456014"
"25","260","0.3","10","0","pos","small-world","33","58.971962616822424","57.1150097465887","60.68222621184919"
"27","260","0.3","10","0","pos","small-world","58","61.6822429906542","60.23391812865497","63.016157989228006"
"23","260","0.3","10","0","pos","small-world","222","67.19626168224299","63.1578947368421","70.91561938958706"
"29","260","0.3","10","0","pos","small-world","43","61.6822429906542","61.20857699805068","62.11849192100538"
"26","260","0.3","10","0","pos","small-world","44","60.09345794392523","58.86939571150097","61.22082585278277"
"24","260","0.3","10","0","pos","small-world","162","63.925233644859816","61.59844054580896","66.06822262118493"
"28","260","0.3","10","0","pos","small-world","24","60.18691588785047","60.03898635477582","60.32315978456014"
"25","260","0.3","10","0","pos","small-world","34","58.87850467289719","56.92007797270955","60.68222621184919"
"27","260","0.3","10","0","pos","small-world","59","61.588785046728965","60.03898635477582","63.016157989228006"
"23","260","0.3","10","0","pos","small-world","223","67.28971962616822","63.35282651072125","70.91561938958706"
"29","260","0.3","10","0","pos","small-world","44","61.6822429906542","61.20857699805068","62.11849192100538"
"26","260","0.3","10","0","pos","small-world","45","59.813084112149525","58.67446393762184","60.86175942549371"
"27","260","0.3","10","0","pos","small-world","60","61.77570093457943","60.42884990253411","63.016157989228006"
"24","260","0.3","10","0","pos","small-world","163","63.925233644859816","61.40350877192983","66.24775583482945"
"28","260","0.3","10","0","pos","small-world","25","60.09345794392523","60.03898635477582","60.14362657091562"
"23","260","0.3","10","0","pos","small-world","224","67.4766355140187","63.547758284600384","71.0951526032316"
"25","260","0.3","10","0","pos","small-world","35","59.06542056074766","56.92007797270955","61.04129263913825"
"29","260","0.3","10","0","pos","small-world","45","61.96261682242991","61.79337231968811","62.11849192100538"
"28","260","0.3","10","0","pos","small-world","26","59.62616822429907","59.4541910331384","59.78456014362658"
"27","260","0.3","10","0","pos","small-world","61","61.77570093457943","60.42884990253411","63.016157989228006"
"24","260","0.3","10","0","pos","small-world","164","64.11214953271028","61.79337231968811","66.24775583482945"
"26","260","0.3","10","0","pos","small-world","46","59.813084112149525","59.06432748538012","60.502692998204665"
"23","260","0.3","10","0","pos","small-world","225","67.19626168224299","63.1578947368421","70.91561938958706"
"25","260","0.3","10","0","pos","small-world","36","59.06542056074766","56.92007797270955","61.04129263913825"
"29","260","0.3","10","0","pos","small-world","46","61.96261682242991","61.59844054580896","62.29802513464991"
"28","260","0.3","10","0","pos","small-world","27","59.532710280373834","59.25925925925925","59.78456014362658"
"27","260","0.3","10","0","pos","small-world","62","61.77570093457943","60.42884990253411","63.016157989228006"
"23","260","0.3","10","0","pos","small-world","226","67.38317757009345","63.547758284600384","70.91561938958706"
"26","260","0.3","10","0","pos","small-world","47","59.62616822429907","59.06432748538012","60.14362657091562"
"24","260","0.3","10","0","pos","small-world","165","63.925233644859816","61.59844054580896","66.06822262118493"
"25","260","0.3","10","0","pos","small-world","37","59.25233644859813","57.30994152046783","61.04129263913825"
"29","260","0.3","10","0","pos","small-world","47","61.96261682242991","61.59844054580896","62.29802513464991"
"26","260","0.3","10","0","pos","small-world","48","59.532710280373834","59.06432748538012","59.964093357271096"
"28","260","0.3","10","0","pos","small-world","28","59.532710280373834","59.25925925925925","59.78456014362658"
"23","260","0.3","10","0","pos","small-world","227","67.28971962616822","63.35282651072125","70.91561938958706"
"24","260","0.3","10","0","pos","small-world","166","63.73831775700934","61.59844054580896","65.70915619389586"
"27","260","0.3","10","0","pos","small-world","63","61.96261682242991","60.62378167641326","63.19569120287253"
"25","260","0.3","10","0","pos","small-world","38","59.25233644859813","57.30994152046783","61.04129263913825"
"29","260","0.3","10","0","pos","small-world","48","62.05607476635514","61.59844054580896","62.47755834829444"
"28","260","0.3","10","0","pos","small-world","29","59.62616822429907","59.4541910331384","59.78456014362658"
"27","260","0.3","10","0","pos","small-world","64","62.05607476635514","60.81871345029239","63.19569120287253"
"24","260","0.3","10","0","pos","small-world","167","63.64485981308411","61.59844054580896","65.52962298025135"
"29","260","0.3","10","0","pos","small-world","49","61.86915887850467","61.59844054580896","62.11849192100538"
"28","260","0.3","10","0","pos","small-world","30","59.7196261682243","59.64912280701754","59.78456014362658"
"27","260","0.3","10","0","pos","small-world","65","61.86915887850467","60.81871345029239","62.83662477558348"
"24","260","0.3","10","0","pos","small-world","168","63.64485981308411","61.59844054580896","65.52962298025135"
"29","260","0.3","10","0","pos","small-world","50","62.05607476635514","61.98830409356725","62.11849192100538"
"28","260","0.3","10","0","pos","small-world","31","59.62616822429907","59.64912280701754","59.60502692998204"
"23","260","0.3","10","0","pos","small-world","228","67.28971962616822","63.547758284600384","70.73608617594255"
"27","260","0.3","10","0","pos","small-world","66","62.05607476635514","61.01364522417154","63.016157989228006"
"25","260","0.3","10","0","pos","small-world","39","59.345794392523366","57.30994152046783","61.22082585278277"
"24","260","0.3","10","0","pos","small-world","169","63.83177570093458","61.98830409356725","65.52962298025135"
"28","260","0.3","10","0","pos","small-world","32","59.813084112149525","59.84405458089669","59.78456014362658"
"29","260","0.3","10","0","pos","small-world","51","61.86915887850467","61.79337231968811","61.93895870736086"
"26","260","0.3","10","0","pos","small-world","49","59.439252336448604","58.86939571150097","59.964093357271096"
"27","260","0.3","10","0","pos","small-world","67","62.149532710280376","61.20857699805068","63.016157989228006"
"28","260","0.3","10","0","pos","small-world","33","60","59.84405458089669","60.14362657091562"
"25","260","0.3","10","0","pos","small-world","40","59.345794392523366","57.30994152046783","61.22082585278277"
"29","260","0.3","10","0","pos","small-world","52","61.77570093457943","61.59844054580896","61.93895870736086"
"23","260","0.3","10","0","pos","small-world","229","67.28971962616822","63.547758284600384","70.73608617594255"
"27","260","0.3","10","0","pos","small-world","68","62.24299065420561","61.40350877192983","63.016157989228006"
"24","260","0.3","10","0","pos","small-world","170","63.83177570093458","61.98830409356725","65.52962298025135"
"28","260","0.3","10","0","pos","small-world","34","60","59.64912280701754","60.32315978456014"
"29","260","0.3","10","0","pos","small-world","53","61.6822429906542","61.59844054580896","61.759425493716336"
"25","260","0.3","10","0","pos","small-world","41","59.439252336448604","57.69980506822612","61.04129263913825"
"26","260","0.3","10","0","pos","small-world","50","59.25233644859813","58.47953216374269","59.964093357271096"
"27","260","0.3","10","0","pos","small-world","69","62.33644859813084","61.40350877192983","63.19569120287253"
"23","260","0.3","10","0","pos","small-world","230","67.38317757009345","63.74269005847953","70.73608617594255"
"28","260","0.3","10","0","pos","small-world","35","60","59.64912280701754","60.32315978456014"
"29","260","0.3","10","0","pos","small-world","54","61.77570093457943","61.59844054580896","61.93895870736086"
"24","260","0.3","10","0","pos","small-world","171","63.83177570093458","61.98830409356725","65.52962298025135"
"25","260","0.3","10","0","pos","small-world","42","59.7196261682243","58.0896686159844","61.22082585278277"
"23","260","0.3","10","0","pos","small-world","231","67.57009345794393","63.74269005847953","71.0951526032316"
"27","260","0.3","10","0","pos","small-world","70","62.24299065420561","61.40350877192983","63.016157989228006"
"28","260","0.3","10","0","pos","small-world","36","60","59.64912280701754","60.32315978456014"
"26","260","0.3","10","0","pos","small-world","51","59.1588785046729","58.28460038986355","59.964093357271096"
"29","260","0.3","10","0","pos","small-world","55","61.86915887850467","61.79337231968811","61.93895870736086"
"27","260","0.3","10","0","pos","small-world","71","62.24299065420561","61.40350877192983","63.016157989228006"
"25","260","0.3","10","0","pos","small-world","43","59.62616822429907","58.0896686159844","61.04129263913825"
"23","260","0.3","10","0","pos","small-world","232","67.66355140186916","63.93762183235867","71.0951526032316"
"28","260","0.3","10","0","pos","small-world","37","60.09345794392523","59.64912280701754","60.502692998204665"
"24","260","0.3","10","0","pos","small-world","172","63.73831775700934","61.79337231968811","65.52962298025135"
"29","260","0.3","10","0","pos","small-world","56","61.96261682242991","61.79337231968811","62.11849192100538"
"27","260","0.3","10","0","pos","small-world","72","62.149532710280376","61.20857699805068","63.016157989228006"
"26","260","0.3","10","0","pos","small-world","52","58.971962616822424","58.28460038986355","59.60502692998204"
"23","260","0.3","10","0","pos","small-world","233","67.85046728971963","64.32748538011695","71.0951526032316"
"28","260","0.3","10","0","pos","small-world","38","59.813084112149525","59.4541910331384","60.14362657091562"
"24","260","0.3","10","0","pos","small-world","173","63.83177570093458","61.98830409356725","65.52962298025135"
"25","260","0.3","10","0","pos","small-world","44","59.62616822429907","57.89473684210527","61.22082585278277"
"29","260","0.3","10","0","pos","small-world","57","61.96261682242991","61.79337231968811","62.11849192100538"
"23","260","0.3","10","0","pos","small-world","234","67.7570093457944","64.32748538011695","70.91561938958706"
"27","260","0.3","10","0","pos","small-world","73","61.96261682242991","61.20857699805068","62.65709156193896"
"28","260","0.3","10","0","pos","small-world","39","59.90654205607476","59.4541910331384","60.32315978456014"
"24","260","0.3","10","0","pos","small-world","174","64.01869158878505","62.1832358674464","65.70915619389586"
"25","260","0.3","10","0","pos","small-world","45","59.7196261682243","58.0896686159844","61.22082585278277"
"29","260","0.3","10","0","pos","small-world","58","62.24299065420561","61.98830409356725","62.47755834829444"
"26","260","0.3","10","0","pos","small-world","53","58.87850467289719","58.0896686159844","59.60502692998204"
"23","260","0.3","10","0","pos","small-world","235","67.7570093457944","64.32748538011695","70.91561938958706"
"27","260","0.3","10","0","pos","small-world","74","61.96261682242991","61.01364522417154","62.83662477558348"
"28","260","0.3","10","0","pos","small-world","40","59.7196261682243","59.25925925925925","60.14362657091562"
"24","260","0.3","10","0","pos","small-world","175","64.11214953271028","62.1832358674464","65.8886894075404"
"29","260","0.3","10","0","pos","small-world","59","62.24299065420561","61.98830409356725","62.47755834829444"
"25","260","0.3","10","0","pos","small-world","46","59.813084112149525","58.28460038986355","61.22082585278277"
"23","260","0.3","10","0","pos","small-world","236","67.66355140186916","64.32748538011695","70.73608617594255"
"26","260","0.3","10","0","pos","small-world","54","58.87850467289719","58.0896686159844","59.60502692998204"
"27","260","0.3","10","0","pos","small-world","75","61.86915887850467","61.01364522417154","62.65709156193896"
"28","260","0.3","10","0","pos","small-world","41","59.439252336448604","59.06432748538012","59.78456014362658"
"24","260","0.3","10","0","pos","small-world","176","64.01869158878505","61.98830409356725","65.8886894075404"
"29","260","0.3","10","0","pos","small-world","60","62.149532710280376","61.98830409356725","62.29802513464991"
"23","260","0.3","10","0","pos","small-world","237","67.4766355140187","64.32748538011695","70.3770197486535"
"27","260","0.3","10","0","pos","small-world","76","61.6822429906542","60.81871345029239","62.47755834829444"
"25","260","0.3","10","0","pos","small-world","47","59.7196261682243","58.0896686159844","61.22082585278277"
"24","260","0.3","10","0","pos","small-world","177","64.01869158878505","61.98830409356725","65.8886894075404"
"28","260","0.3","10","0","pos","small-world","42","59.7196261682243","59.64912280701754","59.78456014362658"
"26","260","0.3","10","0","pos","small-world","55","59.1588785046729","58.47953216374269","59.78456014362658"
"27","260","0.3","10","0","pos","small-world","77","61.6822429906542","60.81871345029239","62.47755834829444"
"29","260","0.3","10","0","pos","small-world","61","61.96261682242991","61.79337231968811","62.11849192100538"
"24","260","0.3","10","0","pos","small-world","178","64.11214953271028","61.98830409356725","66.06822262118493"
"23","260","0.3","10","0","pos","small-world","238","67.66355140186916","64.71734892787524","70.3770197486535"
"28","260","0.3","10","0","pos","small-world","43","59.813084112149525","59.84405458089669","59.78456014362658"
"27","260","0.3","10","0","pos","small-world","78","61.6822429906542","61.01364522417154","62.29802513464991"
"25","260","0.3","10","0","pos","small-world","48","59.813084112149525","58.28460038986355","61.22082585278277"
"29","260","0.3","10","0","pos","small-world","62","61.96261682242991","61.79337231968811","62.11849192100538"
"28","260","0.3","10","0","pos","small-world","44","59.7196261682243","59.64912280701754","59.78456014362658"
"23","260","0.3","10","0","pos","small-world","239","67.4766355140187","64.32748538011695","70.3770197486535"
"24","260","0.3","10","0","pos","small-world","179","64.39252336448598","61.98830409356725","66.6068222621185"
"29","260","0.3","10","0","pos","small-world","63","61.96261682242991","62.1832358674464","61.759425493716336"
"27","260","0.3","10","0","pos","small-world","79","61.86915887850467","61.59844054580896","62.11849192100538"
"25","260","0.3","10","0","pos","small-world","49","60","58.67446393762184","61.22082585278277"
"26","260","0.3","10","0","pos","small-world","56","59.06542056074766","58.28460038986355","59.78456014362658"
"27","260","0.3","10","0","pos","small-world","80","61.86915887850467","61.79337231968811","61.93895870736086"
"23","260","0.3","10","0","pos","small-world","240","67.57009345794393","64.32748538011695","70.55655296229803"
"29","260","0.3","10","0","pos","small-world","64","61.86915887850467","61.98830409356725","61.759425493716336"
"28","260","0.3","10","0","pos","small-world","45","59.62616822429907","59.4541910331384","59.78456014362658"
"25","260","0.3","10","0","pos","small-world","50","60","58.67446393762184","61.22082585278277"
"24","260","0.3","10","0","pos","small-world","180","64.29906542056075","61.79337231968811","66.6068222621185"
"26","260","0.3","10","0","pos","small-world","57","59.06542056074766","58.28460038986355","59.78456014362658"
"29","260","0.3","10","0","pos","small-world","65","61.77570093457943","61.98830409356725","61.57989228007181"
"27","260","0.3","10","0","pos","small-world","81","61.6822429906542","61.59844054580896","61.759425493716336"
"28","260","0.3","10","0","pos","small-world","46","59.62616822429907","59.64912280701754","59.60502692998204"
"26","260","0.3","10","0","pos","small-world","58","59.1588785046729","58.47953216374269","59.78456014362658"
"25","260","0.3","10","0","pos","small-world","51","60","58.67446393762184","61.22082585278277"
"23","260","0.3","10","0","pos","small-world","241","67.4766355140187","64.32748538011695","70.3770197486535"
"24","260","0.3","10","0","pos","small-world","181","64.29906542056075","61.79337231968811","66.6068222621185"
"29","260","0.3","10","0","pos","small-world","66","61.86915887850467","61.98830409356725","61.759425493716336"
"27","260","0.3","10","0","pos","small-world","82","61.588785046728965","61.40350877192983","61.759425493716336"
"28","260","0.3","10","0","pos","small-world","47","59.7196261682243","59.84405458089669","59.60502692998204"
"26","260","0.3","10","0","pos","small-world","59","59.439252336448604","58.86939571150097","59.964093357271096"
"23","260","0.3","10","0","pos","small-world","242","67.38317757009345","64.32748538011695","70.19748653500898"
"25","260","0.3","10","0","pos","small-world","52","60","58.47953216374269","61.40035906642729"
"29","260","0.3","10","0","pos","small-world","67","61.77570093457943","61.79337231968811","61.759425493716336"
"24","260","0.3","10","0","pos","small-world","182","64.29906542056075","61.79337231968811","66.6068222621185"
"27","260","0.3","10","0","pos","small-world","83","61.588785046728965","61.20857699805068","61.93895870736086"
"28","260","0.3","10","0","pos","small-world","48","59.90654205607476","59.84405458089669","59.964093357271096"
"26","260","0.3","10","0","pos","small-world","60","59.7196261682243","59.25925925925925","60.14362657091562"
"27","260","0.3","10","0","pos","small-world","84","61.588785046728965","61.20857699805068","61.93895870736086"
"23","260","0.3","10","0","pos","small-world","243","67.28971962616822","64.13255360623782","70.19748653500898"
"29","260","0.3","10","0","pos","small-world","68","61.6822429906542","61.40350877192983","61.93895870736086"
"25","260","0.3","10","0","pos","small-world","53","60","58.67446393762184","61.22082585278277"
"28","260","0.3","10","0","pos","small-world","49","60.09345794392523","59.84405458089669","60.32315978456014"
"24","260","0.3","10","0","pos","small-world","183","64.29906542056075","61.79337231968811","66.6068222621185"
"27","260","0.3","10","0","pos","small-world","85","61.588785046728965","61.20857699805068","61.93895870736086"
"28","260","0.3","10","0","pos","small-world","50","60.09345794392523","60.03898635477582","60.14362657091562"
"26","260","0.3","10","0","pos","small-world","61","59.7196261682243","59.06432748538012","60.32315978456014"
"23","260","0.3","10","0","pos","small-world","244","67.19626168224299","63.93762183235867","70.19748653500898"
"29","260","0.3","10","0","pos","small-world","69","61.6822429906542","61.40350877192983","61.93895870736086"
"25","260","0.3","10","0","pos","small-world","54","60.280373831775705","58.86939571150097","61.57989228007181"
"24","260","0.3","10","0","pos","small-world","184","64.29906542056075","61.98830409356725","66.42728904847397"
"27","260","0.3","10","0","pos","small-world","86","61.588785046728965","61.20857699805068","61.93895870736086"
"28","260","0.3","10","0","pos","small-world","51","60.373831775700936","60.03898635477582","60.68222621184919"
"26","260","0.3","10","0","pos","small-world","62","59.532710280373834","58.86939571150097","60.14362657091562"
"29","260","0.3","10","0","pos","small-world","70","61.86915887850467","61.40350877192983","62.29802513464991"
"25","260","0.3","10","0","pos","small-world","55","60.373831775700936","58.86939571150097","61.759425493716336"
"23","260","0.3","10","0","pos","small-world","245","67.10280373831776","63.74269005847953","70.19748653500898"
"27","260","0.3","10","0","pos","small-world","87","61.6822429906542","61.20857699805068","62.11849192100538"
"28","260","0.3","10","0","pos","small-world","52","60.373831775700936","60.03898635477582","60.68222621184919"
"25","260","0.3","10","0","pos","small-world","56","60.46728971962617","59.06432748538012","61.759425493716336"
"29","260","0.3","10","0","pos","small-world","71","61.77570093457943","61.20857699805068","62.29802513464991"
"24","260","0.3","10","0","pos","small-world","185","64.29906542056075","62.1832358674464","66.24775583482945"
"28","260","0.3","10","0","pos","small-world","53","60.280373831775705","59.84405458089669","60.68222621184919"
"23","260","0.3","10","0","pos","small-world","246","67.19626168224299","63.93762183235867","70.19748653500898"
"27","260","0.3","10","0","pos","small-world","88","61.49532710280374","60.81871345029239","62.11849192100538"
"29","260","0.3","10","0","pos","small-world","72","61.77570093457943","61.01364522417154","62.47755834829444"
"25","260","0.3","10","0","pos","small-world","57","60.65420560747663","59.25925925925925","61.93895870736086"
"26","260","0.3","10","0","pos","small-world","63","59.1588785046729","58.47953216374269","59.78456014362658"
"28","260","0.3","10","0","pos","small-world","54","60.18691588785047","59.84405458089669","60.502692998204665"
"23","260","0.3","10","0","pos","small-world","247","67.28971962616822","63.93762183235867","70.3770197486535"
"29","260","0.3","10","0","pos","small-world","73","61.86915887850467","61.01364522417154","62.65709156193896"
"24","260","0.3","10","0","pos","small-world","186","64.39252336448598","62.1832358674464","66.42728904847397"
"27","260","0.3","10","0","pos","small-world","89","61.49532710280374","60.81871345029239","62.11849192100538"
"28","260","0.3","10","0","pos","small-world","55","60.280373831775705","60.03898635477582","60.502692998204665"
"25","260","0.3","10","0","pos","small-world","58","60.65420560747663","59.25925925925925","61.93895870736086"
"26","260","0.3","10","0","pos","small-world","64","59.345794392523366","58.67446393762184","59.964093357271096"
"29","260","0.3","10","0","pos","small-world","74","61.77570093457943","60.81871345029239","62.65709156193896"
"23","260","0.3","10","0","pos","small-world","248","67.28971962616822","63.93762183235867","70.3770197486535"
"24","260","0.3","10","0","pos","small-world","187","64.39252336448598","62.1832358674464","66.42728904847397"
"27","260","0.3","10","0","pos","small-world","90","61.40186915887851","60.62378167641326","62.11849192100538"
"28","260","0.3","10","0","pos","small-world","56","60.5607476635514","60.23391812865497","60.86175942549371"
"25","260","0.3","10","0","pos","small-world","59","60.46728971962617","58.86939571150097","61.93895870736086"
"29","260","0.3","10","0","pos","small-world","75","61.86915887850467","61.01364522417154","62.65709156193896"
"24","260","0.3","10","0","pos","small-world","188","64.39252336448598","62.1832358674464","66.42728904847397"
"28","260","0.3","10","0","pos","small-world","57","60.65420560747663","60.42884990253411","60.86175942549371"
"26","260","0.3","10","0","pos","small-world","65","59.25233644859813","58.67446393762184","59.78456014362658"
"27","260","0.3","10","0","pos","small-world","91","61.588785046728965","61.01364522417154","62.11849192100538"
"23","260","0.3","10","0","pos","small-world","249","67.10280373831776","63.93762183235867","70.01795332136446"
"25","260","0.3","10","0","pos","small-world","60","60.46728971962617","58.67446393762184","62.11849192100538"
"24","260","0.3","10","0","pos","small-world","189","64.39252336448598","61.98830409356725","66.6068222621185"
"29","260","0.3","10","0","pos","small-world","76","61.96261682242991","61.01364522417154","62.83662477558348"
"23","260","0.3","10","0","pos","small-world","250","67.10280373831776","63.93762183235867","70.01795332136446"
"28","260","0.3","10","0","pos","small-world","58","60.5607476635514","60.42884990253411","60.68222621184919"
"26","260","0.3","10","0","pos","small-world","66","59.345794392523366","58.86939571150097","59.78456014362658"
"25","260","0.3","10","0","pos","small-world","61","60.5607476635514","58.86939571150097","62.11849192100538"
"24","260","0.3","10","0","pos","small-world","190","64.29906542056075","61.98830409356725","66.42728904847397"
"27","260","0.3","10","0","pos","small-world","92","61.49532710280374","61.01364522417154","61.93895870736086"
"29","260","0.3","10","0","pos","small-world","77","61.96261682242991","61.01364522417154","62.83662477558348"
"23","260","0.3","10","0","pos","small-world","251","67.10280373831776","63.93762183235867","70.01795332136446"
"26","260","0.3","10","0","pos","small-world","67","59.532710280373834","59.06432748538012","59.964093357271096"
"25","260","0.3","10","0","pos","small-world","62","60.46728971962617","58.86939571150097","61.93895870736086"
"27","260","0.3","10","0","pos","small-world","93","61.588785046728965","61.01364522417154","62.11849192100538"
"24","260","0.3","10","0","pos","small-world","191","64.20560747663552","61.98830409356725","66.24775583482945"
"28","260","0.3","10","0","pos","small-world","59","60.5607476635514","60.42884990253411","60.68222621184919"
"29","260","0.3","10","0","pos","small-world","78","62.05607476635514","61.20857699805068","62.83662477558348"
"23","260","0.3","10","0","pos","small-world","252","67.10280373831776","64.13255360623782","69.83842010771993"
"25","260","0.3","10","0","pos","small-world","63","60.5607476635514","58.86939571150097","62.11849192100538"
"28","260","0.3","10","0","pos","small-world","60","60.46728971962617","60.42884990253411","60.502692998204665"
"27","260","0.3","10","0","pos","small-world","94","61.40186915887851","60.62378167641326","62.11849192100538"
"26","260","0.3","10","0","pos","small-world","68","59.532710280373834","58.86939571150097","60.14362657091562"
"24","260","0.3","10","0","pos","small-world","192","64.20560747663552","61.98830409356725","66.24775583482945"
"23","260","0.3","10","0","pos","small-world","253","67.10280373831776","64.13255360623782","69.83842010771993"
"25","260","0.3","10","0","pos","small-world","64","60.5607476635514","58.67446393762184","62.29802513464991"
"29","260","0.3","10","0","pos","small-world","79","62.33644859813084","61.79337231968811","62.83662477558348"
"24","260","0.3","10","0","pos","small-world","193","64.29906542056075","61.98830409356725","66.42728904847397"
"28","260","0.3","10","0","pos","small-world","61","60.65420560747663","60.62378167641326","60.68222621184919"
"27","260","0.3","10","0","pos","small-world","95","61.40186915887851","60.42884990253411","62.29802513464991"
"26","260","0.3","10","0","pos","small-world","69","59.532710280373834","58.86939571150097","60.14362657091562"
"23","260","0.3","10","0","pos","small-world","254","67.10280373831776","64.13255360623782","69.83842010771993"
"25","260","0.3","10","0","pos","small-world","65","60.65420560747663","58.67446393762184","62.47755834829444"
"24","260","0.3","10","0","pos","small-world","194","64.39252336448598","61.98830409356725","66.6068222621185"
"27","260","0.3","10","0","pos","small-world","96","61.40186915887851","60.62378167641326","62.11849192100538"
"26","260","0.3","10","0","pos","small-world","70","59.7196261682243","58.86939571150097","60.502692998204665"
"29","260","0.3","10","0","pos","small-world","80","62.24299065420561","61.59844054580896","62.83662477558348"
"28","260","0.3","10","0","pos","small-world","62","60.747663551401864","60.42884990253411","61.04129263913825"
"25","260","0.3","10","0","pos","small-world","66","60.8411214953271","58.86939571150097","62.65709156193896"
"27","260","0.3","10","0","pos","small-world","97","61.49532710280374","60.62378167641326","62.29802513464991"
"28","260","0.3","10","0","pos","small-world","63","60.5607476635514","60.42884990253411","60.68222621184919"
"29","260","0.3","10","0","pos","small-world","81","62.33644859813084","61.59844054580896","63.016157989228006"
"25","260","0.3","10","0","pos","small-world","67","60.8411214953271","58.67446393762184","62.83662477558348"
"24","260","0.3","10","0","pos","small-world","195","64.48598130841121","61.79337231968811","66.96588868940754"
"23","260","0.3","10","0","pos","small-world","255","67.19626168224299","64.32748538011695","69.83842010771993"
"26","260","0.3","10","0","pos","small-world","71","60","58.86939571150097","61.04129263913825"
"28","260","0.3","10","0","pos","small-world","64","60.5607476635514","60.62378167641326","60.502692998204665"
"29","260","0.3","10","0","pos","small-world","82","62.33644859813084","61.59844054580896","63.016157989228006"
"27","260","0.3","10","0","pos","small-world","98","61.308411214953274","60.42884990253411","62.11849192100538"
"25","260","0.3","10","0","pos","small-world","68","60.93457943925233","58.67446393762184","63.016157989228006"
"24","260","0.3","10","0","pos","small-world","196","64.57943925233644","61.79337231968811","67.14542190305207"
"28","260","0.3","10","0","pos","small-world","65","60.373831775700936","60.42884990253411","60.32315978456014"
"29","260","0.3","10","0","pos","small-world","83","62.33644859813084","61.40350877192983","63.19569120287253"
"23","260","0.3","10","0","pos","small-world","256","67.28971962616822","64.32748538011695","70.01795332136446"
"26","260","0.3","10","0","pos","small-world","72","60","58.86939571150097","61.04129263913825"
"27","260","0.3","10","0","pos","small-world","99","61.21495327102804","60.23391812865497","62.11849192100538"
"28","260","0.3","10","0","pos","small-world","66","60.46728971962617","60.42884990253411","60.502692998204665"
"29","260","0.3","10","0","pos","small-world","84","62.42990654205608","61.59844054580896","63.19569120287253"
"24","260","0.3","10","0","pos","small-world","197","64.76635514018692","61.79337231968811","67.50448833034112"
"25","260","0.3","10","0","pos","small-world","69","61.02803738317757","59.06432748538012","62.83662477558348"
"26","260","0.3","10","0","pos","small-world","73","60","58.67446393762184","61.22082585278277"
"29","260","0.3","10","0","pos","small-world","85","62.42990654205608","61.59844054580896","63.19569120287253"
"27","260","0.3","10","0","pos","small-world","100","61.21495327102804","60.23391812865497","62.11849192100538"
"28","260","0.3","10","0","pos","small-world","67","60.46728971962617","60.42884990253411","60.502692998204665"
"23","260","0.3","10","0","pos","small-world","257","67.38317757009345","64.5224171539961","70.01795332136446"
"24","260","0.3","10","0","pos","small-world","198","64.95327102803739","61.98830409356725","67.68402154398564"
"27","260","0.3","10","0","pos","small-world","101","61.308411214953274","60.62378167641326","61.93895870736086"
"29","260","0.3","10","0","pos","small-world","86","62.33644859813084","61.59844054580896","63.016157989228006"
"28","260","0.3","10","0","pos","small-world","68","60.5607476635514","60.62378167641326","60.502692998204665"
"25","260","0.3","10","0","pos","small-world","70","61.12149532710281","59.06432748538012","63.016157989228006"
"27","260","0.3","10","0","pos","small-world","102","61.49532710280374","60.81871345029239","62.11849192100538"
"24","260","0.3","10","0","pos","small-world","199","64.85981308411215","61.98830409356725","67.50448833034112"
"26","260","0.3","10","0","pos","small-world","74","60.18691588785047","58.86939571150097","61.40035906642729"
"28","260","0.3","10","0","pos","small-world","69","60.373831775700936","60.62378167641326","60.14362657091562"
"29","260","0.3","10","0","pos","small-world","87","62.42990654205608","61.79337231968811","63.016157989228006"
"23","260","0.3","10","0","pos","small-world","258","67.4766355140187","64.71734892787524","70.01795332136446"
"25","260","0.3","10","0","pos","small-world","71","61.21495327102804","59.06432748538012","63.19569120287253"
"28","260","0.3","10","0","pos","small-world","70","60.280373831775705","60.42884990253411","60.14362657091562"
"24","260","0.3","10","0","pos","small-world","200","64.95327102803739","61.79337231968811","67.86355475763017"
"29","260","0.3","10","0","pos","small-world","88","62.42990654205608","61.79337231968811","63.016157989228006"
"27","260","0.3","10","0","pos","small-world","103","61.588785046728965","60.62378167641326","62.47755834829444"
"25","260","0.3","10","0","pos","small-world","72","61.308411214953274","59.06432748538012","63.37522441651705"
"26","260","0.3","10","0","pos","small-world","75","60.280373831775705","59.25925925925925","61.22082585278277"
"23","260","0.3","10","0","pos","small-world","259","67.4766355140187","64.71734892787524","70.01795332136446"
"24","260","0.3","10","0","pos","small-world","201","64.95327102803739","61.79337231968811","67.86355475763017"
"29","260","0.3","10","0","pos","small-world","89","62.33644859813084","61.59844054580896","63.016157989228006"
"28","260","0.3","10","0","pos","small-world","71","60.46728971962617","60.42884990253411","60.502692998204665"
"26","260","0.3","10","0","pos","small-world","76","60.373831775700936","59.4541910331384","61.22082585278277"
"25","260","0.3","10","0","pos","small-world","73","61.49532710280374","59.25925925925925","63.55475763016158"
"27","260","0.3","10","0","pos","small-world","104","61.308411214953274","60.23391812865497","62.29802513464991"
"24","260","0.3","10","0","pos","small-world","202","64.85981308411215","61.79337231968811","67.68402154398564"
"29","260","0.3","10","0","pos","small-world","90","62.149532710280376","61.59844054580896","62.65709156193896"
"28","260","0.3","10","0","pos","small-world","72","60.5607476635514","60.62378167641326","60.502692998204665"
"24","260","0.3","10","0","pos","small-world","203","64.95327102803739","62.1832358674464","67.50448833034112"
"25","260","0.3","10","0","pos","small-world","74","61.40186915887851","59.06432748538012","63.55475763016158"
"26","260","0.3","10","0","pos","small-world","77","60.5607476635514","59.64912280701754","61.40035906642729"
"29","260","0.3","10","0","pos","small-world","91","62.149532710280376","61.79337231968811","62.47755834829444"
"28","260","0.3","10","0","pos","small-world","73","60.46728971962617","60.62378167641326","60.32315978456014"
"27","260","0.3","10","0","pos","small-world","105","61.21495327102804","60.23391812865497","62.11849192100538"
"24","260","0.3","10","0","pos","small-world","204","65.04672897196262","62.37816764132553","67.50448833034112"
"29","260","0.3","10","0","pos","small-world","92","62.24299065420561","61.59844054580896","62.83662477558348"
"28","260","0.3","10","0","pos","small-world","74","60.65420560747663","60.81871345029239","60.502692998204665"
"25","260","0.3","10","0","pos","small-world","75","61.40186915887851","59.25925925925925","63.37522441651705"
"27","260","0.3","10","0","pos","small-world","106","61.02803738317757","59.84405458089669","62.11849192100538"
"29","260","0.3","10","0","pos","small-world","93","62.05607476635514","61.20857699805068","62.83662477558348"
"26","260","0.3","10","0","pos","small-world","78","60.5607476635514","59.84405458089669","61.22082585278277"
"28","260","0.3","10","0","pos","small-world","75","60.65420560747663","60.81871345029239","60.502692998204665"
"24","260","0.3","10","0","pos","small-world","205","65.04672897196262","62.37816764132553","67.50448833034112"
"27","260","0.3","10","0","pos","small-world","107","61.02803738317757","59.64912280701754","62.29802513464991"
"29","260","0.3","10","0","pos","small-world","94","61.96261682242991","61.20857699805068","62.65709156193896"
"28","260","0.3","10","0","pos","small-world","76","60.65420560747663","60.62378167641326","60.68222621184919"
"24","260","0.3","10","0","pos","small-world","206","65.14018691588785","62.37816764132553","67.68402154398564"
"25","260","0.3","10","0","pos","small-world","76","61.308411214953274","59.06432748538012","63.37522441651705"
"27","260","0.3","10","0","pos","small-world","108","61.02803738317757","59.64912280701754","62.29802513464991"
"28","260","0.3","10","0","pos","small-world","77","60.280373831775705","60.42884990253411","60.14362657091562"
"29","260","0.3","10","0","pos","small-world","95","62.149532710280376","61.59844054580896","62.65709156193896"
"24","260","0.3","10","0","pos","small-world","207","65.14018691588785","62.37816764132553","67.68402154398564"
"24","260","0.3","10","0","pos","small-world","208","65.04672897196262","62.37816764132553","67.50448833034112"
"28","260","0.3","10","0","pos","small-world","78","60.373831775700936","60.42884990253411","60.32315978456014"
"26","260","0.3","10","0","pos","small-world","79","60.46728971962617","59.64912280701754","61.22082585278277"
"27","260","0.3","10","0","pos","small-world","109","60.65420560747663","59.25925925925925","61.93895870736086"
"29","260","0.3","10","0","pos","small-world","96","62.149532710280376","61.59844054580896","62.65709156193896"
"25","260","0.3","10","0","pos","small-world","77","61.308411214953274","59.06432748538012","63.37522441651705"
"24","260","0.3","10","0","pos","small-world","209","65.14018691588785","62.37816764132553","67.68402154398564"
"26","260","0.3","10","0","pos","small-world","80","60.5607476635514","59.64912280701754","61.40035906642729"
"27","260","0.3","10","0","pos","small-world","110","60.5607476635514","59.06432748538012","61.93895870736086"
"28","260","0.3","10","0","pos","small-world","79","60.46728971962617","60.62378167641326","60.32315978456014"
"29","260","0.3","10","0","pos","small-world","97","62.149532710280376","61.59844054580896","62.65709156193896"
"27","260","0.3","10","0","pos","small-world","111","60.65420560747663","59.06432748538012","62.11849192100538"
"28","260","0.3","10","0","pos","small-world","80","60.373831775700936","60.42884990253411","60.32315978456014"
"25","260","0.3","10","0","pos","small-world","78","61.40186915887851","59.25925925925925","63.37522441651705"
"24","260","0.3","10","0","pos","small-world","210","65.04672897196262","62.37816764132553","67.50448833034112"
"29","260","0.3","10","0","pos","small-world","98","62.149532710280376","61.59844054580896","62.65709156193896"
"26","260","0.3","10","0","pos","small-world","81","60.747663551401864","59.64912280701754","61.759425493716336"
"28","260","0.3","10","0","pos","small-world","81","60.46728971962617","60.62378167641326","60.32315978456014"
"27","260","0.3","10","0","pos","small-world","112","60.65420560747663","58.86939571150097","62.29802513464991"
"29","260","0.3","10","0","pos","small-world","99","62.149532710280376","61.79337231968811","62.47755834829444"
"25","260","0.3","10","0","pos","small-world","79","61.49532710280374","59.25925925925925","63.55475763016158"
"26","260","0.3","10","0","pos","small-world","82","60.747663551401864","59.84405458089669","61.57989228007181"
"24","260","0.3","10","0","pos","small-world","211","65.04672897196262","62.37816764132553","67.50448833034112"
"28","260","0.3","10","0","pos","small-world","82","60.373831775700936","60.62378167641326","60.14362657091562"
"27","260","0.3","10","0","pos","small-world","113","60.5607476635514","58.86939571150097","62.11849192100538"
"29","260","0.3","10","0","pos","small-world","100","62.05607476635514","61.79337231968811","62.29802513464991"
"25","260","0.3","10","0","pos","small-world","80","61.49532710280374","59.06432748538012","63.73429084380611"
"24","260","0.3","10","0","pos","small-world","212","65.32710280373831","62.57309941520468","67.86355475763017"
"26","260","0.3","10","0","pos","small-world","83","61.12149532710281","60.42884990253411","61.759425493716336"
"28","260","0.3","10","0","pos","small-world","83","60.373831775700936","60.62378167641326","60.14362657091562"
"29","260","0.3","10","0","pos","small-world","101","61.96261682242991","61.40350877192983","62.47755834829444"
"27","260","0.3","10","0","pos","small-world","114","60.5607476635514","58.86939571150097","62.11849192100538"
"25","260","0.3","10","0","pos","small-world","81","61.588785046728965","59.25925925925925","63.73429084380611"
"24","260","0.3","10","0","pos","small-world","213","65.51401869158879","62.768031189083814","68.04308797127469"
"26","260","0.3","10","0","pos","small-world","84","61.02803738317757","60.23391812865497","61.759425493716336"
"25","260","0.3","10","0","pos","small-world","82","61.588785046728965","59.4541910331384","63.55475763016158"
"27","260","0.3","10","0","pos","small-world","115","60.65420560747663","58.86939571150097","62.29802513464991"
"28","260","0.3","10","0","pos","small-world","84","60.09345794392523","60.42884990253411","59.78456014362658"
"29","260","0.3","10","0","pos","small-world","102","61.86915887850467","61.40350877192983","62.29802513464991"
"24","260","0.3","10","0","pos","small-world","214","65.60747663551402","62.768031189083814","68.2226211849192"
"26","260","0.3","10","0","pos","small-world","85","60.93457943925233","59.84405458089669","61.93895870736086"
"25","260","0.3","10","0","pos","small-world","83","61.588785046728965","59.4541910331384","63.55475763016158"
"27","260","0.3","10","0","pos","small-world","116","60.65420560747663","58.86939571150097","62.29802513464991"
"29","260","0.3","10","0","pos","small-world","103","61.86915887850467","61.20857699805068","62.47755834829444"
"28","260","0.3","10","0","pos","small-world","85","59.90654205607476","60.42884990253411","59.42549371633752"
"25","260","0.3","10","0","pos","small-world","84","61.588785046728965","59.4541910331384","63.55475763016158"
"26","260","0.3","10","0","pos","small-world","86","60.93457943925233","59.84405458089669","61.93895870736086"
"24","260","0.3","10","0","pos","small-world","215","65.60747663551402","62.768031189083814","68.2226211849192"
"29","260","0.3","10","0","pos","small-world","104","61.86915887850467","61.20857699805068","62.47755834829444"
"27","260","0.3","10","0","pos","small-world","117","60.747663551401864","59.25925925925925","62.11849192100538"
"24","260","0.3","10","0","pos","small-world","216","65.70093457943925","62.96296296296296","68.2226211849192"
"28","260","0.3","10","0","pos","small-world","86","60.09345794392523","60.42884990253411","59.78456014362658"
"25","260","0.3","10","0","pos","small-world","85","61.588785046728965","59.64912280701754","63.37522441651705"
"27","260","0.3","10","0","pos","small-world","118","60.747663551401864","59.25925925925925","62.11849192100538"
"29","260","0.3","10","0","pos","small-world","105","61.77570093457943","61.20857699805068","62.29802513464991"
"25","260","0.3","10","0","pos","small-world","86","61.40186915887851","59.4541910331384","63.19569120287253"
"28","260","0.3","10","0","pos","small-world","87","60.09345794392523","60.62378167641326","59.60502692998204"
"25","260","0.3","10","0","pos","small-world","87","61.40186915887851","59.4541910331384","63.19569120287253"
"29","260","0.3","10","0","pos","small-world","106","62.05607476635514","61.59844054580896","62.47755834829444"
"27","260","0.3","10","0","pos","small-world","119","60.5607476635514","59.25925925925925","61.759425493716336"
"24","260","0.3","10","0","pos","small-world","217","65.7943925233645","63.1578947368421","68.2226211849192"
"25","260","0.3","10","0","pos","small-world","88","61.40186915887851","59.4541910331384","63.19569120287253"
"27","260","0.3","10","0","pos","small-world","120","60.65420560747663","59.4541910331384","61.759425493716336"
"28","260","0.3","10","0","pos","small-world","88","60.09345794392523","60.62378167641326","59.60502692998204"
"29","260","0.3","10","0","pos","small-world","107","61.86915887850467","61.20857699805068","62.47755834829444"
"26","260","0.3","10","0","pos","small-world","87","61.12149532710281","60.03898635477582","62.11849192100538"
"27","260","0.3","10","0","pos","small-world","121","60.5607476635514","59.25925925925925","61.759425493716336"
"28","260","0.3","10","0","pos","small-world","89","60","60.42884990253411","59.60502692998204"
"25","260","0.3","10","0","pos","small-world","89","61.77570093457943","59.64912280701754","63.73429084380611"
"29","260","0.3","10","0","pos","small-world","108","61.6822429906542","60.81871345029239","62.47755834829444"
"24","260","0.3","10","0","pos","small-world","218","65.7943925233645","63.1578947368421","68.2226211849192"
"26","260","0.3","10","0","pos","small-world","88","61.12149532710281","60.03898635477582","62.11849192100538"
"28","260","0.3","10","0","pos","small-world","90","60.18691588785047","60.81871345029239","59.60502692998204"
"27","260","0.3","10","0","pos","small-world","122","60.5607476635514","59.4541910331384","61.57989228007181"
"29","260","0.3","10","0","pos","small-world","109","61.77570093457943","60.81871345029239","62.65709156193896"
"25","260","0.3","10","0","pos","small-world","90","61.6822429906542","59.4541910331384","63.73429084380611"
"27","260","0.3","10","0","pos","small-world","123","60.46728971962617","59.4541910331384","61.40035906642729"
"24","260","0.3","10","0","pos","small-world","219","65.88785046728972","63.35282651072125","68.2226211849192"
"28","260","0.3","10","0","pos","small-world","91","60","60.42884990253411","59.60502692998204"
"29","260","0.3","10","0","pos","small-world","110","61.6822429906542","60.62378167641326","62.65709156193896"
"26","260","0.3","10","0","pos","small-world","89","60.93457943925233","60.03898635477582","61.759425493716336"
"27","260","0.3","10","0","pos","small-world","124","60.46728971962617","59.4541910331384","61.40035906642729"
"25","260","0.3","10","0","pos","small-world","91","61.49532710280374","59.25925925925925","63.55475763016158"
"28","260","0.3","10","0","pos","small-world","92","60.09345794392523","60.42884990253411","59.78456014362658"
"24","260","0.3","10","0","pos","small-world","220","65.7943925233645","63.35282651072125","68.04308797127469"
"29","260","0.3","10","0","pos","small-world","111","61.40186915887851","60.23391812865497","62.47755834829444"
"27","260","0.3","10","0","pos","small-world","125","60.46728971962617","59.64912280701754","61.22082585278277"
"25","260","0.3","10","0","pos","small-world","92","61.588785046728965","59.4541910331384","63.55475763016158"
"28","260","0.3","10","0","pos","small-world","93","60.280373831775705","60.81871345029239","59.78456014362658"
"24","260","0.3","10","0","pos","small-world","221","65.98130841121495","63.547758284600384","68.2226211849192"
"29","260","0.3","10","0","pos","small-world","112","61.6822429906542","60.42884990253411","62.83662477558348"
"27","260","0.3","10","0","pos","small-world","126","60.46728971962617","59.64912280701754","61.22082585278277"
"25","260","0.3","10","0","pos","small-world","93","61.77570093457943","59.84405458089669","63.55475763016158"
"28","260","0.3","10","0","pos","small-world","94","60.373831775700936","60.81871345029239","59.964093357271096"
"29","260","0.3","10","0","pos","small-world","113","61.6822429906542","60.42884990253411","62.83662477558348"
"26","260","0.3","10","0","pos","small-world","90","60.93457943925233","60.03898635477582","61.759425493716336"
"28","260","0.3","10","0","pos","small-world","95","60.373831775700936","61.01364522417154","59.78456014362658"
"27","260","0.3","10","0","pos","small-world","127","60.46728971962617","59.64912280701754","61.22082585278277"
"24","260","0.3","10","0","pos","small-world","222","65.98130841121495","63.74269005847953","68.04308797127469"
"25","260","0.3","10","0","pos","small-world","94","61.6822429906542","59.64912280701754","63.55475763016158"
"28","260","0.3","10","0","pos","small-world","96","60.46728971962617","61.20857699805068","59.78456014362658"
"26","260","0.3","10","0","pos","small-world","91","61.12149532710281","60.03898635477582","62.11849192100538"
"29","260","0.3","10","0","pos","small-world","114","61.96261682242991","60.62378167641326","63.19569120287253"
"27","260","0.3","10","0","pos","small-world","128","60.46728971962617","59.64912280701754","61.22082585278277"
"24","260","0.3","10","0","pos","small-world","223","66.16822429906543","63.93762183235867","68.2226211849192"
"25","260","0.3","10","0","pos","small-world","95","61.49532710280374","59.4541910331384","63.37522441651705"
"28","260","0.3","10","0","pos","small-world","97","60.280373831775705","61.01364522417154","59.60502692998204"
"29","260","0.3","10","0","pos","small-world","115","62.05607476635514","60.81871345029239","63.19569120287253"
"27","260","0.3","10","0","pos","small-world","129","60.373831775700936","59.4541910331384","61.22082585278277"
"26","260","0.3","10","0","pos","small-world","92","61.12149532710281","60.03898635477582","62.11849192100538"
"27","260","0.3","10","0","pos","small-world","130","60.46728971962617","59.4541910331384","61.40035906642729"
"28","260","0.3","10","0","pos","small-world","98","60.46728971962617","61.40350877192983","59.60502692998204"
"29","260","0.3","10","0","pos","small-world","116","62.05607476635514","60.81871345029239","63.19569120287253"
"25","260","0.3","10","0","pos","small-world","96","61.40186915887851","59.25925925925925","63.37522441651705"
"24","260","0.3","10","0","pos","small-world","224","66.16822429906543","63.93762183235867","68.2226211849192"
"27","260","0.3","10","0","pos","small-world","131","60.65420560747663","59.64912280701754","61.57989228007181"
"28","260","0.3","10","0","pos","small-world","99","60.373831775700936","61.20857699805068","59.60502692998204"
"29","260","0.3","10","0","pos","small-world","117","62.05607476635514","60.81871345029239","63.19569120287253"
"26","260","0.3","10","0","pos","small-world","93","61.21495327102804","60.03898635477582","62.29802513464991"
"27","260","0.3","10","0","pos","small-world","132","60.5607476635514","59.64912280701754","61.40035906642729"
"25","260","0.3","10","0","pos","small-world","97","61.308411214953274","59.06432748538012","63.37522441651705"
"29","260","0.3","10","0","pos","small-world","118","62.05607476635514","60.81871345029239","63.19569120287253"
"28","260","0.3","10","0","pos","small-world","100","60.65420560747663","61.59844054580896","59.78456014362658"
"24","260","0.3","10","0","pos","small-world","225","66.54205607476635","64.5224171539961","68.40215439856372"
"26","260","0.3","10","0","pos","small-world","94","61.21495327102804","60.03898635477582","62.29802513464991"
"27","260","0.3","10","0","pos","small-world","133","60.65420560747663","59.84405458089669","61.40035906642729"
"29","260","0.3","10","0","pos","small-world","119","62.149532710280376","61.01364522417154","63.19569120287253"
"28","260","0.3","10","0","pos","small-world","101","60.46728971962617","61.40350877192983","59.60502692998204"
"24","260","0.3","10","0","pos","small-world","226","66.54205607476635","64.5224171539961","68.40215439856372"
"27","260","0.3","10","0","pos","small-world","134","60.747663551401864","60.23391812865497","61.22082585278277"
"29","260","0.3","10","0","pos","small-world","120","62.33644859813084","61.40350877192983","63.19569120287253"
"28","260","0.3","10","0","pos","small-world","102","60.5607476635514","61.40350877192983","59.78456014362658"
"25","260","0.3","10","0","pos","small-world","98","61.308411214953274","59.06432748538012","63.37522441651705"
"26","260","0.3","10","0","pos","small-world","95","61.21495327102804","59.84405458089669","62.47755834829444"
"29","260","0.3","10","0","pos","small-world","121","62.24299065420561","61.20857699805068","63.19569120287253"
"24","260","0.3","10","0","pos","small-world","227","66.72897196261682","64.71734892787524","68.58168761220826"
"28","260","0.3","10","0","pos","small-world","103","60.65420560747663","61.59844054580896","59.78456014362658"
"27","260","0.3","10","0","pos","small-world","135","60.65420560747663","60.23391812865497","61.04129263913825"
"29","260","0.3","10","0","pos","small-world","122","62.33644859813084","61.40350877192983","63.19569120287253"
"28","260","0.3","10","0","pos","small-world","104","60.747663551401864","61.59844054580896","59.964093357271096"
"26","260","0.3","10","0","pos","small-world","96","61.02803738317757","59.64912280701754","62.29802513464991"
"24","260","0.3","10","0","pos","small-world","228","66.72897196261682","64.71734892787524","68.58168761220826"
"27","260","0.3","10","0","pos","small-world","136","60.8411214953271","60.42884990253411","61.22082585278277"
"29","260","0.3","10","0","pos","small-world","123","62.523364485981304","61.79337231968811","63.19569120287253"
"25","260","0.3","10","0","pos","small-world","99","61.40186915887851","59.06432748538012","63.55475763016158"
"28","260","0.3","10","0","pos","small-world","105","60.8411214953271","61.59844054580896","60.14362657091562"
"24","260","0.3","10","0","pos","small-world","229","66.72897196261682","64.71734892787524","68.58168761220826"
"29","260","0.3","10","0","pos","small-world","124","62.616822429906534","61.79337231968811","63.37522441651705"
"27","260","0.3","10","0","pos","small-world","137","60.93457943925233","60.42884990253411","61.40035906642729"
"28","260","0.3","10","0","pos","small-world","106","61.02803738317757","61.59844054580896","60.502692998204665"
"26","260","0.3","10","0","pos","small-world","97","61.12149532710281","59.84405458089669","62.29802513464991"
"25","260","0.3","10","0","pos","small-world","100","61.40186915887851","59.25925925925925","63.37522441651705"
"29","260","0.3","10","0","pos","small-world","125","62.616822429906534","61.79337231968811","63.37522441651705"
"24","260","0.3","10","0","pos","small-world","230","66.54205607476635","64.32748538011695","68.58168761220826"
"27","260","0.3","10","0","pos","small-world","138","60.747663551401864","60.42884990253411","61.04129263913825"
"28","260","0.3","10","0","pos","small-world","107","61.21495327102804","61.79337231968811","60.68222621184919"
"26","260","0.3","10","0","pos","small-world","98","61.21495327102804","59.84405458089669","62.47755834829444"
"25","260","0.3","10","0","pos","small-world","101","61.40186915887851","58.86939571150097","63.73429084380611"
"24","260","0.3","10","0","pos","small-world","231","66.35514018691589","64.32748538011695","68.2226211849192"
"29","260","0.3","10","0","pos","small-world","126","62.71028037383177","61.98830409356725","63.37522441651705"
"27","260","0.3","10","0","pos","small-world","139","60.93457943925233","60.62378167641326","61.22082585278277"
"28","260","0.3","10","0","pos","small-world","108","61.02803738317757","61.79337231968811","60.32315978456014"
"28","260","0.3","10","0","pos","small-world","109","61.308411214953274","62.1832358674464","60.502692998204665"
"27","260","0.3","10","0","pos","small-world","140","60.8411214953271","60.23391812865497","61.40035906642729"
"29","260","0.3","10","0","pos","small-world","127","62.80373831775701","62.1832358674464","63.37522441651705"
"28","260","0.3","10","0","pos","small-world","110","61.308411214953274","62.1832358674464","60.502692998204665"
"27","260","0.3","10","0","pos","small-world","141","60.93457943925233","60.23391812865497","61.57989228007181"
"29","260","0.3","10","0","pos","small-world","128","62.616822429906534","61.98830409356725","63.19569120287253"
"28","260","0.3","10","0","pos","small-world","111","61.588785046728965","62.57309941520468","60.68222621184919"
"27","260","0.3","10","0","pos","small-world","142","61.02803738317757","60.62378167641326","61.40035906642729"
"28","260","0.3","10","0","pos","small-world","112","61.77570093457943","62.57309941520468","61.04129263913825"
"29","260","0.3","10","0","pos","small-world","129","62.616822429906534","61.98830409356725","63.19569120287253"
"27","260","0.3","10","0","pos","small-world","143","61.21495327102804","60.81871345029239","61.57989228007181"
"29","260","0.3","10","0","pos","small-world","130","62.523364485981304","61.59844054580896","63.37522441651705"
"28","260","0.3","10","0","pos","small-world","113","61.86915887850467","62.768031189083814","61.04129263913825"
"27","260","0.3","10","0","pos","small-world","144","61.02803738317757","60.81871345029239","61.22082585278277"
"29","260","0.3","10","0","pos","small-world","131","62.523364485981304","61.59844054580896","63.37522441651705"
"24","260","0.3","10","0","pos","small-world","232","66.35514018691589","64.32748538011695","68.2226211849192"
"28","260","0.3","10","0","pos","small-world","114","62.05607476635514","62.768031189083814","61.40035906642729"
"27","260","0.3","10","0","pos","small-world","145","60.93457943925233","60.81871345029239","61.04129263913825"
"25","260","0.3","10","0","pos","small-world","102","61.21495327102804","58.47953216374269","63.73429084380611"
"29","260","0.3","10","0","pos","small-world","132","62.523364485981304","61.59844054580896","63.37522441651705"
"27","260","0.3","10","0","pos","small-world","146","60.93457943925233","60.81871345029239","61.04129263913825"
"26","260","0.3","10","0","pos","small-world","99","61.308411214953274","60.03898635477582","62.47755834829444"
"28","260","0.3","10","0","pos","small-world","115","62.42990654205608","63.1578947368421","61.759425493716336"
"29","260","0.3","10","0","pos","small-world","133","62.80373831775701","61.98830409356725","63.55475763016158"
"27","260","0.3","10","0","pos","small-world","147","61.308411214953274","61.20857699805068","61.40035906642729"
"28","260","0.3","10","0","pos","small-world","116","62.42990654205608","63.1578947368421","61.759425493716336"
"24","260","0.3","10","0","pos","small-world","233","66.54205607476635","64.32748538011695","68.58168761220826"
"29","260","0.3","10","0","pos","small-world","134","62.80373831775701","61.98830409356725","63.55475763016158"
"27","260","0.3","10","0","pos","small-world","148","61.40186915887851","61.40350877192983","61.40035906642729"
"28","260","0.3","10","0","pos","small-world","117","62.523364485981304","63.35282651072125","61.759425493716336"
"25","260","0.3","10","0","pos","small-world","103","61.12149532710281","58.28460038986355","63.73429084380611"
"24","260","0.3","10","0","pos","small-world","234","66.54205607476635","64.5224171539961","68.40215439856372"
"29","260","0.3","10","0","pos","small-world","135","62.89719626168224","62.1832358674464","63.55475763016158"
"28","260","0.3","10","0","pos","small-world","118","62.616822429906534","63.35282651072125","61.93895870736086"
"26","260","0.3","10","0","pos","small-world","100","61.21495327102804","60.03898635477582","62.29802513464991"
"27","260","0.3","10","0","pos","small-world","149","61.21495327102804","61.20857699805068","61.22082585278277"
"24","260","0.3","10","0","pos","small-world","235","66.26168224299064","64.32748538011695","68.04308797127469"
"25","260","0.3","10","0","pos","small-world","104","61.02803738317757","58.0896686159844","63.73429084380611"
"29","260","0.3","10","0","pos","small-world","136","62.99065420560748","62.1832358674464","63.73429084380611"
"28","260","0.3","10","0","pos","small-world","119","62.616822429906534","63.35282651072125","61.93895870736086"
"27","260","0.3","10","0","pos","small-world","150","61.21495327102804","61.20857699805068","61.22082585278277"
"28","260","0.3","10","0","pos","small-world","120","62.523364485981304","63.1578947368421","61.93895870736086"
"24","260","0.3","10","0","pos","small-world","236","66.35514018691589","64.71734892787524","67.86355475763017"
"29","260","0.3","10","0","pos","small-world","137","62.99065420560748","62.1832358674464","63.73429084380611"
"26","260","0.3","10","0","pos","small-world","101","61.12149532710281","59.84405458089669","62.29802513464991"
"25","260","0.3","10","0","pos","small-world","105","60.93457943925233","57.89473684210527","63.73429084380611"
"27","260","0.3","10","0","pos","small-world","151","61.21495327102804","61.20857699805068","61.22082585278277"
"28","260","0.3","10","0","pos","small-world","121","62.616822429906534","63.1578947368421","62.11849192100538"
"29","260","0.3","10","0","pos","small-world","138","62.99065420560748","62.1832358674464","63.73429084380611"
"27","260","0.3","10","0","pos","small-world","152","61.308411214953274","61.20857699805068","61.40035906642729"
"25","260","0.3","10","0","pos","small-world","106","60.93457943925233","57.89473684210527","63.73429084380611"
"28","260","0.3","10","0","pos","small-world","122","62.71028037383177","63.35282651072125","62.11849192100538"
"26","260","0.3","10","0","pos","small-world","102","61.21495327102804","60.03898635477582","62.29802513464991"
"27","260","0.3","10","0","pos","small-world","153","61.21495327102804","61.20857699805068","61.22082585278277"
"24","260","0.3","10","0","pos","small-world","237","66.35514018691589","64.91228070175438","67.68402154398564"
"29","260","0.3","10","0","pos","small-world","139","62.99065420560748","62.1832358674464","63.73429084380611"
"27","260","0.3","10","0","pos","small-world","154","61.308411214953274","61.20857699805068","61.40035906642729"
"26","260","0.3","10","0","pos","small-world","103","61.308411214953274","60.03898635477582","62.47755834829444"
"25","260","0.3","10","0","pos","small-world","107","60.8411214953271","57.89473684210527","63.55475763016158"
"28","260","0.3","10","0","pos","small-world","123","62.616822429906534","63.547758284600384","61.759425493716336"
"29","260","0.3","10","0","pos","small-world","140","62.99065420560748","62.1832358674464","63.73429084380611"
"24","260","0.3","10","0","pos","small-world","238","66.44859813084112","65.10721247563353","67.68402154398564"
"27","260","0.3","10","0","pos","small-world","155","61.308411214953274","61.01364522417154","61.57989228007181"
"28","260","0.3","10","0","pos","small-world","124","62.71028037383177","63.547758284600384","61.93895870736086"
"25","260","0.3","10","0","pos","small-world","108","60.93457943925233","57.89473684210527","63.73429084380611"
"24","260","0.3","10","0","pos","small-world","239","66.44859813084112","64.91228070175438","67.86355475763017"
"29","260","0.3","10","0","pos","small-world","141","62.99065420560748","62.1832358674464","63.73429084380611"
"27","260","0.3","10","0","pos","small-world","156","61.308411214953274","61.20857699805068","61.40035906642729"
"26","260","0.3","10","0","pos","small-world","104","61.21495327102804","60.03898635477582","62.29802513464991"
"29","260","0.3","10","0","pos","small-world","142","62.99065420560748","62.1832358674464","63.73429084380611"
"25","260","0.3","10","0","pos","small-world","109","60.93457943925233","57.89473684210527","63.73429084380611"
"28","260","0.3","10","0","pos","small-world","125","62.71028037383177","63.35282651072125","62.11849192100538"
"24","260","0.3","10","0","pos","small-world","240","66.35514018691589","64.71734892787524","67.86355475763017"
"27","260","0.3","10","0","pos","small-world","157","61.40186915887851","61.20857699805068","61.57989228007181"
"29","260","0.3","10","0","pos","small-world","143","62.89719626168224","62.1832358674464","63.55475763016158"
"28","260","0.3","10","0","pos","small-world","126","62.89719626168224","63.547758284600384","62.29802513464991"
"27","260","0.3","10","0","pos","small-world","158","61.40186915887851","61.20857699805068","61.57989228007181"
"24","260","0.3","10","0","pos","small-world","241","66.35514018691589","64.71734892787524","67.86355475763017"
"25","260","0.3","10","0","pos","small-world","110","61.02803738317757","57.89473684210527","63.91382405745063"
"29","260","0.3","10","0","pos","small-world","144","62.80373831775701","62.1832358674464","63.37522441651705"
"26","260","0.3","10","0","pos","small-world","105","61.588785046728965","60.62378167641326","62.47755834829444"
"28","260","0.3","10","0","pos","small-world","127","62.99065420560748","63.547758284600384","62.47755834829444"
"29","260","0.3","10","0","pos","small-world","145","62.71028037383177","61.98830409356725","63.37522441651705"
"27","260","0.3","10","0","pos","small-world","159","61.40186915887851","61.20857699805068","61.57989228007181"
"25","260","0.3","10","0","pos","small-world","111","60.8411214953271","57.89473684210527","63.55475763016158"
"26","260","0.3","10","0","pos","small-world","106","61.49532710280374","60.62378167641326","62.29802513464991"
"24","260","0.3","10","0","pos","small-world","242","66.44859813084112","64.71734892787524","68.04308797127469"
"28","260","0.3","10","0","pos","small-world","128","63.084112149532714","63.93762183235867","62.29802513464991"
"27","260","0.3","10","0","pos","small-world","160","61.308411214953274","61.20857699805068","61.40035906642729"
"29","260","0.3","10","0","pos","small-world","146","62.71028037383177","62.1832358674464","63.19569120287253"
"28","260","0.3","10","0","pos","small-world","129","63.177570093457945","63.74269005847953","62.65709156193896"
"25","260","0.3","10","0","pos","small-world","112","60.8411214953271","57.89473684210527","63.55475763016158"
"27","260","0.3","10","0","pos","small-world","161","61.40186915887851","61.01364522417154","61.759425493716336"
"28","260","0.3","10","0","pos","small-world","130","63.177570093457945","63.74269005847953","62.65709156193896"
"29","260","0.3","10","0","pos","small-world","147","62.80373831775701","62.1832358674464","63.37522441651705"
"24","260","0.3","10","0","pos","small-world","243","66.6355140186916","64.91228070175438","68.2226211849192"
"25","260","0.3","10","0","pos","small-world","113","60.8411214953271","58.0896686159844","63.37522441651705"
"28","260","0.3","10","0","pos","small-world","131","63.36448598130842","63.93762183235867","62.83662477558348"
"27","260","0.3","10","0","pos","small-world","162","61.6822429906542","61.40350877192983","61.93895870736086"
"29","260","0.3","10","0","pos","small-world","148","62.80373831775701","62.1832358674464","63.37522441651705"
"26","260","0.3","10","0","pos","small-world","107","61.49532710280374","60.62378167641326","62.29802513464991"
"25","260","0.3","10","0","pos","small-world","114","60.8411214953271","58.28460038986355","63.19569120287253"
"28","260","0.3","10","0","pos","small-world","132","63.45794392523364","64.13255360623782","62.83662477558348"
"24","260","0.3","10","0","pos","small-world","244","66.44859813084112","64.91228070175438","67.86355475763017"
"29","260","0.3","10","0","pos","small-world","149","62.99065420560748","62.1832358674464","63.73429084380611"
"27","260","0.3","10","0","pos","small-world","163","61.6822429906542","61.40350877192983","61.93895870736086"
"26","260","0.3","10","0","pos","small-world","108","61.49532710280374","60.62378167641326","62.29802513464991"
"25","260","0.3","10","0","pos","small-world","115","60.93457943925233","58.0896686159844","63.55475763016158"
"28","260","0.3","10","0","pos","small-world","133","63.36448598130842","64.13255360623782","62.65709156193896"
"24","260","0.3","10","0","pos","small-world","245","66.44859813084112","64.91228070175438","67.86355475763017"
"29","260","0.3","10","0","pos","small-world","150","63.177570093457945","62.37816764132553","63.91382405745063"
"27","260","0.3","10","0","pos","small-world","164","61.86915887850467","61.59844054580896","62.11849192100538"
"28","260","0.3","10","0","pos","small-world","134","63.45794392523364","64.13255360623782","62.83662477558348"
"25","260","0.3","10","0","pos","small-world","116","60.747663551401864","57.89473684210527","63.37522441651705"
"26","260","0.3","10","0","pos","small-world","109","61.40186915887851","60.62378167641326","62.11849192100538"
"24","260","0.3","10","0","pos","small-world","246","66.44859813084112","64.91228070175438","67.86355475763017"
"29","260","0.3","10","0","pos","small-world","151","63.177570093457945","62.37816764132553","63.91382405745063"
"27","260","0.3","10","0","pos","small-world","165","61.77570093457943","61.59844054580896","61.93895870736086"
"28","260","0.3","10","0","pos","small-world","135","63.55140186915887","64.32748538011695","62.83662477558348"
"25","260","0.3","10","0","pos","small-world","117","61.02803738317757","57.89473684210527","63.91382405745063"
"24","260","0.3","10","0","pos","small-world","247","66.54205607476635","64.91228070175438","68.04308797127469"
"29","260","0.3","10","0","pos","small-world","152","63.36448598130842","62.57309941520468","64.09335727109516"
"26","260","0.3","10","0","pos","small-world","110","61.21495327102804","60.42884990253411","61.93895870736086"
"28","260","0.3","10","0","pos","small-world","136","63.55140186915887","64.32748538011695","62.83662477558348"
"25","260","0.3","10","0","pos","small-world","118","61.02803738317757","57.89473684210527","63.91382405745063"
"27","260","0.3","10","0","pos","small-world","166","61.86915887850467","61.79337231968811","61.93895870736086"
"29","260","0.3","10","0","pos","small-world","153","63.27102803738318","62.37816764132553","64.09335727109516"
"24","260","0.3","10","0","pos","small-world","248","66.54205607476635","64.91228070175438","68.04308797127469"
"28","260","0.3","10","0","pos","small-world","137","63.27102803738318","64.32748538011695","62.29802513464991"
"26","260","0.3","10","0","pos","small-world","111","61.12149532710281","60.42884990253411","61.759425493716336"
"25","260","0.3","10","0","pos","small-world","119","60.8411214953271","57.69980506822612","63.73429084380611"
"29","260","0.3","10","0","pos","small-world","154","63.084112149532714","62.1832358674464","63.91382405745063"
"27","260","0.3","10","0","pos","small-world","167","62.05607476635514","61.98830409356725","62.11849192100538"
"24","260","0.3","10","0","pos","small-world","249","66.54205607476635","64.91228070175438","68.04308797127469"
"28","260","0.3","10","0","pos","small-world","138","63.27102803738318","64.13255360623782","62.47755834829444"
"26","260","0.3","10","0","pos","small-world","112","61.308411214953274","60.81871345029239","61.759425493716336"
"25","260","0.3","10","0","pos","small-world","120","60.747663551401864","57.50487329434698","63.73429084380611"
"29","260","0.3","10","0","pos","small-world","155","63.084112149532714","62.1832358674464","63.91382405745063"
"28","260","0.3","10","0","pos","small-world","139","63.36448598130842","64.13255360623782","62.65709156193896"
"24","260","0.3","10","0","pos","small-world","250","66.82242990654206","65.10721247563353","68.40215439856372"
"27","260","0.3","10","0","pos","small-world","168","62.33644859813084","62.37816764132553","62.29802513464991"
"26","260","0.3","10","0","pos","small-world","113","61.40186915887851","60.81871345029239","61.93895870736086"
"25","260","0.3","10","0","pos","small-world","121","60.65420560747663","57.50487329434698","63.55475763016158"
"29","260","0.3","10","0","pos","small-world","156","63.084112149532714","62.1832358674464","63.91382405745063"
"28","260","0.3","10","0","pos","small-world","140","63.45794392523364","64.13255360623782","62.83662477558348"
"24","260","0.3","10","0","pos","small-world","251","67.00934579439253","65.30214424951268","68.58168761220826"
"27","260","0.3","10","0","pos","small-world","169","62.33644859813084","62.37816764132553","62.29802513464991"
"26","260","0.3","10","0","pos","small-world","114","61.21495327102804","60.62378167641326","61.759425493716336"
"28","260","0.3","10","0","pos","small-world","141","63.55140186915887","64.13255360623782","63.016157989228006"
"29","260","0.3","10","0","pos","small-world","157","63.27102803738318","62.37816764132553","64.09335727109516"
"27","260","0.3","10","0","pos","small-world","170","62.33644859813084","62.37816764132553","62.29802513464991"
"24","260","0.3","10","0","pos","small-world","252","67.00934579439253","65.30214424951268","68.58168761220826"
"28","260","0.3","10","0","pos","small-world","142","63.36448598130842","63.93762183235867","62.83662477558348"
"26","260","0.3","10","0","pos","small-world","115","61.12149532710281","60.42884990253411","61.759425493716336"
"29","260","0.3","10","0","pos","small-world","158","63.36448598130842","62.57309941520468","64.09335727109516"
"27","260","0.3","10","0","pos","small-world","171","62.33644859813084","62.57309941520468","62.11849192100538"
"24","260","0.3","10","0","pos","small-world","253","66.9158878504673","64.91228070175438","68.76122082585279"
"28","260","0.3","10","0","pos","small-world","143","63.55140186915887","64.13255360623782","63.016157989228006"
"27","260","0.3","10","0","pos","small-world","172","62.33644859813084","62.57309941520468","62.11849192100538"
"24","260","0.3","10","0","pos","small-world","254","67.00934579439253","64.91228070175438","68.9407540394973"
"29","260","0.3","10","0","pos","small-world","159","63.64485981308411","62.96296296296296","64.27289048473968"
"26","260","0.3","10","0","pos","small-world","116","61.12149532710281","60.62378167641326","61.57989228007181"
"28","260","0.3","10","0","pos","small-world","144","63.55140186915887","64.13255360623782","63.016157989228006"
"25","260","0.3","10","0","pos","small-world","122","60.5607476635514","57.30994152046783","63.55475763016158"
"27","260","0.3","10","0","pos","small-world","173","62.523364485981304","62.57309941520468","62.47755834829444"
"24","260","0.3","10","0","pos","small-world","255","67.00934579439253","64.71734892787524","69.12028725314184"
"29","260","0.3","10","0","pos","small-world","160","63.55140186915887","62.768031189083814","64.27289048473968"
"26","260","0.3","10","0","pos","small-world","117","61.21495327102804","60.81871345029239","61.57989228007181"
"28","260","0.3","10","0","pos","small-world","145","63.64485981308411","64.32748538011695","63.016157989228006"
"27","260","0.3","10","0","pos","small-world","174","62.42990654205608","62.37816764132553","62.47755834829444"
"24","260","0.3","10","0","pos","small-world","256","67.00934579439253","64.71734892787524","69.12028725314184"
"29","260","0.3","10","0","pos","small-world","161","63.64485981308411","62.768031189083814","64.4524236983842"
"25","260","0.3","10","0","pos","small-world","123","60.747663551401864","57.30994152046783","63.91382405745063"
"26","260","0.3","10","0","pos","small-world","118","61.308411214953274","61.01364522417154","61.57989228007181"
"27","260","0.3","10","0","pos","small-world","175","62.523364485981304","62.57309941520468","62.47755834829444"
"24","260","0.3","10","0","pos","small-world","257","66.9158878504673","64.5224171539961","69.12028725314184"
"28","260","0.3","10","0","pos","small-world","146","63.83177570093458","64.71734892787524","63.016157989228006"
"29","260","0.3","10","0","pos","small-world","162","63.45794392523364","62.768031189083814","64.09335727109516"
"26","260","0.3","10","0","pos","small-world","119","61.308411214953274","61.20857699805068","61.40035906642729"
"25","260","0.3","10","0","pos","small-world","124","60.8411214953271","57.50487329434698","63.91382405745063"
"24","260","0.3","10","0","pos","small-world","258","66.82242990654206","64.32748538011695","69.12028725314184"
"27","260","0.3","10","0","pos","small-world","176","62.71028037383177","62.768031189083814","62.65709156193896"
"28","260","0.3","10","0","pos","small-world","147","64.01869158878505","64.91228070175438","63.19569120287253"
"29","260","0.3","10","0","pos","small-world","163","63.55140186915887","63.1578947368421","63.91382405745063"
"26","260","0.3","10","0","pos","small-world","120","61.308411214953274","61.01364522417154","61.57989228007181"
"25","260","0.3","10","0","pos","small-world","125","60.65420560747663","57.50487329434698","63.55475763016158"
"24","260","0.3","10","0","pos","small-world","259","66.9158878504673","64.32748538011695","69.29982046678636"
"29","260","0.3","10","0","pos","small-world","164","63.55140186915887","63.1578947368421","63.91382405745063"
"27","260","0.3","10","0","pos","small-world","177","62.99065420560748","62.96296296296296","63.016157989228006"
"28","260","0.3","10","0","pos","small-world","148","64.11214953271028","65.10721247563353","63.19569120287253"
"25","260","0.3","10","0","pos","small-world","126","60.8411214953271","57.50487329434698","63.91382405745063"
"26","260","0.3","10","0","pos","small-world","121","61.308411214953274","60.81871345029239","61.759425493716336"
"28","260","0.3","10","0","pos","small-world","149","64.01869158878505","64.91228070175438","63.19569120287253"
"27","260","0.3","10","0","pos","small-world","178","63.084112149532714","63.1578947368421","63.016157989228006"
"29","260","0.3","10","0","pos","small-world","165","63.64485981308411","63.1578947368421","64.09335727109516"
"28","260","0.3","10","0","pos","small-world","150","64.11214953271028","64.91228070175438","63.37522441651705"
"25","260","0.3","10","0","pos","small-world","127","60.8411214953271","57.30994152046783","64.09335727109516"
"27","260","0.3","10","0","pos","small-world","179","63.177570093457945","63.1578947368421","63.19569120287253"
"26","260","0.3","10","0","pos","small-world","122","61.308411214953274","60.81871345029239","61.759425493716336"
"29","260","0.3","10","0","pos","small-world","166","63.73831775700934","63.35282651072125","64.09335727109516"
"28","260","0.3","10","0","pos","small-world","151","64.11214953271028","64.71734892787524","63.55475763016158"
"27","260","0.3","10","0","pos","small-world","180","62.99065420560748","62.96296296296296","63.016157989228006"
"29","260","0.3","10","0","pos","small-world","167","63.83177570093458","63.35282651072125","64.27289048473968"
"25","260","0.3","10","0","pos","small-world","128","60.8411214953271","57.30994152046783","64.09335727109516"
"26","260","0.3","10","0","pos","small-world","123","61.308411214953274","61.01364522417154","61.57989228007181"
"28","260","0.3","10","0","pos","small-world","152","64.01869158878505","64.71734892787524","63.37522441651705"
"25","260","0.3","10","0","pos","small-world","129","60.93457943925233","57.50487329434698","64.09335727109516"
"29","260","0.3","10","0","pos","small-world","168","63.73831775700934","63.1578947368421","64.27289048473968"
"27","260","0.3","10","0","pos","small-world","181","63.177570093457945","63.1578947368421","63.19569120287253"
"26","260","0.3","10","0","pos","small-world","124","61.12149532710281","60.62378167641326","61.57989228007181"
"28","260","0.3","10","0","pos","small-world","153","64.11214953271028","64.91228070175438","63.37522441651705"
"25","260","0.3","10","0","pos","small-world","130","61.12149532710281","57.69980506822612","64.27289048473968"
"29","260","0.3","10","0","pos","small-world","169","63.64485981308411","63.1578947368421","64.09335727109516"
"27","260","0.3","10","0","pos","small-world","182","63.177570093457945","63.1578947368421","63.19569120287253"
"26","260","0.3","10","0","pos","small-world","125","61.40186915887851","61.01364522417154","61.759425493716336"
"25","260","0.3","10","0","pos","small-world","131","60.8411214953271","57.69980506822612","63.73429084380611"
"28","260","0.3","10","0","pos","small-world","154","64.01869158878505","64.91228070175438","63.19569120287253"
"29","260","0.3","10","0","pos","small-world","170","63.73831775700934","63.35282651072125","64.09335727109516"
"27","260","0.3","10","0","pos","small-world","183","63.36448598130842","62.96296296296296","63.73429084380611"
"25","260","0.3","10","0","pos","small-world","132","60.93457943925233","57.89473684210527","63.73429084380611"
"28","260","0.3","10","0","pos","small-world","155","64.39252336448598","65.10721247563353","63.73429084380611"
"26","260","0.3","10","0","pos","small-world","126","61.40186915887851","60.81871345029239","61.93895870736086"
"29","260","0.3","10","0","pos","small-world","171","63.83177570093458","63.547758284600384","64.09335727109516"
"27","260","0.3","10","0","pos","small-world","184","63.36448598130842","62.768031189083814","63.91382405745063"
"25","260","0.3","10","0","pos","small-world","133","60.8411214953271","57.69980506822612","63.73429084380611"
"29","260","0.3","10","0","pos","small-world","172","63.925233644859816","63.547758284600384","64.27289048473968"
"27","260","0.3","10","0","pos","small-world","185","63.45794392523364","62.768031189083814","64.09335727109516"
"25","260","0.3","10","0","pos","small-world","134","61.12149532710281","58.0896686159844","63.91382405745063"
"28","260","0.3","10","0","pos","small-world","156","64.39252336448598","65.10721247563353","63.73429084380611"
"29","260","0.3","10","0","pos","small-world","173","63.925233644859816","63.547758284600384","64.27289048473968"
"27","260","0.3","10","0","pos","small-world","186","63.45794392523364","62.768031189083814","64.09335727109516"
"26","260","0.3","10","0","pos","small-world","127","61.21495327102804","60.42884990253411","61.93895870736086"
"25","260","0.3","10","0","pos","small-world","135","61.02803738317757","57.89473684210527","63.91382405745063"
"25","260","0.3","10","0","pos","small-world","136","60.93457943925233","57.69980506822612","63.91382405745063"
"29","260","0.3","10","0","pos","small-world","174","63.925233644859816","63.547758284600384","64.27289048473968"
"28","260","0.3","10","0","pos","small-world","157","64.29906542056075","65.10721247563353","63.55475763016158"
"27","260","0.3","10","0","pos","small-world","187","63.73831775700934","62.96296296296296","64.4524236983842"
"25","260","0.3","10","0","pos","small-world","137","60.93457943925233","57.69980506822612","63.91382405745063"
"29","260","0.3","10","0","pos","small-world","175","63.925233644859816","63.547758284600384","64.27289048473968"
"26","260","0.3","10","0","pos","small-world","128","61.308411214953274","60.42884990253411","62.11849192100538"
"28","260","0.3","10","0","pos","small-world","158","64.39252336448598","65.10721247563353","63.73429084380611"
"29","260","0.3","10","0","pos","small-world","176","64.01869158878505","63.74269005847953","64.27289048473968"
"27","260","0.3","10","0","pos","small-world","188","63.55140186915887","62.37816764132553","64.63195691202873"
"25","260","0.3","10","0","pos","small-world","138","61.02803738317757","57.69980506822612","64.09335727109516"
"28","260","0.3","10","0","pos","small-world","159","64.29906542056075","64.91228070175438","63.73429084380611"
"26","260","0.3","10","0","pos","small-world","129","61.21495327102804","60.42884990253411","61.93895870736086"
"29","260","0.3","10","0","pos","small-world","177","64.20560747663552","63.93762183235867","64.4524236983842"
"25","260","0.3","10","0","pos","small-world","139","60.93457943925233","57.50487329434698","64.09335727109516"
"27","260","0.3","10","0","pos","small-world","189","63.64485981308411","62.57309941520468","64.63195691202873"
"28","260","0.3","10","0","pos","small-world","160","64.29906542056075","64.91228070175438","63.73429084380611"
"26","260","0.3","10","0","pos","small-world","130","61.12149532710281","60.23391812865497","61.93895870736086"
"29","260","0.3","10","0","pos","small-world","178","64.20560747663552","63.93762183235867","64.4524236983842"
"25","260","0.3","10","0","pos","small-world","140","61.02803738317757","57.69980506822612","64.09335727109516"
"27","260","0.3","10","0","pos","small-world","190","63.64485981308411","62.57309941520468","64.63195691202873"
"28","260","0.3","10","0","pos","small-world","161","64.29906542056075","64.91228070175438","63.73429084380611"
"26","260","0.3","10","0","pos","small-world","131","61.12149532710281","60.23391812865497","61.93895870736086"
"27","260","0.3","10","0","pos","small-world","191","64.01869158878505","63.1578947368421","64.81149012567326"
"25","260","0.3","10","0","pos","small-world","141","60.93457943925233","57.69980506822612","63.91382405745063"
"29","260","0.3","10","0","pos","small-world","179","64.20560747663552","63.93762183235867","64.4524236983842"
"28","260","0.3","10","0","pos","small-world","162","64.29906542056075","64.91228070175438","63.73429084380611"
"26","260","0.3","10","0","pos","small-world","132","61.12149532710281","60.23391812865497","61.93895870736086"
"29","260","0.3","10","0","pos","small-world","180","64.11214953271028","63.74269005847953","64.4524236983842"
"26","260","0.3","10","0","pos","small-world","133","61.02803738317757","60.23391812865497","61.759425493716336"
"27","260","0.3","10","0","pos","small-world","192","64.01869158878505","63.35282651072125","64.63195691202873"
"25","260","0.3","10","0","pos","small-world","142","61.02803738317757","57.89473684210527","63.91382405745063"
"28","260","0.3","10","0","pos","small-world","163","64.20560747663552","64.71734892787524","63.73429084380611"
"29","260","0.3","10","0","pos","small-world","181","64.11214953271028","63.74269005847953","64.4524236983842"
"27","260","0.3","10","0","pos","small-world","193","64.20560747663552","63.74269005847953","64.63195691202873"
"26","260","0.3","10","0","pos","small-world","134","60.93457943925233","60.23391812865497","61.57989228007181"
"29","260","0.3","10","0","pos","small-world","182","64.11214953271028","63.547758284600384","64.63195691202873"
"25","260","0.3","10","0","pos","small-world","143","61.12149532710281","58.0896686159844","63.91382405745063"
"28","260","0.3","10","0","pos","small-world","164","64.29906542056075","64.71734892787524","63.91382405745063"
"27","260","0.3","10","0","pos","small-world","194","64.39252336448598","63.74269005847953","64.99102333931778"
"26","260","0.3","10","0","pos","small-world","135","60.8411214953271","60.23391812865497","61.40035906642729"
"29","260","0.3","10","0","pos","small-world","183","64.01869158878505","63.547758284600384","64.4524236983842"
"25","260","0.3","10","0","pos","small-world","144","61.12149532710281","58.0896686159844","63.91382405745063"
"28","260","0.3","10","0","pos","small-world","165","64.39252336448598","64.91228070175438","63.91382405745063"
"27","260","0.3","10","0","pos","small-world","195","64.29906542056075","63.74269005847953","64.81149012567326"
"26","260","0.3","10","0","pos","small-world","136","60.65420560747663","60.23391812865497","61.04129263913825"
"25","260","0.3","10","0","pos","small-world","145","61.40186915887851","58.28460038986355","64.27289048473968"
"29","260","0.3","10","0","pos","small-world","184","64.20560747663552","63.74269005847953","64.63195691202873"
"28","260","0.3","10","0","pos","small-world","166","64.48598130841121","64.91228070175438","64.09335727109516"
"26","260","0.3","10","0","pos","small-world","137","60.747663551401864","60.42884990253411","61.04129263913825"
"27","260","0.3","10","0","pos","small-world","196","64.20560747663552","63.74269005847953","64.63195691202873"
"25","260","0.3","10","0","pos","small-world","146","61.49532710280374","58.28460038986355","64.4524236983842"
"29","260","0.3","10","0","pos","small-world","185","64.20560747663552","63.93762183235867","64.4524236983842"
"28","260","0.3","10","0","pos","small-world","167","64.57943925233644","65.10721247563353","64.09335727109516"
"26","260","0.3","10","0","pos","small-world","138","60.747663551401864","60.42884990253411","61.04129263913825"
"27","260","0.3","10","0","pos","small-world","197","64.20560747663552","63.547758284600384","64.81149012567326"
"29","260","0.3","10","0","pos","small-world","186","64.29906542056075","63.93762183235867","64.63195691202873"
"25","260","0.3","10","0","pos","small-world","147","61.308411214953274","58.47953216374269","63.91382405745063"
"28","260","0.3","10","0","pos","small-world","168","64.57943925233644","65.10721247563353","64.09335727109516"
"26","260","0.3","10","0","pos","small-world","139","60.93457943925233","60.62378167641326","61.22082585278277"
"27","260","0.3","10","0","pos","small-world","198","64.20560747663552","63.35282651072125","64.99102333931778"
"26","260","0.3","10","0","pos","small-world","140","60.93457943925233","60.62378167641326","61.22082585278277"
"27","260","0.3","10","0","pos","small-world","199","64.29906542056075","63.35282651072125","65.1705565529623"
"29","260","0.3","10","0","pos","small-world","187","64.29906542056075","63.93762183235867","64.63195691202873"
"25","260","0.3","10","0","pos","small-world","148","61.12149532710281","58.28460038986355","63.73429084380611"
"28","260","0.3","10","0","pos","small-world","169","64.57943925233644","65.10721247563353","64.09335727109516"
"26","260","0.3","10","0","pos","small-world","141","61.12149532710281","60.62378167641326","61.57989228007181"
"28","260","0.3","10","0","pos","small-world","170","64.57943925233644","65.10721247563353","64.09335727109516"
"29","260","0.3","10","0","pos","small-world","188","64.29906542056075","63.74269005847953","64.81149012567326"
"27","260","0.3","10","0","pos","small-world","200","64.39252336448598","63.1578947368421","65.52962298025135"
"25","260","0.3","10","0","pos","small-world","149","61.21495327102804","58.47953216374269","63.73429084380611"
"26","260","0.3","10","0","pos","small-world","142","61.21495327102804","60.42884990253411","61.93895870736086"
"28","260","0.3","10","0","pos","small-world","171","64.67289719626169","65.10721247563353","64.27289048473968"
"29","260","0.3","10","0","pos","small-world","189","64.20560747663552","63.74269005847953","64.63195691202873"
"27","260","0.3","10","0","pos","small-world","201","64.29906542056075","62.96296296296296","65.52962298025135"
"25","260","0.3","10","0","pos","small-world","150","61.21495327102804","58.67446393762184","63.55475763016158"
"26","260","0.3","10","0","pos","small-world","143","61.21495327102804","60.42884990253411","61.93895870736086"
"28","260","0.3","10","0","pos","small-world","172","64.67289719626169","64.91228070175438","64.4524236983842"
"29","260","0.3","10","0","pos","small-world","190","64.39252336448598","63.93762183235867","64.81149012567326"
"27","260","0.3","10","0","pos","small-world","202","64.29906542056075","62.96296296296296","65.52962298025135"
"26","260","0.3","10","0","pos","small-world","144","61.02803738317757","60.23391812865497","61.759425493716336"
"25","260","0.3","10","0","pos","small-world","151","61.21495327102804","58.67446393762184","63.55475763016158"
"28","260","0.3","10","0","pos","small-world","173","64.67289719626169","64.91228070175438","64.4524236983842"
"29","260","0.3","10","0","pos","small-world","191","64.48598130841121","64.13255360623782","64.81149012567326"
"27","260","0.3","10","0","pos","small-world","203","64.39252336448598","62.96296296296296","65.70915619389586"
"26","260","0.3","10","0","pos","small-world","145","61.12149532710281","60.62378167641326","61.57989228007181"
"28","260","0.3","10","0","pos","small-world","174","64.67289719626169","64.91228070175438","64.4524236983842"
"25","260","0.3","10","0","pos","small-world","152","61.12149532710281","58.28460038986355","63.73429084380611"
"26","260","0.3","10","0","pos","small-world","146","61.308411214953274","60.81871345029239","61.759425493716336"
"29","260","0.3","10","0","pos","small-world","192","64.39252336448598","63.93762183235867","64.81149012567326"
"27","260","0.3","10","0","pos","small-world","204","64.48598130841121","62.96296296296296","65.8886894075404"
"28","260","0.3","10","0","pos","small-world","175","64.67289719626169","64.91228070175438","64.4524236983842"
"25","260","0.3","10","0","pos","small-world","153","61.12149532710281","58.28460038986355","63.73429084380611"
"27","260","0.3","10","0","pos","small-world","205","64.48598130841121","62.96296296296296","65.8886894075404"
"28","260","0.3","10","0","pos","small-world","176","64.57943925233644","64.91228070175438","64.27289048473968"
"29","260","0.3","10","0","pos","small-world","193","64.48598130841121","64.13255360623782","64.81149012567326"
"26","260","0.3","10","0","pos","small-world","147","61.40186915887851","61.01364522417154","61.759425493716336"
"25","260","0.3","10","0","pos","small-world","154","61.02803738317757","58.28460038986355","63.55475763016158"
"28","260","0.3","10","0","pos","small-world","177","64.48598130841121","64.91228070175438","64.09335727109516"
"25","260","0.3","10","0","pos","small-world","155","61.12149532710281","58.28460038986355","63.73429084380611"
"29","260","0.3","10","0","pos","small-world","194","64.48598130841121","64.13255360623782","64.81149012567326"
"26","260","0.3","10","0","pos","small-world","148","61.308411214953274","61.01364522417154","61.57989228007181"
"28","260","0.3","10","0","pos","small-world","178","64.39252336448598","64.71734892787524","64.09335727109516"
"27","260","0.3","10","0","pos","small-world","206","64.48598130841121","62.96296296296296","65.8886894075404"
"25","260","0.3","10","0","pos","small-world","156","61.21495327102804","58.47953216374269","63.73429084380611"
"28","260","0.3","10","0","pos","small-world","179","64.57943925233644","64.71734892787524","64.4524236983842"
"26","260","0.3","10","0","pos","small-world","149","61.49532710280374","61.01364522417154","61.93895870736086"
"25","260","0.3","10","0","pos","small-world","157","61.308411214953274","58.47953216374269","63.91382405745063"
"27","260","0.3","10","0","pos","small-world","207","64.39252336448598","62.96296296296296","65.70915619389586"
"29","260","0.3","10","0","pos","small-world","195","64.39252336448598","63.93762183235867","64.81149012567326"
"28","260","0.3","10","0","pos","small-world","180","64.48598130841121","64.71734892787524","64.27289048473968"
"26","260","0.3","10","0","pos","small-world","150","61.40186915887851","61.01364522417154","61.759425493716336"
"25","260","0.3","10","0","pos","small-world","158","61.02803738317757","58.28460038986355","63.55475763016158"
"27","260","0.3","10","0","pos","small-world","208","64.39252336448598","62.96296296296296","65.70915619389586"
"29","260","0.3","10","0","pos","small-world","196","64.57943925233644","64.13255360623782","64.99102333931778"
"28","260","0.3","10","0","pos","small-world","181","64.39252336448598","64.71734892787524","64.09335727109516"
"25","260","0.3","10","0","pos","small-world","159","61.12149532710281","58.47953216374269","63.55475763016158"
"26","260","0.3","10","0","pos","small-world","151","61.40186915887851","61.01364522417154","61.759425493716336"
"27","260","0.3","10","0","pos","small-world","209","64.20560747663552","62.768031189083814","65.52962298025135"
"29","260","0.3","10","0","pos","small-world","197","64.67289719626169","64.5224171539961","64.81149012567326"
"25","260","0.3","10","0","pos","small-world","160","61.308411214953274","58.67446393762184","63.73429084380611"
"28","260","0.3","10","0","pos","small-world","182","64.39252336448598","64.71734892787524","64.09335727109516"
"26","260","0.3","10","0","pos","small-world","152","61.49532710280374","61.01364522417154","61.93895870736086"
"27","260","0.3","10","0","pos","small-world","210","64.20560747663552","62.96296296296296","65.35008976660683"
"25","260","0.3","10","0","pos","small-world","161","61.308411214953274","58.67446393762184","63.73429084380611"
"26","260","0.3","10","0","pos","small-world","153","61.49532710280374","61.01364522417154","61.93895870736086"
"28","260","0.3","10","0","pos","small-world","183","64.39252336448598","64.71734892787524","64.09335727109516"
"29","260","0.3","10","0","pos","small-world","198","64.85981308411215","64.71734892787524","64.99102333931778"
"27","260","0.3","10","0","pos","small-world","211","64.39252336448598","62.96296296296296","65.70915619389586"
"26","260","0.3","10","0","pos","small-world","154","61.6822429906542","61.20857699805068","62.11849192100538"
"25","260","0.3","10","0","pos","small-world","162","61.308411214953274","58.67446393762184","63.73429084380611"
"28","260","0.3","10","0","pos","small-world","184","64.67289719626169","64.91228070175438","64.4524236983842"
"29","260","0.3","10","0","pos","small-world","199","65.04672897196262","64.91228070175438","65.1705565529623"
"27","260","0.3","10","0","pos","small-world","212","64.39252336448598","62.96296296296296","65.70915619389586"
"26","260","0.3","10","0","pos","small-world","155","61.77570093457943","61.40350877192983","62.11849192100538"
"28","260","0.3","10","0","pos","small-world","185","64.48598130841121","64.71734892787524","64.27289048473968"
"29","260","0.3","10","0","pos","small-world","200","64.95327102803739","64.71734892787524","65.1705565529623"
"29","260","0.3","10","0","pos","small-world","201","65.14018691588785","64.71734892787524","65.52962298025135"
"28","260","0.3","10","0","pos","small-world","186","64.76635514018692","64.91228070175438","64.63195691202873"
"26","260","0.3","10","0","pos","small-world","156","61.86915887850467","61.20857699805068","62.47755834829444"
"27","260","0.3","10","0","pos","small-world","213","64.29906542056075","62.96296296296296","65.52962298025135"
"28","260","0.3","10","0","pos","small-world","187","64.76635514018692","64.91228070175438","64.63195691202873"
"29","260","0.3","10","0","pos","small-world","202","65.23364485981308","64.71734892787524","65.70915619389586"
"26","260","0.3","10","0","pos","small-world","157","61.86915887850467","61.01364522417154","62.65709156193896"
"27","260","0.3","10","0","pos","small-world","214","64.20560747663552","62.768031189083814","65.52962298025135"
"26","260","0.3","10","0","pos","small-world","158","61.96261682242991","61.20857699805068","62.65709156193896"
"27","260","0.3","10","0","pos","small-world","215","64.20560747663552","62.768031189083814","65.52962298025135"
"29","260","0.3","10","0","pos","small-world","203","65.32710280373831","64.91228070175438","65.70915619389586"
"28","260","0.3","10","0","pos","small-world","188","64.67289719626169","64.71734892787524","64.63195691202873"
"26","260","0.3","10","0","pos","small-world","159","62.05607476635514","61.40350877192983","62.65709156193896"
"27","260","0.3","10","0","pos","small-world","216","64.20560747663552","62.57309941520468","65.70915619389586"
"26","260","0.3","10","0","pos","small-world","160","61.96261682242991","61.40350877192983","62.47755834829444"
"28","260","0.3","10","0","pos","small-world","189","64.85981308411215","65.10721247563353","64.63195691202873"
"26","260","0.3","10","0","pos","small-world","161","61.86915887850467","61.20857699805068","62.47755834829444"
"27","260","0.3","10","0","pos","small-world","217","64.20560747663552","62.57309941520468","65.70915619389586"
"26","260","0.3","10","0","pos","small-world","162","61.96261682242991","61.20857699805068","62.65709156193896"
"27","260","0.3","10","0","pos","small-world","218","64.29906542056075","62.57309941520468","65.8886894075404"
"26","260","0.3","10","0","pos","small-world","163","62.149532710280376","61.40350877192983","62.83662477558348"
"28","260","0.3","10","0","pos","small-world","190","64.67289719626169","64.91228070175438","64.4524236983842"
"26","260","0.3","10","0","pos","small-world","164","62.24299065420561","61.40350877192983","63.016157989228006"
"28","260","0.3","10","0","pos","small-world","191","64.57943925233644","64.91228070175438","64.27289048473968"
"27","260","0.3","10","0","pos","small-world","219","64.39252336448598","62.768031189083814","65.8886894075404"
"26","260","0.3","10","0","pos","small-world","165","62.24299065420561","61.40350877192983","63.016157989228006"
"29","260","0.3","10","0","pos","small-world","204","65.23364485981308","64.71734892787524","65.70915619389586"
"28","260","0.3","10","0","pos","small-world","192","64.67289719626169","64.91228070175438","64.4524236983842"
"27","260","0.3","10","0","pos","small-world","220","64.39252336448598","62.768031189083814","65.8886894075404"
"26","260","0.3","10","0","pos","small-world","166","62.33644859813084","61.59844054580896","63.016157989228006"
"29","260","0.3","10","0","pos","small-world","205","65.32710280373831","64.91228070175438","65.70915619389586"
"26","260","0.3","10","0","pos","small-world","167","62.42990654205608","61.59844054580896","63.19569120287253"
"27","260","0.3","10","0","pos","small-world","221","64.48598130841121","62.96296296296296","65.8886894075404"
"28","260","0.3","10","0","pos","small-world","193","64.67289719626169","65.10721247563353","64.27289048473968"
"29","260","0.3","10","0","pos","small-world","206","65.42056074766354","65.10721247563353","65.70915619389586"
"26","260","0.3","10","0","pos","small-world","168","62.24299065420561","61.20857699805068","63.19569120287253"
"27","260","0.3","10","0","pos","small-world","222","64.48598130841121","63.1578947368421","65.70915619389586"
"28","260","0.3","10","0","pos","small-world","194","64.76635514018692","65.30214424951268","64.27289048473968"
"29","260","0.3","10","0","pos","small-world","207","65.32710280373831","64.91228070175438","65.70915619389586"
"26","260","0.3","10","0","pos","small-world","169","62.33644859813084","61.20857699805068","63.37522441651705"
"27","260","0.3","10","0","pos","small-world","223","64.48598130841121","63.1578947368421","65.70915619389586"
"29","260","0.3","10","0","pos","small-world","208","65.32710280373831","64.91228070175438","65.70915619389586"
"28","260","0.3","10","0","pos","small-world","195","65.14018691588785","65.49707602339181","64.81149012567326"
"27","260","0.3","10","0","pos","small-world","224","64.57943925233644","63.1578947368421","65.8886894075404"
"26","260","0.3","10","0","pos","small-world","170","62.24299065420561","61.20857699805068","63.19569120287253"
"29","260","0.3","10","0","pos","small-world","209","65.32710280373831","64.91228070175438","65.70915619389586"
"28","260","0.3","10","0","pos","small-world","196","65.14018691588785","65.49707602339181","64.81149012567326"
"27","260","0.3","10","0","pos","small-world","225","64.67289719626169","63.1578947368421","66.06822262118493"
"28","260","0.3","10","0","pos","small-world","197","65.23364485981308","65.49707602339181","64.99102333931778"
"29","260","0.3","10","0","pos","small-world","210","65.23364485981308","64.71734892787524","65.70915619389586"
"26","260","0.3","10","0","pos","small-world","171","62.24299065420561","61.20857699805068","63.19569120287253"
"27","260","0.3","10","0","pos","small-world","226","64.95327102803739","63.35282651072125","66.42728904847397"
"29","260","0.3","10","0","pos","small-world","211","65.32710280373831","64.91228070175438","65.70915619389586"
"28","260","0.3","10","0","pos","small-world","198","65.23364485981308","65.49707602339181","64.99102333931778"
"26","260","0.3","10","0","pos","small-world","172","62.24299065420561","61.20857699805068","63.19569120287253"
"26","260","0.3","10","0","pos","small-world","173","62.05607476635514","61.01364522417154","63.016157989228006"
"29","260","0.3","10","0","pos","small-world","212","65.51401869158879","65.10721247563353","65.8886894075404"
"27","260","0.3","10","0","pos","small-world","227","65.32710280373831","63.547758284600384","66.96588868940754"
"26","260","0.3","10","0","pos","small-world","174","61.96261682242991","60.81871345029239","63.016157989228006"
"28","260","0.3","10","0","pos","small-world","199","65.32710280373831","65.49707602339181","65.1705565529623"
"26","260","0.3","10","0","pos","small-world","175","62.05607476635514","60.81871345029239","63.19569120287253"
"29","260","0.3","10","0","pos","small-world","213","65.70093457943925","65.10721247563353","66.24775583482945"
"27","260","0.3","10","0","pos","small-world","228","65.32710280373831","63.547758284600384","66.96588868940754"
"26","260","0.3","10","0","pos","small-world","176","61.96261682242991","60.81871345029239","63.016157989228006"
"28","260","0.3","10","0","pos","small-world","200","65.32710280373831","65.49707602339181","65.1705565529623"
"26","260","0.3","10","0","pos","small-world","177","61.96261682242991","60.81871345029239","63.016157989228006"
"29","260","0.3","10","0","pos","small-world","214","65.70093457943925","65.10721247563353","66.24775583482945"
"27","260","0.3","10","0","pos","small-world","229","65.42056074766354","63.74269005847953","66.96588868940754"
"28","260","0.3","10","0","pos","small-world","201","65.42056074766354","65.69200779727096","65.1705565529623"
"26","260","0.3","10","0","pos","small-world","178","62.05607476635514","61.01364522417154","63.016157989228006"
"26","260","0.3","10","0","pos","small-world","179","62.05607476635514","60.81871345029239","63.19569120287253"
"28","260","0.3","10","0","pos","small-world","202","65.23364485981308","65.49707602339181","64.99102333931778"
"27","260","0.3","10","0","pos","small-world","230","65.51401869158879","63.93762183235867","66.96588868940754"
"26","260","0.3","10","0","pos","small-world","180","62.05607476635514","60.81871345029239","63.19569120287253"
"29","260","0.3","10","0","pos","small-world","215","65.60747663551402","64.91228070175438","66.24775583482945"
"26","260","0.3","10","0","pos","small-world","181","62.149532710280376","60.81871345029239","63.37522441651705"
"28","260","0.3","10","0","pos","small-world","203","65.23364485981308","65.49707602339181","64.99102333931778"
"29","260","0.3","10","0","pos","small-world","216","65.51401869158879","64.91228070175438","66.06822262118493"
"27","260","0.3","10","0","pos","small-world","231","65.32710280373831","63.74269005847953","66.78635547576302"
"26","260","0.3","10","0","pos","small-world","182","62.05607476635514","60.62378167641326","63.37522441651705"
"28","260","0.3","10","0","pos","small-world","204","65.42056074766354","65.69200779727096","65.1705565529623"
"29","260","0.3","10","0","pos","small-world","217","65.51401869158879","64.91228070175438","66.06822262118493"
"27","260","0.3","10","0","pos","small-world","232","65.32710280373831","63.74269005847953","66.78635547576302"
"26","260","0.3","10","0","pos","small-world","183","61.6822429906542","60.23391812865497","63.016157989228006"
"28","260","0.3","10","0","pos","small-world","205","65.42056074766354","65.69200779727096","65.1705565529623"
"27","260","0.3","10","0","pos","small-world","233","65.32710280373831","63.74269005847953","66.78635547576302"
"29","260","0.3","10","0","pos","small-world","218","65.70093457943925","64.91228070175438","66.42728904847397"
"26","260","0.3","10","0","pos","small-world","184","61.77570093457943","60.42884990253411","63.016157989228006"
"28","260","0.3","10","0","pos","small-world","206","65.23364485981308","65.69200779727096","64.81149012567326"
"27","260","0.3","10","0","pos","small-world","234","65.42056074766354","63.93762183235867","66.78635547576302"
"29","260","0.3","10","0","pos","small-world","219","65.7943925233645","65.10721247563353","66.42728904847397"
"26","260","0.3","10","0","pos","small-world","185","61.77570093457943","60.42884990253411","63.016157989228006"
"28","260","0.3","10","0","pos","small-world","207","65.14018691588785","65.49707602339181","64.81149012567326"
"29","260","0.3","10","0","pos","small-world","220","65.88785046728972","65.30214424951268","66.42728904847397"
"26","260","0.3","10","0","pos","small-world","186","61.77570093457943","60.42884990253411","63.016157989228006"
"27","260","0.3","10","0","pos","small-world","235","65.51401869158879","64.13255360623782","66.78635547576302"
"28","260","0.3","10","0","pos","small-world","208","65.23364485981308","65.69200779727096","64.81149012567326"
"29","260","0.3","10","0","pos","small-world","221","65.88785046728972","65.49707602339181","66.24775583482945"
"26","260","0.3","10","0","pos","small-world","187","61.6822429906542","60.23391812865497","63.016157989228006"
"28","260","0.3","10","0","pos","small-world","209","64.95327102803739","65.30214424951268","64.63195691202873"
"27","260","0.3","10","0","pos","small-world","236","65.60747663551402","64.32748538011695","66.78635547576302"
"29","260","0.3","10","0","pos","small-world","222","65.7943925233645","65.30214424951268","66.24775583482945"
"26","260","0.3","10","0","pos","small-world","188","61.77570093457943","60.23391812865497","63.19569120287253"
"28","260","0.3","10","0","pos","small-world","210","64.95327102803739","65.30214424951268","64.63195691202873"
"27","260","0.3","10","0","pos","small-world","237","65.70093457943925","64.5224171539961","66.78635547576302"
"29","260","0.3","10","0","pos","small-world","223","65.7943925233645","65.30214424951268","66.24775583482945"
"28","260","0.3","10","0","pos","small-world","211","64.95327102803739","65.30214424951268","64.63195691202873"
"27","260","0.3","10","0","pos","small-world","238","65.70093457943925","64.5224171539961","66.78635547576302"
"26","260","0.3","10","0","pos","small-world","189","61.86915887850467","60.23391812865497","63.37522441651705"
"29","260","0.3","10","0","pos","small-world","224","65.88785046728972","65.30214424951268","66.42728904847397"
"27","260","0.3","10","0","pos","small-world","239","65.70093457943925","64.71734892787524","66.6068222621185"
"28","260","0.3","10","0","pos","small-world","212","65.04672897196262","65.30214424951268","64.81149012567326"
"26","260","0.3","10","0","pos","small-world","190","61.86915887850467","60.23391812865497","63.37522441651705"
"29","260","0.3","10","0","pos","small-world","225","65.70093457943925","64.91228070175438","66.42728904847397"
"28","260","0.3","10","0","pos","small-world","213","65.04672897196262","65.30214424951268","64.81149012567326"
"27","260","0.3","10","0","pos","small-world","240","65.88785046728972","65.10721247563353","66.6068222621185"
"26","260","0.3","10","0","pos","small-world","191","61.96261682242991","60.03898635477582","63.73429084380611"
"28","260","0.3","10","0","pos","small-world","214","64.95327102803739","65.10721247563353","64.81149012567326"
"29","260","0.3","10","0","pos","small-world","226","65.60747663551402","64.71734892787524","66.42728904847397"
"27","260","0.3","10","0","pos","small-world","241","65.98130841121495","65.10721247563353","66.78635547576302"
"26","260","0.3","10","0","pos","small-world","192","61.96261682242991","60.03898635477582","63.73429084380611"
"28","260","0.3","10","0","pos","small-world","215","64.76635514018692","64.91228070175438","64.63195691202873"
"29","260","0.3","10","0","pos","small-world","227","65.70093457943925","64.71734892787524","66.6068222621185"
"27","260","0.3","10","0","pos","small-world","242","65.98130841121495","65.10721247563353","66.78635547576302"
"26","260","0.3","10","0","pos","small-world","193","61.86915887850467","59.84405458089669","63.73429084380611"
"28","260","0.3","10","0","pos","small-world","216","64.85981308411215","65.10721247563353","64.63195691202873"
"29","260","0.3","10","0","pos","small-world","228","65.7943925233645","64.91228070175438","66.6068222621185"
"27","260","0.3","10","0","pos","small-world","243","66.07476635514018","65.10721247563353","66.96588868940754"
"26","260","0.3","10","0","pos","small-world","194","61.96261682242991","59.84405458089669","63.91382405745063"
"29","260","0.3","10","0","pos","small-world","229","65.7943925233645","64.91228070175438","66.6068222621185"
"28","260","0.3","10","0","pos","small-world","217","64.76635514018692","64.91228070175438","64.63195691202873"
"27","260","0.3","10","0","pos","small-world","244","66.07476635514018","65.10721247563353","66.96588868940754"
"26","260","0.3","10","0","pos","small-world","195","62.24299065420561","60.03898635477582","64.27289048473968"
"28","260","0.3","10","0","pos","small-world","218","64.67289719626169","64.91228070175438","64.4524236983842"
"29","260","0.3","10","0","pos","small-world","230","65.7943925233645","64.91228070175438","66.6068222621185"
"26","260","0.3","10","0","pos","small-world","196","62.149532710280376","59.84405458089669","64.27289048473968"
"27","260","0.3","10","0","pos","small-world","245","66.07476635514018","65.10721247563353","66.96588868940754"
"28","260","0.3","10","0","pos","small-world","219","64.67289719626169","64.91228070175438","64.4524236983842"
"29","260","0.3","10","0","pos","small-world","231","65.98130841121495","65.10721247563353","66.78635547576302"
"26","260","0.3","10","0","pos","small-world","197","62.05607476635514","59.84405458089669","64.09335727109516"
"27","260","0.3","10","0","pos","small-world","246","66.07476635514018","65.10721247563353","66.96588868940754"
"29","260","0.3","10","0","pos","small-world","232","65.98130841121495","65.10721247563353","66.78635547576302"
"28","260","0.3","10","0","pos","small-world","220","64.76635514018692","64.91228070175438","64.63195691202873"
"26","260","0.3","10","0","pos","small-world","198","62.05607476635514","59.84405458089669","64.09335727109516"
"27","260","0.3","10","0","pos","small-world","247","66.26168224299064","65.30214424951268","67.14542190305207"
"29","260","0.3","10","0","pos","small-world","233","65.88785046728972","64.71734892787524","66.96588868940754"
"28","260","0.3","10","0","pos","small-world","221","64.85981308411215","64.91228070175438","64.81149012567326"
"26","260","0.3","10","0","pos","small-world","199","62.05607476635514","59.84405458089669","64.09335727109516"
"26","260","0.3","10","0","pos","small-world","200","62.24299065420561","60.03898635477582","64.27289048473968"
"28","260","0.3","10","0","pos","small-world","222","64.85981308411215","64.91228070175438","64.81149012567326"
"27","260","0.3","10","0","pos","small-world","248","66.16822429906543","65.10721247563353","67.14542190305207"
"29","260","0.3","10","0","pos","small-world","234","65.98130841121495","64.91228070175438","66.96588868940754"
"26","260","0.3","10","0","pos","small-world","201","62.42990654205608","60.42884990253411","64.27289048473968"
"28","260","0.3","10","0","pos","small-world","223","64.85981308411215","64.71734892787524","64.99102333931778"
"27","260","0.3","10","0","pos","small-world","249","66.07476635514018","65.10721247563353","66.96588868940754"
"26","260","0.3","10","0","pos","small-world","202","62.523364485981304","60.42884990253411","64.4524236983842"
"29","260","0.3","10","0","pos","small-world","235","65.98130841121495","64.91228070175438","66.96588868940754"
"28","260","0.3","10","0","pos","small-world","224","64.95327102803739","64.91228070175438","64.99102333931778"
"27","260","0.3","10","0","pos","small-world","250","65.88785046728972","65.10721247563353","66.6068222621185"
"26","260","0.3","10","0","pos","small-world","203","62.42990654205608","60.23391812865497","64.4524236983842"
"29","260","0.3","10","0","pos","small-world","236","65.98130841121495","64.71734892787524","67.14542190305207"
"28","260","0.3","10","0","pos","small-world","225","64.85981308411215","64.71734892787524","64.99102333931778"
"27","260","0.3","10","0","pos","small-world","251","65.98130841121495","65.10721247563353","66.78635547576302"
"29","260","0.3","10","0","pos","small-world","237","65.98130841121495","64.5224171539961","67.3249551166966"
"27","260","0.3","10","0","pos","small-world","252","65.98130841121495","65.10721247563353","66.78635547576302"
"28","260","0.3","10","0","pos","small-world","226","64.95327102803739","64.91228070175438","64.99102333931778"
"26","260","0.3","10","0","pos","small-world","204","62.523364485981304","60.23391812865497","64.63195691202873"
"29","260","0.3","10","0","pos","small-world","238","65.88785046728972","64.5224171539961","67.14542190305207"
"28","260","0.3","10","0","pos","small-world","227","64.95327102803739","64.91228070175438","64.99102333931778"
"27","260","0.3","10","0","pos","small-world","253","66.07476635514018","65.10721247563353","66.96588868940754"
"26","260","0.3","10","0","pos","small-world","205","62.523364485981304","60.03898635477582","64.81149012567326"
"28","260","0.3","10","0","pos","small-world","228","65.14018691588785","65.10721247563353","65.1705565529623"
"27","260","0.3","10","0","pos","small-world","254","65.98130841121495","65.10721247563353","66.78635547576302"
"29","260","0.3","10","0","pos","small-world","239","65.7943925233645","64.5224171539961","66.96588868940754"
"26","260","0.3","10","0","pos","small-world","206","62.616822429906534","60.03898635477582","64.99102333931778"
"29","260","0.3","10","0","pos","small-world","240","65.70093457943925","64.5224171539961","66.78635547576302"
"28","260","0.3","10","0","pos","small-world","229","65.23364485981308","65.30214424951268","65.1705565529623"
"27","260","0.3","10","0","pos","small-world","255","66.16822429906543","65.10721247563353","67.14542190305207"
"26","260","0.3","10","0","pos","small-world","207","62.99065420560748","60.42884990253411","65.35008976660683"
"28","260","0.3","10","0","pos","small-world","230","65.04672897196262","65.10721247563353","64.99102333931778"
"27","260","0.3","10","0","pos","small-world","256","66.16822429906543","65.30214424951268","66.96588868940754"
"29","260","0.3","10","0","pos","small-world","241","65.70093457943925","64.5224171539961","66.78635547576302"
"26","260","0.3","10","0","pos","small-world","208","63.084112149532714","60.42884990253411","65.52962298025135"
"29","260","0.3","10","0","pos","small-world","242","65.51401869158879","64.13255360623782","66.78635547576302"
"28","260","0.3","10","0","pos","small-world","231","64.95327102803739","64.91228070175438","64.99102333931778"
"27","260","0.3","10","0","pos","small-world","257","66.35514018691589","65.30214424951268","67.3249551166966"
"26","260","0.3","10","0","pos","small-world","209","63.27102803738318","60.62378167641326","65.70915619389586"
"27","260","0.3","10","0","pos","small-world","258","66.44859813084112","65.30214424951268","67.50448833034112"
"29","260","0.3","10","0","pos","small-world","243","65.51401869158879","64.32748538011695","66.6068222621185"
"28","260","0.3","10","0","pos","small-world","232","65.04672897196262","65.10721247563353","64.99102333931778"
"26","260","0.3","10","0","pos","small-world","210","63.177570093457945","60.42884990253411","65.70915619389586"
"27","260","0.3","10","0","pos","small-world","259","66.35514018691589","65.30214424951268","67.3249551166966"
"26","260","0.3","10","0","pos","small-world","211","62.99065420560748","60.42884990253411","65.35008976660683"
"28","260","0.3","10","0","pos","small-world","233","65.04672897196262","64.91228070175438","65.1705565529623"
"26","260","0.3","10","0","pos","small-world","212","63.084112149532714","60.62378167641326","65.35008976660683"
"29","260","0.3","10","0","pos","small-world","244","65.60747663551402","64.32748538011695","66.78635547576302"
"26","260","0.3","10","0","pos","small-world","213","63.177570093457945","60.81871345029239","65.35008976660683"
"28","260","0.3","10","0","pos","small-world","234","65.04672897196262","64.91228070175438","65.1705565529623"
"26","260","0.3","10","0","pos","small-world","214","63.084112149532714","60.81871345029239","65.1705565529623"
"29","260","0.3","10","0","pos","small-world","245","65.51401869158879","64.13255360623782","66.78635547576302"
"28","260","0.3","10","0","pos","small-world","235","65.14018691588785","64.91228070175438","65.35008976660683"
"26","260","0.3","10","0","pos","small-world","215","62.99065420560748","60.81871345029239","64.99102333931778"
"29","260","0.3","10","0","pos","small-world","246","65.60747663551402","64.32748538011695","66.78635547576302"
"26","260","0.3","10","0","pos","small-world","216","62.99065420560748","60.81871345029239","64.99102333931778"
"28","260","0.3","10","0","pos","small-world","236","65.04672897196262","64.91228070175438","65.1705565529623"
"29","260","0.3","10","0","pos","small-world","247","65.51401869158879","64.13255360623782","66.78635547576302"
"26","260","0.3","10","0","pos","small-world","217","62.89719626168224","60.62378167641326","64.99102333931778"
"26","260","0.3","10","0","pos","small-world","218","63.084112149532714","60.81871345029239","65.1705565529623"
"29","260","0.3","10","0","pos","small-world","248","65.32710280373831","64.13255360623782","66.42728904847397"
"28","260","0.3","10","0","pos","small-world","237","65.14018691588785","64.91228070175438","65.35008976660683"
"26","260","0.3","10","0","pos","small-world","219","63.177570093457945","61.20857699805068","64.99102333931778"
"29","260","0.3","10","0","pos","small-world","249","65.51401869158879","64.32748538011695","66.6068222621185"
"28","260","0.3","10","0","pos","small-world","238","65.14018691588785","64.91228070175438","65.35008976660683"
"26","260","0.3","10","0","pos","small-world","220","63.084112149532714","61.20857699805068","64.81149012567326"
"29","260","0.3","10","0","pos","small-world","250","65.42056074766354","64.32748538011695","66.42728904847397"
"28","260","0.3","10","0","pos","small-world","239","65.23364485981308","65.10721247563353","65.35008976660683"
"26","260","0.3","10","0","pos","small-world","221","63.084112149532714","61.20857699805068","64.81149012567326"
"29","260","0.3","10","0","pos","small-world","251","65.42056074766354","64.13255360623782","66.6068222621185"
"26","260","0.3","10","0","pos","small-world","222","62.99065420560748","61.01364522417154","64.81149012567326"
"28","260","0.3","10","0","pos","small-world","240","65.32710280373831","65.49707602339181","65.1705565529623"
"26","260","0.3","10","0","pos","small-world","223","62.89719626168224","61.01364522417154","64.63195691202873"
"29","260","0.3","10","0","pos","small-world","252","65.51401869158879","64.32748538011695","66.6068222621185"
"28","260","0.3","10","0","pos","small-world","241","65.23364485981308","65.49707602339181","64.99102333931778"
"29","260","0.3","10","0","pos","small-world","253","65.70093457943925","64.5224171539961","66.78635547576302"
"26","260","0.3","10","0","pos","small-world","224","62.80373831775701","61.01364522417154","64.4524236983842"
"28","260","0.3","10","0","pos","small-world","242","65.23364485981308","65.30214424951268","65.1705565529623"
"28","260","0.3","10","0","pos","small-world","243","65.32710280373831","65.30214424951268","65.35008976660683"
"29","260","0.3","10","0","pos","small-world","254","65.60747663551402","64.32748538011695","66.78635547576302"
"26","260","0.3","10","0","pos","small-world","225","62.80373831775701","61.01364522417154","64.4524236983842"
"29","260","0.3","10","0","pos","small-world","255","65.88785046728972","64.71734892787524","66.96588868940754"
"26","260","0.3","10","0","pos","small-world","226","62.89719626168224","61.01364522417154","64.63195691202873"
"29","260","0.3","10","0","pos","small-world","256","65.7943925233645","64.71734892787524","66.78635547576302"
"28","260","0.3","10","0","pos","small-world","244","65.42056074766354","65.10721247563353","65.70915619389586"
"26","260","0.3","10","0","pos","small-world","227","63.084112149532714","61.20857699805068","64.81149012567326"
"29","260","0.3","10","0","pos","small-world","257","65.70093457943925","64.71734892787524","66.6068222621185"
"26","260","0.3","10","0","pos","small-world","228","63.084112149532714","61.20857699805068","64.81149012567326"
"28","260","0.3","10","0","pos","small-world","245","65.51401869158879","65.10721247563353","65.8886894075404"
"29","260","0.3","10","0","pos","small-world","258","65.70093457943925","64.71734892787524","66.6068222621185"
"26","260","0.3","10","0","pos","small-world","229","63.084112149532714","61.20857699805068","64.81149012567326"
"28","260","0.3","10","0","pos","small-world","246","65.51401869158879","65.10721247563353","65.8886894075404"
"29","260","0.3","10","0","pos","small-world","259","65.7943925233645","64.91228070175438","66.6068222621185"
"26","260","0.3","10","0","pos","small-world","230","63.084112149532714","61.20857699805068","64.81149012567326"
"26","260","0.3","10","0","pos","small-world","231","63.084112149532714","61.40350877192983","64.63195691202873"
"28","260","0.3","10","0","pos","small-world","247","65.32710280373831","64.91228070175438","65.70915619389586"
"28","260","0.3","10","0","pos","small-world","248","65.42056074766354","65.10721247563353","65.70915619389586"
"26","260","0.3","10","0","pos","small-world","232","63.084112149532714","61.59844054580896","64.4524236983842"
"26","260","0.3","10","0","pos","small-world","233","63.084112149532714","61.59844054580896","64.4524236983842"
"28","260","0.3","10","0","pos","small-world","249","65.51401869158879","65.10721247563353","65.8886894075404"
"26","260","0.3","10","0","pos","small-world","234","63.177570093457945","61.59844054580896","64.63195691202873"
"28","260","0.3","10","0","pos","small-world","250","65.32710280373831","64.91228070175438","65.70915619389586"
"26","260","0.3","10","0","pos","small-world","235","63.36448598130842","61.98830409356725","64.63195691202873"
"28","260","0.3","10","0","pos","small-world","251","65.23364485981308","64.71734892787524","65.70915619389586"
"26","260","0.3","10","0","pos","small-world","236","63.27102803738318","61.79337231968811","64.63195691202873"
"28","260","0.3","10","0","pos","small-world","252","65.23364485981308","64.71734892787524","65.70915619389586"
"26","260","0.3","10","0","pos","small-world","237","63.084112149532714","61.40350877192983","64.63195691202873"
"28","260","0.3","10","0","pos","small-world","253","65.23364485981308","64.91228070175438","65.52962298025135"
"26","260","0.3","10","0","pos","small-world","238","63.177570093457945","61.40350877192983","64.81149012567326"
"28","260","0.3","10","0","pos","small-world","254","65.14018691588785","64.91228070175438","65.35008976660683"
"26","260","0.3","10","0","pos","small-world","239","63.27102803738318","61.79337231968811","64.63195691202873"
"28","260","0.3","10","0","pos","small-world","255","65.04672897196262","64.71734892787524","65.35008976660683"
"28","260","0.3","10","0","pos","small-world","256","65.14018691588785","64.71734892787524","65.52962298025135"
"26","260","0.3","10","0","pos","small-world","240","63.27102803738318","61.79337231968811","64.63195691202873"
"28","260","0.3","10","0","pos","small-world","257","65.14018691588785","64.71734892787524","65.52962298025135"
"26","260","0.3","10","0","pos","small-world","241","63.64485981308411","62.1832358674464","64.99102333931778"
"28","260","0.3","10","0","pos","small-world","258","64.95327102803739","64.32748538011695","65.52962298025135"
"26","260","0.3","10","0","pos","small-world","242","63.64485981308411","62.1832358674464","64.99102333931778"
"28","260","0.3","10","0","pos","small-world","259","65.14018691588785","64.5224171539961","65.70915619389586"
"26","260","0.3","10","0","pos","small-world","243","63.55140186915887","61.98830409356725","64.99102333931778"
"26","260","0.3","10","0","pos","small-world","244","63.64485981308411","61.98830409356725","65.1705565529623"
"26","260","0.3","10","0","pos","small-world","245","63.55140186915887","61.79337231968811","65.1705565529623"
"26","260","0.3","10","0","pos","small-world","246","63.36448598130842","61.59844054580896","64.99102333931778"
"26","260","0.3","10","0","pos","small-world","247","63.27102803738318","61.59844054580896","64.81149012567326"
"26","260","0.3","10","0","pos","small-world","248","63.36448598130842","61.59844054580896","64.99102333931778"
"26","260","0.3","10","0","pos","small-world","249","63.27102803738318","61.59844054580896","64.81149012567326"
"26","260","0.3","10","0","pos","small-world","250","63.55140186915887","61.79337231968811","65.1705565529623"
"26","260","0.3","10","0","pos","small-world","251","63.55140186915887","61.79337231968811","65.1705565529623"
"26","260","0.3","10","0","pos","small-world","252","63.64485981308411","61.98830409356725","65.1705565529623"
"25","260","0.3","10","0","pos","small-world","163","61.40186915887851","58.67446393762184","63.91382405745063"
"26","260","0.3","10","0","pos","small-world","253","63.73831775700934","62.1832358674464","65.1705565529623"
"25","260","0.3","10","0","pos","small-world","164","61.588785046728965","58.86939571150097","64.09335727109516"
"26","260","0.3","10","0","pos","small-world","254","63.73831775700934","62.1832358674464","65.1705565529623"
"25","260","0.3","10","0","pos","small-world","165","61.588785046728965","58.67446393762184","64.27289048473968"
"26","260","0.3","10","0","pos","small-world","255","63.83177570093458","62.1832358674464","65.35008976660683"
"25","260","0.3","10","0","pos","small-world","166","61.588785046728965","58.67446393762184","64.27289048473968"
"26","260","0.3","10","0","pos","small-world","256","63.73831775700934","62.1832358674464","65.1705565529623"
"25","260","0.3","10","0","pos","small-world","167","61.588785046728965","58.67446393762184","64.27289048473968"
"26","260","0.3","10","0","pos","small-world","257","63.925233644859816","62.1832358674464","65.52962298025135"
"25","260","0.3","10","0","pos","small-world","168","61.6822429906542","58.67446393762184","64.4524236983842"
"26","260","0.3","10","0","pos","small-world","258","63.83177570093458","61.98830409356725","65.52962298025135"
"25","260","0.3","10","0","pos","small-world","169","61.6822429906542","58.47953216374269","64.63195691202873"
"25","260","0.3","10","0","pos","small-world","170","61.77570093457943","58.0896686159844","65.1705565529623"
"26","260","0.3","10","0","pos","small-world","259","63.73831775700934","61.79337231968811","65.52962298025135"
"25","260","0.3","10","0","pos","small-world","171","61.77570093457943","58.0896686159844","65.1705565529623"
"25","260","0.3","10","0","pos","small-world","172","61.86915887850467","58.28460038986355","65.1705565529623"
"30","260","0.3","10","0","pos","small-world","0","60.5607476635514","59.06432748538012","61.93895870736086"
"25","260","0.3","10","0","pos","small-world","173","61.96261682242991","58.28460038986355","65.35008976660683"
"30","260","0.3","10","0","pos","small-world","1","60.747663551401864","59.4541910331384","61.93895870736086"
"25","260","0.3","10","0","pos","small-world","174","62.149532710280376","58.47953216374269","65.52962298025135"
"25","260","0.3","10","0","pos","small-world","175","61.96261682242991","58.28460038986355","65.35008976660683"
"30","260","0.3","10","0","pos","small-world","2","60.65420560747663","59.64912280701754","61.57989228007181"
"25","260","0.3","10","0","pos","small-world","176","61.96261682242991","58.28460038986355","65.35008976660683"
"30","260","0.3","10","0","pos","small-world","3","60.8411214953271","59.4541910331384","62.11849192100538"
"25","260","0.3","10","0","pos","small-world","177","62.05607476635514","58.47953216374269","65.35008976660683"
"25","260","0.3","10","0","pos","small-world","178","62.149532710280376","58.67446393762184","65.35008976660683"
"30","260","0.3","10","0","pos","small-world","4","60.93457943925233","59.25925925925925","62.47755834829444"
"25","260","0.3","10","0","pos","small-world","179","62.24299065420561","58.86939571150097","65.35008976660683"
"25","260","0.3","10","0","pos","small-world","180","62.24299065420561","58.86939571150097","65.35008976660683"
"30","260","0.3","10","0","pos","small-world","5","61.21495327102804","59.84405458089669","62.47755834829444"
"25","260","0.3","10","0","pos","small-world","181","62.42990654205608","58.86939571150097","65.70915619389586"
"30","260","0.3","10","0","pos","small-world","6","61.21495327102804","60.03898635477582","62.29802513464991"
"25","260","0.3","10","0","pos","small-world","182","62.616822429906534","59.06432748538012","65.8886894075404"
"25","260","0.3","10","0","pos","small-world","183","62.616822429906534","59.25925925925925","65.70915619389586"
"30","260","0.3","10","0","pos","small-world","7","60.93457943925233","59.84405458089669","61.93895870736086"
"25","260","0.3","10","0","pos","small-world","184","62.616822429906534","59.06432748538012","65.8886894075404"
"25","260","0.3","10","0","pos","small-world","185","62.523364485981304","59.06432748538012","65.70915619389586"
"30","260","0.3","10","0","pos","small-world","8","60.93457943925233","59.84405458089669","61.93895870736086"
"25","260","0.3","10","0","pos","small-world","186","62.523364485981304","58.86939571150097","65.8886894075404"
"25","260","0.3","10","0","pos","small-world","187","62.42990654205608","58.67446393762184","65.8886894075404"
"30","260","0.3","10","0","pos","small-world","9","60.93457943925233","60.03898635477582","61.759425493716336"
"25","260","0.3","10","0","pos","small-world","188","62.523364485981304","58.67446393762184","66.06822262118493"
"30","260","0.3","10","0","pos","small-world","10","60.93457943925233","60.03898635477582","61.759425493716336"
"25","260","0.3","10","0","pos","small-world","189","62.616822429906534","58.86939571150097","66.06822262118493"
"30","260","0.3","10","0","pos","small-world","11","60.93457943925233","59.84405458089669","61.93895870736086"
"25","260","0.3","10","0","pos","small-world","190","62.616822429906534","58.86939571150097","66.06822262118493"
"25","260","0.3","10","0","pos","small-world","191","62.616822429906534","58.86939571150097","66.06822262118493"
"30","260","0.3","10","0","pos","small-world","12","60.93457943925233","59.84405458089669","61.93895870736086"
"25","260","0.3","10","0","pos","small-world","192","62.71028037383177","59.06432748538012","66.06822262118493"
"25","260","0.3","10","0","pos","small-world","193","62.616822429906534","58.86939571150097","66.06822262118493"
"30","260","0.3","10","0","pos","small-world","13","60.93457943925233","59.64912280701754","62.11849192100538"
"25","260","0.3","10","0","pos","small-world","194","62.71028037383177","59.06432748538012","66.06822262118493"
"30","260","0.3","10","0","pos","small-world","14","61.02803738317757","59.84405458089669","62.11849192100538"
"25","260","0.3","10","0","pos","small-world","195","62.71028037383177","59.06432748538012","66.06822262118493"
"25","260","0.3","10","0","pos","small-world","196","62.89719626168224","59.25925925925925","66.24775583482945"
"30","260","0.3","10","0","pos","small-world","15","60.93457943925233","59.84405458089669","61.93895870736086"
"25","260","0.3","10","0","pos","small-world","197","63.084112149532714","59.84405458089669","66.06822262118493"
"25","260","0.3","10","0","pos","small-world","198","63.084112149532714","59.64912280701754","66.24775583482945"
"30","260","0.3","10","0","pos","small-world","16","60.8411214953271","59.4541910331384","62.11849192100538"
"25","260","0.3","10","0","pos","small-world","199","62.89719626168224","59.25925925925925","66.24775583482945"
"25","260","0.3","10","0","pos","small-world","200","62.99065420560748","59.25925925925925","66.42728904847397"
"30","260","0.3","10","0","pos","small-world","17","60.93457943925233","59.4541910331384","62.29802513464991"
"25","260","0.3","10","0","pos","small-world","201","63.084112149532714","59.4541910331384","66.42728904847397"
"25","260","0.3","10","0","pos","small-world","202","63.177570093457945","59.64912280701754","66.42728904847397"
"30","260","0.3","10","0","pos","small-world","18","60.8411214953271","59.4541910331384","62.11849192100538"
"25","260","0.3","10","0","pos","small-world","203","63.27102803738318","59.64912280701754","66.6068222621185"
"30","260","0.3","10","0","pos","small-world","19","61.02803738317757","59.64912280701754","62.29802513464991"
"25","260","0.3","10","0","pos","small-world","204","63.36448598130842","59.64912280701754","66.78635547576302"
"25","260","0.3","10","0","pos","small-world","205","63.45794392523364","59.84405458089669","66.78635547576302"
"30","260","0.3","10","0","pos","small-world","20","60.8411214953271","59.4541910331384","62.11849192100538"
"25","260","0.3","10","0","pos","small-world","206","63.45794392523364","59.84405458089669","66.78635547576302"
"25","260","0.3","10","0","pos","small-world","207","63.55140186915887","60.03898635477582","66.78635547576302"
"30","260","0.3","10","0","pos","small-world","21","60.8411214953271","59.4541910331384","62.11849192100538"
"25","260","0.3","10","0","pos","small-world","208","63.45794392523364","60.03898635477582","66.6068222621185"
"25","260","0.3","10","0","pos","small-world","209","63.45794392523364","60.03898635477582","66.6068222621185"
"30","260","0.3","10","0","pos","small-world","22","61.02803738317757","59.4541910331384","62.47755834829444"
"25","260","0.3","10","0","pos","small-world","210","63.45794392523364","60.03898635477582","66.6068222621185"
"25","260","0.3","10","0","pos","small-world","211","63.45794392523364","60.03898635477582","66.6068222621185"
"30","260","0.3","10","0","pos","small-world","23","60.8411214953271","59.25925925925925","62.29802513464991"
"25","260","0.3","10","0","pos","small-world","212","63.45794392523364","60.03898635477582","66.6068222621185"
"30","260","0.3","10","0","pos","small-world","24","61.02803738317757","59.64912280701754","62.29802513464991"
"25","260","0.3","10","0","pos","small-world","213","63.64485981308411","60.03898635477582","66.96588868940754"
"25","260","0.3","10","0","pos","small-world","214","63.73831775700934","60.23391812865497","66.96588868940754"
"30","260","0.3","10","0","pos","small-world","25","60.93457943925233","59.4541910331384","62.29802513464991"
"25","260","0.3","10","0","pos","small-world","215","63.73831775700934","60.23391812865497","66.96588868940754"
"30","260","0.3","10","0","pos","small-world","26","61.02803738317757","59.64912280701754","62.29802513464991"
"25","260","0.3","10","0","pos","small-world","216","63.73831775700934","60.42884990253411","66.78635547576302"
"25","260","0.3","10","0","pos","small-world","217","63.73831775700934","60.42884990253411","66.78635547576302"
"30","260","0.3","10","0","pos","small-world","27","60.93457943925233","59.4541910331384","62.29802513464991"
"25","260","0.3","10","0","pos","small-world","218","63.64485981308411","60.42884990253411","66.6068222621185"
"25","260","0.3","10","0","pos","small-world","219","63.925233644859816","60.81871345029239","66.78635547576302"
"30","260","0.3","10","0","pos","small-world","28","60.8411214953271","59.06432748538012","62.47755834829444"
"25","260","0.3","10","0","pos","small-world","220","63.925233644859816","61.20857699805068","66.42728904847397"
"30","260","0.3","10","0","pos","small-world","29","60.747663551401864","58.86939571150097","62.47755834829444"
"25","260","0.3","10","0","pos","small-world","221","64.01869158878505","61.40350877192983","66.42728904847397"
"25","260","0.3","10","0","pos","small-world","222","64.01869158878505","61.40350877192983","66.42728904847397"
"30","260","0.3","10","0","pos","small-world","30","60.747663551401864","58.86939571150097","62.47755834829444"
"25","260","0.3","10","0","pos","small-world","223","63.83177570093458","61.40350877192983","66.06822262118493"
"25","260","0.3","10","0","pos","small-world","224","63.925233644859816","61.40350877192983","66.24775583482945"
"30","260","0.3","10","0","pos","small-world","31","60.8411214953271","58.86939571150097","62.65709156193896"
"25","260","0.3","10","0","pos","small-world","225","63.925233644859816","61.40350877192983","66.24775583482945"
"30","260","0.3","10","0","pos","small-world","32","60.93457943925233","59.06432748538012","62.65709156193896"
"25","260","0.3","10","0","pos","small-world","226","63.925233644859816","61.59844054580896","66.06822262118493"
"25","260","0.3","10","0","pos","small-world","227","63.73831775700934","61.40350877192983","65.8886894075404"
"30","260","0.3","10","0","pos","small-world","33","60.747663551401864","58.86939571150097","62.47755834829444"
"25","260","0.3","10","0","pos","small-world","228","63.73831775700934","61.40350877192983","65.8886894075404"
"30","260","0.3","10","0","pos","small-world","34","60.747663551401864","58.86939571150097","62.47755834829444"
"25","260","0.3","10","0","pos","small-world","229","63.64485981308411","61.40350877192983","65.70915619389586"
"30","260","0.3","10","0","pos","small-world","35","60.8411214953271","58.86939571150097","62.65709156193896"
"25","260","0.3","10","0","pos","small-world","230","63.83177570093458","61.79337231968811","65.70915619389586"
"25","260","0.3","10","0","pos","small-world","231","63.73831775700934","61.79337231968811","65.52962298025135"
"30","260","0.3","10","0","pos","small-world","36","60.93457943925233","59.06432748538012","62.65709156193896"
"25","260","0.3","10","0","pos","small-world","232","63.73831775700934","61.79337231968811","65.52962298025135"
"25","260","0.3","10","0","pos","small-world","233","63.64485981308411","61.79337231968811","65.35008976660683"
"30","260","0.3","10","0","pos","small-world","37","61.02803738317757","59.06432748538012","62.83662477558348"
"25","260","0.3","10","0","pos","small-world","234","63.83177570093458","61.79337231968811","65.70915619389586"
"30","260","0.3","10","0","pos","small-world","38","61.02803738317757","59.06432748538012","62.83662477558348"
"25","260","0.3","10","0","pos","small-world","235","63.83177570093458","61.79337231968811","65.70915619389586"
"25","260","0.3","10","0","pos","small-world","236","63.83177570093458","61.79337231968811","65.70915619389586"
"30","260","0.3","10","0","pos","small-world","39","60.8411214953271","58.67446393762184","62.83662477558348"
"25","260","0.3","10","0","pos","small-world","237","63.83177570093458","61.79337231968811","65.70915619389586"
"25","260","0.3","10","0","pos","small-world","238","63.83177570093458","61.79337231968811","65.70915619389586"
"30","260","0.3","10","0","pos","small-world","40","61.02803738317757","58.86939571150097","63.016157989228006"
"25","260","0.3","10","0","pos","small-world","239","63.83177570093458","61.98830409356725","65.52962298025135"
"25","260","0.3","10","0","pos","small-world","240","63.83177570093458","61.98830409356725","65.52962298025135"
"30","260","0.3","10","0","pos","small-world","41","60.93457943925233","58.86939571150097","62.83662477558348"
"25","260","0.3","10","0","pos","small-world","241","63.83177570093458","61.98830409356725","65.52962298025135"
"30","260","0.3","10","0","pos","small-world","42","61.12149532710281","59.06432748538012","63.016157989228006"
"25","260","0.3","10","0","pos","small-world","242","63.83177570093458","61.98830409356725","65.52962298025135"
"30","260","0.3","10","0","pos","small-world","43","61.12149532710281","59.06432748538012","63.016157989228006"
"25","260","0.3","10","0","pos","small-world","243","63.83177570093458","61.98830409356725","65.52962298025135"
"30","260","0.3","10","0","pos","small-world","44","60.93457943925233","59.06432748538012","62.65709156193896"
"25","260","0.3","10","0","pos","small-world","244","63.83177570093458","61.98830409356725","65.52962298025135"
"25","260","0.3","10","0","pos","small-world","245","63.64485981308411","61.79337231968811","65.35008976660683"
"30","260","0.3","10","0","pos","small-world","45","60.8411214953271","59.06432748538012","62.47755834829444"
"25","260","0.3","10","0","pos","small-world","246","63.73831775700934","61.79337231968811","65.52962298025135"
"30","260","0.3","10","0","pos","small-world","46","60.8411214953271","59.06432748538012","62.47755834829444"
"25","260","0.3","10","0","pos","small-world","247","63.55140186915887","61.59844054580896","65.35008976660683"
"25","260","0.3","10","0","pos","small-world","248","63.64485981308411","61.79337231968811","65.35008976660683"
"30","260","0.3","10","0","pos","small-world","47","61.02803738317757","59.25925925925925","62.65709156193896"
"25","260","0.3","10","0","pos","small-world","249","63.55140186915887","61.79337231968811","65.1705565529623"
"30","260","0.3","10","0","pos","small-world","48","61.02803738317757","59.06432748538012","62.83662477558348"
"25","260","0.3","10","0","pos","small-world","250","63.64485981308411","61.79337231968811","65.35008976660683"
"30","260","0.3","10","0","pos","small-world","49","61.12149532710281","59.06432748538012","63.016157989228006"
"25","260","0.3","10","0","pos","small-world","251","63.73831775700934","61.98830409356725","65.35008976660683"
"25","260","0.3","10","0","pos","small-world","252","63.925233644859816","61.79337231968811","65.8886894075404"
"30","260","0.3","10","0","pos","small-world","50","60.93457943925233","58.86939571150097","62.83662477558348"
"25","260","0.3","10","0","pos","small-world","253","63.925233644859816","61.79337231968811","65.8886894075404"
"30","260","0.3","10","0","pos","small-world","51","60.93457943925233","58.86939571150097","62.83662477558348"
"25","260","0.3","10","0","pos","small-world","254","63.83177570093458","61.79337231968811","65.70915619389586"
"25","260","0.3","10","0","pos","small-world","255","63.83177570093458","61.79337231968811","65.70915619389586"
"30","260","0.3","10","0","pos","small-world","52","60.93457943925233","58.86939571150097","62.83662477558348"
"25","260","0.3","10","0","pos","small-world","256","63.83177570093458","61.98830409356725","65.52962298025135"
"30","260","0.3","10","0","pos","small-world","53","61.02803738317757","59.06432748538012","62.83662477558348"
"25","260","0.3","10","0","pos","small-world","257","63.925233644859816","61.98830409356725","65.70915619389586"
"30","260","0.3","10","0","pos","small-world","54","61.308411214953274","59.25925925925925","63.19569120287253"
"25","260","0.3","10","0","pos","small-world","258","64.01869158878505","62.1832358674464","65.70915619389586"
"30","260","0.3","10","0","pos","small-world","55","61.308411214953274","59.25925925925925","63.19569120287253"
"25","260","0.3","10","0","pos","small-world","259","64.01869158878505","61.98830409356725","65.8886894075404"
"30","260","0.3","10","0","pos","small-world","56","61.21495327102804","59.06432748538012","63.19569120287253"
"30","260","0.3","10","0","pos","small-world","57","61.308411214953274","59.25925925925925","63.19569120287253"
"30","260","0.3","10","0","pos","small-world","58","61.49532710280374","59.4541910331384","63.37522441651705"
"30","260","0.3","10","0","pos","small-world","59","61.588785046728965","59.64912280701754","63.37522441651705"
"30","260","0.3","10","0","pos","small-world","60","61.49532710280374","59.84405458089669","63.016157989228006"
"30","260","0.3","10","0","pos","small-world","61","61.588785046728965","59.84405458089669","63.19569120287253"
"30","260","0.3","10","0","pos","small-world","62","61.77570093457943","59.84405458089669","63.55475763016158"
"30","260","0.3","10","0","pos","small-world","63","61.96261682242991","60.23391812865497","63.55475763016158"
"30","260","0.3","10","0","pos","small-world","64","61.96261682242991","60.23391812865497","63.55475763016158"
"30","260","0.3","10","0","pos","small-world","65","61.96261682242991","60.23391812865497","63.55475763016158"
"30","260","0.3","10","0","pos","small-world","66","62.05607476635514","60.42884990253411","63.55475763016158"
"30","260","0.3","10","0","pos","small-world","67","62.05607476635514","60.42884990253411","63.55475763016158"
"30","260","0.3","10","0","pos","small-world","68","62.33644859813084","60.62378167641326","63.91382405745063"
"30","260","0.3","10","0","pos","small-world","69","62.42990654205608","60.62378167641326","64.09335727109516"
"30","260","0.3","10","0","pos","small-world","70","62.24299065420561","60.42884990253411","63.91382405745063"
"30","260","0.3","10","0","pos","small-world","71","62.24299065420561","60.42884990253411","63.91382405745063"
"30","260","0.3","10","0","pos","small-world","72","62.149532710280376","60.23391812865497","63.91382405745063"
"30","260","0.3","10","0","pos","small-world","73","62.24299065420561","60.23391812865497","64.09335727109516"
"30","260","0.3","10","0","pos","small-world","74","62.33644859813084","60.42884990253411","64.09335727109516"
"30","260","0.3","10","0","pos","small-world","75","62.42990654205608","60.62378167641326","64.09335727109516"
"30","260","0.3","10","0","pos","small-world","76","62.33644859813084","60.62378167641326","63.91382405745063"
"30","260","0.3","10","0","pos","small-world","77","62.616822429906534","61.20857699805068","63.91382405745063"
"30","260","0.3","10","0","pos","small-world","78","62.42990654205608","61.01364522417154","63.73429084380611"
"30","260","0.3","10","0","pos","small-world","79","62.33644859813084","61.01364522417154","63.55475763016158"
"30","260","0.3","10","0","pos","small-world","80","62.42990654205608","61.01364522417154","63.73429084380611"
"30","260","0.3","10","0","pos","small-world","81","62.616822429906534","61.20857699805068","63.91382405745063"
"30","260","0.3","10","0","pos","small-world","82","62.616822429906534","61.20857699805068","63.91382405745063"
"30","260","0.3","10","0","pos","small-world","83","62.71028037383177","61.20857699805068","64.09335727109516"
"30","260","0.3","10","0","pos","small-world","84","62.71028037383177","61.40350877192983","63.91382405745063"
"30","260","0.3","10","0","pos","small-world","85","62.80373831775701","61.40350877192983","64.09335727109516"
"30","260","0.3","10","0","pos","small-world","86","62.89719626168224","61.59844054580896","64.09335727109516"
"30","260","0.3","10","0","pos","small-world","87","62.99065420560748","61.59844054580896","64.27289048473968"
"30","260","0.3","10","0","pos","small-world","88","63.27102803738318","61.79337231968811","64.63195691202873"
"30","260","0.3","10","0","pos","small-world","89","63.177570093457945","61.79337231968811","64.4524236983842"
"30","260","0.3","10","0","pos","small-world","90","63.177570093457945","61.79337231968811","64.4524236983842"
"30","260","0.3","10","0","pos","small-world","91","63.36448598130842","61.98830409356725","64.63195691202873"
"30","260","0.3","10","0","pos","small-world","92","63.55140186915887","62.1832358674464","64.81149012567326"
"30","260","0.3","10","0","pos","small-world","93","63.45794392523364","61.98830409356725","64.81149012567326"
"30","260","0.3","10","0","pos","small-world","94","63.45794392523364","62.1832358674464","64.63195691202873"
"30","260","0.3","10","0","pos","small-world","95","63.36448598130842","61.98830409356725","64.63195691202873"
"30","260","0.3","10","0","pos","small-world","96","63.27102803738318","61.98830409356725","64.4524236983842"
"30","260","0.3","10","0","pos","small-world","97","63.27102803738318","61.98830409356725","64.4524236983842"
"30","260","0.3","10","0","pos","small-world","98","63.45794392523364","62.37816764132553","64.4524236983842"
"30","260","0.3","10","0","pos","small-world","99","63.55140186915887","62.57309941520468","64.4524236983842"
"30","260","0.3","10","0","pos","small-world","100","63.64485981308411","62.57309941520468","64.63195691202873"
"30","260","0.3","10","0","pos","small-world","101","63.55140186915887","62.37816764132553","64.63195691202873"
"30","260","0.3","10","0","pos","small-world","102","63.45794392523364","62.37816764132553","64.4524236983842"
"30","260","0.3","10","0","pos","small-world","103","63.55140186915887","62.37816764132553","64.63195691202873"
"30","260","0.3","10","0","pos","small-world","104","63.73831775700934","62.37816764132553","64.99102333931778"
"30","260","0.3","10","0","pos","small-world","105","63.73831775700934","62.37816764132553","64.99102333931778"
"30","260","0.3","10","0","pos","small-world","106","63.83177570093458","62.57309941520468","64.99102333931778"
"30","260","0.3","10","0","pos","small-world","107","63.925233644859816","62.768031189083814","64.99102333931778"
"30","260","0.3","10","0","pos","small-world","108","64.20560747663552","62.768031189083814","65.52962298025135"
"30","260","0.3","10","0","pos","small-world","109","64.39252336448598","62.96296296296296","65.70915619389586"
"30","260","0.3","10","0","pos","small-world","110","64.39252336448598","63.35282651072125","65.35008976660683"
"30","260","0.3","10","0","pos","small-world","111","64.39252336448598","63.35282651072125","65.35008976660683"
"30","260","0.3","10","0","pos","small-world","112","64.29906542056075","63.35282651072125","65.1705565529623"
"30","260","0.3","10","0","pos","small-world","113","64.20560747663552","63.547758284600384","64.81149012567326"
"30","260","0.3","10","0","pos","small-world","114","63.925233644859816","63.1578947368421","64.63195691202873"
"30","260","0.3","10","0","pos","small-world","115","64.11214953271028","63.547758284600384","64.63195691202873"
"30","260","0.3","10","0","pos","small-world","116","64.29906542056075","63.547758284600384","64.99102333931778"
"30","260","0.3","10","0","pos","small-world","117","64.39252336448598","63.74269005847953","64.99102333931778"
"30","260","0.3","10","0","pos","small-world","118","64.29906542056075","63.547758284600384","64.99102333931778"
"30","260","0.3","10","0","pos","small-world","119","64.39252336448598","63.547758284600384","65.1705565529623"
"30","260","0.3","10","0","pos","small-world","120","64.67289719626169","63.74269005847953","65.52962298025135"
"30","260","0.3","10","0","pos","small-world","121","64.67289719626169","63.93762183235867","65.35008976660683"
"30","260","0.3","10","0","pos","small-world","122","64.76635514018692","63.93762183235867","65.52962298025135"
"30","260","0.3","10","0","pos","small-world","123","64.76635514018692","63.93762183235867","65.52962298025135"
"30","260","0.3","10","0","pos","small-world","124","64.57943925233644","63.547758284600384","65.52962298025135"
"30","260","0.3","10","0","pos","small-world","125","64.57943925233644","63.547758284600384","65.52962298025135"
"30","260","0.3","10","0","pos","small-world","126","64.76635514018692","63.74269005847953","65.70915619389586"
"30","260","0.3","10","0","pos","small-world","127","64.57943925233644","63.74269005847953","65.35008976660683"
"30","260","0.3","10","0","pos","small-world","128","64.57943925233644","63.547758284600384","65.52962298025135"
"30","260","0.3","10","0","pos","small-world","129","64.57943925233644","63.547758284600384","65.52962298025135"
"30","260","0.3","10","0","pos","small-world","130","64.67289719626169","63.74269005847953","65.52962298025135"
"30","260","0.3","10","0","pos","small-world","131","64.57943925233644","63.93762183235867","65.1705565529623"
"30","260","0.3","10","0","pos","small-world","132","64.57943925233644","64.13255360623782","64.99102333931778"
"30","260","0.3","10","0","pos","small-world","133","64.85981308411215","64.32748538011695","65.35008976660683"
"30","260","0.3","10","0","pos","small-world","134","65.04672897196262","64.5224171539961","65.52962298025135"
"30","260","0.3","10","0","pos","small-world","135","64.95327102803739","64.32748538011695","65.52962298025135"
"30","260","0.3","10","0","pos","small-world","136","65.23364485981308","64.71734892787524","65.70915619389586"
"30","260","0.3","10","0","pos","small-world","137","65.23364485981308","64.71734892787524","65.70915619389586"
"30","260","0.3","10","0","pos","small-world","138","65.51401869158879","64.71734892787524","66.24775583482945"
"30","260","0.3","10","0","pos","small-world","139","65.60747663551402","64.71734892787524","66.42728904847397"
"30","260","0.3","10","0","pos","small-world","140","65.42056074766354","64.5224171539961","66.24775583482945"
"30","260","0.3","10","0","pos","small-world","141","65.42056074766354","64.32748538011695","66.42728904847397"
"30","260","0.3","10","0","pos","small-world","142","65.51401869158879","64.32748538011695","66.6068222621185"
"30","260","0.3","10","0","pos","small-world","143","65.42056074766354","64.13255360623782","66.6068222621185"
"30","260","0.3","10","0","pos","small-world","144","65.70093457943925","64.5224171539961","66.78635547576302"
"30","260","0.3","10","0","pos","small-world","145","65.70093457943925","64.5224171539961","66.78635547576302"
"30","260","0.3","10","0","pos","small-world","146","65.7943925233645","64.71734892787524","66.78635547576302"
"30","260","0.3","10","0","pos","small-world","147","65.51401869158879","64.71734892787524","66.24775583482945"
"30","260","0.3","10","0","pos","small-world","148","65.60747663551402","64.91228070175438","66.24775583482945"
"30","260","0.3","10","0","pos","small-world","149","65.51401869158879","64.71734892787524","66.24775583482945"
"30","260","0.3","10","0","pos","small-world","150","65.51401869158879","64.91228070175438","66.06822262118493"
"30","260","0.3","10","0","pos","small-world","151","65.32710280373831","64.5224171539961","66.06822262118493"
"30","260","0.3","10","0","pos","small-world","152","65.23364485981308","64.5224171539961","65.8886894075404"
"30","260","0.3","10","0","pos","small-world","153","65.32710280373831","64.71734892787524","65.8886894075404"
"30","260","0.3","10","0","pos","small-world","154","65.23364485981308","64.5224171539961","65.8886894075404"
"30","260","0.3","10","0","pos","small-world","155","64.95327102803739","63.93762183235867","65.8886894075404"
"30","260","0.3","10","0","pos","small-world","156","65.14018691588785","64.32748538011695","65.8886894075404"
"30","260","0.3","10","0","pos","small-world","157","65.04672897196262","64.5224171539961","65.52962298025135"
"30","260","0.3","10","0","pos","small-world","158","65.14018691588785","64.5224171539961","65.70915619389586"
"30","260","0.3","10","0","pos","small-world","159","65.14018691588785","64.5224171539961","65.70915619389586"
"30","260","0.3","10","0","pos","small-world","160","65.23364485981308","64.5224171539961","65.8886894075404"
"30","260","0.3","10","0","pos","small-world","161","65.23364485981308","64.5224171539961","65.8886894075404"
"30","260","0.3","10","0","pos","small-world","162","65.32710280373831","64.71734892787524","65.8886894075404"
"30","260","0.3","10","0","pos","small-world","163","65.51401869158879","64.91228070175438","66.06822262118493"
"30","260","0.3","10","0","pos","small-world","164","65.60747663551402","65.10721247563353","66.06822262118493"
"30","260","0.3","10","0","pos","small-world","165","65.70093457943925","65.30214424951268","66.06822262118493"
"30","260","0.3","10","0","pos","small-world","166","65.70093457943925","65.49707602339181","65.8886894075404"
"30","260","0.3","10","0","pos","small-world","167","65.60747663551402","65.30214424951268","65.8886894075404"
"30","260","0.3","10","0","pos","small-world","168","65.60747663551402","65.30214424951268","65.8886894075404"
"30","260","0.3","10","0","pos","small-world","169","65.60747663551402","65.30214424951268","65.8886894075404"
"30","260","0.3","10","0","pos","small-world","170","65.70093457943925","65.30214424951268","66.06822262118493"
"30","260","0.3","10","0","pos","small-world","171","65.42056074766354","65.30214424951268","65.52962298025135"
"30","260","0.3","10","0","pos","small-world","172","65.04672897196262","64.91228070175438","65.1705565529623"
"30","260","0.3","10","0","pos","small-world","173","65.04672897196262","64.91228070175438","65.1705565529623"
"30","260","0.3","10","0","pos","small-world","174","64.95327102803739","64.71734892787524","65.1705565529623"
"30","260","0.3","10","0","pos","small-world","175","65.32710280373831","65.69200779727096","64.99102333931778"
"30","260","0.3","10","0","pos","small-world","176","65.32710280373831","65.8869395711501","64.81149012567326"
"30","260","0.3","10","0","pos","small-world","177","65.51401869158879","65.8869395711501","65.1705565529623"
"30","260","0.3","10","0","pos","small-world","178","65.60747663551402","65.8869395711501","65.35008976660683"
"30","260","0.3","10","0","pos","small-world","179","65.70093457943925","66.08187134502924","65.35008976660683"
"30","260","0.3","10","0","pos","small-world","180","65.98130841121495","66.27680311890838","65.70915619389586"
"30","260","0.3","10","0","pos","small-world","181","65.88785046728972","66.08187134502924","65.70915619389586"
"30","260","0.3","10","0","pos","small-world","182","65.98130841121495","65.8869395711501","66.06822262118493"
"30","260","0.3","10","0","pos","small-world","183","65.88785046728972","65.69200779727096","66.06822262118493"
"30","260","0.3","10","0","pos","small-world","184","65.98130841121495","65.8869395711501","66.06822262118493"
"30","260","0.3","10","0","pos","small-world","185","65.7943925233645","65.69200779727096","65.8886894075404"
"30","260","0.3","10","0","pos","small-world","186","65.98130841121495","66.08187134502924","65.8886894075404"
"30","260","0.3","10","0","pos","small-world","187","65.88785046728972","66.08187134502924","65.70915619389586"
"30","260","0.3","10","0","pos","small-world","188","65.98130841121495","66.08187134502924","65.8886894075404"
"30","260","0.3","10","0","pos","small-world","189","66.07476635514018","66.08187134502924","66.06822262118493"
"30","260","0.3","10","0","pos","small-world","190","66.16822429906543","65.8869395711501","66.42728904847397"
"30","260","0.3","10","0","pos","small-world","191","66.16822429906543","66.08187134502924","66.24775583482945"
"30","260","0.3","10","0","pos","small-world","192","66.26168224299064","66.08187134502924","66.42728904847397"
"30","260","0.3","10","0","pos","small-world","193","66.16822429906543","65.8869395711501","66.42728904847397"
"30","260","0.3","10","0","pos","small-world","194","66.16822429906543","65.8869395711501","66.42728904847397"
"30","260","0.3","10","0","pos","small-world","195","66.26168224299064","66.08187134502924","66.42728904847397"
"30","260","0.3","10","0","pos","small-world","196","66.26168224299064","66.08187134502924","66.42728904847397"
"30","260","0.3","10","0","pos","small-world","197","66.54205607476635","66.27680311890838","66.78635547576302"
"30","260","0.3","10","0","pos","small-world","198","66.54205607476635","66.27680311890838","66.78635547576302"
"30","260","0.3","10","0","pos","small-world","199","66.6355140186916","66.08187134502924","67.14542190305207"
"30","260","0.3","10","0","pos","small-world","200","67.00934579439253","66.47173489278752","67.50448833034112"
"30","260","0.3","10","0","pos","small-world","201","67.00934579439253","66.47173489278752","67.50448833034112"
"30","260","0.3","10","0","pos","small-world","202","66.9158878504673","66.27680311890838","67.50448833034112"
"30","260","0.3","10","0","pos","small-world","203","67.00934579439253","66.47173489278752","67.50448833034112"
"30","260","0.3","10","0","pos","small-world","204","67.10280373831776","66.66666666666666","67.50448833034112"
"30","260","0.3","10","0","pos","small-world","205","67.28971962616822","66.66666666666666","67.86355475763017"
"30","260","0.3","10","0","pos","small-world","206","67.57009345794393","66.8615984405458","68.2226211849192"
"30","260","0.3","10","0","pos","small-world","207","67.7570093457944","67.05653021442495","68.40215439856372"
"30","260","0.3","10","0","pos","small-world","208","67.66355140186916","66.8615984405458","68.40215439856372"
"30","260","0.3","10","0","pos","small-world","209","67.66355140186916","66.8615984405458","68.40215439856372"
"30","260","0.3","10","0","pos","small-world","210","67.4766355140187","66.66666666666666","68.2226211849192"
"30","260","0.3","10","0","pos","small-world","211","67.57009345794393","66.66666666666666","68.40215439856372"
"30","260","0.3","10","0","pos","small-world","212","67.66355140186916","66.8615984405458","68.40215439856372"
"30","260","0.3","10","0","pos","small-world","213","67.85046728971963","66.8615984405458","68.76122082585279"
"30","260","0.3","10","0","pos","small-world","214","67.85046728971963","66.8615984405458","68.76122082585279"
"30","260","0.3","10","0","pos","small-world","215","67.7570093457944","66.8615984405458","68.58168761220826"
"30","260","0.3","10","0","pos","small-world","216","67.94392523364486","66.8615984405458","68.9407540394973"
"30","260","0.3","10","0","pos","small-world","217","67.94392523364486","66.8615984405458","68.9407540394973"
"30","260","0.3","10","0","pos","small-world","218","67.94392523364486","66.8615984405458","68.9407540394973"
"30","260","0.3","10","0","pos","small-world","219","67.85046728971963","66.66666666666666","68.9407540394973"
"30","260","0.3","10","0","pos","small-world","220","67.66355140186916","66.66666666666666","68.58168761220826"
"30","260","0.3","10","0","pos","small-world","221","67.85046728971963","66.8615984405458","68.76122082585279"
"30","260","0.3","10","0","pos","small-world","222","67.66355140186916","66.66666666666666","68.58168761220826"
"30","260","0.3","10","0","pos","small-world","223","67.66355140186916","66.66666666666666","68.58168761220826"
"30","260","0.3","10","0","pos","small-world","224","67.66355140186916","66.66666666666666","68.58168761220826"
"30","260","0.3","10","0","pos","small-world","225","67.66355140186916","66.66666666666666","68.58168761220826"
"30","260","0.3","10","0","pos","small-world","226","67.57009345794393","66.66666666666666","68.40215439856372"
"30","260","0.3","10","0","pos","small-world","227","67.66355140186916","66.47173489278752","68.76122082585279"
"30","260","0.3","10","0","pos","small-world","228","67.66355140186916","66.66666666666666","68.58168761220826"
"30","260","0.3","10","0","pos","small-world","229","67.66355140186916","66.66666666666666","68.58168761220826"
"30","260","0.3","10","0","pos","small-world","230","67.7570093457944","66.66666666666666","68.76122082585279"
"30","260","0.3","10","0","pos","small-world","231","67.85046728971963","66.66666666666666","68.9407540394973"
"30","260","0.3","10","0","pos","small-world","232","67.94392523364486","67.05653021442495","68.76122082585279"
"30","260","0.3","10","0","pos","small-world","233","68.03738317757009","67.05653021442495","68.9407540394973"
"30","260","0.3","10","0","pos","small-world","234","67.85046728971963","66.66666666666666","68.9407540394973"
"30","260","0.3","10","0","pos","small-world","235","67.7570093457944","66.27680311890838","69.12028725314184"
"30","260","0.3","10","0","pos","small-world","236","67.66355140186916","66.08187134502924","69.12028725314184"
"30","260","0.3","10","0","pos","small-world","237","67.57009345794393","66.08187134502924","68.9407540394973"
"30","260","0.3","10","0","pos","small-world","238","67.66355140186916","66.08187134502924","69.12028725314184"
"30","260","0.3","10","0","pos","small-world","239","67.4766355140187","65.69200779727096","69.12028725314184"
"30","260","0.3","10","0","pos","small-world","240","67.57009345794393","65.8869395711501","69.12028725314184"
"30","260","0.3","10","0","pos","small-world","241","67.4766355140187","65.69200779727096","69.12028725314184"
"30","260","0.3","10","0","pos","small-world","242","67.4766355140187","65.69200779727096","69.12028725314184"
"30","260","0.3","10","0","pos","small-world","243","67.57009345794393","65.69200779727096","69.29982046678636"
"30","260","0.3","10","0","pos","small-world","244","67.4766355140187","65.49707602339181","69.29982046678636"
"30","260","0.3","10","0","pos","small-world","245","67.57009345794393","65.49707602339181","69.47935368043088"
"30","260","0.3","10","0","pos","small-world","246","67.66355140186916","65.69200779727096","69.47935368043088"
"30","260","0.3","10","0","pos","small-world","247","67.66355140186916","65.69200779727096","69.47935368043088"
"30","260","0.3","10","0","pos","small-world","248","67.85046728971963","65.8869395711501","69.6588868940754"
"30","260","0.3","10","0","pos","small-world","249","67.85046728971963","66.08187134502924","69.47935368043088"
"30","260","0.3","10","0","pos","small-world","250","67.94392523364486","66.27680311890838","69.47935368043088"
"30","260","0.3","10","0","pos","small-world","251","68.03738317757009","66.47173489278752","69.47935368043088"
"30","260","0.3","10","0","pos","small-world","252","67.94392523364486","66.27680311890838","69.47935368043088"
"30","260","0.3","10","0","pos","small-world","253","68.03738317757009","66.27680311890838","69.6588868940754"
"30","260","0.3","10","0","pos","small-world","254","67.94392523364486","66.27680311890838","69.47935368043088"
"30","260","0.3","10","0","pos","small-world","255","67.94392523364486","66.27680311890838","69.47935368043088"
"30","260","0.3","10","0","pos","small-world","256","68.13084112149532","66.47173489278752","69.6588868940754"
"30","260","0.3","10","0","pos","small-world","257","68.13084112149532","66.66666666666666","69.47935368043088"
"30","260","0.3","10","0","pos","small-world","258","68.22429906542055","66.8615984405458","69.47935368043088"
"30","260","0.3","10","0","pos","small-world","259","68.3177570093458","67.05653021442495","69.47935368043088"
