"BehaviorSpace results (NetLogo 7.0.2)","Table version 2.0"
"modelo_redes_preferenciales.nlogox"
"main-pattern-positive-fixed-pref"
"06/22/2026 04:03:27:738 -0500"
"min-pxcor","max-pxcor","min-pycor","max-pycor"
"-16","16","-16","16"
"[run number]","total-ticks","learning-rate","pairs-per-tick","confidence-threshold","influence-type","[step]","percentage-A","percentage-B","male-percentage-A","female-percentage-A"
"9","260","0.4","20","0","pos","0","60.5607476635514","39.4392523364486","59.06432748538012","61.93895870736086"
"2","260","0.2","10","0","pos","0","60.5607476635514","39.4392523364486","59.06432748538012","61.93895870736086"
"8","260","0.3","20","0","pos","0","60.5607476635514","39.4392523364486","59.06432748538012","61.93895870736086"
"1","260","0.1","10","0","pos","0","60.5607476635514","39.4392523364486","59.06432748538012","61.93895870736086"
"12","260","0.2","30","0","pos","0","60.5607476635514","39.4392523364486","59.06432748538012","61.93895870736086"
"6","260","0.1","20","0","pos","0","60.5607476635514","39.4392523364486","59.06432748538012","61.93895870736086"
"7","260","0.2","20","0","pos","0","60.5607476635514","39.4392523364486","59.06432748538012","61.93895870736086"
"4","260","0.4","10","0","pos","0","60.5607476635514","39.4392523364486","59.06432748538012","61.93895870736086"
"11","260","0.1","30","0","pos","0","60.5607476635514","39.4392523364486","59.06432748538012","61.93895870736086"
"3","260","0.3","10","0","pos","0","60.5607476635514","39.4392523364486","59.06432748538012","61.93895870736086"
"5","260","0.5","10","0","pos","0","60.5607476635514","39.4392523364486","59.06432748538012","61.93895870736086"
"10","260","0.5","20","0","pos","0","60.5607476635514","39.4392523364486","59.06432748538012","61.93895870736086"
"2","260","0.2","10","0","pos","69","61.96261682242991","38.03738317757009","59.84405458089669","63.91382405745063"
"6","260","0.1","20","0","pos","69","62.616822429906534","37.38317757009346","61.20857699805068","63.91382405745063"
"8","260","0.3","20","0","pos","69","60.93457943925233","39.06542056074767","60.81871345029239","61.04129263913825"
"9","260","0.4","20","0","pos","69","64.95327102803739","35.046728971962615","63.74269005847953","66.06822262118493"
"10","260","0.5","20","0","pos","69","61.77570093457943","38.22429906542056","61.01364522417154","62.47755834829444"
"11","260","0.1","30","0","pos","69","62.89719626168224","37.10280373831776","61.98830409356725","63.73429084380611"
"4","260","0.4","10","0","pos","69","62.80373831775701","37.19626168224299","61.98830409356725","63.55475763016158"
"1","260","0.1","10","0","pos","69","61.40186915887851","38.598130841121495","60.42884990253411","62.29802513464991"
"12","260","0.2","30","0","pos","69","64.01869158878505","35.981308411214954","61.59844054580896","66.24775583482945"
"5","260","0.5","10","0","pos","69","62.99065420560748","37.00934579439252","62.57309941520468","63.37522441651705"
"3","260","0.3","10","0","pos","69","60.18691588785047","39.81308411214953","57.1150097465887","63.016157989228006"
"7","260","0.2","20","0","pos","69","62.24299065420561","37.75700934579439","61.01364522417154","63.37522441651705"
"6","260","0.1","20","0","pos","166","64.11214953271028","35.88785046728972","63.93762183235867","64.27289048473968"
"8","260","0.3","20","0","pos","166","64.57943925233644","35.42056074766355","63.93762183235867","65.1705565529623"
"9","260","0.4","20","0","pos","166","67.94392523364486","32.05607476635514","65.30214424951268","70.3770197486535"
"4","260","0.4","10","0","pos","166","63.73831775700934","36.26168224299066","63.1578947368421","64.27289048473968"
"10","260","0.5","20","0","pos","166","64.01869158878505","35.981308411214954","63.547758284600384","64.4524236983842"
"11","260","0.1","30","0","pos","166","65.42056074766354","34.57943925233645","64.32748538011695","66.42728904847397"
"2","260","0.2","10","0","pos","166","61.49532710280374","38.504672897196265","59.06432748538012","63.73429084380611"
"3","260","0.3","10","0","pos","166","62.24299065420561","37.75700934579439","58.0896686159844","66.06822262118493"
"1","260","0.1","10","0","pos","166","60.5607476635514","39.4392523364486","60.23391812865497","60.86175942549371"
"12","260","0.2","30","0","pos","166","67.94392523364486","32.05607476635514","66.8615984405458","68.9407540394973"
"6","260","0.1","20","0","pos","259","64.57943925233644","35.42056074766355","64.32748538011695","64.81149012567326"
"7","260","0.2","20","0","pos","166","63.084112149532714","36.915887850467286","61.40350877192983","64.63195691202873"
"5","260","0.5","10","0","pos","166","64.20560747663552","35.794392523364486","64.13255360623782","64.27289048473968"
"9","260","0.4","20","0","pos","259","70.65420560747664","29.345794392523366","69.00584795321637","72.17235188509873"
"10","260","0.5","20","0","pos","259","66.26168224299064","33.73831775700935","65.69200779727096","66.78635547576302"
"4","260","0.4","10","0","pos","259","66.82242990654206","33.177570093457945","65.8869395711501","67.68402154398564"
"8","260","0.3","20","0","pos","259","67.7570093457944","32.242990654205606","66.08187134502924","69.29982046678636"
"2","260","0.2","10","0","pos","259","61.49532710280374","38.504672897196265","59.64912280701754","63.19569120287253"
"11","260","0.1","30","0","pos","259","68.3177570093458","31.68224299065421","67.05653021442495","69.47935368043088"
"3","260","0.3","10","0","pos","259","63.925233644859816","36.074766355140184","59.84405458089669","67.68402154398564"
"1","260","0.1","10","0","pos","259","61.308411214953274","38.691588785046726","60.42884990253411","62.11849192100538"
"7","260","0.2","20","0","pos","259","65.14018691588785","34.859813084112155","62.96296296296296","67.14542190305207"
"5","260","0.5","10","0","pos","259","65.14018691588785","34.859813084112155","64.13255360623782","66.06822262118493"
"12","260","0.2","30","0","pos","259","70.65420560747664","29.345794392523366","69.78557504873294","71.45421903052065"
"14","260","0.4","30","0","pos","0","60.5607476635514","39.4392523364486","59.06432748538012","61.93895870736086"
"17","260","0.2","40","0","pos","0","60.5607476635514","39.4392523364486","59.06432748538012","61.93895870736086"
"16","260","0.1","40","0","pos","0","60.5607476635514","39.4392523364486","59.06432748538012","61.93895870736086"
"17","260","0.2","40","0","pos","69","63.45794392523364","36.54205607476636","61.20857699805068","65.52962298025135"
"19","260","0.4","40","0","pos","0","60.5607476635514","39.4392523364486","59.06432748538012","61.93895870736086"
"15","260","0.5","30","0","pos","0","60.5607476635514","39.4392523364486","59.06432748538012","61.93895870736086"
"20","260","0.5","40","0","pos","0","60.5607476635514","39.4392523364486","59.06432748538012","61.93895870736086"
"16","260","0.1","40","0","pos","69","62.89719626168224","37.10280373831776","62.57309941520468","63.19569120287253"
"18","260","0.3","40","0","pos","0","60.5607476635514","39.4392523364486","59.06432748538012","61.93895870736086"
"13","260","0.3","30","0","pos","0","60.5607476635514","39.4392523364486","59.06432748538012","61.93895870736086"
"15","260","0.5","30","0","pos","69","66.35514018691589","33.64485981308411","66.47173489278752","66.24775583482945"
"14","260","0.4","30","0","pos","69","61.308411214953274","38.691588785046726","58.0896686159844","64.27289048473968"
"23","260","0.3","50","0","pos","0","60.5607476635514","39.4392523364486","59.06432748538012","61.93895870736086"
"17","260","0.2","40","0","pos","166","68.78504672897196","31.21495327102804","65.8869395711501","71.45421903052065"
"21","260","0.1","50","0","pos","0","60.5607476635514","39.4392523364486","59.06432748538012","61.93895870736086"
"22","260","0.2","50","0","pos","0","60.5607476635514","39.4392523364486","59.06432748538012","61.93895870736086"
"20","260","0.5","40","0","pos","69","65.7943925233645","34.205607476635514","64.91228070175438","66.6068222621185"
"19","260","0.4","40","0","pos","69","63.084112149532714","36.915887850467286","61.01364522417154","64.99102333931778"
"18","260","0.3","40","0","pos","69","64.29906542056075","35.700934579439256","64.32748538011695","64.27289048473968"
"23","260","0.3","50","0","pos","69","66.07476635514018","33.925233644859816","64.32748538011695","67.68402154398564"
"21","260","0.1","50","0","pos","69","62.99065420560748","37.00934579439252","62.37816764132553","63.55475763016158"
"13","260","0.3","30","0","pos","69","63.925233644859816","36.074766355140184","62.37816764132553","65.35008976660683"
"17","260","0.2","40","0","pos","259","71.68224299065422","28.317757009345794","69.00584795321637","74.1472172351885"
"16","260","0.1","40","0","pos","166","65.88785046728972","34.112149532710276","65.8869395711501","65.8886894075404"
"24","260","0.4","50","0","pos","0","60.5607476635514","39.4392523364486","59.06432748538012","61.93895870736086"
"15","260","0.5","30","0","pos","166","71.68224299065422","28.317757009345794","72.12475633528264","71.27468581687613"
"22","260","0.2","50","0","pos","69","65.88785046728972","34.112149532710276","66.8615984405458","64.99102333931778"
"14","260","0.4","30","0","pos","166","66.72897196261682","33.271028037383175","65.30214424951268","68.04308797127469"
"20","260","0.5","40","0","pos","166","73.55140186915888","26.448598130841123","72.70955165692008","74.32675044883304"
"18","260","0.3","40","0","pos","166","69.4392523364486","30.560747663551403","68.81091617933723","70.01795332136446"
"16","260","0.1","40","0","pos","259","68.41121495327103","31.588785046728972","68.2261208576998","68.58168761220826"
"21","260","0.1","50","0","pos","166","64.67289719626169","35.32710280373832","64.13255360623782","65.1705565529623"
"15","260","0.5","30","0","pos","259","74.67289719626167","25.327102803738317","74.6588693957115","74.68581687612208"
"19","260","0.4","40","0","pos","166","68.78504672897196","31.21495327102804","69.98050682261209","67.68402154398564"
"13","260","0.3","30","0","pos","166","66.54205607476635","33.45794392523365","67.05653021442495","66.06822262118493"
"24","260","0.4","50","0","pos","69","65.7943925233645","34.205607476635514","64.5224171539961","66.96588868940754"
"22","260","0.2","50","0","pos","166","71.49532710280374","28.504672897196258","71.34502923976608","71.63375224416517"
"20","260","0.5","40","0","pos","259","74.85981308411215","25.140186915887853","74.26900584795322","75.40394973070018"
"23","260","0.3","50","0","pos","166","72.80373831775701","27.19626168224299","70.9551656920078","74.50628366247756"
"25","260","0.5","50","0","pos","0","60.5607476635514","39.4392523364486","59.06432748538012","61.93895870736086"
"21","260","0.1","50","0","pos","259","66.6355140186916","33.36448598130841","67.05653021442495","66.24775583482945"
"13","260","0.3","30","0","pos","259","70.37383177570094","29.626168224299064","71.34502923976608","69.47935368043088"
"18","260","0.3","40","0","pos","259","72.42990654205607","27.570093457943923","72.31968810916179","72.5314183123878"
"24","260","0.4","50","0","pos","166","72.24299065420561","27.757009345794394","70.9551656920078","73.4290843806104"
"14","260","0.4","30","0","pos","259","68.3177570093458","31.68224299065421","66.08187134502924","70.3770197486535"
"25","260","0.5","50","0","pos","69","64.85981308411215","35.14018691588785","62.768031189083814","66.78635547576302"
"22","260","0.2","50","0","pos","259","75.70093457943925","24.299065420560748","74.6588693957115","76.66068222621185"
"19","260","0.4","40","0","pos","259","71.49532710280374","28.504672897196258","73.09941520467837","70.01795332136446"
"26","260","0.1","10","0","pos","0","60.5607476635514","39.4392523364486","59.06432748538012","61.93895870736086"
"23","260","0.3","50","0","pos","259","75.42056074766356","24.57943925233645","73.2943469785575","77.37881508078995"
"24","260","0.4","50","0","pos","259","75.42056074766356","24.57943925233645","74.26900584795322","76.48114901256733"
"25","260","0.5","50","0","pos","166","71.77570093457943","28.22429906542056","70.37037037037037","73.07001795332137"
"28","260","0.3","10","0","pos","0","60.5607476635514","39.4392523364486","59.06432748538012","61.93895870736086"
"27","260","0.2","10","0","pos","0","60.5607476635514","39.4392523364486","59.06432748538012","61.93895870736086"
"26","260","0.1","10","0","pos","69","60.46728971962617","39.532710280373834","59.4541910331384","61.40035906642729"
"27","260","0.2","10","0","pos","69","61.02803738317757","38.97196261682243","59.4541910331384","62.47755834829444"
"28","260","0.3","10","0","pos","69","61.21495327102804","38.78504672897196","59.64912280701754","62.65709156193896"
"29","260","0.4","10","0","pos","0","60.5607476635514","39.4392523364486","59.06432748538012","61.93895870736086"
"26","260","0.1","10","0","pos","166","60.93457943925233","39.06542056074767","59.84405458089669","61.93895870736086"
"25","260","0.5","50","0","pos","259","77.00934579439253","22.990654205607477","75.6335282651072","78.27648114901257"
"35","260","0.5","20","0","pos","0","60.5607476635514","39.4392523364486","59.06432748538012","61.93895870736086"
"27","260","0.2","10","0","pos","166","63.45794392523364","36.54205607476636","61.20857699805068","65.52962298025135"
"35","260","0.5","20","0","pos","69","63.64485981308411","36.35514018691588","62.57309941520468","64.63195691202873"
"27","260","0.2","10","0","pos","259","64.76635514018692","35.23364485981308","61.40350877192983","67.86355475763017"
"36","260","0.1","30","0","pos","0","60.5607476635514","39.4392523364486","59.06432748538012","61.93895870736086"
"28","260","0.3","10","0","pos","166","61.86915887850467","38.13084112149533","59.84405458089669","63.73429084380611"
"33","260","0.3","20","0","pos","0","60.5607476635514","39.4392523364486","59.06432748538012","61.93895870736086"
"29","260","0.4","10","0","pos","69","62.33644859813084","37.663551401869164","61.98830409356725","62.65709156193896"
"31","260","0.1","20","0","pos","0","60.5607476635514","39.4392523364486","59.06432748538012","61.93895870736086"
"26","260","0.1","10","0","pos","259","61.12149532710281","38.87850467289719","59.84405458089669","62.29802513464991"
"32","260","0.2","20","0","pos","0","60.5607476635514","39.4392523364486","59.06432748538012","61.93895870736086"
"36","260","0.1","30","0","pos","69","61.96261682242991","38.03738317757009","59.84405458089669","63.91382405745063"
"34","260","0.4","20","0","pos","0","60.5607476635514","39.4392523364486","59.06432748538012","61.93895870736086"
"33","260","0.3","20","0","pos","69","62.05607476635514","37.94392523364486","59.4541910331384","64.4524236983842"
"35","260","0.5","20","0","pos","166","68.87850467289721","31.121495327102807","67.64132553606238","70.01795332136446"
"34","260","0.4","20","0","pos","69","65.23364485981308","34.76635514018692","63.35282651072125","66.96588868940754"
"30","260","0.5","10","0","pos","0","60.5607476635514","39.4392523364486","59.06432748538012","61.93895870736086"
"36","260","0.1","30","0","pos","166","64.85981308411215","35.14018691588785","63.74269005847953","65.8886894075404"
"37","260","0.2","30","0","pos","0","60.5607476635514","39.4392523364486","59.06432748538012","61.93895870736086"
"32","260","0.2","20","0","pos","69","59.813084112149525","40.18691588785047","58.28460038986355","61.22082585278277"
"31","260","0.1","20","0","pos","69","60.93457943925233","39.06542056074767","59.4541910331384","62.29802513464991"
"28","260","0.3","10","0","pos","259","62.616822429906534","37.38317757009346","61.01364522417154","64.09335727109516"
"33","260","0.3","20","0","pos","166","64.67289719626169","35.32710280373832","62.1832358674464","66.96588868940754"
"37","260","0.2","30","0","pos","69","63.83177570093458","36.16822429906542","62.57309941520468","64.99102333931778"
"38","260","0.3","30","0","pos","0","60.5607476635514","39.4392523364486","59.06432748538012","61.93895870736086"
"29","260","0.4","10","0","pos","166","64.11214953271028","35.88785046728972","62.1832358674464","65.8886894075404"
"35","260","0.5","20","0","pos","259","72.14953271028037","27.850467289719628","70.17543859649122","73.96768402154399"
"36","260","0.1","30","0","pos","259","65.70093457943925","34.29906542056075","64.71734892787524","66.6068222621185"
"34","260","0.4","20","0","pos","166","67.10280373831776","32.89719626168225","67.05653021442495","67.14542190305207"
"30","260","0.5","10","0","pos","69","62.616822429906534","37.38317757009346","61.01364522417154","64.09335727109516"
"32","260","0.2","20","0","pos","166","62.33644859813084","37.663551401869164","61.40350877192983","63.19569120287253"
"37","260","0.2","30","0","pos","166","65.98130841121495","34.018691588785046","65.10721247563353","66.78635547576302"
"33","260","0.3","20","0","pos","259","67.38317757009345","32.61682242990654","65.30214424951268","69.29982046678636"
"39","260","0.4","30","0","pos","0","60.5607476635514","39.4392523364486","59.06432748538012","61.93895870736086"
"31","260","0.1","20","0","pos","166","64.01869158878505","35.981308411214954","61.59844054580896","66.24775583482945"
"34","260","0.4","20","0","pos","259","69.06542056074765","30.934579439252335","69.00584795321637","69.12028725314184"
"38","260","0.3","30","0","pos","69","62.89719626168224","37.10280373831776","60.42884990253411","65.1705565529623"
"29","260","0.4","10","0","pos","259","64.76635514018692","35.23364485981308","63.93762183235867","65.52962298025135"
"42","260","0.2","40","0","pos","0","60.5607476635514","39.4392523364486","59.06432748538012","61.93895870736086"
"39","260","0.4","30","0","pos","69","64.57943925233644","35.42056074766355","65.10721247563353","64.09335727109516"
"32","260","0.2","20","0","pos","259","65.23364485981308","34.76635514018692","64.13255360623782","66.24775583482945"
"30","260","0.5","10","0","pos","166","63.73831775700934","36.26168224299066","60.62378167641326","66.6068222621185"
"41","260","0.1","40","0","pos","0","60.5607476635514","39.4392523364486","59.06432748538012","61.93895870736086"
"42","260","0.2","40","0","pos","69","63.36448598130842","36.63551401869159","62.57309941520468","64.09335727109516"
"31","260","0.1","20","0","pos","259","64.11214953271028","35.88785046728972","62.1832358674464","65.8886894075404"
"37","260","0.2","30","0","pos","259","68.13084112149532","31.86915887850467","66.47173489278752","69.6588868940754"
"40","260","0.5","30","0","pos","0","60.5607476635514","39.4392523364486","59.06432748538012","61.93895870736086"
"38","260","0.3","30","0","pos","166","66.35514018691589","33.64485981308411","65.49707602339181","67.14542190305207"
"43","260","0.3","40","0","pos","0","60.5607476635514","39.4392523364486","59.06432748538012","61.93895870736086"
"39","260","0.4","30","0","pos","166","69.71962616822431","30.2803738317757","70.9551656920078","68.58168761220826"
"41","260","0.1","40","0","pos","69","61.77570093457943","38.22429906542056","61.40350877192983","62.11849192100538"
"42","260","0.2","40","0","pos","166","68.3177570093458","31.68224299065421","69.00584795321637","67.68402154398564"
"30","260","0.5","10","0","pos","259","66.35514018691589","33.64485981308411","62.96296296296296","69.47935368043088"
"43","260","0.3","40","0","pos","69","65.14018691588785","34.859813084112155","65.10721247563353","65.1705565529623"
"39","260","0.4","30","0","pos","259","71.86915887850466","28.130841121495326","71.15009746588694","72.5314183123878"
"45","260","0.5","40","0","pos","0","60.5607476635514","39.4392523364486","59.06432748538012","61.93895870736086"
"44","260","0.4","40","0","pos","0","60.5607476635514","39.4392523364486","59.06432748538012","61.93895870736086"
"38","260","0.3","30","0","pos","259","68.78504672897196","31.21495327102804","69.39571150097466","68.2226211849192"
"40","260","0.5","30","0","pos","69","62.05607476635514","37.94392523364486","60.81871345029239","63.19569120287253"
"42","260","0.2","40","0","pos","259","71.77570093457943","28.22429906542056","71.73489278752436","71.8132854578097"
"45","260","0.5","40","0","pos","69","67.00934579439253","32.99065420560748","65.69200779727096","68.2226211849192"
"46","260","0.1","50","0","pos","0","60.5607476635514","39.4392523364486","59.06432748538012","61.93895870736086"
"44","260","0.4","40","0","pos","69","63.27102803738318","36.728971962616825","61.79337231968811","64.63195691202873"
"41","260","0.1","40","0","pos","166","63.084112149532714","36.915887850467286","61.98830409356725","64.09335727109516"
"46","260","0.1","50","0","pos","69","61.40186915887851","38.598130841121495","59.4541910331384","63.19569120287253"
"48","260","0.3","50","0","pos","0","60.5607476635514","39.4392523364486","59.06432748538012","61.93895870736086"
"44","260","0.4","40","0","pos","166","68.13084112149532","31.86915887850467","66.08187134502924","70.01795332136446"
"40","260","0.5","30","0","pos","166","69.90654205607477","30.093457943925234","69.20077972709552","70.55655296229803"
"43","260","0.3","40","0","pos","166","69.34579439252336","30.654205607476637","72.12475633528264","66.78635547576302"
"50","260","0.5","50","0","pos","0","60.5607476635514","39.4392523364486","59.06432748538012","61.93895870736086"
"47","260","0.2","50","0","pos","0","60.5607476635514","39.4392523364486","59.06432748538012","61.93895870736086"
"41","260","0.1","40","0","pos","259","65.04672897196262","34.953271028037385","63.74269005847953","66.24775583482945"
"45","260","0.5","40","0","pos","166","71.68224299065422","28.317757009345794","69.5906432748538","73.60861759425494"
"40","260","0.5","30","0","pos","259","73.55140186915888","26.448598130841123","73.2943469785575","73.78815080789947"
"46","260","0.1","50","0","pos","166","64.11214953271028","35.88785046728972","62.37816764132553","65.70915619389586"
"49","260","0.4","50","0","pos","0","60.5607476635514","39.4392523364486","59.06432748538012","61.93895870736086"
"48","260","0.3","50","0","pos","69","66.6355140186916","33.36448598130841","67.64132553606238","65.70915619389586"
"52","260","0.2","10","0","pos","0","60.5607476635514","39.4392523364486","59.06432748538012","61.93895870736086"
"47","260","0.2","50","0","pos","69","63.55140186915887","36.44859813084112","63.74269005847953","63.37522441651705"
"50","260","0.5","50","0","pos","69","66.72897196261682","33.271028037383175","68.2261208576998","65.35008976660683"
"43","260","0.3","40","0","pos","259","71.68224299065422","28.317757009345794","74.26900584795322","69.29982046678636"
"45","260","0.5","40","0","pos","259","76.82242990654206","23.177570093457945","75.6335282651072","77.91741472172352"
"44","260","0.4","40","0","pos","259","71.02803738317756","28.971962616822427","68.81091617933723","73.07001795332137"
"51","260","0.1","10","0","pos","0","60.5607476635514","39.4392523364486","59.06432748538012","61.93895870736086"
"46","260","0.1","50","0","pos","259","65.32710280373831","34.67289719626168","62.96296296296296","67.50448833034112"
"52","260","0.2","10","0","pos","69","60.46728971962617","39.532710280373834","58.86939571150097","61.93895870736086"
"51","260","0.1","10","0","pos","69","60.8411214953271","39.15887850467289","59.84405458089669","61.759425493716336"
"49","260","0.4","50","0","pos","69","67.00934579439253","32.99065420560748","65.8869395711501","68.04308797127469"
"48","260","0.3","50","0","pos","166","71.96261682242991","28.037383177570092","73.2943469785575","70.73608617594255"
"54","260","0.4","10","0","pos","0","60.5607476635514","39.4392523364486","59.06432748538012","61.93895870736086"
"47","260","0.2","50","0","pos","166","68.03738317757009","31.962616822429908","68.03118908382066","68.04308797127469"
"50","260","0.5","50","0","pos","166","71.68224299065422","28.317757009345794","73.09941520467837","70.3770197486535"
"54","260","0.4","10","0","pos","69","61.21495327102804","38.78504672897196","60.62378167641326","61.759425493716336"
"53","260","0.3","10","0","pos","0","60.5607476635514","39.4392523364486","59.06432748538012","61.93895870736086"
"51","260","0.1","10","0","pos","166","61.02803738317757","38.97196261682243","59.64912280701754","62.29802513464991"
"53","260","0.3","10","0","pos","69","60.373831775700936","39.626168224299064","60.23391812865497","60.502692998204665"
"57","260","0.2","20","0","pos","0","60.5607476635514","39.4392523364486","59.06432748538012","61.93895870736086"
"52","260","0.2","10","0","pos","166","61.02803738317757","38.97196261682243","59.4541910331384","62.47755834829444"
"54","260","0.4","10","0","pos","166","63.64485981308411","36.35514018691588","61.79337231968811","65.35008976660683"
"50","260","0.5","50","0","pos","259","74.67289719626167","25.327102803738317","76.0233918128655","73.4290843806104"
"49","260","0.4","50","0","pos","166","71.02803738317756","28.971962616822427","72.31968810916179","69.83842010771993"
"48","260","0.3","50","0","pos","259","74.29906542056075","25.70093457943925","73.68421052631578","74.86535008976661"
"51","260","0.1","10","0","pos","259","61.6822429906542","38.31775700934579","59.84405458089669","63.37522441651705"
"55","260","0.5","10","0","pos","0","60.5607476635514","39.4392523364486","59.06432748538012","61.93895870736086"
"47","260","0.2","50","0","pos","259","71.40186915887851","28.598130841121495","70.56530214424951","72.17235188509873"
"53","260","0.3","10","0","pos","166","62.05607476635514","37.94392523364486","60.62378167641326","63.37522441651705"
"56","260","0.1","20","0","pos","0","60.5607476635514","39.4392523364486","59.06432748538012","61.93895870736086"
"49","260","0.4","50","0","pos","259","74.39252336448598","25.607476635514022","75.43859649122807","73.4290843806104"
"57","260","0.2","20","0","pos","69","63.084112149532714","36.915887850467286","61.20857699805068","64.81149012567326"
"58","260","0.3","20","0","pos","0","60.5607476635514","39.4392523364486","59.06432748538012","61.93895870736086"
"56","260","0.1","20","0","pos","69","60.747663551401864","39.25233644859813","60.62378167641326","60.86175942549371"
"52","260","0.2","10","0","pos","259","63.084112149532714","36.915887850467286","61.79337231968811","64.27289048473968"
"54","260","0.4","10","0","pos","259","65.42056074766354","34.57943925233645","64.13255360623782","66.6068222621185"
"55","260","0.5","10","0","pos","69","61.6822429906542","38.31775700934579","62.1832358674464","61.22082585278277"
"56","260","0.1","20","0","pos","166","60.747663551401864","39.25233644859813","60.42884990253411","61.04129263913825"
"59","260","0.4","20","0","pos","0","60.5607476635514","39.4392523364486","59.06432748538012","61.93895870736086"
"58","260","0.3","20","0","pos","69","61.6822429906542","38.31775700934579","59.84405458089669","63.37522441651705"
"53","260","0.3","10","0","pos","259","63.27102803738318","36.728971962616825","61.79337231968811","64.63195691202873"
"61","260","0.1","30","0","pos","0","60.5607476635514","39.4392523364486","59.06432748538012","61.93895870736086"
"55","260","0.5","10","0","pos","166","62.71028037383177","37.28971962616822","61.98830409356725","63.37522441651705"
"60","260","0.5","20","0","pos","0","60.5607476635514","39.4392523364486","59.06432748538012","61.93895870736086"
"62","260","0.2","30","0","pos","0","60.5607476635514","39.4392523364486","59.06432748538012","61.93895870736086"
"56","260","0.1","20","0","pos","259","61.588785046728965","38.41121495327103","60.81871345029239","62.29802513464991"
"57","260","0.2","20","0","pos","166","65.42056074766354","34.57943925233645","63.74269005847953","66.96588868940754"
"59","260","0.4","20","0","pos","69","62.05607476635514","37.94392523364486","59.25925925925925","64.63195691202873"
"64","260","0.4","30","0","pos","0","60.5607476635514","39.4392523364486","59.06432748538012","61.93895870736086"
"62","260","0.2","30","0","pos","69","61.96261682242991","38.03738317757009","60.42884990253411","63.37522441651705"
"58","260","0.3","20","0","pos","166","66.16822429906543","33.83177570093458","65.49707602339181","66.78635547576302"
"60","260","0.5","20","0","pos","69","62.99065420560748","37.00934579439252","62.768031189083814","63.19569120287253"
"63","260","0.3","30","0","pos","0","60.5607476635514","39.4392523364486","59.06432748538012","61.93895870736086"
"61","260","0.1","30","0","pos","69","60","40","59.25925925925925","60.68222621184919"
"55","260","0.5","10","0","pos","259","64.76635514018692","35.23364485981308","63.93762183235867","65.52962298025135"
"64","260","0.4","30","0","pos","69","64.11214953271028","35.88785046728972","64.91228070175438","63.37522441651705"
"62","260","0.2","30","0","pos","166","63.73831775700934","36.26168224299066","61.59844054580896","65.70915619389586"
"59","260","0.4","20","0","pos","166","65.60747663551402","34.39252336448598","63.93762183235867","67.14542190305207"
"57","260","0.2","20","0","pos","259","65.42056074766354","34.57943925233645","64.32748538011695","66.42728904847397"
"65","260","0.5","30","0","pos","0","60.5607476635514","39.4392523364486","59.06432748538012","61.93895870736086"
"58","260","0.3","20","0","pos","259","67.57009345794393","32.429906542056074","68.03118908382066","67.14542190305207"
"66","260","0.1","40","0","pos","0","60.5607476635514","39.4392523364486","59.06432748538012","61.93895870736086"
"62","260","0.2","30","0","pos","259","66.26168224299064","33.73831775700935","62.96296296296296","69.29982046678636"
"63","260","0.3","30","0","pos","69","64.57943925233644","35.42056074766355","64.32748538011695","64.81149012567326"
"61","260","0.1","30","0","pos","166","61.02803738317757","38.97196261682243","60.81871345029239","61.22082585278277"
"60","260","0.5","20","0","pos","166","66.54205607476635","33.45794392523365","67.44639376218323","65.70915619389586"
"66","260","0.1","40","0","pos","69","62.616822429906534","37.38317757009346","60.42884990253411","64.63195691202873"
"64","260","0.4","30","0","pos","166","69.62616822429906","30.373831775700932","70.37037037037037","68.9407540394973"
"68","260","0.3","40","0","pos","0","60.5607476635514","39.4392523364486","59.06432748538012","61.93895870736086"
"59","260","0.4","20","0","pos","259","67.57009345794393","32.429906542056074","65.69200779727096","69.29982046678636"
"65","260","0.5","30","0","pos","69","62.99065420560748","37.00934579439252","63.1578947368421","62.83662477558348"
"66","260","0.1","40","0","pos","166","66.26168224299064","33.73831775700935","63.93762183235867","68.40215439856372"
"61","260","0.1","30","0","pos","259","63.27102803738318","36.728971962616825","62.96296296296296","63.55475763016158"
"68","260","0.3","40","0","pos","69","62.71028037383177","37.28971962616822","59.25925925925925","65.8886894075404"
"63","260","0.3","30","0","pos","166","68.13084112149532","31.86915887850467","68.42105263157895","67.86355475763017"
"69","260","0.4","40","0","pos","0","60.5607476635514","39.4392523364486","59.06432748538012","61.93895870736086"
"67","260","0.2","40","0","pos","0","60.5607476635514","39.4392523364486","59.06432748538012","61.93895870736086"
"66","260","0.1","40","0","pos","259","67.38317757009345","32.61682242990654","66.08187134502924","68.58168761220826"
"70","260","0.5","40","0","pos","0","60.5607476635514","39.4392523364486","59.06432748538012","61.93895870736086"
"69","260","0.4","40","0","pos","69","66.07476635514018","33.925233644859816","66.08187134502924","66.06822262118493"
"68","260","0.3","40","0","pos","166","65.42056074766354","34.57943925233645","63.547758284600384","67.14542190305207"
"60","260","0.5","20","0","pos","259","70.18691588785046","29.813084112149536","70.17543859649122","70.19748653500898"
"64","260","0.4","30","0","pos","259","72.80373831775701","27.19626168224299","72.70955165692008","72.89048473967684"
"71","260","0.1","50","0","pos","0","60.5607476635514","39.4392523364486","59.06432748538012","61.93895870736086"
"70","260","0.5","40","0","pos","69","64.57943925233644","35.42056074766355","62.96296296296296","66.06822262118493"
"65","260","0.5","30","0","pos","166","67.94392523364486","32.05607476635514","66.8615984405458","68.9407540394973"
"63","260","0.3","30","0","pos","259","70.93457943925233","29.06542056074766","70.76023391812866","71.0951526032316"
"67","260","0.2","40","0","pos","69","62.80373831775701","37.19626168224299","60.62378167641326","64.81149012567326"
"68","260","0.3","40","0","pos","259","67.57009345794393","32.429906542056074","64.71734892787524","70.19748653500898"
"69","260","0.4","40","0","pos","166","70","30","69.5906432748538","70.3770197486535"
"70","260","0.5","40","0","pos","166","70.8411214953271","29.1588785046729","69.39571150097466","72.17235188509873"
"72","260","0.2","50","0","pos","0","60.5607476635514","39.4392523364486","59.06432748538012","61.93895870736086"
"71","260","0.1","50","0","pos","69","60.373831775700936","39.626168224299064","57.89473684210527","62.65709156193896"
"65","260","0.5","30","0","pos","259","70.74766355140187","29.252336448598133","71.73489278752436","69.83842010771993"
"73","260","0.3","50","0","pos","0","60.5607476635514","39.4392523364486","59.06432748538012","61.93895870736086"
"70","260","0.5","40","0","pos","259","73.92523364485982","26.074766355140188","73.2943469785575","74.50628366247756"
"67","260","0.2","40","0","pos","166","67.7570093457944","32.242990654205606","65.49707602339181","69.83842010771993"
"69","260","0.4","40","0","pos","259","74.11214953271028","25.88785046728972","72.90448343079922","75.22441651705566"
"67","260","0.2","40","0","pos","259","71.21495327102804","28.785046728971963","68.61598440545808","73.60861759425494"
"72","260","0.2","50","0","pos","69","61.77570093457943","38.22429906542056","61.59844054580896","61.93895870736086"
"78","260","0.3","10","0","pos","0","60.5607476635514","39.4392523364486","59.06432748538012","61.93895870736086"
"73","260","0.3","50","0","pos","69","65.60747663551402","34.39252336448598","62.96296296296296","68.04308797127469"
"75","260","0.5","50","0","pos","0","60.5607476635514","39.4392523364486","59.06432748538012","61.93895870736086"
"71","260","0.1","50","0","pos","166","61.588785046728965","38.41121495327103","60.23391812865497","62.83662477558348"
"74","260","0.4","50","0","pos","0","60.5607476635514","39.4392523364486","59.06432748538012","61.93895870736086"
"72","260","0.2","50","0","pos","166","64.95327102803739","35.046728971962615","64.71734892787524","65.1705565529623"
"77","260","0.2","10","0","pos","0","60.5607476635514","39.4392523364486","59.06432748538012","61.93895870736086"
"78","260","0.3","10","0","pos","69","62.71028037383177","37.28971962616822","61.79337231968811","63.55475763016158"
"77","260","0.2","10","0","pos","69","60.65420560747663","39.345794392523366","58.86939571150097","62.29802513464991"
"72","260","0.2","50","0","pos","259","67.7570093457944","32.242990654205606","67.05653021442495","68.40215439856372"
"76","260","0.1","10","0","pos","0","60.5607476635514","39.4392523364486","59.06432748538012","61.93895870736086"
"71","260","0.1","50","0","pos","259","63.55140186915887","36.44859813084112","61.79337231968811","65.1705565529623"
"75","260","0.5","50","0","pos","69","69.62616822429906","30.373831775700932","69.20077972709552","70.01795332136446"
"73","260","0.3","50","0","pos","166","68.13084112149532","31.86915887850467","65.8869395711501","70.19748653500898"
"82","260","0.2","20","0","pos","0","60.5607476635514","39.4392523364486","59.06432748538012","61.93895870736086"
"78","260","0.3","10","0","pos","166","64.01869158878505","35.981308411214954","63.1578947368421","64.81149012567326"
"74","260","0.4","50","0","pos","69","65.60747663551402","34.39252336448598","67.83625730994152","63.55475763016158"
"76","260","0.1","10","0","pos","69","61.02803738317757","38.97196261682243","59.4541910331384","62.47755834829444"
"82","260","0.2","20","0","pos","69","61.49532710280374","38.504672897196265","60.81871345029239","62.11849192100538"
"80","260","0.5","10","0","pos","0","60.5607476635514","39.4392523364486","59.06432748538012","61.93895870736086"
"81","260","0.1","20","0","pos","0","60.5607476635514","39.4392523364486","59.06432748538012","61.93895870736086"
"77","260","0.2","10","0","pos","166","62.523364485981304","37.47663551401869","60.62378167641326","64.27289048473968"
"75","260","0.5","50","0","pos","166","76.91588785046729","23.08411214953271","76.80311890838206","77.0197486535009"
"79","260","0.4","10","0","pos","0","60.5607476635514","39.4392523364486","59.06432748538012","61.93895870736086"
"80","260","0.5","10","0","pos","69","61.96261682242991","38.03738317757009","62.57309941520468","61.40035906642729"
"81","260","0.1","20","0","pos","69","61.6822429906542","38.31775700934579","61.59844054580896","61.759425493716336"
"78","260","0.3","10","0","pos","259","65.7943925233645","34.205607476635514","64.5224171539961","66.96588868940754"
"82","260","0.2","20","0","pos","166","62.89719626168224","37.10280373831776","63.35282651072125","62.47755834829444"
"74","260","0.4","50","0","pos","166","68.78504672897196","31.21495327102804","70.17543859649122","67.50448833034112"
"73","260","0.3","50","0","pos","259","72.05607476635514","27.943925233644862","71.15009746588694","72.89048473967684"
"84","260","0.4","20","0","pos","0","60.5607476635514","39.4392523364486","59.06432748538012","61.93895870736086"
"76","260","0.1","10","0","pos","166","61.96261682242991","38.03738317757009","60.23391812865497","63.55475763016158"
"83","260","0.3","20","0","pos","0","60.5607476635514","39.4392523364486","59.06432748538012","61.93895870736086"
"81","260","0.1","20","0","pos","166","63.177570093457945","36.822429906542055","62.1832358674464","64.09335727109516"
"82","260","0.2","20","0","pos","259","64.95327102803739","35.046728971962615","65.49707602339181","64.4524236983842"
"75","260","0.5","50","0","pos","259","80.18691588785046","19.813084112149532","80.11695906432749","80.25134649910234"
"79","260","0.4","10","0","pos","69","61.49532710280374","38.504672897196265","58.86939571150097","63.91382405745063"
"77","260","0.2","10","0","pos","259","64.29906542056075","35.700934579439256","62.57309941520468","65.8886894075404"
"80","260","0.5","10","0","pos","166","62.89719626168224","37.10280373831776","62.768031189083814","63.016157989228006"
"79","260","0.4","10","0","pos","166","62.24299065420561","37.75700934579439","59.84405458089669","64.4524236983842"
"74","260","0.4","50","0","pos","259","72.52336448598132","27.476635514018692","72.70955165692008","72.35188509874327"
"80","260","0.5","10","0","pos","259","64.48598130841121","35.51401869158878","63.547758284600384","65.35008976660683"
"81","260","0.1","20","0","pos","259","63.925233644859816","36.074766355140184","62.37816764132553","65.35008976660683"
"79","260","0.4","10","0","pos","259","63.45794392523364","36.54205607476636","61.01364522417154","65.70915619389586"
"84","260","0.4","20","0","pos","69","62.80373831775701","37.19626168224299","61.59844054580896","63.91382405745063"
"83","260","0.3","20","0","pos","69","61.308411214953274","38.691588785046726","59.25925925925925","63.19569120287253"
"76","260","0.1","10","0","pos","259","62.523364485981304","37.47663551401869","60.42884990253411","64.4524236983842"
"86","260","0.1","30","0","pos","0","60.5607476635514","39.4392523364486","59.06432748538012","61.93895870736086"
"84","260","0.4","20","0","pos","166","64.29906542056075","35.700934579439256","63.93762183235867","64.63195691202873"
"86","260","0.1","30","0","pos","69","61.40186915887851","38.598130841121495","61.01364522417154","61.759425493716336"
"88","260","0.3","30","0","pos","0","60.5607476635514","39.4392523364486","59.06432748538012","61.93895870736086"
"83","260","0.3","20","0","pos","166","64.57943925233644","35.42056074766355","63.547758284600384","65.52962298025135"
"85","260","0.5","20","0","pos","0","60.5607476635514","39.4392523364486","59.06432748538012","61.93895870736086"
"84","260","0.4","20","0","pos","259","67.10280373831776","32.89719626168225","66.27680311890838","67.86355475763017"
"83","260","0.3","20","0","pos","259","66.72897196261682","33.271028037383175","65.8869395711501","67.50448833034112"
"88","260","0.3","30","0","pos","69","60.747663551401864","39.25233644859813","59.06432748538012","62.29802513464991"
"86","260","0.1","30","0","pos","166","63.27102803738318","36.728971962616825","62.768031189083814","63.73429084380611"
"90","260","0.5","30","0","pos","0","60.5607476635514","39.4392523364486","59.06432748538012","61.93895870736086"
"92","260","0.2","40","0","pos","0","60.5607476635514","39.4392523364486","59.06432748538012","61.93895870736086"
"87","260","0.2","30","0","pos","0","60.5607476635514","39.4392523364486","59.06432748538012","61.93895870736086"
"93","260","0.3","40","0","pos","0","60.5607476635514","39.4392523364486","59.06432748538012","61.93895870736086"
"92","260","0.2","40","0","pos","69","62.616822429906534","37.38317757009346","61.40350877192983","63.73429084380611"
"88","260","0.3","30","0","pos","166","64.67289719626169","35.32710280373832","63.547758284600384","65.70915619389586"
"85","260","0.5","20","0","pos","69","64.39252336448598","35.60747663551402","64.91228070175438","63.91382405745063"
"90","260","0.5","30","0","pos","69","65.7943925233645","34.205607476635514","62.96296296296296","68.40215439856372"
"91","260","0.1","40","0","pos","0","60.5607476635514","39.4392523364486","59.06432748538012","61.93895870736086"
"89","260","0.4","30","0","pos","0","60.5607476635514","39.4392523364486","59.06432748538012","61.93895870736086"
"86","260","0.1","30","0","pos","259","64.48598130841121","35.51401869158878","63.547758284600384","65.35008976660683"
"92","260","0.2","40","0","pos","166","63.27102803738318","36.728971962616825","60.42884990253411","65.8886894075404"
"93","260","0.3","40","0","pos","69","59.7196261682243","40.2803738317757","58.67446393762184","60.68222621184919"
"94","260","0.4","40","0","pos","0","60.5607476635514","39.4392523364486","59.06432748538012","61.93895870736086"
"88","260","0.3","30","0","pos","259","68.13084112149532","31.86915887850467","67.83625730994152","68.40215439856372"
"87","260","0.2","30","0","pos","69","63.55140186915887","36.44859813084112","62.37816764132553","64.63195691202873"
"85","260","0.5","20","0","pos","166","69.25233644859813","30.74766355140187","67.2514619883041","71.0951526032316"
"89","260","0.4","30","0","pos","69","61.49532710280374","38.504672897196265","61.79337231968811","61.22082585278277"
"95","260","0.5","40","0","pos","0","60.5607476635514","39.4392523364486","59.06432748538012","61.93895870736086"
"91","260","0.1","40","0","pos","69","61.12149532710281","38.87850467289719","58.47953216374269","63.55475763016158"
"90","260","0.5","30","0","pos","166","72.33644859813084","27.663551401869157","72.31968810916179","72.35188509874327"
"92","260","0.2","40","0","pos","259","66.35514018691589","33.64485981308411","63.74269005847953","68.76122082585279"
"94","260","0.4","40","0","pos","69","67.19626168224299","32.80373831775701","65.8869395711501","68.40215439856372"
"93","260","0.3","40","0","pos","166","62.05607476635514","37.94392523364486","60.81871345029239","63.19569120287253"
"96","260","0.1","50","0","pos","0","60.5607476635514","39.4392523364486","59.06432748538012","61.93895870736086"
"95","260","0.5","40","0","pos","69","62.42990654205608","37.570093457943926","60.42884990253411","64.27289048473968"
"87","260","0.2","30","0","pos","166","66.9158878504673","33.084112149532714","64.71734892787524","68.9407540394973"
"93","260","0.3","40","0","pos","259","65.32710280373831","34.67289719626168","66.27680311890838","64.4524236983842"
"96","260","0.1","50","0","pos","69","61.49532710280374","38.504672897196265","59.84405458089669","63.016157989228006"
"90","260","0.5","30","0","pos","259","75.14018691588785","24.85981308411215","74.46393762183236","75.76301615798923"
"97","260","0.2","50","0","pos","0","60.5607476635514","39.4392523364486","59.06432748538012","61.93895870736086"
"94","260","0.4","40","0","pos","166","70.93457943925233","29.06542056074766","68.03118908382066","73.60861759425494"
"85","260","0.5","20","0","pos","259","71.58878504672897","28.41121495327103","69.98050682261209","73.07001795332137"
"87","260","0.2","30","0","pos","259","69.53271028037383","30.467289719626166","67.44639376218323","71.45421903052065"
"89","260","0.4","30","0","pos","166","66.6355140186916","33.36448598130841","65.30214424951268","67.86355475763017"
"96","260","0.1","50","0","pos","166","64.01869158878505","35.981308411214954","61.98830409356725","65.8886894075404"
"97","260","0.2","50","0","pos","69","63.177570093457945","36.822429906542055","62.37816764132553","63.91382405745063"
"98","260","0.3","50","0","pos","0","60.5607476635514","39.4392523364486","59.06432748538012","61.93895870736086"
"95","260","0.5","40","0","pos","166","66.44859813084112","33.55140186915888","65.8869395711501","66.96588868940754"
"91","260","0.1","40","0","pos","166","62.42990654205608","37.570093457943926","60.03898635477582","64.63195691202873"
"98","260","0.3","50","0","pos","69","65.70093457943925","34.29906542056075","67.05653021442495","64.4524236983842"
"96","260","0.1","50","0","pos","259","66.44859813084112","33.55140186915888","64.13255360623782","68.58168761220826"
"97","260","0.2","50","0","pos","166","67.38317757009345","32.61682242990654","66.8615984405458","67.86355475763017"
"94","260","0.4","40","0","pos","259","71.77570093457943","28.22429906542056","69.39571150097466","73.96768402154399"
"100","260","0.5","50","0","pos","0","60.5607476635514","39.4392523364486","59.06432748538012","61.93895870736086"
"89","260","0.4","30","0","pos","259","68.78504672897196","31.21495327102804","68.61598440545808","68.9407540394973"
"91","260","0.1","40","0","pos","259","64.11214953271028","35.88785046728972","61.98830409356725","66.06822262118493"
"101","260","0.1","10","0","pos","0","60.5607476635514","39.4392523364486","59.06432748538012","61.93895870736086"
"100","260","0.5","50","0","pos","69","64.95327102803739","35.046728971962615","63.547758284600384","66.24775583482945"
"95","260","0.5","40","0","pos","259","70","30","68.03118908382066","71.8132854578097"
"99","260","0.4","50","0","pos","0","60.5607476635514","39.4392523364486","59.06432748538012","61.93895870736086"
"97","260","0.2","50","0","pos","259","71.1214953271028","28.878504672897197","71.15009746588694","71.0951526032316"
"98","260","0.3","50","0","pos","166","71.02803738317756","28.971962616822427","72.31968810916179","69.83842010771993"
"100","260","0.5","50","0","pos","166","70.74766355140187","29.252336448598133","70.17543859649122","71.27468581687613"
"102","260","0.2","10","0","pos","0","60.5607476635514","39.4392523364486","59.06432748538012","61.93895870736086"
"99","260","0.4","50","0","pos","69","68.22429906542055","31.775700934579437","67.05653021442495","69.29982046678636"
"101","260","0.1","10","0","pos","69","60.8411214953271","39.15887850467289","59.25925925925925","62.29802513464991"
"100","260","0.5","50","0","pos","259","74.39252336448598","25.607476635514022","73.09941520467837","75.58348294434471"
"103","260","0.3","10","0","pos","0","60.5607476635514","39.4392523364486","59.06432748538012","61.93895870736086"
"104","260","0.4","10","0","pos","0","60.5607476635514","39.4392523364486","59.06432748538012","61.93895870736086"
"105","260","0.5","10","0","pos","0","60.5607476635514","39.4392523364486","59.06432748538012","61.93895870736086"
"107","260","0.2","20","0","pos","0","60.5607476635514","39.4392523364486","59.06432748538012","61.93895870736086"
"103","260","0.3","10","0","pos","69","61.6822429906542","38.31775700934579","60.23391812865497","63.016157989228006"
"98","260","0.3","50","0","pos","259","74.29906542056075","25.70093457943925","76.41325536062378","72.35188509874327"
"99","260","0.4","50","0","pos","166","75.32710280373833","24.67289719626168","74.07407407407408","76.48114901256733"
"105","260","0.5","10","0","pos","69","60.5607476635514","39.4392523364486","61.79337231968811","59.42549371633752"
"104","260","0.4","10","0","pos","69","63.084112149532714","36.915887850467286","61.40350877192983","64.63195691202873"
"102","260","0.2","10","0","pos","69","61.6822429906542","38.31775700934579","60.81871345029239","62.47755834829444"
"101","260","0.1","10","0","pos","166","62.33644859813084","37.663551401869164","60.42884990253411","64.09335727109516"
"105","260","0.5","10","0","pos","166","63.55140186915887","36.44859813084112","64.13255360623782","63.016157989228006"
"99","260","0.4","50","0","pos","259","77.94392523364486","22.05607476635514","76.21832358674465","79.53321364452424"
"108","260","0.3","20","0","pos","0","60.5607476635514","39.4392523364486","59.06432748538012","61.93895870736086"
"104","260","0.4","10","0","pos","166","66.16822429906543","33.83177570093458","65.69200779727096","66.6068222621185"
"107","260","0.2","20","0","pos","69","60.93457943925233","39.06542056074767","58.86939571150097","62.83662477558348"
"106","260","0.1","20","0","pos","0","60.5607476635514","39.4392523364486","59.06432748538012","61.93895870736086"
"103","260","0.3","10","0","pos","166","62.71028037383177","37.28971962616822","61.40350877192983","63.91382405745063"
"102","260","0.2","10","0","pos","166","64.39252336448598","35.60747663551402","63.1578947368421","65.52962298025135"
"105","260","0.5","10","0","pos","259","65.51401869158879","34.48598130841122","66.47173489278752","64.63195691202873"
"108","260","0.3","20","0","pos","69","60.8411214953271","39.15887850467289","58.47953216374269","63.016157989228006"
"101","260","0.1","10","0","pos","259","63.084112149532714","36.915887850467286","60.81871345029239","65.1705565529623"
"109","260","0.4","20","0","pos","0","60.5607476635514","39.4392523364486","59.06432748538012","61.93895870736086"
"104","260","0.4","10","0","pos","259","68.87850467289721","31.121495327102807","67.44639376218323","70.19748653500898"
"103","260","0.3","10","0","pos","259","63.55140186915887","36.44859813084112","61.98830409356725","64.99102333931778"
"110","260","0.5","20","0","pos","0","60.5607476635514","39.4392523364486","59.06432748538012","61.93895870736086"
"107","260","0.2","20","0","pos","166","62.149532710280376","37.850467289719624","60.42884990253411","63.73429084380611"
"111","260","0.1","30","0","pos","0","60.5607476635514","39.4392523364486","59.06432748538012","61.93895870736086"
"106","260","0.1","20","0","pos","69","61.96261682242991","38.03738317757009","60.81871345029239","63.016157989228006"
"112","260","0.2","30","0","pos","0","60.5607476635514","39.4392523364486","59.06432748538012","61.93895870736086"
"107","260","0.2","20","0","pos","259","63.177570093457945","36.822429906542055","61.20857699805068","64.99102333931778"
"106","260","0.1","20","0","pos","166","61.86915887850467","38.13084112149533","62.1832358674464","61.57989228007181"
"102","260","0.2","10","0","pos","259","64.95327102803739","35.046728971962615","62.768031189083814","66.96588868940754"
"111","260","0.1","30","0","pos","69","61.12149532710281","38.87850467289719","60.62378167641326","61.57989228007181"
"110","260","0.5","20","0","pos","69","64.39252336448598","35.60747663551402","60.81871345029239","67.68402154398564"
"109","260","0.4","20","0","pos","69","59.813084112149525","40.18691588785047","57.89473684210527","61.57989228007181"
"108","260","0.3","20","0","pos","166","66.07476635514018","33.925233644859816","63.74269005847953","68.2226211849192"
"112","260","0.2","30","0","pos","69","64.01869158878505","35.981308411214954","63.1578947368421","64.81149012567326"
"106","260","0.1","20","0","pos","259","62.89719626168224","37.10280373831776","62.57309941520468","63.19569120287253"
"111","260","0.1","30","0","pos","166","62.99065420560748","37.00934579439252","63.74269005847953","62.29802513464991"
"112","260","0.2","30","0","pos","166","66.82242990654206","33.177570093457945","66.47173489278752","67.14542190305207"
"109","260","0.4","20","0","pos","166","62.05607476635514","37.94392523364486","61.20857699805068","62.83662477558348"
"111","260","0.1","30","0","pos","259","64.29906542056075","35.700934579439256","65.69200779727096","63.016157989228006"
"108","260","0.3","20","0","pos","259","67.19626168224299","32.80373831775701","64.5224171539961","69.6588868940754"
"114","260","0.4","30","0","pos","0","60.5607476635514","39.4392523364486","59.06432748538012","61.93895870736086"
"110","260","0.5","20","0","pos","166","70.65420560747664","29.345794392523366","67.2514619883041","73.78815080789947"
"112","260","0.2","30","0","pos","259","69.71962616822431","30.2803738317757","70.17543859649122","69.29982046678636"
"116","260","0.1","40","0","pos","0","60.5607476635514","39.4392523364486","59.06432748538012","61.93895870736086"
"113","260","0.3","30","0","pos","0","60.5607476635514","39.4392523364486","59.06432748538012","61.93895870736086"
"114","260","0.4","30","0","pos","69","62.523364485981304","37.47663551401869","61.98830409356725","63.016157989228006"
"118","260","0.3","40","0","pos","0","60.5607476635514","39.4392523364486","59.06432748538012","61.93895870736086"
"109","260","0.4","20","0","pos","259","64.39252336448598","35.60747663551402","61.79337231968811","66.78635547576302"
"110","260","0.5","20","0","pos","259","74.48598130841123","25.514018691588785","71.73489278752436","77.0197486535009"
"116","260","0.1","40","0","pos","69","60.8411214953271","39.15887850467289","59.64912280701754","61.93895870736086"
"117","260","0.2","40","0","pos","0","60.5607476635514","39.4392523364486","59.06432748538012","61.93895870736086"
"115","260","0.5","30","0","pos","0","60.5607476635514","39.4392523364486","59.06432748538012","61.93895870736086"
"113","260","0.3","30","0","pos","69","65.51401869158879","34.48598130841122","63.93762183235867","66.96588868940754"
"119","260","0.4","40","0","pos","0","60.5607476635514","39.4392523364486","59.06432748538012","61.93895870736086"
"114","260","0.4","30","0","pos","166","68.87850467289721","31.121495327102807","68.03118908382066","69.6588868940754"
"117","260","0.2","40","0","pos","69","62.149532710280376","37.850467289719624","61.20857699805068","63.016157989228006"
"119","260","0.4","40","0","pos","69","63.45794392523364","36.54205607476636","63.93762183235867","63.016157989228006"
"116","260","0.1","40","0","pos","166","63.55140186915887","36.44859813084112","61.79337231968811","65.1705565529623"
"118","260","0.3","40","0","pos","69","64.76635514018692","35.23364485981308","64.71734892787524","64.81149012567326"
"122","260","0.2","50","0","pos","0","60.5607476635514","39.4392523364486","59.06432748538012","61.93895870736086"
"115","260","0.5","30","0","pos","69","65.88785046728972","34.112149532710276","63.35282651072125","68.2226211849192"
"120","260","0.5","40","0","pos","0","60.5607476635514","39.4392523364486","59.06432748538012","61.93895870736086"
"121","260","0.1","50","0","pos","0","60.5607476635514","39.4392523364486","59.06432748538012","61.93895870736086"
"113","260","0.3","30","0","pos","166","67.85046728971963","32.149532710280376","66.66666666666666","68.9407540394973"
"122","260","0.2","50","0","pos","69","63.177570093457945","36.822429906542055","62.37816764132553","63.91382405745063"
"116","260","0.1","40","0","pos","259","65.23364485981308","34.76635514018692","63.93762183235867","66.42728904847397"
"117","260","0.2","40","0","pos","166","66.9158878504673","33.084112149532714","66.08187134502924","67.68402154398564"
"119","260","0.4","40","0","pos","166","68.41121495327103","31.588785046728972","71.34502923976608","65.70915619389586"
"114","260","0.4","30","0","pos","259","70.8411214953271","29.1588785046729","69.5906432748538","71.99281867145422"
"124","260","0.4","50","0","pos","0","60.5607476635514","39.4392523364486","59.06432748538012","61.93895870736086"
"118","260","0.3","40","0","pos","166","68.97196261682244","31.02803738317757","69.20077972709552","68.76122082585279"
"120","260","0.5","40","0","pos","69","65.14018691588785","34.859813084112155","66.27680311890838","64.09335727109516"
"121","260","0.1","50","0","pos","69","62.33644859813084","37.663551401869164","61.79337231968811","62.83662477558348"
"123","260","0.3","50","0","pos","0","60.5607476635514","39.4392523364486","59.06432748538012","61.93895870736086"
"122","260","0.2","50","0","pos","166","67.57009345794393","32.429906542056074","67.83625730994152","67.3249551166966"
"115","260","0.5","30","0","pos","166","72.71028037383176","27.289719626168225","72.51461988304094","72.89048473967684"
"123","260","0.3","50","0","pos","69","61.6822429906542","38.31775700934579","61.40350877192983","61.93895870736086"
"118","260","0.3","40","0","pos","259","73.55140186915888","26.448598130841123","74.46393762183236","72.71095152603232"
"122","260","0.2","50","0","pos","259","70.65420560747664","29.345794392523366","68.81091617933723","72.35188509874327"
"113","260","0.3","30","0","pos","259","70.74766355140187","29.252336448598133","70.17543859649122","71.27468581687613"
"124","260","0.4","50","0","pos","69","66.9158878504673","33.084112149532714","63.93762183235867","69.6588868940754"
"117","260","0.2","40","0","pos","259","70.46728971962617","29.53271028037383","70.37037037037037","70.55655296229803"
"119","260","0.4","40","0","pos","259","71.40186915887851","28.598130841121495","74.07407407407408","68.9407540394973"
"120","260","0.5","40","0","pos","166","72.52336448598132","27.476635514018692","71.53996101364523","73.4290843806104"
"123","260","0.3","50","0","pos","166","65.04672897196262","34.953271028037385","63.35282651072125","66.6068222621185"
"115","260","0.5","30","0","pos","259","75.23364485981308","24.766355140186917","74.85380116959064","75.58348294434471"
"121","260","0.1","50","0","pos","166","64.85981308411215","35.14018691588785","61.40350877192983","68.04308797127469"
"124","260","0.4","50","0","pos","166","72.80373831775701","27.19626168224299","72.31968810916179","73.24955116696589"
"125","260","0.5","50","0","pos","0","60.5607476635514","39.4392523364486","59.06432748538012","61.93895870736086"
"126","260","0.1","10","0","pos","0","60.5607476635514","39.4392523364486","59.06432748538012","61.93895870736086"
"127","260","0.2","10","0","pos","0","60.5607476635514","39.4392523364486","59.06432748538012","61.93895870736086"
"128","260","0.3","10","0","pos","0","60.5607476635514","39.4392523364486","59.06432748538012","61.93895870736086"
"120","260","0.5","40","0","pos","259","75.23364485981308","24.766355140186917","75.24366471734892","75.22441651705566"
"121","260","0.1","50","0","pos","259","66.6355140186916","33.36448598130841","64.13255360623782","68.9407540394973"
"123","260","0.3","50","0","pos","259","69.34579439252336","30.654205607476637","68.2261208576998","70.3770197486535"
"124","260","0.4","50","0","pos","259","74.76635514018692","25.233644859813083","75.24366471734892","74.32675044883304"
"128","260","0.3","10","0","pos","69","59.439252336448604","40.560747663551396","57.30994152046783","61.40035906642729"
"125","260","0.5","50","0","pos","69","63.73831775700934","36.26168224299066","65.69200779727096","61.93895870736086"
"126","260","0.1","10","0","pos","69","61.6822429906542","38.31775700934579","60.42884990253411","62.83662477558348"
"127","260","0.2","10","0","pos","69","60.373831775700936","39.626168224299064","58.28460038986355","62.29802513464991"
"129","260","0.4","10","0","pos","0","60.5607476635514","39.4392523364486","59.06432748538012","61.93895870736086"
"131","260","0.1","20","0","pos","0","60.5607476635514","39.4392523364486","59.06432748538012","61.93895870736086"
"128","260","0.3","10","0","pos","166","60.747663551401864","39.25233644859813","58.47953216374269","62.83662477558348"
"126","260","0.1","10","0","pos","166","62.05607476635514","37.94392523364486","60.81871345029239","63.19569120287253"
"127","260","0.2","10","0","pos","166","62.24299065420561","37.75700934579439","60.62378167641326","63.73429084380611"
"129","260","0.4","10","0","pos","69","62.80373831775701","37.19626168224299","61.20857699805068","64.27289048473968"
"130","260","0.5","10","0","pos","0","60.5607476635514","39.4392523364486","59.06432748538012","61.93895870736086"
"131","260","0.1","20","0","pos","69","62.24299065420561","37.75700934579439","60.03898635477582","64.27289048473968"
"125","260","0.5","50","0","pos","166","71.40186915887851","28.598130841121495","72.31968810916179","70.55655296229803"
"128","260","0.3","10","0","pos","259","63.55140186915887","36.44859813084112","62.37816764132553","64.63195691202873"
"126","260","0.1","10","0","pos","259","62.24299065420561","37.75700934579439","60.81871345029239","63.55475763016158"
"129","260","0.4","10","0","pos","166","64.11214953271028","35.88785046728972","63.35282651072125","64.81149012567326"
"130","260","0.5","10","0","pos","69","60.8411214953271","39.15887850467289","57.1150097465887","64.27289048473968"
"132","260","0.2","20","0","pos","0","60.5607476635514","39.4392523364486","59.06432748538012","61.93895870736086"
"127","260","0.2","10","0","pos","259","63.55140186915887","36.44859813084112","61.40350877192983","65.52962298025135"
"131","260","0.1","20","0","pos","166","63.925233644859816","36.074766355140184","60.62378167641326","66.96588868940754"
"125","260","0.5","50","0","pos","259","71.1214953271028","28.878504672897197","70.9551656920078","71.27468581687613"
"130","260","0.5","10","0","pos","166","62.42990654205608","37.570093457943926","59.84405458089669","64.81149012567326"
"129","260","0.4","10","0","pos","259","63.55140186915887","36.44859813084112","63.35282651072125","63.73429084380611"
"132","260","0.2","20","0","pos","69","62.523364485981304","37.47663551401869","61.79337231968811","63.19569120287253"
"135","260","0.5","20","0","pos","0","60.5607476635514","39.4392523364486","59.06432748538012","61.93895870736086"
"136","260","0.1","30","0","pos","0","60.5607476635514","39.4392523364486","59.06432748538012","61.93895870736086"
"131","260","0.1","20","0","pos","259","65.60747663551402","34.39252336448598","62.768031189083814","68.2226211849192"
"133","260","0.3","20","0","pos","0","60.5607476635514","39.4392523364486","59.06432748538012","61.93895870736086"
"132","260","0.2","20","0","pos","166","64.95327102803739","35.046728971962615","65.30214424951268","64.63195691202873"
"136","260","0.1","30","0","pos","69","62.33644859813084","37.663551401869164","60.62378167641326","63.91382405745063"
"137","260","0.2","30","0","pos","0","60.5607476635514","39.4392523364486","59.06432748538012","61.93895870736086"
"135","260","0.5","20","0","pos","69","64.85981308411215","35.14018691588785","60.62378167641326","68.76122082585279"
"134","260","0.4","20","0","pos","0","60.5607476635514","39.4392523364486","59.06432748538012","61.93895870736086"
"130","260","0.5","10","0","pos","259","66.07476635514018","33.925233644859816","63.74269005847953","68.2226211849192"
"137","260","0.2","30","0","pos","69","62.99065420560748","37.00934579439252","61.40350877192983","64.4524236983842"
"139","260","0.4","30","0","pos","0","60.5607476635514","39.4392523364486","59.06432748538012","61.93895870736086"
"132","260","0.2","20","0","pos","259","66.35514018691589","33.64485981308411","65.8869395711501","66.78635547576302"
"133","260","0.3","20","0","pos","69","61.96261682242991","38.03738317757009","60.62378167641326","63.19569120287253"
"136","260","0.1","30","0","pos","166","62.89719626168224","37.10280373831776","59.4541910331384","66.06822262118493"
"139","260","0.4","30","0","pos","69","61.96261682242991","38.03738317757009","61.20857699805068","62.65709156193896"
"138","260","0.3","30","0","pos","0","60.5607476635514","39.4392523364486","59.06432748538012","61.93895870736086"
"137","260","0.2","30","0","pos","166","67.19626168224299","32.80373831775701","67.44639376218323","66.96588868940754"
"134","260","0.4","20","0","pos","69","63.55140186915887","36.44859813084112","62.57309941520468","64.4524236983842"
"141","260","0.1","40","0","pos","0","60.5607476635514","39.4392523364486","59.06432748538012","61.93895870736086"
"136","260","0.1","30","0","pos","259","64.11214953271028","35.88785046728972","61.20857699805068","66.78635547576302"
"139","260","0.4","30","0","pos","166","66.82242990654206","33.177570093457945","64.71734892787524","68.76122082585279"
"135","260","0.5","20","0","pos","166","70.37383177570094","29.626168224299064","68.03118908382066","72.5314183123878"
"133","260","0.3","20","0","pos","166","65.04672897196262","34.953271028037385","62.96296296296296","66.96588868940754"
"137","260","0.2","30","0","pos","259","70.2803738317757","29.719626168224302","70.9551656920078","69.6588868940754"
"138","260","0.3","30","0","pos","69","63.64485981308411","36.35514018691588","61.79337231968811","65.35008976660683"
"140","260","0.5","30","0","pos","0","60.5607476635514","39.4392523364486","59.06432748538012","61.93895870736086"
"143","260","0.3","40","0","pos","0","60.5607476635514","39.4392523364486","59.06432748538012","61.93895870736086"
"134","260","0.4","20","0","pos","166","68.3177570093458","31.68224299065421","65.69200779727096","70.73608617594255"
"133","260","0.3","20","0","pos","259","66.54205607476635","33.45794392523365","63.93762183235867","68.9407540394973"
"141","260","0.1","40","0","pos","69","63.36448598130842","36.63551401869159","62.1832358674464","64.4524236983842"
"138","260","0.3","30","0","pos","166","69.4392523364486","30.560747663551403","66.66666666666666","71.99281867145422"
"135","260","0.5","20","0","pos","259","73.55140186915888","26.448598130841123","71.73489278752436","75.22441651705566"
"143","260","0.3","40","0","pos","69","62.99065420560748","37.00934579439252","62.37816764132553","63.55475763016158"
"140","260","0.5","30","0","pos","69","68.13084112149532","31.86915887850467","67.64132553606238","68.58168761220826"
"139","260","0.4","30","0","pos","259","67.38317757009345","32.61682242990654","64.91228070175438","69.6588868940754"
"144","260","0.4","40","0","pos","0","60.5607476635514","39.4392523364486","59.06432748538012","61.93895870736086"
"142","260","0.2","40","0","pos","0","60.5607476635514","39.4392523364486","59.06432748538012","61.93895870736086"
"134","260","0.4","20","0","pos","259","70.09345794392523","29.906542056074763","68.42105263157895","71.63375224416517"
"143","260","0.3","40","0","pos","166","68.03738317757009","31.962616822429908","67.44639376218323","68.58168761220826"
"141","260","0.1","40","0","pos","166","63.177570093457945","36.822429906542055","62.57309941520468","63.73429084380611"
"140","260","0.5","30","0","pos","166","73.64485981308411","26.355140186915886","73.09941520467837","74.1472172351885"
"138","260","0.3","30","0","pos","259","71.86915887850466","28.130841121495326","68.61598440545808","74.86535008976661"
"142","260","0.2","40","0","pos","69","62.89719626168224","37.10280373831776","62.96296296296296","62.83662477558348"
"144","260","0.4","40","0","pos","69","61.86915887850467","38.13084112149533","61.20857699805068","62.47755834829444"
"145","260","0.5","40","0","pos","0","60.5607476635514","39.4392523364486","59.06432748538012","61.93895870736086"
"143","260","0.3","40","0","pos","259","70.09345794392523","29.906542056074763","69.39571150097466","70.73608617594255"
"146","260","0.1","50","0","pos","0","60.5607476635514","39.4392523364486","59.06432748538012","61.93895870736086"
"144","260","0.4","40","0","pos","166","64.57943925233644","35.42056074766355","64.32748538011695","64.81149012567326"
"145","260","0.5","40","0","pos","69","67.38317757009345","32.61682242990654","67.83625730994152","66.96588868940754"
"148","260","0.3","50","0","pos","0","60.5607476635514","39.4392523364486","59.06432748538012","61.93895870736086"
"141","260","0.1","40","0","pos","259","64.57943925233644","35.42056074766355","63.74269005847953","65.35008976660683"
"147","260","0.2","50","0","pos","0","60.5607476635514","39.4392523364486","59.06432748538012","61.93895870736086"
"146","260","0.1","50","0","pos","69","60.8411214953271","39.15887850467289","60.03898635477582","61.57989228007181"
"140","260","0.5","30","0","pos","259","77.00934579439253","22.990654205607477","75.6335282651072","78.27648114901257"
"142","260","0.2","40","0","pos","166","65.60747663551402","34.39252336448598","66.08187134502924","65.1705565529623"
"149","260","0.4","50","0","pos","0","60.5607476635514","39.4392523364486","59.06432748538012","61.93895870736086"
"144","260","0.4","40","0","pos","259","65.32710280373831","34.67289719626168","65.30214424951268","65.35008976660683"
"151","260","0.1","10","0","pos","0","60.5607476635514","39.4392523364486","59.06432748538012","61.93895870736086"
"142","260","0.2","40","0","pos","259","66.9158878504673","33.084112149532714","68.2261208576998","65.70915619389586"
"145","260","0.5","40","0","pos","166","73.64485981308411","26.355140186915886","73.68421052631578","73.60861759425494"
"151","260","0.1","10","0","pos","69","60.373831775700936","39.626168224299064","58.67446393762184","61.93895870736086"
"149","260","0.4","50","0","pos","69","65.88785046728972","34.112149532710276","63.74269005847953","67.86355475763017"
"150","260","0.5","50","0","pos","0","60.5607476635514","39.4392523364486","59.06432748538012","61.93895870736086"
"152","260","0.2","10","0","pos","0","60.5607476635514","39.4392523364486","59.06432748538012","61.93895870736086"
"147","260","0.2","50","0","pos","69","62.89719626168224","37.10280373831776","64.13255360623782","61.759425493716336"
"148","260","0.3","50","0","pos","69","65.70093457943925","34.29906542056075","63.35282651072125","67.86355475763017"
"152","260","0.2","10","0","pos","69","62.71028037383177","37.28971962616822","60.81871345029239","64.4524236983842"
"145","260","0.5","40","0","pos","259","76.16822429906543","23.83177570093458","75.24366471734892","77.0197486535009"
"151","260","0.1","10","0","pos","166","60.18691588785047","39.81308411214953","57.50487329434698","62.65709156193896"
"146","260","0.1","50","0","pos","166","62.149532710280376","37.850467289719624","62.57309941520468","61.759425493716336"
"150","260","0.5","50","0","pos","69","67.66355140186916","32.33644859813084","66.66666666666666","68.58168761220826"
"147","260","0.2","50","0","pos","166","67.7570093457944","32.242990654205606","67.44639376218323","68.04308797127469"
"149","260","0.4","50","0","pos","166","71.49532710280374","28.504672897196258","69.98050682261209","72.89048473967684"
"152","260","0.2","10","0","pos","166","63.73831775700934","36.26168224299066","62.37816764132553","64.99102333931778"
"151","260","0.1","10","0","pos","259","61.02803738317757","38.97196261682243","59.84405458089669","62.11849192100538"
"150","260","0.5","50","0","pos","166","72.14953271028037","27.850467289719628","69.00584795321637","75.04488330341114"
"148","260","0.3","50","0","pos","166","72.14953271028037","27.850467289719628","69.5906432748538","74.50628366247756"
"149","260","0.4","50","0","pos","259","74.95327102803738","25.04672897196262","73.2943469785575","76.48114901256733"
"146","260","0.1","50","0","pos","259","63.925233644859816","36.074766355140184","65.8869395711501","62.11849192100538"
"152","260","0.2","10","0","pos","259","65.14018691588785","34.859813084112155","64.71734892787524","65.52962298025135"
"147","260","0.2","50","0","pos","259","69.90654205607477","30.093457943925234","69.00584795321637","70.73608617594255"
"150","260","0.5","50","0","pos","259","74.48598130841123","25.514018691588785","71.53996101364523","77.19928186714542"
"153","260","0.3","10","0","pos","0","60.5607476635514","39.4392523364486","59.06432748538012","61.93895870736086"
"155","260","0.5","10","0","pos","0","60.5607476635514","39.4392523364486","59.06432748538012","61.93895870736086"
"154","260","0.4","10","0","pos","0","60.5607476635514","39.4392523364486","59.06432748538012","61.93895870736086"
"148","260","0.3","50","0","pos","259","76.72897196261682","23.271028037383175","72.70955165692008","80.43087971274686"
"155","260","0.5","10","0","pos","69","62.149532710280376","37.850467289719624","60.03898635477582","64.09335727109516"
"153","260","0.3","10","0","pos","69","61.21495327102804","38.78504672897196","59.4541910331384","62.83662477558348"
"156","260","0.1","20","0","pos","0","60.5607476635514","39.4392523364486","59.06432748538012","61.93895870736086"
"154","260","0.4","10","0","pos","69","61.96261682242991","38.03738317757009","60.62378167641326","63.19569120287253"
"155","260","0.5","10","0","pos","166","64.20560747663552","35.794392523364486","60.62378167641326","67.50448833034112"
"157","260","0.2","20","0","pos","0","60.5607476635514","39.4392523364486","59.06432748538012","61.93895870736086"
"153","260","0.3","10","0","pos","166","62.616822429906534","37.38317757009346","61.98830409356725","63.19569120287253"
"157","260","0.2","20","0","pos","69","61.02803738317757","38.97196261682243","60.23391812865497","61.759425493716336"
"156","260","0.1","20","0","pos","69","60.46728971962617","39.532710280373834","57.89473684210527","62.83662477558348"
"162","260","0.2","30","0","pos","0","60.5607476635514","39.4392523364486","59.06432748538012","61.93895870736086"
"155","260","0.5","10","0","pos","259","66.35514018691589","33.64485981308411","62.768031189083814","69.6588868940754"
"164","260","0.4","30","0","pos","0","60.5607476635514","39.4392523364486","59.06432748538012","61.93895870736086"
"158","260","0.3","20","0","pos","0","60.5607476635514","39.4392523364486","59.06432748538012","61.93895870736086"
"161","260","0.1","30","0","pos","0","60.5607476635514","39.4392523364486","59.06432748538012","61.93895870736086"
"163","260","0.3","30","0","pos","0","60.5607476635514","39.4392523364486","59.06432748538012","61.93895870736086"
"162","260","0.2","30","0","pos","69","63.45794392523364","36.54205607476636","61.98830409356725","64.81149012567326"
"157","260","0.2","20","0","pos","166","63.36448598130842","36.63551401869159","62.96296296296296","63.73429084380611"
"154","260","0.4","10","0","pos","166","63.83177570093458","36.16822429906542","62.57309941520468","64.99102333931778"
"160","260","0.5","20","0","pos","0","60.5607476635514","39.4392523364486","59.06432748538012","61.93895870736086"
"161","260","0.1","30","0","pos","69","61.02803738317757","38.97196261682243","59.4541910331384","62.47755834829444"
"153","260","0.3","10","0","pos","259","64.39252336448598","35.60747663551402","65.10721247563353","63.73429084380611"
"158","260","0.3","20","0","pos","69","62.149532710280376","37.850467289719624","60.23391812865497","63.91382405745063"
"162","260","0.2","30","0","pos","166","67.66355140186916","32.33644859813084","64.91228070175438","70.19748653500898"
"157","260","0.2","20","0","pos","259","65.14018691588785","34.859813084112155","63.93762183235867","66.24775583482945"
"159","260","0.4","20","0","pos","0","60.5607476635514","39.4392523364486","59.06432748538012","61.93895870736086"
"154","260","0.4","10","0","pos","259","65.88785046728972","34.112149532710276","64.5224171539961","67.14542190305207"
"160","260","0.5","20","0","pos","69","64.67289719626169","35.32710280373832","63.74269005847953","65.52962298025135"
"164","260","0.4","30","0","pos","69","65.88785046728972","34.112149532710276","67.44639376218323","64.4524236983842"
"163","260","0.3","30","0","pos","69","62.523364485981304","37.47663551401869","62.1832358674464","62.83662477558348"
"161","260","0.1","30","0","pos","166","62.149532710280376","37.850467289719624","61.79337231968811","62.47755834829444"
"158","260","0.3","20","0","pos","166","64.67289719626169","35.32710280373832","63.35282651072125","65.8886894075404"
"156","260","0.1","20","0","pos","166","62.42990654205608","37.570093457943926","60.23391812865497","64.4524236983842"
"160","260","0.5","20","0","pos","166","66.26168224299064","33.73831775700935","67.2514619883041","65.35008976660683"
"162","260","0.2","30","0","pos","259","71.58878504672897","28.41121495327103","70.17543859649122","72.89048473967684"
"165","260","0.5","30","0","pos","0","60.5607476635514","39.4392523364486","59.06432748538012","61.93895870736086"
"163","260","0.3","30","0","pos","166","66.72897196261682","33.271028037383175","66.66666666666666","66.78635547576302"
"158","260","0.3","20","0","pos","259","66.35514018691589","33.64485981308411","65.8869395711501","66.78635547576302"
"161","260","0.1","30","0","pos","259","62.33644859813084","37.663551401869164","61.98830409356725","62.65709156193896"
"159","260","0.4","20","0","pos","69","61.02803738317757","38.97196261682243","59.64912280701754","62.29802513464991"
"156","260","0.1","20","0","pos","259","63.36448598130842","36.63551401869159","61.01364522417154","65.52962298025135"
"164","260","0.4","30","0","pos","166","69.53271028037383","30.467289719626166","72.31968810916179","66.96588868940754"
"165","260","0.5","30","0","pos","69","66.9158878504673","33.084112149532714","65.30214424951268","68.40215439856372"
"163","260","0.3","30","0","pos","259","68.41121495327103","31.588785046728972","68.2261208576998","68.58168761220826"
"166","260","0.1","40","0","pos","0","60.5607476635514","39.4392523364486","59.06432748538012","61.93895870736086"
"160","260","0.5","20","0","pos","259","69.06542056074765","30.934579439252335","70.56530214424951","67.68402154398564"
"165","260","0.5","30","0","pos","166","73.27102803738318","26.72897196261682","70.9551656920078","75.40394973070018"
"164","260","0.4","30","0","pos","259","72.80373831775701","27.19626168224299","74.6588693957115","71.0951526032316"
"159","260","0.4","20","0","pos","166","62.42990654205608","37.570093457943926","61.59844054580896","63.19569120287253"
"167","260","0.2","40","0","pos","0","60.5607476635514","39.4392523364486","59.06432748538012","61.93895870736086"
"166","260","0.1","40","0","pos","69","60.93457943925233","39.06542056074767","58.28460038986355","63.37522441651705"
"169","260","0.4","40","0","pos","0","60.5607476635514","39.4392523364486","59.06432748538012","61.93895870736086"
"165","260","0.5","30","0","pos","259","76.07476635514018","23.925233644859816","74.26900584795322","77.737881508079"
"159","260","0.4","20","0","pos","259","65.42056074766354","34.57943925233645","65.69200779727096","65.1705565529623"
"172","260","0.2","50","0","pos","0","60.5607476635514","39.4392523364486","59.06432748538012","61.93895870736086"
"169","260","0.4","40","0","pos","69","64.20560747663552","35.794392523364486","63.547758284600384","64.81149012567326"
"170","260","0.5","40","0","pos","0","60.5607476635514","39.4392523364486","59.06432748538012","61.93895870736086"
"166","260","0.1","40","0","pos","166","62.33644859813084","37.663551401869164","60.03898635477582","64.4524236983842"
"167","260","0.2","40","0","pos","69","65.14018691588785","34.859813084112155","64.13255360623782","66.06822262118493"
"171","260","0.1","50","0","pos","0","60.5607476635514","39.4392523364486","59.06432748538012","61.93895870736086"
"172","260","0.2","50","0","pos","69","62.616822429906534","37.38317757009346","61.20857699805068","63.91382405745063"
"169","260","0.4","40","0","pos","166","68.97196261682244","31.02803738317757","66.8615984405458","70.91561938958706"
"173","260","0.3","50","0","pos","0","60.5607476635514","39.4392523364486","59.06432748538012","61.93895870736086"
"166","260","0.1","40","0","pos","259","63.64485981308411","36.35514018691588","60.62378167641326","66.42728904847397"
"172","260","0.2","50","0","pos","166","67.19626168224299","32.80373831775701","65.10721247563353","69.12028725314184"
"168","260","0.3","40","0","pos","0","60.5607476635514","39.4392523364486","59.06432748538012","61.93895870736086"
"175","260","0.5","50","0","pos","0","60.5607476635514","39.4392523364486","59.06432748538012","61.93895870736086"
"170","260","0.5","40","0","pos","69","65.42056074766354","34.57943925233645","65.8869395711501","64.99102333931778"
"169","260","0.4","40","0","pos","259","71.1214953271028","28.878504672897197","69.5906432748538","72.5314183123878"
"171","260","0.1","50","0","pos","69","60.8411214953271","39.15887850467289","59.64912280701754","61.93895870736086"
"175","260","0.5","50","0","pos","69","70.37383177570094","29.626168224299064","70.37037037037037","70.3770197486535"
"167","260","0.2","40","0","pos","166","68.03738317757009","31.962616822429908","65.69200779727096","70.19748653500898"
"170","260","0.5","40","0","pos","166","70.2803738317757","29.719626168224302","69.78557504873294","70.73608617594255"
"173","260","0.3","50","0","pos","69","67.7570093457944","32.242990654205606","66.47173489278752","68.9407540394973"
"168","260","0.3","40","0","pos","69","65.51401869158879","34.48598130841122","64.13255360623782","66.78635547576302"
"174","260","0.4","50","0","pos","0","60.5607476635514","39.4392523364486","59.06432748538012","61.93895870736086"
"178","260","0.3","10","0","pos","0","60.5607476635514","39.4392523364486","59.06432748538012","61.93895870736086"
"172","260","0.2","50","0","pos","259","70.37383177570094","29.626168224299064","67.64132553606238","72.89048473967684"
"176","260","0.1","10","0","pos","0","60.5607476635514","39.4392523364486","59.06432748538012","61.93895870736086"
"175","260","0.5","50","0","pos","166","77.19626168224299","22.80373831775701","77.77777777777779","76.66068222621185"
"178","260","0.3","10","0","pos","69","63.55140186915887","36.44859813084112","61.59844054580896","65.35008976660683"
"173","260","0.3","50","0","pos","166","73.83177570093457","26.168224299065418","73.48927875243665","74.1472172351885"
"171","260","0.1","50","0","pos","166","62.523364485981304","37.47663551401869","61.01364522417154","63.91382405745063"
"170","260","0.5","40","0","pos","259","71.86915887850466","28.130841121495326","70.17543859649122","73.4290843806104"
"177","260","0.2","10","0","pos","0","60.5607476635514","39.4392523364486","59.06432748538012","61.93895870736086"
"167","260","0.2","40","0","pos","259","70.37383177570094","29.626168224299064","68.03118908382066","72.5314183123878"
"174","260","0.4","50","0","pos","69","67.10280373831776","32.89719626168225","66.8615984405458","67.3249551166966"
"177","260","0.2","10","0","pos","69","61.308411214953274","38.691588785046726","60.23391812865497","62.29802513464991"
"178","260","0.3","10","0","pos","166","62.80373831775701","37.19626168224299","60.81871345029239","64.63195691202873"
"176","260","0.1","10","0","pos","69","61.49532710280374","38.504672897196265","60.42884990253411","62.47755834829444"
"168","260","0.3","40","0","pos","166","70.09345794392523","29.906542056074763","69.00584795321637","71.0951526032316"
"171","260","0.1","50","0","pos","259","63.084112149532714","36.915887850467286","61.59844054580896","64.4524236983842"
"175","260","0.5","50","0","pos","259","79.43925233644859","20.5607476635514","79.14230019493176","79.71274685816876"
"173","260","0.3","50","0","pos","259","75.98130841121495","24.018691588785046","77.19298245614034","74.86535008976661"
"179","260","0.4","10","0","pos","0","60.5607476635514","39.4392523364486","59.06432748538012","61.93895870736086"
"178","260","0.3","10","0","pos","259","62.89719626168224","37.10280373831776","61.40350877192983","64.27289048473968"
"174","260","0.4","50","0","pos","166","74.76635514018692","25.233644859813083","74.26900584795322","75.22441651705566"
"176","260","0.1","10","0","pos","166","62.05607476635514","37.94392523364486","61.01364522417154","63.016157989228006"
"177","260","0.2","10","0","pos","166","61.96261682242991","38.03738317757009","60.42884990253411","63.37522441651705"
"181","260","0.1","20","0","pos","0","60.5607476635514","39.4392523364486","59.06432748538012","61.93895870736086"
"168","260","0.3","40","0","pos","259","73.27102803738318","26.72897196261682","72.31968810916179","74.1472172351885"
"182","260","0.2","20","0","pos","0","60.5607476635514","39.4392523364486","59.06432748538012","61.93895870736086"
"180","260","0.5","10","0","pos","0","60.5607476635514","39.4392523364486","59.06432748538012","61.93895870736086"
"179","260","0.4","10","0","pos","69","61.6822429906542","38.31775700934579","61.59844054580896","61.759425493716336"
"183","260","0.3","20","0","pos","0","60.5607476635514","39.4392523364486","59.06432748538012","61.93895870736086"
"182","260","0.2","20","0","pos","69","63.177570093457945","36.822429906542055","60.81871345029239","65.35008976660683"
"185","260","0.5","20","0","pos","0","60.5607476635514","39.4392523364486","59.06432748538012","61.93895870736086"
"174","260","0.4","50","0","pos","259","76.44859813084112","23.551401869158877","75.6335282651072","77.19928186714542"
"180","260","0.5","10","0","pos","69","62.24299065420561","37.75700934579439","62.37816764132553","62.11849192100538"
"183","260","0.3","20","0","pos","69","63.55140186915887","36.44859813084112","62.768031189083814","64.27289048473968"
"185","260","0.5","20","0","pos","69","62.616822429906534","37.38317757009346","60.81871345029239","64.27289048473968"
"177","260","0.2","10","0","pos","259","61.40186915887851","38.598130841121495","60.62378167641326","62.11849192100538"
"176","260","0.1","10","0","pos","259","62.42990654205608","37.570093457943926","62.1832358674464","62.65709156193896"
"184","260","0.4","20","0","pos","0","60.5607476635514","39.4392523364486","59.06432748538012","61.93895870736086"
"182","260","0.2","20","0","pos","166","64.76635514018692","35.23364485981308","62.37816764132553","66.96588868940754"
"181","260","0.1","20","0","pos","69","60.46728971962617","39.532710280373834","60.62378167641326","60.32315978456014"
"180","260","0.5","10","0","pos","166","61.21495327102804","38.78504672897196","59.64912280701754","62.65709156193896"
"185","260","0.5","20","0","pos","166","64.67289719626169","35.32710280373832","64.32748538011695","64.99102333931778"
"186","260","0.1","30","0","pos","0","60.5607476635514","39.4392523364486","59.06432748538012","61.93895870736086"
"183","260","0.3","20","0","pos","166","64.76635514018692","35.23364485981308","63.74269005847953","65.70915619389586"
"184","260","0.4","20","0","pos","69","64.67289719626169","35.32710280373832","64.32748538011695","64.99102333931778"
"182","260","0.2","20","0","pos","259","65.98130841121495","34.018691588785046","62.57309941520468","69.12028725314184"
"179","260","0.4","10","0","pos","166","65.04672897196262","34.953271028037385","64.91228070175438","65.1705565529623"
"186","260","0.1","30","0","pos","69","60.09345794392523","39.90654205607477","59.25925925925925","60.86175942549371"
"180","260","0.5","10","0","pos","259","63.27102803738318","36.728971962616825","61.79337231968811","64.63195691202873"
"183","260","0.3","20","0","pos","259","66.82242990654206","33.177570093457945","66.27680311890838","67.3249551166966"
"187","260","0.2","30","0","pos","0","60.5607476635514","39.4392523364486","59.06432748538012","61.93895870736086"
"185","260","0.5","20","0","pos","259","68.41121495327103","31.588785046728972","69.20077972709552","67.68402154398564"
"188","260","0.3","30","0","pos","0","60.5607476635514","39.4392523364486","59.06432748538012","61.93895870736086"
"181","260","0.1","20","0","pos","166","61.588785046728965","38.41121495327103","62.1832358674464","61.04129263913825"
"184","260","0.4","20","0","pos","166","67.38317757009345","32.61682242990654","65.49707602339181","69.12028725314184"
"179","260","0.4","10","0","pos","259","66.16822429906543","33.83177570093458","66.47173489278752","65.8886894075404"
"187","260","0.2","30","0","pos","69","62.616822429906534","37.38317757009346","61.20857699805068","63.91382405745063"
"186","260","0.1","30","0","pos","166","62.149532710280376","37.850467289719624","61.98830409356725","62.29802513464991"
"188","260","0.3","30","0","pos","69","63.27102803738318","36.728971962616825","63.35282651072125","63.19569120287253"
"190","260","0.5","30","0","pos","0","60.5607476635514","39.4392523364486","59.06432748538012","61.93895870736086"
"184","260","0.4","20","0","pos","259","68.69158878504673","31.308411214953267","67.83625730994152","69.47935368043088"
"190","260","0.5","30","0","pos","69","67.10280373831776","32.89719626168225","64.32748538011695","69.6588868940754"
"181","260","0.1","20","0","pos","259","61.86915887850467","38.13084112149533","61.40350877192983","62.29802513464991"
"192","260","0.2","40","0","pos","0","60.5607476635514","39.4392523364486","59.06432748538012","61.93895870736086"
"193","260","0.3","40","0","pos","0","60.5607476635514","39.4392523364486","59.06432748538012","61.93895870736086"
"191","260","0.1","40","0","pos","0","60.5607476635514","39.4392523364486","59.06432748538012","61.93895870736086"
"186","260","0.1","30","0","pos","259","64.11214953271028","35.88785046728972","63.547758284600384","64.63195691202873"
"187","260","0.2","30","0","pos","166","65.98130841121495","34.018691588785046","64.71734892787524","67.14542190305207"
"189","260","0.4","30","0","pos","0","60.5607476635514","39.4392523364486","59.06432748538012","61.93895870736086"
"188","260","0.3","30","0","pos","166","65.51401869158879","34.48598130841122","64.91228070175438","66.06822262118493"
"193","260","0.3","40","0","pos","69","65.98130841121495","34.018691588785046","65.69200779727096","66.24775583482945"
"194","260","0.4","40","0","pos","0","60.5607476635514","39.4392523364486","59.06432748538012","61.93895870736086"
"190","260","0.5","30","0","pos","166","72.61682242990655","27.38317757009346","70.76023391812866","74.32675044883304"
"192","260","0.2","40","0","pos","69","62.149532710280376","37.850467289719624","61.20857699805068","63.016157989228006"
"191","260","0.1","40","0","pos","69","61.308411214953274","38.691588785046726","61.59844054580896","61.04129263913825"
"188","260","0.3","30","0","pos","259","67.10280373831776","32.89719626168225","67.44639376218323","66.78635547576302"
"193","260","0.3","40","0","pos","166","70.8411214953271","29.1588785046729","69.00584795321637","72.5314183123878"
"189","260","0.4","30","0","pos","69","64.85981308411215","35.14018691588785","63.547758284600384","66.06822262118493"
"187","260","0.2","30","0","pos","259","68.5981308411215","31.401869158878505","67.44639376218323","69.6588868940754"
"194","260","0.4","40","0","pos","69","65.7943925233645","34.205607476635514","65.49707602339181","66.06822262118493"
"198","260","0.3","50","0","pos","0","60.5607476635514","39.4392523364486","59.06432748538012","61.93895870736086"
"196","260","0.1","50","0","pos","0","60.5607476635514","39.4392523364486","59.06432748538012","61.93895870736086"
"189","260","0.4","30","0","pos","166","68.50467289719626","31.49532710280374","68.2261208576998","68.76122082585279"
"197","260","0.2","50","0","pos","0","60.5607476635514","39.4392523364486","59.06432748538012","61.93895870736086"
"198","260","0.3","50","0","pos","69","63.36448598130842","36.63551401869159","61.79337231968811","64.81149012567326"
"196","260","0.1","50","0","pos","69","61.588785046728965","38.41121495327103","60.23391812865497","62.83662477558348"
"195","260","0.5","40","0","pos","0","60.5607476635514","39.4392523364486","59.06432748538012","61.93895870736086"
"194","260","0.4","40","0","pos","166","71.40186915887851","28.598130841121495","72.51461988304094","70.3770197486535"
"189","260","0.4","30","0","pos","259","72.61682242990655","27.38317757009346","72.51461988304094","72.71095152603232"
"197","260","0.2","50","0","pos","69","64.20560747663552","35.794392523364486","63.547758284600384","64.81149012567326"
"195","260","0.5","40","0","pos","69","67.10280373831776","32.89719626168225","66.47173489278752","67.68402154398564"
"196","260","0.1","50","0","pos","166","63.27102803738318","36.728971962616825","62.1832358674464","64.27289048473968"
"194","260","0.4","40","0","pos","259","76.16822429906543","23.83177570093458","75.43859649122807","76.84021543985638"
"198","260","0.3","50","0","pos","166","70.18691588785046","29.813084112149536","68.03118908382066","72.17235188509873"
"199","260","0.4","50","0","pos","0","60.5607476635514","39.4392523364486","59.06432748538012","61.93895870736086"
"190","260","0.5","30","0","pos","259","75.70093457943925","24.299065420560748","73.87914230019493","77.37881508078995"
"192","260","0.2","40","0","pos","166","63.64485981308411","36.35514018691588","62.768031189083814","64.4524236983842"
"195","260","0.5","40","0","pos","166","73.73831775700934","26.261682242990652","71.15009746588694","76.12208258527828"
"196","260","0.1","50","0","pos","259","65.7943925233645","34.205607476635514","65.69200779727096","65.8886894075404"
"191","260","0.1","40","0","pos","166","62.33644859813084","37.663551401869164","62.768031189083814","61.93895870736086"
"198","260","0.3","50","0","pos","259","72.80373831775701","27.19626168224299","71.34502923976608","74.1472172351885"
"197","260","0.2","50","0","pos","166","68.13084112149532","31.86915887850467","66.8615984405458","69.29982046678636"
"193","260","0.3","40","0","pos","259","73.73831775700934","26.261682242990652","74.07407407407408","73.4290843806104"
"195","260","0.5","40","0","pos","259","75.98130841121495","24.018691588785046","74.26900584795322","77.55834829443447"
"199","260","0.4","50","0","pos","69","67.85046728971963","32.149532710280376","68.03118908382066","67.68402154398564"
"201","260","0.1","10","0","pos","0","60.5607476635514","39.4392523364486","59.06432748538012","61.93895870736086"
"192","260","0.2","40","0","pos","259","66.9158878504673","33.084112149532714","65.69200779727096","68.04308797127469"
"202","260","0.2","10","0","pos","0","60.5607476635514","39.4392523364486","59.06432748538012","61.93895870736086"
"197","260","0.2","50","0","pos","259","71.58878504672897","28.41121495327103","69.98050682261209","73.07001795332137"
"201","260","0.1","10","0","pos","69","60.09345794392523","39.90654205607477","58.47953216374269","61.57989228007181"
"199","260","0.4","50","0","pos","166","74.11214953271028","25.88785046728972","73.68421052631578","74.50628366247756"
"200","260","0.5","50","0","pos","0","60.5607476635514","39.4392523364486","59.06432748538012","61.93895870736086"
"191","260","0.1","40","0","pos","259","65.04672897196262","34.953271028037385","65.69200779727096","64.4524236983842"
"202","260","0.2","10","0","pos","69","60.747663551401864","39.25233644859813","59.84405458089669","61.57989228007181"
"203","260","0.3","10","0","pos","0","60.5607476635514","39.4392523364486","59.06432748538012","61.93895870736086"
"205","260","0.5","10","0","pos","0","60.5607476635514","39.4392523364486","59.06432748538012","61.93895870736086"
"203","260","0.3","10","0","pos","69","61.6822429906542","38.31775700934579","61.59844054580896","61.759425493716336"
"201","260","0.1","10","0","pos","166","60.8411214953271","39.15887850467289","60.23391812865497","61.40035906642729"
"200","260","0.5","50","0","pos","69","67.94392523364486","32.05607476635514","67.83625730994152","68.04308797127469"
"205","260","0.5","10","0","pos","69","61.49532710280374","38.504672897196265","61.01364522417154","61.93895870736086"
"203","260","0.3","10","0","pos","166","62.89719626168224","37.10280373831776","61.59844054580896","64.09335727109516"
"199","260","0.4","50","0","pos","259","77.85046728971963","22.149532710280372","77.58284600389864","78.09694793536805"
"204","260","0.4","10","0","pos","0","60.5607476635514","39.4392523364486","59.06432748538012","61.93895870736086"
"202","260","0.2","10","0","pos","166","61.21495327102804","38.78504672897196","59.64912280701754","62.65709156193896"
"204","260","0.4","10","0","pos","69","61.86915887850467","38.13084112149533","60.81871345029239","62.83662477558348"
"209","260","0.4","20","0","pos","0","60.5607476635514","39.4392523364486","59.06432748538012","61.93895870736086"
"201","260","0.1","10","0","pos","259","60.93457943925233","39.06542056074767","60.62378167641326","61.22082585278277"
"205","260","0.5","10","0","pos","166","63.55140186915887","36.44859813084112","62.1832358674464","64.81149012567326"
"206","260","0.1","20","0","pos","0","60.5607476635514","39.4392523364486","59.06432748538012","61.93895870736086"
"203","260","0.3","10","0","pos","259","64.95327102803739","35.046728971962615","63.93762183235867","65.8886894075404"
"207","260","0.2","20","0","pos","0","60.5607476635514","39.4392523364486","59.06432748538012","61.93895870736086"
"208","260","0.3","20","0","pos","0","60.5607476635514","39.4392523364486","59.06432748538012","61.93895870736086"
"209","260","0.4","20","0","pos","69","63.177570093457945","36.822429906542055","62.57309941520468","63.73429084380611"
"205","260","0.5","10","0","pos","259","64.67289719626169","35.32710280373832","64.91228070175438","64.4524236983842"
"200","260","0.5","50","0","pos","166","72.33644859813084","27.663551401869157","70.9551656920078","73.60861759425494"
"202","260","0.2","10","0","pos","259","61.308411214953274","38.691588785046726","60.42884990253411","62.11849192100538"
"206","260","0.1","20","0","pos","69","62.24299065420561","37.75700934579439","59.84405458089669","64.4524236983842"
"204","260","0.4","10","0","pos","166","64.57943925233644","35.42056074766355","63.93762183235867","65.1705565529623"
"209","260","0.4","20","0","pos","166","65.7943925233645","34.205607476635514","63.74269005847953","67.68402154398564"
"207","260","0.2","20","0","pos","69","60.93457943925233","39.06542056074767","59.25925925925925","62.47755834829444"
"208","260","0.3","20","0","pos","69","63.27102803738318","36.728971962616825","64.5224171539961","62.11849192100538"
"210","260","0.5","20","0","pos","0","60.5607476635514","39.4392523364486","59.06432748538012","61.93895870736086"
"210","260","0.5","20","0","pos","69","61.6822429906542","38.31775700934579","61.98830409356725","61.40035906642729"
"207","260","0.2","20","0","pos","166","63.55140186915887","36.44859813084112","61.40350877192983","65.52962298025135"
"212","260","0.2","30","0","pos","0","60.5607476635514","39.4392523364486","59.06432748538012","61.93895870736086"
"213","260","0.3","30","0","pos","0","60.5607476635514","39.4392523364486","59.06432748538012","61.93895870736086"
"208","260","0.3","20","0","pos","166","65.51401869158879","34.48598130841122","66.66666666666666","64.4524236983842"
"212","260","0.2","30","0","pos","69","62.71028037383177","37.28971962616822","61.01364522417154","64.27289048473968"
"209","260","0.4","20","0","pos","259","68.22429906542055","31.775700934579437","65.49707602339181","70.73608617594255"
"213","260","0.3","30","0","pos","69","63.45794392523364","36.54205607476636","63.93762183235867","63.016157989228006"
"210","260","0.5","20","0","pos","166","67.00934579439253","32.99065420560748","68.03118908382066","66.06822262118493"
"207","260","0.2","20","0","pos","259","67.19626168224299","32.80373831775701","66.27680311890838","68.04308797127469"
"200","260","0.5","50","0","pos","259","75.42056074766356","24.57943925233645","74.46393762183236","76.30161579892281"
"206","260","0.1","20","0","pos","166","63.64485981308411","36.35514018691588","60.62378167641326","66.42728904847397"
"204","260","0.4","10","0","pos","259","64.48598130841121","35.51401869158878","63.74269005847953","65.1705565529623"
"214","260","0.4","30","0","pos","0","60.5607476635514","39.4392523364486","59.06432748538012","61.93895870736086"
"211","260","0.1","30","0","pos","0","60.5607476635514","39.4392523364486","59.06432748538012","61.93895870736086"
"212","260","0.2","30","0","pos","166","65.7943925233645","34.205607476635514","63.93762183235867","67.50448833034112"
"208","260","0.3","20","0","pos","259","67.19626168224299","32.80373831775701","67.83625730994152","66.6068222621185"
"206","260","0.1","20","0","pos","259","65.88785046728972","34.112149532710276","63.1578947368421","68.40215439856372"
"210","260","0.5","20","0","pos","259","68.5981308411215","31.401869158878505","69.00584795321637","68.2226211849192"
"215","260","0.5","30","0","pos","0","60.5607476635514","39.4392523364486","59.06432748538012","61.93895870736086"
"213","260","0.3","30","0","pos","166","65.88785046728972","34.112149532710276","66.8615984405458","64.99102333931778"
"214","260","0.4","30","0","pos","69","67.57009345794393","32.429906542056074","66.8615984405458","68.2226211849192"
"211","260","0.1","30","0","pos","69","62.523364485981304","37.47663551401869","59.64912280701754","65.1705565529623"
"212","260","0.2","30","0","pos","259","67.66355140186916","32.33644859813084","66.47173489278752","68.76122082585279"
"213","260","0.3","30","0","pos","259","68.3177570093458","31.68224299065421","69.5906432748538","67.14542190305207"
"216","260","0.1","40","0","pos","0","60.5607476635514","39.4392523364486","59.06432748538012","61.93895870736086"
"217","260","0.2","40","0","pos","0","60.5607476635514","39.4392523364486","59.06432748538012","61.93895870736086"
"215","260","0.5","30","0","pos","69","66.54205607476635","33.45794392523365","66.27680311890838","66.78635547576302"
"216","260","0.1","40","0","pos","69","62.71028037383177","37.28971962616822","61.79337231968811","63.55475763016158"
"219","260","0.4","40","0","pos","0","60.5607476635514","39.4392523364486","59.06432748538012","61.93895870736086"
"217","260","0.2","40","0","pos","69","63.084112149532714","36.915887850467286","61.01364522417154","64.99102333931778"
"221","260","0.1","50","0","pos","0","60.5607476635514","39.4392523364486","59.06432748538012","61.93895870736086"
"214","260","0.4","30","0","pos","166","73.17757009345794","26.822429906542055","72.31968810916179","73.96768402154399"
"211","260","0.1","30","0","pos","166","62.42990654205608","37.570093457943926","59.06432748538012","65.52962298025135"
"222","260","0.2","50","0","pos","0","60.5607476635514","39.4392523364486","59.06432748538012","61.93895870736086"
"219","260","0.4","40","0","pos","69","67.28971962616822","32.71028037383177","67.2514619883041","67.3249551166966"
"216","260","0.1","40","0","pos","166","64.95327102803739","35.046728971962615","64.32748538011695","65.52962298025135"
"221","260","0.1","50","0","pos","69","62.80373831775701","37.19626168224299","62.37816764132553","63.19569120287253"
"215","260","0.5","30","0","pos","166","70.8411214953271","29.1588785046729","69.5906432748538","71.99281867145422"
"222","260","0.2","50","0","pos","69","63.084112149532714","36.915887850467286","63.1578947368421","63.016157989228006"
"217","260","0.2","40","0","pos","166","66.26168224299064","33.73831775700935","63.93762183235867","68.40215439856372"
"218","260","0.3","40","0","pos","0","60.5607476635514","39.4392523364486","59.06432748538012","61.93895870736086"
"221","260","0.1","50","0","pos","166","65.23364485981308","34.76635514018692","65.8869395711501","64.63195691202873"
"215","260","0.5","30","0","pos","259","71.86915887850466","28.130841121495326","70.37037037037037","73.24955116696589"
"216","260","0.1","40","0","pos","259","67.19626168224299","32.80373831775701","67.05653021442495","67.3249551166966"
"214","260","0.4","30","0","pos","259","77.00934579439253","22.990654205607477","76.60818713450293","77.37881508078995"
"211","260","0.1","30","0","pos","259","63.83177570093458","36.16822429906542","59.84405458089669","67.50448833034112"
"222","260","0.2","50","0","pos","166","64.95327102803739","35.046728971962615","66.27680311890838","63.73429084380611"
"219","260","0.4","40","0","pos","166","73.73831775700934","26.261682242990652","74.6588693957115","72.89048473967684"
"224","260","0.4","50","0","pos","0","60.5607476635514","39.4392523364486","59.06432748538012","61.93895870736086"
"218","260","0.3","40","0","pos","69","64.76635514018692","35.23364485981308","64.13255360623782","65.35008976660683"
"217","260","0.2","40","0","pos","259","67.85046728971963","32.149532710280376","65.69200779727096","69.83842010771993"
"220","260","0.5","40","0","pos","0","60.5607476635514","39.4392523364486","59.06432748538012","61.93895870736086"
"222","260","0.2","50","0","pos","259","67.66355140186916","32.33644859813084","67.44639376218323","67.86355475763017"
"221","260","0.1","50","0","pos","259","66.9158878504673","33.084112149532714","68.42105263157895","65.52962298025135"
"224","260","0.4","50","0","pos","69","68.5981308411215","31.401869158878505","68.61598440545808","68.58168761220826"
"223","260","0.3","50","0","pos","0","60.5607476635514","39.4392523364486","59.06432748538012","61.93895870736086"
"218","260","0.3","40","0","pos","166","69.4392523364486","30.560747663551403","67.2514619883041","71.45421903052065"
"220","260","0.5","40","0","pos","69","66.72897196261682","33.271028037383175","68.42105263157895","65.1705565529623"
"224","260","0.4","50","0","pos","166","76.26168224299066","23.738317757009344","73.87914230019493","78.45601436265709"
"229","260","0.4","10","0","pos","0","60.5607476635514","39.4392523364486","59.06432748538012","61.93895870736086"
"226","260","0.1","10","0","pos","0","60.5607476635514","39.4392523364486","59.06432748538012","61.93895870736086"
"218","260","0.3","40","0","pos","259","73.17757009345794","26.822429906542055","71.73489278752436","74.50628366247756"
"225","260","0.5","50","0","pos","0","60.5607476635514","39.4392523364486","59.06432748538012","61.93895870736086"
"219","260","0.4","40","0","pos","259","75.04672897196262","24.95327102803738","74.6588693957115","75.40394973070018"
"230","260","0.5","10","0","pos","0","60.5607476635514","39.4392523364486","59.06432748538012","61.93895870736086"
"223","260","0.3","50","0","pos","69","66.9158878504673","33.084112149532714","65.49707602339181","68.2226211849192"
"224","260","0.4","50","0","pos","259","78.31775700934578","21.682242990654206","76.60818713450293","79.89228007181327"
"229","260","0.4","10","0","pos","69","62.71028037383177","37.28971962616822","59.64912280701754","65.52962298025135"
"231","260","0.1","20","0","pos","0","60.5607476635514","39.4392523364486","59.06432748538012","61.93895870736086"
"226","260","0.1","10","0","pos","69","59.813084112149525","40.18691588785047","57.30994152046783","62.11849192100538"
"228","260","0.3","10","0","pos","0","60.5607476635514","39.4392523364486","59.06432748538012","61.93895870736086"
"220","260","0.5","40","0","pos","166","71.96261682242991","28.037383177570092","73.2943469785575","70.73608617594255"
"231","260","0.1","20","0","pos","69","60.280373831775705","39.719626168224295","58.67446393762184","61.759425493716336"
"225","260","0.5","50","0","pos","69","65.14018691588785","34.859813084112155","64.5224171539961","65.70915619389586"
"229","260","0.4","10","0","pos","166","64.76635514018692","35.23364485981308","63.547758284600384","65.8886894075404"
"230","260","0.5","10","0","pos","69","62.24299065420561","37.75700934579439","59.84405458089669","64.4524236983842"
"226","260","0.1","10","0","pos","166","60.5607476635514","39.4392523364486","57.50487329434698","63.37522441651705"
"227","260","0.2","10","0","pos","0","60.5607476635514","39.4392523364486","59.06432748538012","61.93895870736086"
"223","260","0.3","50","0","pos","166","73.64485981308411","26.355140186915886","71.15009746588694","75.94254937163375"
"231","260","0.1","20","0","pos","166","61.12149532710281","38.87850467289719","59.84405458089669","62.29802513464991"
"228","260","0.3","10","0","pos","69","61.21495327102804","38.78504672897196","59.06432748538012","63.19569120287253"
"229","260","0.4","10","0","pos","259","64.57943925233644","35.42056074766355","62.57309941520468","66.42728904847397"
"220","260","0.5","40","0","pos","259","75.42056074766356","24.57943925233645","76.0233918128655","74.86535008976661"
"226","260","0.1","10","0","pos","259","60.65420560747663","39.345794392523366","57.69980506822612","63.37522441651705"
"227","260","0.2","10","0","pos","69","59.532710280373834","40.46728971962617","57.50487329434698","61.40035906642729"
"232","260","0.2","20","0","pos","0","60.5607476635514","39.4392523364486","59.06432748538012","61.93895870736086"
"231","260","0.1","20","0","pos","259","62.616822429906534","37.38317757009346","60.81871345029239","64.27289048473968"
"234","260","0.4","20","0","pos","0","60.5607476635514","39.4392523364486","59.06432748538012","61.93895870736086"
"225","260","0.5","50","0","pos","166","72.14953271028037","27.850467289719628","71.73489278752436","72.5314183123878"
"227","260","0.2","10","0","pos","166","60.8411214953271","39.15887850467289","59.06432748538012","62.47755834829444"
"230","260","0.5","10","0","pos","166","66.9158878504673","33.084112149532714","65.8869395711501","67.86355475763017"
"223","260","0.3","50","0","pos","259","77.19626168224299","22.80373831775701","74.07407407407408","80.07181328545781"
"234","260","0.4","20","0","pos","69","61.588785046728965","38.41121495327103","62.37816764132553","60.86175942549371"
"228","260","0.3","10","0","pos","166","62.05607476635514","37.94392523364486","60.81871345029239","63.19569120287253"
"227","260","0.2","10","0","pos","259","62.05607476635514","37.94392523364486","60.23391812865497","63.73429084380611"
"232","260","0.2","20","0","pos","69","59.90654205607476","40.09345794392523","58.67446393762184","61.04129263913825"
"235","260","0.5","20","0","pos","0","60.5607476635514","39.4392523364486","59.06432748538012","61.93895870736086"
"225","260","0.5","50","0","pos","259","74.39252336448598","25.607476635514022","72.70955165692008","75.94254937163375"
"233","260","0.3","20","0","pos","0","60.5607476635514","39.4392523364486","59.06432748538012","61.93895870736086"
"234","260","0.4","20","0","pos","166","64.85981308411215","35.14018691588785","62.57309941520468","66.96588868940754"
"238","260","0.3","30","0","pos","0","60.5607476635514","39.4392523364486","59.06432748538012","61.93895870736086"
"230","260","0.5","10","0","pos","259","68.41121495327103","31.588785046728972","67.05653021442495","69.6588868940754"
"228","260","0.3","10","0","pos","259","63.64485981308411","36.35514018691588","62.37816764132553","64.81149012567326"
"236","260","0.1","30","0","pos","0","60.5607476635514","39.4392523364486","59.06432748538012","61.93895870736086"
"235","260","0.5","20","0","pos","69","62.616822429906534","37.38317757009346","62.768031189083814","62.47755834829444"
"237","260","0.2","30","0","pos","0","60.5607476635514","39.4392523364486","59.06432748538012","61.93895870736086"
"234","260","0.4","20","0","pos","259","69.34579439252336","30.654205607476637","68.42105263157895","70.19748653500898"
"233","260","0.3","20","0","pos","69","64.01869158878505","35.981308411214954","62.96296296296296","64.99102333931778"
"232","260","0.2","20","0","pos","166","63.27102803738318","36.728971962616825","62.1832358674464","64.27289048473968"
"237","260","0.2","30","0","pos","69","62.523364485981304","37.47663551401869","61.01364522417154","63.91382405745063"
"238","260","0.3","30","0","pos","69","63.73831775700934","36.26168224299066","62.37816764132553","64.99102333931778"
"236","260","0.1","30","0","pos","69","60.280373831775705","39.719626168224295","60.03898635477582","60.502692998204665"
"232","260","0.2","20","0","pos","259","64.67289719626169","35.32710280373832","64.5224171539961","64.81149012567326"
"240","260","0.5","30","0","pos","0","60.5607476635514","39.4392523364486","59.06432748538012","61.93895870736086"
"235","260","0.5","20","0","pos","166","65.60747663551402","34.39252336448598","64.71734892787524","66.42728904847397"
"238","260","0.3","30","0","pos","166","66.72897196261682","33.271028037383175","66.8615984405458","66.6068222621185"
"233","260","0.3","20","0","pos","166","66.6355140186916","33.36448598130841","63.547758284600384","69.47935368043088"
"243","260","0.3","40","0","pos","0","60.5607476635514","39.4392523364486","59.06432748538012","61.93895870736086"
"240","260","0.5","30","0","pos","69","65.51401869158879","34.48598130841122","66.47173489278752","64.63195691202873"
"244","260","0.4","40","0","pos","0","60.5607476635514","39.4392523364486","59.06432748538012","61.93895870736086"
"241","260","0.1","40","0","pos","0","60.5607476635514","39.4392523364486","59.06432748538012","61.93895870736086"
"237","260","0.2","30","0","pos","166","66.82242990654206","33.177570093457945","64.5224171539961","68.9407540394973"
"239","260","0.4","30","0","pos","0","60.5607476635514","39.4392523364486","59.06432748538012","61.93895870736086"
"243","260","0.3","40","0","pos","69","63.64485981308411","36.35514018691588","61.20857699805068","65.8886894075404"
"235","260","0.5","20","0","pos","259","67.28971962616822","32.71028037383177","66.08187134502924","68.40215439856372"
"236","260","0.1","30","0","pos","166","60.8411214953271","39.15887850467289","60.81871345029239","60.86175942549371"
"244","260","0.4","40","0","pos","69","64.20560747663552","35.794392523364486","63.547758284600384","64.81149012567326"
"238","260","0.3","30","0","pos","259","70.93457943925233","29.06542056074766","71.15009746588694","70.73608617594255"
"241","260","0.1","40","0","pos","69","63.55140186915887","36.44859813084112","61.79337231968811","65.1705565529623"
"244","260","0.4","40","0","pos","166","69.1588785046729","30.8411214953271","65.8869395711501","72.17235188509873"
"243","260","0.3","40","0","pos","166","69.71962616822431","30.2803738317757","67.83625730994152","71.45421903052065"
"233","260","0.3","20","0","pos","259","69.81308411214954","30.186915887850468","64.91228070175438","74.32675044883304"
"239","260","0.4","30","0","pos","69","63.084112149532714","36.915887850467286","62.37816764132553","63.73429084380611"
"240","260","0.5","30","0","pos","166","69.25233644859813","30.74766355140187","69.78557504873294","68.76122082585279"
"237","260","0.2","30","0","pos","259","70.2803738317757","29.719626168224302","69.39571150097466","71.0951526032316"
"236","260","0.1","30","0","pos","259","62.149532710280376","37.850467289719624","63.35282651072125","61.04129263913825"
"241","260","0.1","40","0","pos","166","62.523364485981304","37.47663551401869","61.01364522417154","63.91382405745063"
"243","260","0.3","40","0","pos","259","72.33644859813084","27.663551401869157","71.15009746588694","73.4290843806104"
"242","260","0.2","40","0","pos","0","60.5607476635514","39.4392523364486","59.06432748538012","61.93895870736086"
"244","260","0.4","40","0","pos","259","74.01869158878505","25.981308411214954","70.56530214424951","77.19928186714542"
"246","260","0.1","50","0","pos","0","60.5607476635514","39.4392523364486","59.06432748538012","61.93895870736086"
"241","260","0.1","40","0","pos","259","63.925233644859816","36.074766355140184","62.57309941520468","65.1705565529623"
"247","260","0.2","50","0","pos","0","60.5607476635514","39.4392523364486","59.06432748538012","61.93895870736086"
"246","260","0.1","50","0","pos","69","61.77570093457943","38.22429906542056","61.20857699805068","62.29802513464991"
"240","260","0.5","30","0","pos","259","74.11214953271028","25.88785046728972","74.85380116959064","73.4290843806104"
"245","260","0.5","40","0","pos","0","60.5607476635514","39.4392523364486","59.06432748538012","61.93895870736086"
"248","260","0.3","50","0","pos","0","60.5607476635514","39.4392523364486","59.06432748538012","61.93895870736086"
"242","260","0.2","40","0","pos","69","64.11214953271028","35.88785046728972","62.1832358674464","65.8886894075404"
"239","260","0.4","30","0","pos","166","69.25233644859813","30.74766355140187","69.00584795321637","69.47935368043088"
"251","260","0.1","10","0","pos","0","60.5607476635514","39.4392523364486","59.06432748538012","61.93895870736086"
"246","260","0.1","50","0","pos","166","63.45794392523364","36.54205607476636","61.20857699805068","65.52962298025135"
"248","260","0.3","50","0","pos","69","62.89719626168224","37.10280373831776","61.59844054580896","64.09335727109516"
"247","260","0.2","50","0","pos","69","64.39252336448598","35.60747663551402","62.57309941520468","66.06822262118493"
"251","260","0.1","10","0","pos","69","61.308411214953274","38.691588785046726","59.64912280701754","62.83662477558348"
"245","260","0.5","40","0","pos","69","63.177570093457945","36.822429906542055","62.768031189083814","63.55475763016158"
"249","260","0.4","50","0","pos","0","60.5607476635514","39.4392523364486","59.06432748538012","61.93895870736086"
"252","260","0.2","10","0","pos","0","60.5607476635514","39.4392523364486","59.06432748538012","61.93895870736086"
"253","260","0.3","10","0","pos","0","60.5607476635514","39.4392523364486","59.06432748538012","61.93895870736086"
"242","260","0.2","40","0","pos","166","67.94392523364486","32.05607476635514","69.00584795321637","66.96588868940754"
"239","260","0.4","30","0","pos","259","71.96261682242991","28.037383177570092","70.9551656920078","72.89048473967684"
"246","260","0.1","50","0","pos","259","66.44859813084112","33.55140186915888","65.69200779727096","67.14542190305207"
"249","260","0.4","50","0","pos","69","66.07476635514018","33.925233644859816","65.30214424951268","66.78635547576302"
"248","260","0.3","50","0","pos","166","69.90654205607477","30.093457943925234","68.42105263157895","71.27468581687613"
"250","260","0.5","50","0","pos","0","60.5607476635514","39.4392523364486","59.06432748538012","61.93895870736086"
"253","260","0.3","10","0","pos","69","61.49532710280374","38.504672897196265","60.42884990253411","62.47755834829444"
"252","260","0.2","10","0","pos","69","60.747663551401864","39.25233644859813","59.4541910331384","61.93895870736086"
"242","260","0.2","40","0","pos","259","72.33644859813084","27.663551401869157","72.12475633528264","72.5314183123878"
"254","260","0.4","10","0","pos","0","60.5607476635514","39.4392523364486","59.06432748538012","61.93895870736086"
"251","260","0.1","10","0","pos","166","61.77570093457943","38.22429906542056","60.42884990253411","63.016157989228006"
"245","260","0.5","40","0","pos","166","70","30","69.98050682261209","70.01795332136446"
"247","260","0.2","50","0","pos","166","69.06542056074765","30.934579439252335","67.44639376218323","70.55655296229803"
"254","260","0.4","10","0","pos","69","61.308411214953274","38.691588785046726","59.06432748538012","63.37522441651705"
"252","260","0.2","10","0","pos","166","62.42990654205608","37.570093457943926","60.81871345029239","63.91382405745063"
"248","260","0.3","50","0","pos","259","73.17757009345794","26.822429906542055","71.73489278752436","74.50628366247756"
"247","260","0.2","50","0","pos","259","71.21495327102804","28.785046728971963","70.37037037037037","71.99281867145422"
"249","260","0.4","50","0","pos","166","73.27102803738318","26.72897196261682","72.31968810916179","74.1472172351885"
"245","260","0.5","40","0","pos","259","72.24299065420561","27.757009345794394","72.31968810916179","72.17235188509873"
"250","260","0.5","50","0","pos","69","68.03738317757009","31.962616822429908","68.03118908382066","68.04308797127469"
"253","260","0.3","10","0","pos","166","62.71028037383177","37.28971962616822","63.1578947368421","62.29802513464991"
"251","260","0.1","10","0","pos","259","62.80373831775701","37.19626168224299","61.98830409356725","63.55475763016158"
"254","260","0.4","10","0","pos","166","63.55140186915887","36.44859813084112","60.03898635477582","66.78635547576302"
"257","260","0.2","20","0","pos","0","60.5607476635514","39.4392523364486","59.06432748538012","61.93895870736086"
"255","260","0.5","10","0","pos","0","60.5607476635514","39.4392523364486","59.06432748538012","61.93895870736086"
"256","260","0.1","20","0","pos","0","60.5607476635514","39.4392523364486","59.06432748538012","61.93895870736086"
"249","260","0.4","50","0","pos","259","76.26168224299066","23.738317757009344","76.0233918128655","76.48114901256733"
"252","260","0.2","10","0","pos","259","63.36448598130842","36.63551401869159","64.32748538011695","62.47755834829444"
"257","260","0.2","20","0","pos","69","62.149532710280376","37.850467289719624","60.81871345029239","63.37522441651705"
"256","260","0.1","20","0","pos","69","61.02803738317757","38.97196261682243","59.84405458089669","62.11849192100538"
"259","260","0.4","20","0","pos","0","60.5607476635514","39.4392523364486","59.06432748538012","61.93895870736086"
"253","260","0.3","10","0","pos","259","64.76635514018692","35.23364485981308","64.32748538011695","65.1705565529623"
"250","260","0.5","50","0","pos","166","74.85981308411215","25.140186915887853","74.6588693957115","75.04488330341114"
"255","260","0.5","10","0","pos","69","60.65420560747663","39.345794392523366","60.62378167641326","60.68222621184919"
"258","260","0.3","20","0","pos","0","60.5607476635514","39.4392523364486","59.06432748538012","61.93895870736086"
"260","260","0.5","20","0","pos","0","60.5607476635514","39.4392523364486","59.06432748538012","61.93895870736086"
"254","260","0.4","10","0","pos","259","66.07476635514018","33.925233644859816","61.79337231968811","70.01795332136446"
"257","260","0.2","20","0","pos","166","63.73831775700934","36.26168224299066","61.59844054580896","65.70915619389586"
"259","260","0.4","20","0","pos","69","65.60747663551402","34.39252336448598","65.8869395711501","65.35008976660683"
"256","260","0.1","20","0","pos","166","62.71028037383177","37.28971962616822","62.57309941520468","62.83662477558348"
"260","260","0.5","20","0","pos","69","63.64485981308411","36.35514018691588","62.1832358674464","64.99102333931778"
"261","260","0.1","30","0","pos","0","60.5607476635514","39.4392523364486","59.06432748538012","61.93895870736086"
"255","260","0.5","10","0","pos","166","61.96261682242991","38.03738317757009","62.768031189083814","61.22082585278277"
"262","260","0.2","30","0","pos","0","60.5607476635514","39.4392523364486","59.06432748538012","61.93895870736086"
"258","260","0.3","20","0","pos","69","61.49532710280374","38.504672897196265","62.768031189083814","60.32315978456014"
"250","260","0.5","50","0","pos","259","79.06542056074767","20.93457943925234","80.11695906432749","78.09694793536805"
"263","260","0.3","30","0","pos","0","60.5607476635514","39.4392523364486","59.06432748538012","61.93895870736086"
"261","260","0.1","30","0","pos","69","62.33644859813084","37.663551401869164","61.98830409356725","62.65709156193896"
"259","260","0.4","20","0","pos","166","68.87850467289721","31.121495327102807","69.00584795321637","68.76122082585279"
"257","260","0.2","20","0","pos","259","65.7943925233645","34.205607476635514","65.30214424951268","66.24775583482945"
"260","260","0.5","20","0","pos","166","68.5981308411215","31.401869158878505","67.05653021442495","70.01795332136446"
"255","260","0.5","10","0","pos","259","64.20560747663552","35.794392523364486","66.27680311890838","62.29802513464991"
"264","260","0.4","30","0","pos","0","60.5607476635514","39.4392523364486","59.06432748538012","61.93895870736086"
"262","260","0.2","30","0","pos","69","63.084112149532714","36.915887850467286","62.768031189083814","63.37522441651705"
"263","260","0.3","30","0","pos","69","61.77570093457943","38.22429906542056","60.62378167641326","62.83662477558348"
"258","260","0.3","20","0","pos","166","64.01869158878505","35.981308411214954","66.08187134502924","62.11849192100538"
"256","260","0.1","20","0","pos","259","63.73831775700934","36.26168224299066","64.5224171539961","63.016157989228006"
"262","260","0.2","30","0","pos","166","66.16822429906543","33.83177570093458","65.69200779727096","66.6068222621185"
"261","260","0.1","30","0","pos","166","63.925233644859816","36.074766355140184","63.74269005847953","64.09335727109516"
"264","260","0.4","30","0","pos","69","63.45794392523364","36.54205607476636","60.81871345029239","65.8886894075404"
"260","260","0.5","20","0","pos","259","71.40186915887851","28.598130841121495","69.39571150097466","73.24955116696589"
"259","260","0.4","20","0","pos","259","71.96261682242991","28.037383177570092","73.2943469785575","70.73608617594255"
"265","260","0.5","30","0","pos","0","60.5607476635514","39.4392523364486","59.06432748538012","61.93895870736086"
"258","260","0.3","20","0","pos","259","66.54205607476635","33.45794392523365","67.44639376218323","65.70915619389586"
"262","260","0.2","30","0","pos","259","67.38317757009345","32.61682242990654","66.66666666666666","68.04308797127469"
"266","260","0.1","40","0","pos","0","60.5607476635514","39.4392523364486","59.06432748538012","61.93895870736086"
"267","260","0.2","40","0","pos","0","60.5607476635514","39.4392523364486","59.06432748538012","61.93895870736086"
"263","260","0.3","30","0","pos","166","66.35514018691589","33.64485981308411","65.49707602339181","67.14542190305207"
"268","260","0.3","40","0","pos","0","60.5607476635514","39.4392523364486","59.06432748538012","61.93895870736086"
"265","260","0.5","30","0","pos","69","66.54205607476635","33.45794392523365","67.83625730994152","65.35008976660683"
"261","260","0.1","30","0","pos","259","65.7943925233645","34.205607476635514","65.49707602339181","66.06822262118493"
"266","260","0.1","40","0","pos","69","61.588785046728965","38.41121495327103","60.81871345029239","62.29802513464991"
"264","260","0.4","30","0","pos","166","68.03738317757009","31.962616822429908","65.8869395711501","70.01795332136446"
"269","260","0.4","40","0","pos","0","60.5607476635514","39.4392523364486","59.06432748538012","61.93895870736086"
"267","260","0.2","40","0","pos","69","61.77570093457943","38.22429906542056","62.96296296296296","60.68222621184919"
"263","260","0.3","30","0","pos","259","70.8411214953271","29.1588785046729","70.76023391812866","70.91561938958706"
"265","260","0.5","30","0","pos","166","70.56074766355141","29.439252336448597","73.48927875243665","67.86355475763017"
"269","260","0.4","40","0","pos","69","67.28971962616822","32.71028037383177","66.8615984405458","67.68402154398564"
"266","260","0.1","40","0","pos","166","63.925233644859816","36.074766355140184","63.93762183235867","63.91382405745063"
"267","260","0.2","40","0","pos","166","62.99065420560748","37.00934579439252","62.57309941520468","63.37522441651705"
"268","260","0.3","40","0","pos","69","64.20560747663552","35.794392523364486","62.37816764132553","65.8886894075404"
"272","260","0.2","50","0","pos","0","60.5607476635514","39.4392523364486","59.06432748538012","61.93895870736086"
"264","260","0.4","30","0","pos","259","71.96261682242991","28.037383177570092","69.78557504873294","73.96768402154399"
"269","260","0.4","40","0","pos","166","73.45794392523365","26.542056074766357","74.07407407407408","72.89048473967684"
"266","260","0.1","40","0","pos","259","65.60747663551402","34.39252336448598","65.8869395711501","65.35008976660683"
"267","260","0.2","40","0","pos","259","66.07476635514018","33.925233644859816","66.27680311890838","65.8886894075404"
"265","260","0.5","30","0","pos","259","73.73831775700934","26.261682242990652","75.82846003898635","71.8132854578097"
"272","260","0.2","50","0","pos","69","63.36448598130842","36.63551401869159","61.01364522417154","65.52962298025135"
"273","260","0.3","50","0","pos","0","60.5607476635514","39.4392523364486","59.06432748538012","61.93895870736086"
"274","260","0.4","50","0","pos","0","60.5607476635514","39.4392523364486","59.06432748538012","61.93895870736086"
"269","260","0.4","40","0","pos","259","78.50467289719626","21.49532710280374","78.3625730994152","78.63554757630162"
"268","260","0.3","40","0","pos","166","71.58878504672897","28.41121495327103","69.98050682261209","73.07001795332137"
"271","260","0.1","50","0","pos","0","60.5607476635514","39.4392523364486","59.06432748538012","61.93895870736086"
"270","260","0.5","40","0","pos","0","60.5607476635514","39.4392523364486","59.06432748538012","61.93895870736086"
"275","260","0.5","50","0","pos","0","60.5607476635514","39.4392523364486","59.06432748538012","61.93895870736086"
"272","260","0.2","50","0","pos","166","69.25233644859813","30.74766355140187","67.64132553606238","70.73608617594255"
"271","260","0.1","50","0","pos","69","61.49532710280374","38.504672897196265","59.64912280701754","63.19569120287253"
"274","260","0.4","50","0","pos","69","68.5981308411215","31.401869158878505","68.81091617933723","68.40215439856372"
"276","260","0.1","10","0","pos","0","60.5607476635514","39.4392523364486","59.06432748538012","61.93895870736086"
"273","260","0.3","50","0","pos","69","64.85981308411215","35.14018691588785","64.71734892787524","64.99102333931778"
"275","260","0.5","50","0","pos","69","67.7570093457944","32.242990654205606","66.47173489278752","68.9407540394973"
"277","260","0.2","10","0","pos","0","60.5607476635514","39.4392523364486","59.06432748538012","61.93895870736086"
"268","260","0.3","40","0","pos","259","73.17757009345794","26.822429906542055","71.34502923976608","74.86535008976661"
"270","260","0.5","40","0","pos","69","68.69158878504673","31.308411214953267","64.71734892787524","72.35188509874327"
"272","260","0.2","50","0","pos","259","70.93457943925233","29.06542056074766","69.78557504873294","71.99281867145422"
"278","260","0.3","10","0","pos","0","60.5607476635514","39.4392523364486","59.06432748538012","61.93895870736086"
"277","260","0.2","10","0","pos","69","60.280373831775705","39.719626168224295","58.67446393762184","61.759425493716336"
"271","260","0.1","50","0","pos","166","62.71028037383177","37.28971962616822","63.35282651072125","62.11849192100538"
"274","260","0.4","50","0","pos","166","74.29906542056075","25.70093457943925","74.46393762183236","74.1472172351885"
"276","260","0.1","10","0","pos","69","62.05607476635514","37.94392523364486","61.01364522417154","63.016157989228006"
"273","260","0.3","50","0","pos","166","69.53271028037383","30.467289719626166","69.78557504873294","69.29982046678636"
"270","260","0.5","40","0","pos","166","73.45794392523365","26.542056074766357","69.98050682261209","76.66068222621185"
"279","260","0.4","10","0","pos","0","60.5607476635514","39.4392523364486","59.06432748538012","61.93895870736086"
"278","260","0.3","10","0","pos","69","59.90654205607476","40.09345794392523","57.89473684210527","61.759425493716336"
"275","260","0.5","50","0","pos","166","71.96261682242991","28.037383177570092","71.15009746588694","72.71095152603232"
"280","260","0.5","10","0","pos","0","60.5607476635514","39.4392523364486","59.06432748538012","61.93895870736086"
"277","260","0.2","10","0","pos","166","63.27102803738318","36.728971962616825","61.79337231968811","64.63195691202873"
"279","260","0.4","10","0","pos","69","60.65420560747663","39.345794392523366","57.69980506822612","63.37522441651705"
"273","260","0.3","50","0","pos","259","72.99065420560747","27.009345794392527","72.70955165692008","73.24955116696589"
"270","260","0.5","40","0","pos","259","77.75700934579439","22.242990654205606","75.43859649122807","79.89228007181327"
"271","260","0.1","50","0","pos","259","63.925233644859816","36.074766355140184","64.13255360623782","63.73429084380611"
"282","260","0.2","20","0","pos","0","60.5607476635514","39.4392523364486","59.06432748538012","61.93895870736086"
"274","260","0.4","50","0","pos","259","76.44859813084112","23.551401869158877","77.58284600389864","75.40394973070018"
"277","260","0.2","10","0","pos","259","63.925233644859816","36.074766355140184","62.96296296296296","64.81149012567326"
"280","260","0.5","10","0","pos","69","62.616822429906534","37.38317757009346","63.93762183235867","61.40035906642729"
"275","260","0.5","50","0","pos","259","74.95327102803738","25.04672897196262","73.68421052631578","76.12208258527828"
"276","260","0.1","10","0","pos","166","62.616822429906534","37.38317757009346","61.98830409356725","63.19569120287253"
"282","260","0.2","20","0","pos","69","62.42990654205608","37.570093457943926","60.62378167641326","64.09335727109516"
"279","260","0.4","10","0","pos","166","63.27102803738318","36.728971962616825","61.01364522417154","65.35008976660683"
"281","260","0.1","20","0","pos","0","60.5607476635514","39.4392523364486","59.06432748538012","61.93895870736086"
"278","260","0.3","10","0","pos","166","61.49532710280374","38.504672897196265","59.25925925925925","63.55475763016158"
"276","260","0.1","10","0","pos","259","62.99065420560748","37.00934579439252","62.96296296296296","63.016157989228006"
"283","260","0.3","20","0","pos","0","60.5607476635514","39.4392523364486","59.06432748538012","61.93895870736086"
"279","260","0.4","10","0","pos","259","65.23364485981308","34.76635514018692","64.13255360623782","66.24775583482945"
"284","260","0.4","20","0","pos","0","60.5607476635514","39.4392523364486","59.06432748538012","61.93895870736086"
"281","260","0.1","20","0","pos","69","60.93457943925233","39.06542056074767","59.06432748538012","62.65709156193896"
"282","260","0.2","20","0","pos","166","63.64485981308411","36.35514018691588","62.1832358674464","64.99102333931778"
"280","260","0.5","10","0","pos","166","64.67289719626169","35.32710280373832","66.27680311890838","63.19569120287253"
"283","260","0.3","20","0","pos","69","60","40","57.30994152046783","62.47755834829444"
"284","260","0.4","20","0","pos","69","61.6822429906542","38.31775700934579","61.79337231968811","61.57989228007181"
"278","260","0.3","10","0","pos","259","62.149532710280376","37.850467289719624","59.84405458089669","64.27289048473968"
"281","260","0.1","20","0","pos","166","62.71028037383177","37.28971962616822","61.79337231968811","63.55475763016158"
"287","260","0.2","30","0","pos","0","60.5607476635514","39.4392523364486","59.06432748538012","61.93895870736086"
"285","260","0.5","20","0","pos","0","60.5607476635514","39.4392523364486","59.06432748538012","61.93895870736086"
"282","260","0.2","20","0","pos","259","66.35514018691589","33.64485981308411","65.10721247563353","67.50448833034112"
"281","260","0.1","20","0","pos","259","64.48598130841121","35.51401869158878","63.74269005847953","65.1705565529623"
"287","260","0.2","30","0","pos","69","61.21495327102804","38.78504672897196","58.28460038986355","63.91382405745063"
"280","260","0.5","10","0","pos","259","66.72897196261682","33.271028037383175","67.2514619883041","66.24775583482945"
"289","260","0.4","30","0","pos","0","60.5607476635514","39.4392523364486","59.06432748538012","61.93895870736086"
"285","260","0.5","20","0","pos","69","64.85981308411215","35.14018691588785","63.74269005847953","65.8886894075404"
"288","260","0.3","30","0","pos","0","60.5607476635514","39.4392523364486","59.06432748538012","61.93895870736086"
"284","260","0.4","20","0","pos","166","64.11214953271028","35.88785046728972","64.13255360623782","64.09335727109516"
"286","260","0.1","30","0","pos","0","60.5607476635514","39.4392523364486","59.06432748538012","61.93895870736086"
"283","260","0.3","20","0","pos","166","62.89719626168224","37.10280373831776","60.62378167641326","64.99102333931778"
"290","260","0.5","30","0","pos","0","60.5607476635514","39.4392523364486","59.06432748538012","61.93895870736086"
"284","260","0.4","20","0","pos","259","65.98130841121495","34.018691588785046","67.05653021442495","64.99102333931778"
"289","260","0.4","30","0","pos","69","63.177570093457945","36.822429906542055","61.01364522417154","65.1705565529623"
"287","260","0.2","30","0","pos","166","64.48598130841121","35.51401869158878","61.79337231968811","66.96588868940754"
"285","260","0.5","20","0","pos","166","66.26168224299064","33.73831775700935","64.91228070175438","67.50448833034112"
"292","260","0.2","40","0","pos","0","60.5607476635514","39.4392523364486","59.06432748538012","61.93895870736086"
"288","260","0.3","30","0","pos","69","65.32710280373831","34.67289719626168","64.91228070175438","65.70915619389586"
"286","260","0.1","30","0","pos","69","62.616822429906534","37.38317757009346","60.62378167641326","64.4524236983842"
"287","260","0.2","30","0","pos","259","66.16822429906543","33.83177570093458","63.35282651072125","68.76122082585279"
"285","260","0.5","20","0","pos","259","70","30","68.42105263157895","71.45421903052065"
"283","260","0.3","20","0","pos","259","65.42056074766354","34.57943925233645","63.35282651072125","67.3249551166966"
"292","260","0.2","40","0","pos","69","63.64485981308411","36.35514018691588","61.01364522417154","66.06822262118493"
"290","260","0.5","30","0","pos","69","64.29906542056075","35.700934579439256","62.37816764132553","66.06822262118493"
"293","260","0.3","40","0","pos","0","60.5607476635514","39.4392523364486","59.06432748538012","61.93895870736086"
"294","260","0.4","40","0","pos","0","60.5607476635514","39.4392523364486","59.06432748538012","61.93895870736086"
"291","260","0.1","40","0","pos","0","60.5607476635514","39.4392523364486","59.06432748538012","61.93895870736086"
"289","260","0.4","30","0","pos","166","67.10280373831776","32.89719626168225","65.69200779727096","68.40215439856372"
"292","260","0.2","40","0","pos","166","67.10280373831776","32.89719626168225","64.91228070175438","69.12028725314184"
"291","260","0.1","40","0","pos","69","61.588785046728965","38.41121495327103","61.79337231968811","61.40035906642729"
"295","260","0.5","40","0","pos","0","60.5607476635514","39.4392523364486","59.06432748538012","61.93895870736086"
"288","260","0.3","30","0","pos","166","68.78504672897196","31.21495327102804","67.05653021442495","70.3770197486535"
"290","260","0.5","30","0","pos","166","70.18691588785046","29.813084112149536","67.64132553606238","72.5314183123878"
"294","260","0.4","40","0","pos","69","65.7943925233645","34.205607476635514","63.547758284600384","67.86355475763017"
"296","260","0.1","50","0","pos","0","60.5607476635514","39.4392523364486","59.06432748538012","61.93895870736086"
"291","260","0.1","40","0","pos","166","63.36448598130842","36.63551401869159","63.35282651072125","63.37522441651705"
"292","260","0.2","40","0","pos","259","69.90654205607477","30.093457943925234","68.61598440545808","71.0951526032316"
"286","260","0.1","30","0","pos","166","64.67289719626169","35.32710280373832","62.57309941520468","66.6068222621185"
"295","260","0.5","40","0","pos","69","64.76635514018692","35.23364485981308","64.32748538011695","65.1705565529623"
"293","260","0.3","40","0","pos","69","64.39252336448598","35.60747663551402","64.71734892787524","64.09335727109516"
"297","260","0.2","50","0","pos","0","60.5607476635514","39.4392523364486","59.06432748538012","61.93895870736086"
"289","260","0.4","30","0","pos","259","69.81308411214954","30.186915887850468","68.81091617933723","70.73608617594255"
"298","260","0.3","50","0","pos","0","60.5607476635514","39.4392523364486","59.06432748538012","61.93895870736086"
"290","260","0.5","30","0","pos","259","72.61682242990655","27.38317757009346","71.9298245614035","73.24955116696589"
"291","260","0.1","40","0","pos","259","65.04672897196262","34.953271028037385","65.30214424951268","64.81149012567326"
"286","260","0.1","30","0","pos","259","65.60747663551402","34.39252336448598","63.74269005847953","67.3249551166966"
"296","260","0.1","50","0","pos","69","59.7196261682243","40.2803738317757","58.67446393762184","60.68222621184919"
"288","260","0.3","30","0","pos","259","71.96261682242991","28.037383177570092","70.56530214424951","73.24955116696589"
"294","260","0.4","40","0","pos","166","71.77570093457943","28.22429906542056","69.78557504873294","73.60861759425494"
"293","260","0.3","40","0","pos","166","68.87850467289721","31.121495327102807","69.00584795321637","68.76122082585279"
"297","260","0.2","50","0","pos","69","60.65420560747663","39.345794392523366","60.03898635477582","61.22082585278277"
"296","260","0.1","50","0","pos","166","61.96261682242991","38.03738317757009","60.62378167641326","63.19569120287253"
"297","260","0.2","50","0","pos","166","64.01869158878505","35.981308411214954","64.71734892787524","63.37522441651705"
"295","260","0.5","40","0","pos","166","69.1588785046729","30.8411214953271","67.44639376218323","70.73608617594255"
"294","260","0.4","40","0","pos","259","74.85981308411215","25.140186915887853","73.09941520467837","76.48114901256733"
"299","260","0.4","50","0","pos","0","60.5607476635514","39.4392523364486","59.06432748538012","61.93895870736086"
"296","260","0.1","50","0","pos","259","63.177570093457945","36.822429906542055","61.79337231968811","64.4524236983842"
"298","260","0.3","50","0","pos","69","66.54205607476635","33.45794392523365","66.47173489278752","66.6068222621185"
"297","260","0.2","50","0","pos","259","66.6355140186916","33.36448598130841","67.05653021442495","66.24775583482945"
"299","260","0.4","50","0","pos","69","66.26168224299064","33.73831775700935","65.30214424951268","67.14542190305207"
"293","260","0.3","40","0","pos","259","71.1214953271028","28.878504672897197","72.12475633528264","70.19748653500898"
"304","260","0.4","10","0","pos","0","60.5607476635514","39.4392523364486","59.06432748538012","61.93895870736086"
"302","260","0.2","10","0","pos","0","60.5607476635514","39.4392523364486","59.06432748538012","61.93895870736086"
"295","260","0.5","40","0","pos","259","72.05607476635514","27.943925233644862","71.53996101364523","72.5314183123878"
"303","260","0.3","10","0","pos","0","60.5607476635514","39.4392523364486","59.06432748538012","61.93895870736086"
"301","260","0.1","10","0","pos","0","60.5607476635514","39.4392523364486","59.06432748538012","61.93895870736086"
"300","260","0.5","50","0","pos","0","60.5607476635514","39.4392523364486","59.06432748538012","61.93895870736086"
"301","260","0.1","10","0","pos","69","61.02803738317757","38.97196261682243","60.03898635477582","61.93895870736086"
"298","260","0.3","50","0","pos","166","70.37383177570094","29.626168224299064","69.78557504873294","70.91561938958706"
"303","260","0.3","10","0","pos","69","60.5607476635514","39.4392523364486","59.25925925925925","61.759425493716336"
"302","260","0.2","10","0","pos","69","61.40186915887851","38.598130841121495","60.62378167641326","62.11849192100538"
"299","260","0.4","50","0","pos","166","71.96261682242991","28.037383177570092","74.07407407407408","70.01795332136446"
"304","260","0.4","10","0","pos","69","60.747663551401864","39.25233644859813","60.23391812865497","61.22082585278277"
"301","260","0.1","10","0","pos","166","62.24299065420561","37.75700934579439","61.20857699805068","63.19569120287253"
"305","260","0.5","10","0","pos","0","60.5607476635514","39.4392523364486","59.06432748538012","61.93895870736086"
"300","260","0.5","50","0","pos","69","64.76635514018692","35.23364485981308","61.20857699805068","68.04308797127469"
"303","260","0.3","10","0","pos","166","62.80373831775701","37.19626168224299","60.62378167641326","64.81149012567326"
"306","260","0.1","20","0","pos","0","60.5607476635514","39.4392523364486","59.06432748538012","61.93895870736086"
"298","260","0.3","50","0","pos","259","72.24299065420561","27.757009345794394","71.9298245614035","72.5314183123878"
"308","260","0.3","20","0","pos","0","60.5607476635514","39.4392523364486","59.06432748538012","61.93895870736086"
"299","260","0.4","50","0","pos","259","75.14018691588785","24.85981308411215","77.19298245614034","73.24955116696589"
"304","260","0.4","10","0","pos","166","60.93457943925233","39.06542056074767","60.03898635477582","61.759425493716336"
"307","260","0.2","20","0","pos","0","60.5607476635514","39.4392523364486","59.06432748538012","61.93895870736086"
"300","260","0.5","50","0","pos","166","72.14953271028037","27.850467289719628","69.5906432748538","74.50628366247756"
"305","260","0.5","10","0","pos","69","61.49532710280374","38.504672897196265","61.20857699805068","61.759425493716336"
"303","260","0.3","10","0","pos","259","64.01869158878505","35.981308411214954","62.37816764132553","65.52962298025135"
"309","260","0.4","20","0","pos","0","60.5607476635514","39.4392523364486","59.06432748538012","61.93895870736086"
"302","260","0.2","10","0","pos","166","62.99065420560748","37.00934579439252","61.98830409356725","63.91382405745063"
"306","260","0.1","20","0","pos","69","61.12149532710281","38.87850467289719","59.64912280701754","62.47755834829444"
"308","260","0.3","20","0","pos","69","62.05607476635514","37.94392523364486","60.03898635477582","63.91382405745063"
"307","260","0.2","20","0","pos","69","58.87850467289719","41.1214953271028","57.89473684210527","59.78456014362658"
"304","260","0.4","10","0","pos","259","63.64485981308411","36.35514018691588","62.768031189083814","64.4524236983842"
"301","260","0.1","10","0","pos","259","63.084112149532714","36.915887850467286","61.79337231968811","64.27289048473968"
"309","260","0.4","20","0","pos","69","60.8411214953271","39.15887850467289","60.23391812865497","61.40035906642729"
"302","260","0.2","10","0","pos","259","65.04672897196262","34.953271028037385","65.10721247563353","64.99102333931778"
"305","260","0.5","10","0","pos","166","63.83177570093458","36.16822429906542","63.1578947368421","64.4524236983842"
"306","260","0.1","20","0","pos","166","62.33644859813084","37.663551401869164","59.84405458089669","64.63195691202873"
"307","260","0.2","20","0","pos","166","60.46728971962617","39.532710280373834","60.23391812865497","60.68222621184919"
"300","260","0.5","50","0","pos","259","74.67289719626167","25.327102803738317","72.51461988304094","76.66068222621185"
"311","260","0.1","30","0","pos","0","60.5607476635514","39.4392523364486","59.06432748538012","61.93895870736086"
"310","260","0.5","20","0","pos","0","60.5607476635514","39.4392523364486","59.06432748538012","61.93895870736086"
"308","260","0.3","20","0","pos","166","64.39252336448598","35.60747663551402","64.71734892787524","64.09335727109516"
"306","260","0.1","20","0","pos","259","64.39252336448598","35.60747663551402","62.768031189083814","65.8886894075404"
"313","260","0.3","30","0","pos","0","60.5607476635514","39.4392523364486","59.06432748538012","61.93895870736086"
"312","260","0.2","30","0","pos","0","60.5607476635514","39.4392523364486","59.06432748538012","61.93895870736086"
"309","260","0.4","20","0","pos","166","65.98130841121495","34.018691588785046","64.5224171539961","67.3249551166966"
"308","260","0.3","20","0","pos","259","67.10280373831776","32.89719626168225","68.61598440545808","65.70915619389586"
"311","260","0.1","30","0","pos","69","60.65420560747663","39.345794392523366","60.42884990253411","60.86175942549371"
"310","260","0.5","20","0","pos","69","61.96261682242991","38.03738317757009","63.1578947368421","60.86175942549371"
"305","260","0.5","10","0","pos","259","62.149532710280376","37.850467289719624","62.37816764132553","61.93895870736086"
"312","260","0.2","30","0","pos","69","62.71028037383177","37.28971962616822","62.57309941520468","62.83662477558348"
"307","260","0.2","20","0","pos","259","62.24299065420561","37.75700934579439","61.20857699805068","63.19569120287253"
"313","260","0.3","30","0","pos","69","62.71028037383177","37.28971962616822","62.96296296296296","62.47755834829444"
"315","260","0.5","30","0","pos","0","60.5607476635514","39.4392523364486","59.06432748538012","61.93895870736086"
"314","260","0.4","30","0","pos","0","60.5607476635514","39.4392523364486","59.06432748538012","61.93895870736086"
"309","260","0.4","20","0","pos","259","66.9158878504673","33.084112149532714","66.47173489278752","67.3249551166966"
"317","260","0.2","40","0","pos","0","60.5607476635514","39.4392523364486","59.06432748538012","61.93895870736086"
"312","260","0.2","30","0","pos","166","66.07476635514018","33.925233644859816","66.47173489278752","65.70915619389586"
"314","260","0.4","30","0","pos","69","67.38317757009345","32.61682242990654","66.8615984405458","67.86355475763017"
"315","260","0.5","30","0","pos","69","65.88785046728972","34.112149532710276","63.547758284600384","68.04308797127469"
"317","260","0.2","40","0","pos","69","62.71028037383177","37.28971962616822","62.768031189083814","62.65709156193896"
"316","260","0.1","40","0","pos","0","60.5607476635514","39.4392523364486","59.06432748538012","61.93895870736086"
"311","260","0.1","30","0","pos","166","62.149532710280376","37.850467289719624","62.1832358674464","62.11849192100538"
"310","260","0.5","20","0","pos","166","62.89719626168224","37.10280373831776","63.1578947368421","62.65709156193896"
"314","260","0.4","30","0","pos","166","70.18691588785046","29.813084112149536","71.73489278752436","68.76122082585279"
"312","260","0.2","30","0","pos","259","68.87850467289721","31.121495327102807","70.37037037037037","67.50448833034112"
"313","260","0.3","30","0","pos","166","68.50467289719626","31.49532710280374","68.2261208576998","68.76122082585279"
"317","260","0.2","40","0","pos","166","66.72897196261682","33.271028037383175","68.03118908382066","65.52962298025135"
"314","260","0.4","30","0","pos","259","71.68224299065422","28.317757009345794","70.76023391812866","72.5314183123878"
"320","260","0.5","40","0","pos","0","60.5607476635514","39.4392523364486","59.06432748538012","61.93895870736086"
"316","260","0.1","40","0","pos","69","60.373831775700936","39.626168224299064","59.06432748538012","61.57989228007181"
"315","260","0.5","30","0","pos","166","70.56074766355141","29.439252336448597","67.83625730994152","73.07001795332137"
"313","260","0.3","30","0","pos","259","70.09345794392523","29.906542056074763","68.03118908382066","71.99281867145422"
"321","260","0.1","50","0","pos","0","60.5607476635514","39.4392523364486","59.06432748538012","61.93895870736086"
"310","260","0.5","20","0","pos","259","64.85981308411215","35.14018691588785","65.49707602339181","64.27289048473968"
"318","260","0.3","40","0","pos","0","60.5607476635514","39.4392523364486","59.06432748538012","61.93895870736086"
"320","260","0.5","40","0","pos","69","66.72897196261682","33.271028037383175","67.64132553606238","65.8886894075404"
"311","260","0.1","30","0","pos","259","63.084112149532714","36.915887850467286","63.74269005847953","62.47755834829444"
"319","260","0.4","40","0","pos","0","60.5607476635514","39.4392523364486","59.06432748538012","61.93895870736086"
"317","260","0.2","40","0","pos","259","68.87850467289721","31.121495327102807","69.78557504873294","68.04308797127469"
"321","260","0.1","50","0","pos","69","60.65420560747663","39.345794392523366","58.0896686159844","63.016157989228006"
"315","260","0.5","30","0","pos","259","74.29906542056075","25.70093457943925","73.09941520467837","75.40394973070018"
"322","260","0.2","50","0","pos","0","60.5607476635514","39.4392523364486","59.06432748538012","61.93895870736086"
"319","260","0.4","40","0","pos","69","65.60747663551402","34.39252336448598","63.35282651072125","67.68402154398564"
"316","260","0.1","40","0","pos","166","61.96261682242991","38.03738317757009","62.768031189083814","61.22082585278277"
"323","260","0.3","50","0","pos","0","60.5607476635514","39.4392523364486","59.06432748538012","61.93895870736086"
"322","260","0.2","50","0","pos","69","66.07476635514018","33.925233644859816","64.32748538011695","67.68402154398564"
"320","260","0.5","40","0","pos","166","73.92523364485982","26.074766355140188","72.70955165692008","75.04488330341114"
"324","260","0.4","50","0","pos","0","60.5607476635514","39.4392523364486","59.06432748538012","61.93895870736086"
"323","260","0.3","50","0","pos","69","67.94392523364486","32.05607476635514","67.2514619883041","68.58168761220826"
"318","260","0.3","40","0","pos","69","64.29906542056075","35.700934579439256","62.96296296296296","65.52962298025135"
"321","260","0.1","50","0","pos","166","63.36448598130842","36.63551401869159","61.01364522417154","65.52962298025135"
"319","260","0.4","40","0","pos","166","72.24299065420561","27.757009345794394","70.76023391812866","73.60861759425494"
"316","260","0.1","40","0","pos","259","63.73831775700934","36.26168224299066","65.30214424951268","62.29802513464991"
"326","260","0.1","10","0","pos","0","60.5607476635514","39.4392523364486","59.06432748538012","61.93895870736086"
"322","260","0.2","50","0","pos","166","73.17757009345794","26.822429906542055","71.53996101364523","74.68581687612208"
"327","260","0.2","10","0","pos","0","60.5607476635514","39.4392523364486","59.06432748538012","61.93895870736086"
"323","260","0.3","50","0","pos","166","72.52336448598132","27.476635514018692","72.51461988304094","72.5314183123878"
"319","260","0.4","40","0","pos","259","73.17757009345794","26.822429906542055","72.12475633528264","74.1472172351885"
"328","260","0.3","10","0","pos","0","60.5607476635514","39.4392523364486","59.06432748538012","61.93895870736086"
"324","260","0.4","50","0","pos","69","70","30","70.76023391812866","69.29982046678636"
"321","260","0.1","50","0","pos","259","63.925233644859816","36.074766355140184","61.20857699805068","66.42728904847397"
"320","260","0.5","40","0","pos","259","78.59813084112149","21.401869158878505","77.77777777777779","79.35368043087972"
"325","260","0.5","50","0","pos","0","60.5607476635514","39.4392523364486","59.06432748538012","61.93895870736086"
"318","260","0.3","40","0","pos","166","65.98130841121495","34.018691588785046","65.10721247563353","66.78635547576302"
"326","260","0.1","10","0","pos","69","60.46728971962617","39.532710280373834","59.84405458089669","61.04129263913825"
"328","260","0.3","10","0","pos","69","60.46728971962617","39.532710280373834","58.47953216374269","62.29802513464991"
"325","260","0.5","50","0","pos","69","68.3177570093458","31.68224299065421","68.03118908382066","68.58168761220826"
"327","260","0.2","10","0","pos","69","62.71028037383177","37.28971962616822","60.42884990253411","64.81149012567326"
"323","260","0.3","50","0","pos","259","74.67289719626167","25.327102803738317","74.6588693957115","74.68581687612208"
"328","260","0.3","10","0","pos","166","61.49532710280374","38.504672897196265","60.62378167641326","62.29802513464991"
"318","260","0.3","40","0","pos","259","69.25233644859813","30.74766355140187","68.81091617933723","69.6588868940754"
"329","260","0.4","10","0","pos","0","60.5607476635514","39.4392523364486","59.06432748538012","61.93895870736086"
"322","260","0.2","50","0","pos","259","78.41121495327103","21.588785046728972","76.80311890838206","79.89228007181327"
"325","260","0.5","50","0","pos","166","68.50467289719626","31.49532710280374","67.64132553606238","69.29982046678636"
"330","260","0.5","10","0","pos","0","60.5607476635514","39.4392523364486","59.06432748538012","61.93895870736086"
"324","260","0.4","50","0","pos","166","76.82242990654206","23.177570093457945","75.6335282651072","77.91741472172352"
"326","260","0.1","10","0","pos","166","61.40186915887851","38.598130841121495","61.40350877192983","61.40035906642729"
"325","260","0.5","50","0","pos","259","71.58878504672897","28.41121495327103","70.56530214424951","72.5314183123878"
"330","260","0.5","10","0","pos","69","62.80373831775701","37.19626168224299","61.98830409356725","63.55475763016158"
"329","260","0.4","10","0","pos","69","59.25233644859813","40.74766355140187","58.67446393762184","59.78456014362658"
"328","260","0.3","10","0","pos","259","63.27102803738318","36.728971962616825","62.768031189083814","63.73429084380611"
"332","260","0.2","20","0","pos","0","60.5607476635514","39.4392523364486","59.06432748538012","61.93895870736086"
"327","260","0.2","10","0","pos","166","63.177570093457945","36.822429906542055","61.20857699805068","64.99102333931778"
"332","260","0.2","20","0","pos","69","62.05607476635514","37.94392523364486","60.23391812865497","63.73429084380611"
"330","260","0.5","10","0","pos","166","66.07476635514018","33.925233644859816","64.91228070175438","67.14542190305207"
"334","260","0.4","20","0","pos","0","60.5607476635514","39.4392523364486","59.06432748538012","61.93895870736086"
"329","260","0.4","10","0","pos","166","61.40186915887851","38.598130841121495","60.42884990253411","62.29802513464991"
"324","260","0.4","50","0","pos","259","80.8411214953271","19.158878504672895","79.33723196881091","82.2262118491921"
"331","260","0.1","20","0","pos","0","60.5607476635514","39.4392523364486","59.06432748538012","61.93895870736086"
"334","260","0.4","20","0","pos","69","62.24299065420561","37.75700934579439","61.98830409356725","62.47755834829444"
"326","260","0.1","10","0","pos","259","62.05607476635514","37.94392523364486","61.40350877192983","62.65709156193896"
"333","260","0.3","20","0","pos","0","60.5607476635514","39.4392523364486","59.06432748538012","61.93895870736086"
"332","260","0.2","20","0","pos","166","62.80373831775701","37.19626168224299","61.79337231968811","63.73429084380611"
"327","260","0.2","10","0","pos","259","64.39252336448598","35.60747663551402","61.79337231968811","66.78635547576302"
"331","260","0.1","20","0","pos","69","60.747663551401864","39.25233644859813","59.64912280701754","61.759425493716336"
"336","260","0.1","30","0","pos","0","60.5607476635514","39.4392523364486","59.06432748538012","61.93895870736086"
"329","260","0.4","10","0","pos","259","61.77570093457943","38.22429906542056","59.4541910331384","63.91382405745063"
"333","260","0.3","20","0","pos","69","62.33644859813084","37.663551401869164","62.96296296296296","61.759425493716336"
"334","260","0.4","20","0","pos","166","67.38317757009345","32.61682242990654","65.8869395711501","68.76122082585279"
"335","260","0.5","20","0","pos","0","60.5607476635514","39.4392523364486","59.06432748538012","61.93895870736086"
"337","260","0.2","30","0","pos","0","60.5607476635514","39.4392523364486","59.06432748538012","61.93895870736086"
"336","260","0.1","30","0","pos","69","61.49532710280374","38.504672897196265","61.01364522417154","61.93895870736086"
"334","260","0.4","20","0","pos","259","70.65420560747664","29.345794392523366","68.81091617933723","72.35188509874327"
"337","260","0.2","30","0","pos","69","61.49532710280374","38.504672897196265","59.06432748538012","63.73429084380611"
"331","260","0.1","20","0","pos","166","61.6822429906542","38.31775700934579","60.42884990253411","62.83662477558348"
"333","260","0.3","20","0","pos","166","64.48598130841121","35.51401869158878","64.91228070175438","64.09335727109516"
"330","260","0.5","10","0","pos","259","69.71962616822431","30.2803738317757","67.83625730994152","71.45421903052065"
"332","260","0.2","20","0","pos","259","64.76635514018692","35.23364485981308","63.93762183235867","65.52962298025135"
"338","260","0.3","30","0","pos","0","60.5607476635514","39.4392523364486","59.06432748538012","61.93895870736086"
"331","260","0.1","20","0","pos","259","65.23364485981308","34.76635514018692","64.91228070175438","65.52962298025135"
"336","260","0.1","30","0","pos","166","63.45794392523364","36.54205607476636","62.1832358674464","64.63195691202873"
"335","260","0.5","20","0","pos","69","65.14018691588785","34.859813084112155","62.768031189083814","67.3249551166966"
"340","260","0.5","30","0","pos","0","60.5607476635514","39.4392523364486","59.06432748538012","61.93895870736086"
"339","260","0.4","30","0","pos","0","60.5607476635514","39.4392523364486","59.06432748538012","61.93895870736086"
"333","260","0.3","20","0","pos","259","66.6355140186916","33.36448598130841","68.61598440545808","64.81149012567326"
"337","260","0.2","30","0","pos","166","64.48598130841121","35.51401869158878","62.57309941520468","66.24775583482945"
"341","260","0.1","40","0","pos","0","60.5607476635514","39.4392523364486","59.06432748538012","61.93895870736086"
"339","260","0.4","30","0","pos","69","62.523364485981304","37.47663551401869","60.42884990253411","64.4524236983842"
"338","260","0.3","30","0","pos","69","61.40186915887851","38.598130841121495","61.01364522417154","61.759425493716336"
"335","260","0.5","20","0","pos","166","70","30","68.03118908382066","71.8132854578097"
"341","260","0.1","40","0","pos","69","61.588785046728965","38.41121495327103","59.84405458089669","63.19569120287253"
"342","260","0.2","40","0","pos","0","60.5607476635514","39.4392523364486","59.06432748538012","61.93895870736086"
"338","260","0.3","30","0","pos","166","66.26168224299064","33.73831775700935","66.08187134502924","66.42728904847397"
"340","260","0.5","30","0","pos","69","62.33644859813084","37.663551401869164","59.84405458089669","64.63195691202873"
"336","260","0.1","30","0","pos","259","64.39252336448598","35.60747663551402","62.96296296296296","65.70915619389586"
"339","260","0.4","30","0","pos","166","65.70093457943925","34.29906542056075","63.35282651072125","67.86355475763017"
"343","260","0.3","40","0","pos","0","60.5607476635514","39.4392523364486","59.06432748538012","61.93895870736086"
"342","260","0.2","40","0","pos","69","62.616822429906534","37.38317757009346","60.42884990253411","64.63195691202873"
"344","260","0.4","40","0","pos","0","60.5607476635514","39.4392523364486","59.06432748538012","61.93895870736086"
"335","260","0.5","20","0","pos","259","72.89719626168224","27.102803738317753","70.76023391812866","74.86535008976661"
"337","260","0.2","30","0","pos","259","68.78504672897196","31.21495327102804","67.44639376218323","70.01795332136446"
"341","260","0.1","40","0","pos","166","64.01869158878505","35.981308411214954","62.57309941520468","65.35008976660683"
"343","260","0.3","40","0","pos","69","66.07476635514018","33.925233644859816","64.71734892787524","67.3249551166966"
"342","260","0.2","40","0","pos","166","65.04672897196262","34.953271028037385","62.96296296296296","66.96588868940754"
"344","260","0.4","40","0","pos","69","63.925233644859816","36.074766355140184","62.1832358674464","65.52962298025135"
"338","260","0.3","30","0","pos","259","68.78504672897196","31.21495327102804","68.2261208576998","69.29982046678636"
"341","260","0.1","40","0","pos","259","65.04672897196262","34.953271028037385","63.547758284600384","66.42728904847397"
"346","260","0.1","50","0","pos","0","60.5607476635514","39.4392523364486","59.06432748538012","61.93895870736086"
"339","260","0.4","30","0","pos","259","70.56074766355141","29.439252336448597","68.61598440545808","72.35188509874327"
"340","260","0.5","30","0","pos","166","68.41121495327103","31.588785046728972","63.93762183235867","72.5314183123878"
"345","260","0.5","40","0","pos","0","60.5607476635514","39.4392523364486","59.06432748538012","61.93895870736086"
"342","260","0.2","40","0","pos","259","66.82242990654206","33.177570093457945","64.32748538011695","69.12028725314184"
"343","260","0.3","40","0","pos","166","67.7570093457944","32.242990654205606","68.2261208576998","67.3249551166966"
"346","260","0.1","50","0","pos","69","63.27102803738318","36.728971962616825","61.40350877192983","64.99102333931778"
"348","260","0.3","50","0","pos","0","60.5607476635514","39.4392523364486","59.06432748538012","61.93895870736086"
"347","260","0.2","50","0","pos","0","60.5607476635514","39.4392523364486","59.06432748538012","61.93895870736086"
"344","260","0.4","40","0","pos","166","69.1588785046729","30.8411214953271","67.83625730994152","70.3770197486535"
"345","260","0.5","40","0","pos","69","61.21495327102804","38.78504672897196","61.20857699805068","61.22082585278277"
"340","260","0.5","30","0","pos","259","72.80373831775701","27.19626168224299","69.98050682261209","75.40394973070018"
"348","260","0.3","50","0","pos","69","64.67289719626169","35.32710280373832","64.91228070175438","64.4524236983842"
"346","260","0.1","50","0","pos","166","64.95327102803739","35.046728971962615","63.547758284600384","66.24775583482945"
"343","260","0.3","40","0","pos","259","70.18691588785046","29.813084112149536","70.9551656920078","69.47935368043088"
"350","260","0.5","50","0","pos","0","60.5607476635514","39.4392523364486","59.06432748538012","61.93895870736086"
"349","260","0.4","50","0","pos","0","60.5607476635514","39.4392523364486","59.06432748538012","61.93895870736086"
"351","260","0.1","10","0","pos","0","60.5607476635514","39.4392523364486","59.06432748538012","61.93895870736086"
"347","260","0.2","50","0","pos","69","65.70093457943925","34.29906542056075","64.32748538011695","66.96588868940754"
"348","260","0.3","50","0","pos","166","68.69158878504673","31.308411214953267","67.64132553606238","69.6588868940754"
"349","260","0.4","50","0","pos","69","65.23364485981308","34.76635514018692","65.49707602339181","64.99102333931778"
"351","260","0.1","10","0","pos","69","60.747663551401864","39.25233644859813","59.64912280701754","61.759425493716336"
"344","260","0.4","40","0","pos","259","73.08411214953271","26.91588785046729","72.12475633528264","73.96768402154399"
"345","260","0.5","40","0","pos","166","66.72897196261682","33.271028037383175","63.93762183235867","69.29982046678636"
"353","260","0.3","10","0","pos","0","60.5607476635514","39.4392523364486","59.06432748538012","61.93895870736086"
"346","260","0.1","50","0","pos","259","67.28971962616822","32.71028037383177","66.8615984405458","67.68402154398564"
"350","260","0.5","50","0","pos","69","67.94392523364486","32.05607476635514","65.69200779727096","70.01795332136446"
"353","260","0.3","10","0","pos","69","61.40186915887851","38.598130841121495","60.42884990253411","62.29802513464991"
"348","260","0.3","50","0","pos","259","70.74766355140187","29.252336448598133","69.5906432748538","71.8132854578097"
"352","260","0.2","10","0","pos","0","60.5607476635514","39.4392523364486","59.06432748538012","61.93895870736086"
"349","260","0.4","50","0","pos","166","70.18691588785046","29.813084112149536","71.53996101364523","68.9407540394973"
"355","260","0.5","10","0","pos","0","60.5607476635514","39.4392523364486","59.06432748538012","61.93895870736086"
"351","260","0.1","10","0","pos","166","60.747663551401864","39.25233644859813","59.84405458089669","61.57989228007181"
"356","260","0.1","20","0","pos","0","60.5607476635514","39.4392523364486","59.06432748538012","61.93895870736086"
"349","260","0.4","50","0","pos","259","75.51401869158877","24.485981308411215","75.24366471734892","75.76301615798923"
"347","260","0.2","50","0","pos","166","70.8411214953271","29.1588785046729","70.37037037037037","71.27468581687613"
"355","260","0.5","10","0","pos","69","61.96261682242991","38.03738317757009","61.01364522417154","62.83662477558348"
"352","260","0.2","10","0","pos","69","60.46728971962617","39.532710280373834","58.86939571150097","61.93895870736086"
"353","260","0.3","10","0","pos","166","64.20560747663552","35.794392523364486","64.91228070175438","63.55475763016158"
"356","260","0.1","20","0","pos","69","61.86915887850467","38.13084112149533","60.42884990253411","63.19569120287253"
"354","260","0.4","10","0","pos","0","60.5607476635514","39.4392523364486","59.06432748538012","61.93895870736086"
"345","260","0.5","40","0","pos","259","70.56074766355141","29.439252336448597","69.20077972709552","71.8132854578097"
"357","260","0.2","20","0","pos","0","60.5607476635514","39.4392523364486","59.06432748538012","61.93895870736086"
"350","260","0.5","50","0","pos","166","74.01869158878505","25.981308411214954","72.90448343079922","75.04488330341114"
"355","260","0.5","10","0","pos","166","65.04672897196262","34.953271028037385","63.547758284600384","66.42728904847397"
"351","260","0.1","10","0","pos","259","60.93457943925233","39.06542056074767","60.03898635477582","61.759425493716336"
"352","260","0.2","10","0","pos","166","60.8411214953271","39.15887850467289","59.64912280701754","61.93895870736086"
"354","260","0.4","10","0","pos","69","63.177570093457945","36.822429906542055","61.20857699805068","64.99102333931778"
"353","260","0.3","10","0","pos","259","64.57943925233644","35.42056074766355","65.30214424951268","63.91382405745063"
"347","260","0.2","50","0","pos","259","74.11214953271028","25.88785046728972","73.09941520467837","75.04488330341114"
"358","260","0.3","20","0","pos","0","60.5607476635514","39.4392523364486","59.06432748538012","61.93895870736086"
"359","260","0.4","20","0","pos","0","60.5607476635514","39.4392523364486","59.06432748538012","61.93895870736086"
"356","260","0.1","20","0","pos","166","62.24299065420561","37.75700934579439","60.42884990253411","63.91382405745063"
"355","260","0.5","10","0","pos","259","67.28971962616822","32.71028037383177","65.10721247563353","69.29982046678636"
"357","260","0.2","20","0","pos","69","62.523364485981304","37.47663551401869","63.547758284600384","61.57989228007181"
"358","260","0.3","20","0","pos","69","63.925233644859816","36.074766355140184","62.96296296296296","64.81149012567326"
"350","260","0.5","50","0","pos","259","75.70093457943925","24.299065420560748","74.26900584795322","77.0197486535009"
"359","260","0.4","20","0","pos","69","60.8411214953271","39.15887850467289","59.4541910331384","62.11849192100538"
"352","260","0.2","10","0","pos","259","61.77570093457943","38.22429906542056","61.01364522417154","62.47755834829444"
"354","260","0.4","10","0","pos","166","64.57943925233644","35.42056074766355","63.74269005847953","65.35008976660683"
"359","260","0.4","20","0","pos","166","64.29906542056075","35.700934579439256","63.74269005847953","64.81149012567326"
"358","260","0.3","20","0","pos","166","64.76635514018692","35.23364485981308","62.57309941520468","66.78635547576302"
"356","260","0.1","20","0","pos","259","63.55140186915887","36.44859813084112","62.1832358674464","64.81149012567326"
"354","260","0.4","10","0","pos","259","65.7943925233645","34.205607476635514","64.71734892787524","66.78635547576302"
"357","260","0.2","20","0","pos","166","63.73831775700934","36.26168224299066","63.35282651072125","64.09335727109516"
"357","260","0.2","20","0","pos","259","65.32710280373831","34.67289719626168","64.32748538011695","66.24775583482945"
"359","260","0.4","20","0","pos","259","66.35514018691589","33.64485981308411","67.44639376218323","65.35008976660683"
"361","260","0.1","30","0","pos","0","60.5607476635514","39.4392523364486","59.06432748538012","61.93895870736086"
"358","260","0.3","20","0","pos","259","67.4766355140187","32.52336448598131","66.66666666666666","68.2226211849192"
"364","260","0.4","30","0","pos","0","60.5607476635514","39.4392523364486","59.06432748538012","61.93895870736086"
"364","260","0.4","30","0","pos","69","64.11214953271028","35.88785046728972","63.547758284600384","64.63195691202873"
"362","260","0.2","30","0","pos","0","60.5607476635514","39.4392523364486","59.06432748538012","61.93895870736086"
"363","260","0.3","30","0","pos","0","60.5607476635514","39.4392523364486","59.06432748538012","61.93895870736086"
"360","260","0.5","20","0","pos","0","60.5607476635514","39.4392523364486","59.06432748538012","61.93895870736086"
"365","260","0.5","30","0","pos","0","60.5607476635514","39.4392523364486","59.06432748538012","61.93895870736086"
"368","260","0.3","40","0","pos","0","60.5607476635514","39.4392523364486","59.06432748538012","61.93895870736086"
"366","260","0.1","40","0","pos","0","60.5607476635514","39.4392523364486","59.06432748538012","61.93895870736086"
"361","260","0.1","30","0","pos","69","61.588785046728965","38.41121495327103","60.03898635477582","63.016157989228006"
"364","260","0.4","30","0","pos","166","68.87850467289721","31.121495327102807","68.2261208576998","69.47935368043088"
"362","260","0.2","30","0","pos","69","61.40186915887851","38.598130841121495","61.20857699805068","61.57989228007181"
"370","260","0.5","40","0","pos","0","60.5607476635514","39.4392523364486","59.06432748538012","61.93895870736086"
"368","260","0.3","40","0","pos","69","62.33644859813084","37.663551401869164","58.86939571150097","65.52962298025135"
"367","260","0.2","40","0","pos","0","60.5607476635514","39.4392523364486","59.06432748538012","61.93895870736086"
"366","260","0.1","40","0","pos","69","63.55140186915887","36.44859813084112","61.79337231968811","65.1705565529623"
"365","260","0.5","30","0","pos","69","65.51401869158879","34.48598130841122","63.547758284600384","67.3249551166966"
"371","260","0.1","50","0","pos","0","60.5607476635514","39.4392523364486","59.06432748538012","61.93895870736086"
"363","260","0.3","30","0","pos","69","63.55140186915887","36.44859813084112","61.79337231968811","65.1705565529623"
"370","260","0.5","40","0","pos","69","66.26168224299064","33.73831775700935","65.69200779727096","66.78635547576302"
"364","260","0.4","30","0","pos","259","72.71028037383176","27.289719626168225","71.73489278752436","73.60861759425494"
"367","260","0.2","40","0","pos","69","62.523364485981304","37.47663551401869","61.79337231968811","63.19569120287253"
"360","260","0.5","20","0","pos","69","63.73831775700934","36.26168224299066","62.57309941520468","64.81149012567326"
"368","260","0.3","40","0","pos","166","64.76635514018692","35.23364485981308","62.1832358674464","67.14542190305207"
"369","260","0.4","40","0","pos","0","60.5607476635514","39.4392523364486","59.06432748538012","61.93895870736086"
"365","260","0.5","30","0","pos","166","70.2803738317757","29.719626168224302","69.98050682261209","70.55655296229803"
"366","260","0.1","40","0","pos","166","65.42056074766354","34.57943925233645","65.49707602339181","65.35008976660683"
"362","260","0.2","30","0","pos","166","63.925233644859816","36.074766355140184","63.547758284600384","64.27289048473968"
"371","260","0.1","50","0","pos","69","62.99065420560748","37.00934579439252","62.96296296296296","63.016157989228006"
"361","260","0.1","30","0","pos","166","62.33644859813084","37.663551401869164","59.64912280701754","64.81149012567326"
"365","260","0.5","30","0","pos","259","72.42990654205607","27.570093457943923","71.53996101364523","73.24955116696589"
"363","260","0.3","30","0","pos","166","66.72897196261682","33.271028037383175","64.91228070175438","68.40215439856372"
"362","260","0.2","30","0","pos","259","64.67289719626169","35.32710280373832","63.74269005847953","65.52962298025135"
"369","260","0.4","40","0","pos","69","62.05607476635514","37.94392523364486","62.37816764132553","61.759425493716336"
"366","260","0.1","40","0","pos","259","67.66355140186916","32.33644859813084","67.2514619883041","68.04308797127469"
"370","260","0.5","40","0","pos","166","73.55140186915888","26.448598130841123","73.87914230019493","73.24955116696589"
"367","260","0.2","40","0","pos","166","66.35514018691589","33.64485981308411","65.69200779727096","66.96588868940754"
"368","260","0.3","40","0","pos","259","67.66355140186916","32.33644859813084","66.66666666666666","68.58168761220826"
"360","260","0.5","20","0","pos","166","69.1588785046729","30.8411214953271","69.78557504873294","68.58168761220826"
"361","260","0.1","30","0","pos","259","64.48598130841121","35.51401869158878","62.1832358674464","66.6068222621185"
"369","260","0.4","40","0","pos","166","68.3177570093458","31.68224299065421","66.27680311890838","70.19748653500898"
"371","260","0.1","50","0","pos","166","66.54205607476635","33.45794392523365","66.47173489278752","66.6068222621185"
"360","260","0.5","20","0","pos","259","72.61682242990655","27.38317757009346","71.9298245614035","73.24955116696589"
"363","260","0.3","30","0","pos","259","70.8411214953271","29.1588785046729","68.81091617933723","72.71095152603232"
"372","260","0.2","50","0","pos","0","60.5607476635514","39.4392523364486","59.06432748538012","61.93895870736086"
"370","260","0.5","40","0","pos","259","77.28971962616824","22.710280373831775","77.38791423001949","77.19928186714542"
"367","260","0.2","40","0","pos","259","70.8411214953271","29.1588785046729","69.39571150097466","72.17235188509873"
"373","260","0.3","50","0","pos","0","60.5607476635514","39.4392523364486","59.06432748538012","61.93895870736086"
"372","260","0.2","50","0","pos","69","63.084112149532714","36.915887850467286","66.08187134502924","60.32315978456014"
"374","260","0.4","50","0","pos","0","60.5607476635514","39.4392523364486","59.06432748538012","61.93895870736086"
"375","260","0.5","50","0","pos","0","60.5607476635514","39.4392523364486","59.06432748538012","61.93895870736086"
"376","260","0.1","10","0","pos","0","60.5607476635514","39.4392523364486","59.06432748538012","61.93895870736086"
"369","260","0.4","40","0","pos","259","68.97196261682244","31.02803738317757","67.05653021442495","70.73608617594255"
"374","260","0.4","50","0","pos","69","65.23364485981308","34.76635514018692","65.30214424951268","65.1705565529623"
"375","260","0.5","50","0","pos","69","64.85981308411215","35.14018691588785","65.8869395711501","63.91382405745063"
"372","260","0.2","50","0","pos","166","66.07476635514018","33.925233644859816","67.44639376218323","64.81149012567326"
"376","260","0.1","10","0","pos","69","60.93457943925233","39.06542056074767","60.03898635477582","61.759425493716336"
"371","260","0.1","50","0","pos","259","68.22429906542055","31.775700934579437","68.42105263157895","68.04308797127469"
"373","260","0.3","50","0","pos","69","64.48598130841121","35.51401869158878","65.10721247563353","63.91382405745063"
"377","260","0.2","10","0","pos","0","60.5607476635514","39.4392523364486","59.06432748538012","61.93895870736086"
"374","260","0.4","50","0","pos","166","71.68224299065422","28.317757009345794","72.90448343079922","70.55655296229803"
"376","260","0.1","10","0","pos","166","61.40186915887851","38.598130841121495","62.37816764132553","60.502692998204665"
"373","260","0.3","50","0","pos","166","68.41121495327103","31.588785046728972","68.81091617933723","68.04308797127469"
"377","260","0.2","10","0","pos","69","61.12149532710281","38.87850467289719","60.03898635477582","62.11849192100538"
"372","260","0.2","50","0","pos","259","68.97196261682244","31.02803738317757","69.39571150097466","68.58168761220826"
"379","260","0.4","10","0","pos","0","60.5607476635514","39.4392523364486","59.06432748538012","61.93895870736086"
"375","260","0.5","50","0","pos","166","70.8411214953271","29.1588785046729","72.31968810916179","69.47935368043088"
"380","260","0.5","10","0","pos","0","60.5607476635514","39.4392523364486","59.06432748538012","61.93895870736086"
"376","260","0.1","10","0","pos","259","61.12149532710281","38.87850467289719","61.98830409356725","60.32315978456014"
"377","260","0.2","10","0","pos","166","62.80373831775701","37.19626168224299","60.62378167641326","64.81149012567326"
"379","260","0.4","10","0","pos","69","61.86915887850467","38.13084112149533","60.23391812865497","63.37522441651705"
"378","260","0.3","10","0","pos","0","60.5607476635514","39.4392523364486","59.06432748538012","61.93895870736086"
"375","260","0.5","50","0","pos","259","74.01869158878505","25.981308411214954","74.07407407407408","73.96768402154399"
"374","260","0.4","50","0","pos","259","74.39252336448598","25.607476635514022","75.04873294346979","73.78815080789947"
"380","260","0.5","10","0","pos","69","62.616822429906534","37.38317757009346","60.81871345029239","64.27289048473968"
"373","260","0.3","50","0","pos","259","69.53271028037383","30.467289719626166","69.98050682261209","69.12028725314184"
"383","260","0.3","20","0","pos","0","60.5607476635514","39.4392523364486","59.06432748538012","61.93895870736086"
"381","260","0.1","20","0","pos","0","60.5607476635514","39.4392523364486","59.06432748538012","61.93895870736086"
"377","260","0.2","10","0","pos","259","64.48598130841121","35.51401869158878","62.1832358674464","66.6068222621185"
"379","260","0.4","10","0","pos","166","62.80373831775701","37.19626168224299","61.40350877192983","64.09335727109516"
"382","260","0.2","20","0","pos","0","60.5607476635514","39.4392523364486","59.06432748538012","61.93895870736086"
"381","260","0.1","20","0","pos","69","60","40","59.64912280701754","60.32315978456014"
"378","260","0.3","10","0","pos","69","62.89719626168224","37.10280373831776","60.42884990253411","65.1705565529623"
"380","260","0.5","10","0","pos","166","64.48598130841121","35.51401869158878","64.5224171539961","64.4524236983842"
"382","260","0.2","20","0","pos","69","62.80373831775701","37.19626168224299","60.42884990253411","64.99102333931778"
"383","260","0.3","20","0","pos","69","61.77570093457943","38.22429906542056","60.42884990253411","63.016157989228006"
"379","260","0.4","10","0","pos","259","63.925233644859816","36.074766355140184","63.93762183235867","63.91382405745063"
"381","260","0.1","20","0","pos","166","60.280373831775705","39.719626168224295","60.81871345029239","59.78456014362658"
"384","260","0.4","20","0","pos","0","60.5607476635514","39.4392523364486","59.06432748538012","61.93895870736086"
"385","260","0.5","20","0","pos","0","60.5607476635514","39.4392523364486","59.06432748538012","61.93895870736086"
"380","260","0.5","10","0","pos","259","64.95327102803739","35.046728971962615","64.32748538011695","65.52962298025135"
"382","260","0.2","20","0","pos","166","63.73831775700934","36.26168224299066","62.768031189083814","64.63195691202873"
"378","260","0.3","10","0","pos","166","64.11214953271028","35.88785046728972","60.81871345029239","67.14542190305207"
"381","260","0.1","20","0","pos","259","61.49532710280374","38.504672897196265","61.20857699805068","61.759425493716336"
"384","260","0.4","20","0","pos","69","62.523364485981304","37.47663551401869","61.79337231968811","63.19569120287253"
"383","260","0.3","20","0","pos","166","64.01869158878505","35.981308411214954","64.13255360623782","63.91382405745063"
"388","260","0.3","30","0","pos","0","60.5607476635514","39.4392523364486","59.06432748538012","61.93895870736086"
"387","260","0.2","30","0","pos","0","60.5607476635514","39.4392523364486","59.06432748538012","61.93895870736086"
"385","260","0.5","20","0","pos","69","65.88785046728972","34.112149532710276","64.5224171539961","67.14542190305207"
"382","260","0.2","20","0","pos","259","65.04672897196262","34.953271028037385","64.91228070175438","65.1705565529623"
"389","260","0.4","30","0","pos","0","60.5607476635514","39.4392523364486","59.06432748538012","61.93895870736086"
"386","260","0.1","30","0","pos","0","60.5607476635514","39.4392523364486","59.06432748538012","61.93895870736086"
"384","260","0.4","20","0","pos","166","65.14018691588785","34.859813084112155","66.27680311890838","64.09335727109516"
"387","260","0.2","30","0","pos","69","61.588785046728965","38.41121495327103","60.42884990253411","62.65709156193896"
"383","260","0.3","20","0","pos","259","66.72897196261682","33.271028037383175","65.30214424951268","68.04308797127469"
"388","260","0.3","30","0","pos","69","65.23364485981308","34.76635514018692","63.35282651072125","66.96588868940754"
"389","260","0.4","30","0","pos","69","63.084112149532714","36.915887850467286","64.5224171539961","61.759425493716336"
"385","260","0.5","20","0","pos","166","70.09345794392523","29.906542056074763","67.64132553606238","72.35188509874327"
"378","260","0.3","10","0","pos","259","65.32710280373831","34.67289719626168","62.37816764132553","68.04308797127469"
"390","260","0.5","30","0","pos","0","60.5607476635514","39.4392523364486","59.06432748538012","61.93895870736086"
"391","260","0.1","40","0","pos","0","60.5607476635514","39.4392523364486","59.06432748538012","61.93895870736086"
"384","260","0.4","20","0","pos","259","66.9158878504673","33.084112149532714","68.42105263157895","65.52962298025135"
"392","260","0.2","40","0","pos","0","60.5607476635514","39.4392523364486","59.06432748538012","61.93895870736086"
"389","260","0.4","30","0","pos","166","69.4392523364486","30.560747663551403","73.09941520467837","66.06822262118493"
"387","260","0.2","30","0","pos","166","63.177570093457945","36.822429906542055","61.79337231968811","64.4524236983842"
"391","260","0.1","40","0","pos","69","63.27102803738318","36.728971962616825","63.547758284600384","63.016157989228006"
"386","260","0.1","30","0","pos","69","61.6822429906542","38.31775700934579","60.62378167641326","62.65709156193896"
"385","260","0.5","20","0","pos","259","72.89719626168224","27.102803738317753","71.34502923976608","74.32675044883304"
"390","260","0.5","30","0","pos","69","65.04672897196262","34.953271028037385","61.40350877192983","68.40215439856372"
"392","260","0.2","40","0","pos","69","61.86915887850467","38.13084112149533","61.01364522417154","62.65709156193896"
"388","260","0.3","30","0","pos","166","71.68224299065422","28.317757009345794","69.39571150097466","73.78815080789947"
"393","260","0.3","40","0","pos","0","60.5607476635514","39.4392523364486","59.06432748538012","61.93895870736086"
"389","260","0.4","30","0","pos","259","72.05607476635514","27.943925233644862","74.26900584795322","70.01795332136446"
"394","260","0.4","40","0","pos","0","60.5607476635514","39.4392523364486","59.06432748538012","61.93895870736086"
"387","260","0.2","30","0","pos","259","65.14018691588785","34.859813084112155","64.32748538011695","65.8886894075404"
"391","260","0.1","40","0","pos","166","64.01869158878505","35.981308411214954","63.35282651072125","64.63195691202873"
"393","260","0.3","40","0","pos","69","61.86915887850467","38.13084112149533","61.98830409356725","61.759425493716336"
"394","260","0.4","40","0","pos","69","65.32710280373831","34.67289719626168","62.768031189083814","67.68402154398564"
"386","260","0.1","30","0","pos","166","63.73831775700934","36.26168224299066","62.37816764132553","64.99102333931778"
"388","260","0.3","30","0","pos","259","75.98130841121495","24.018691588785046","72.90448343079922","78.81508078994614"
"392","260","0.2","40","0","pos","166","63.73831775700934","36.26168224299066","62.1832358674464","65.1705565529623"
"393","260","0.3","40","0","pos","166","65.88785046728972","34.112149532710276","65.8869395711501","65.8886894075404"
"390","260","0.5","30","0","pos","166","72.14953271028037","27.850467289719628","70.37037037037037","73.78815080789947"
"386","260","0.1","30","0","pos","259","64.95327102803739","35.046728971962615","63.93762183235867","65.8886894075404"
"394","260","0.4","40","0","pos","166","71.30841121495327","28.69158878504673","69.20077972709552","73.24955116696589"
"395","260","0.5","40","0","pos","0","60.5607476635514","39.4392523364486","59.06432748538012","61.93895870736086"
"391","260","0.1","40","0","pos","259","66.82242990654206","33.177570093457945","64.5224171539961","68.9407540394973"
"393","260","0.3","40","0","pos","259","68.97196261682244","31.02803738317757","69.39571150097466","68.58168761220826"
"392","260","0.2","40","0","pos","259","67.28971962616822","32.71028037383177","62.96296296296296","71.27468581687613"
"397","260","0.2","50","0","pos","0","60.5607476635514","39.4392523364486","59.06432748538012","61.93895870736086"
"394","260","0.4","40","0","pos","259","74.57943925233644","25.42056074766355","73.48927875243665","75.58348294434471"
"390","260","0.5","30","0","pos","259","74.67289719626167","25.327102803738317","73.87914230019493","75.40394973070018"
"396","260","0.1","50","0","pos","0","60.5607476635514","39.4392523364486","59.06432748538012","61.93895870736086"
"395","260","0.5","40","0","pos","69","65.04672897196262","34.953271028037385","65.10721247563353","64.99102333931778"
"399","260","0.4","50","0","pos","0","60.5607476635514","39.4392523364486","59.06432748538012","61.93895870736086"
"397","260","0.2","50","0","pos","69","62.33644859813084","37.663551401869164","60.62378167641326","63.91382405745063"
"401","260","0.1","10","0","pos","0","60.5607476635514","39.4392523364486","59.06432748538012","61.93895870736086"
"396","260","0.1","50","0","pos","69","63.177570093457945","36.822429906542055","60.81871345029239","65.35008976660683"
"400","260","0.5","50","0","pos","0","60.5607476635514","39.4392523364486","59.06432748538012","61.93895870736086"
"401","260","0.1","10","0","pos","69","60.93457943925233","39.06542056074767","59.25925925925925","62.47755834829444"
"403","260","0.3","10","0","pos","0","60.5607476635514","39.4392523364486","59.06432748538012","61.93895870736086"
"398","260","0.3","50","0","pos","0","60.5607476635514","39.4392523364486","59.06432748538012","61.93895870736086"
"400","260","0.5","50","0","pos","69","64.39252336448598","35.60747663551402","63.547758284600384","65.1705565529623"
"396","260","0.1","50","0","pos","166","65.32710280373831","34.67289719626168","63.547758284600384","66.96588868940754"
"403","260","0.3","10","0","pos","69","60.93457943925233","39.06542056074767","60.23391812865497","61.57989228007181"
"401","260","0.1","10","0","pos","166","60.280373831775705","39.719626168224295","58.47953216374269","61.93895870736086"
"405","260","0.5","10","0","pos","0","60.5607476635514","39.4392523364486","59.06432748538012","61.93895870736086"
"395","260","0.5","40","0","pos","166","71.30841121495327","28.69158878504673","71.9298245614035","70.73608617594255"
"402","260","0.2","10","0","pos","0","60.5607476635514","39.4392523364486","59.06432748538012","61.93895870736086"
"406","260","0.1","20","0","pos","0","60.5607476635514","39.4392523364486","59.06432748538012","61.93895870736086"
"397","260","0.2","50","0","pos","166","67.38317757009345","32.61682242990654","65.30214424951268","69.29982046678636"
"400","260","0.5","50","0","pos","166","70","30","69.98050682261209","70.01795332136446"
"404","260","0.4","10","0","pos","0","60.5607476635514","39.4392523364486","59.06432748538012","61.93895870736086"
"396","260","0.1","50","0","pos","259","66.6355140186916","33.36448598130841","64.71734892787524","68.40215439856372"
"399","260","0.4","50","0","pos","69","66.35514018691589","33.64485981308411","65.69200779727096","66.96588868940754"
"403","260","0.3","10","0","pos","166","61.49532710280374","38.504672897196265","61.01364522417154","61.93895870736086"
"398","260","0.3","50","0","pos","69","65.32710280373831","34.67289719626168","62.96296296296296","67.50448833034112"
"404","260","0.4","10","0","pos","69","61.77570093457943","38.22429906542056","61.20857699805068","62.29802513464991"
"401","260","0.1","10","0","pos","259","60.46728971962617","39.532710280373834","58.47953216374269","62.29802513464991"
"405","260","0.5","10","0","pos","69","60.5607476635514","39.4392523364486","59.06432748538012","61.93895870736086"
"400","260","0.5","50","0","pos","259","74.95327102803738","25.04672897196262","73.68421052631578","76.12208258527828"
"403","260","0.3","10","0","pos","259","63.36448598130842","36.63551401869159","63.35282651072125","63.37522441651705"
"402","260","0.2","10","0","pos","69","60.93457943925233","39.06542056074767","59.64912280701754","62.11849192100538"
"399","260","0.4","50","0","pos","166","71.77570093457943","28.22429906542056","72.31968810916179","71.27468581687613"
"406","260","0.1","20","0","pos","69","60.46728971962617","39.532710280373834","58.67446393762184","62.11849192100538"
"395","260","0.5","40","0","pos","259","74.57943925233644","25.42056074766355","75.04873294346979","74.1472172351885"
"404","260","0.4","10","0","pos","166","62.99065420560748","37.00934579439252","63.74269005847953","62.29802513464991"
"397","260","0.2","50","0","pos","259","70.93457943925233","29.06542056074766","70.76023391812866","71.0951526032316"
"405","260","0.5","10","0","pos","166","62.149532710280376","37.850467289719624","60.42884990253411","63.73429084380611"
"399","260","0.4","50","0","pos","259","75.51401869158877","24.485981308411215","76.0233918128655","75.04488330341114"
"406","260","0.1","20","0","pos","166","61.588785046728965","38.41121495327103","61.20857699805068","61.93895870736086"
"404","260","0.4","10","0","pos","259","65.88785046728972","34.112149532710276","66.47173489278752","65.35008976660683"
"407","260","0.2","20","0","pos","0","60.5607476635514","39.4392523364486","59.06432748538012","61.93895870736086"
"405","260","0.5","10","0","pos","259","63.084112149532714","36.915887850467286","62.96296296296296","63.19569120287253"
"398","260","0.3","50","0","pos","166","68.69158878504673","31.308411214953267","66.47173489278752","70.73608617594255"
"402","260","0.2","10","0","pos","166","62.149532710280376","37.850467289719624","60.03898635477582","64.09335727109516"
"406","260","0.1","20","0","pos","259","62.42990654205608","37.570093457943926","61.98830409356725","62.83662477558348"
"407","260","0.2","20","0","pos","69","62.05607476635514","37.94392523364486","61.01364522417154","63.016157989228006"
"408","260","0.3","20","0","pos","0","60.5607476635514","39.4392523364486","59.06432748538012","61.93895870736086"
"410","260","0.5","20","0","pos","0","60.5607476635514","39.4392523364486","59.06432748538012","61.93895870736086"
"409","260","0.4","20","0","pos","0","60.5607476635514","39.4392523364486","59.06432748538012","61.93895870736086"
"408","260","0.3","20","0","pos","69","63.925233644859816","36.074766355140184","63.1578947368421","64.63195691202873"
"407","260","0.2","20","0","pos","166","62.80373831775701","37.19626168224299","61.01364522417154","64.4524236983842"
"410","260","0.5","20","0","pos","69","60.373831775700936","39.626168224299064","61.20857699805068","59.60502692998204"
"411","260","0.1","30","0","pos","0","60.5607476635514","39.4392523364486","59.06432748538012","61.93895870736086"
"398","260","0.3","50","0","pos","259","73.17757009345794","26.822429906542055","71.53996101364523","74.68581687612208"
"402","260","0.2","10","0","pos","259","61.96261682242991","38.03738317757009","61.01364522417154","62.83662477558348"
"409","260","0.4","20","0","pos","69","64.39252336448598","35.60747663551402","63.74269005847953","64.99102333931778"
"413","260","0.3","30","0","pos","0","60.5607476635514","39.4392523364486","59.06432748538012","61.93895870736086"
"411","260","0.1","30","0","pos","69","61.02803738317757","38.97196261682243","58.86939571150097","63.016157989228006"
"414","260","0.4","30","0","pos","0","60.5607476635514","39.4392523364486","59.06432748538012","61.93895870736086"
"408","260","0.3","20","0","pos","166","66.35514018691589","33.64485981308411","65.49707602339181","67.14542190305207"
"415","260","0.5","30","0","pos","0","60.5607476635514","39.4392523364486","59.06432748538012","61.93895870736086"
"410","260","0.5","20","0","pos","166","64.76635514018692","35.23364485981308","66.27680311890838","63.37522441651705"
"412","260","0.2","30","0","pos","0","60.5607476635514","39.4392523364486","59.06432748538012","61.93895870736086"
"416","260","0.1","40","0","pos","0","60.5607476635514","39.4392523364486","59.06432748538012","61.93895870736086"
"414","260","0.4","30","0","pos","69","63.36448598130842","36.63551401869159","62.1832358674464","64.4524236983842"
"409","260","0.4","20","0","pos","166","67.94392523364486","32.05607476635514","66.8615984405458","68.9407540394973"
"407","260","0.2","20","0","pos","259","64.85981308411215","35.14018691588785","63.35282651072125","66.24775583482945"
"413","260","0.3","30","0","pos","69","61.588785046728965","38.41121495327103","61.79337231968811","61.40035906642729"
"415","260","0.5","30","0","pos","69","64.67289719626169","35.32710280373832","64.5224171539961","64.81149012567326"
"412","260","0.2","30","0","pos","69","61.21495327102804","38.78504672897196","58.67446393762184","63.55475763016158"
"411","260","0.1","30","0","pos","166","61.77570093457943","38.22429906542056","59.64912280701754","63.73429084380611"
"416","260","0.1","40","0","pos","69","61.12149532710281","38.87850467289719","59.64912280701754","62.47755834829444"
"417","260","0.2","40","0","pos","0","60.5607476635514","39.4392523364486","59.06432748538012","61.93895870736086"
"410","260","0.5","20","0","pos","259","66.26168224299064","33.73831775700935","66.47173489278752","66.06822262118493"
"418","260","0.3","40","0","pos","0","60.5607476635514","39.4392523364486","59.06432748538012","61.93895870736086"
"413","260","0.3","30","0","pos","166","64.48598130841121","35.51401869158878","65.69200779727096","63.37522441651705"
"409","260","0.4","20","0","pos","259","70.56074766355141","29.439252336448597","69.78557504873294","71.27468581687613"
"415","260","0.5","30","0","pos","166","70","30","68.81091617933723","71.0951526032316"
"417","260","0.2","40","0","pos","69","66.35514018691589","33.64485981308411","65.49707602339181","67.14542190305207"
"414","260","0.4","30","0","pos","166","70","30","69.78557504873294","70.19748653500898"
"418","260","0.3","40","0","pos","69","62.80373831775701","37.19626168224299","61.20857699805068","64.27289048473968"
"408","260","0.3","20","0","pos","259","67.57009345794393","32.429906542056074","66.27680311890838","68.76122082585279"
"413","260","0.3","30","0","pos","259","66.72897196261682","33.271028037383175","69.00584795321637","64.63195691202873"
"416","260","0.1","40","0","pos","166","62.523364485981304","37.47663551401869","61.20857699805068","63.73429084380611"
"411","260","0.1","30","0","pos","259","62.99065420560748","37.00934579439252","61.01364522417154","64.81149012567326"
"412","260","0.2","30","0","pos","166","63.925233644859816","36.074766355140184","62.37816764132553","65.35008976660683"
"417","260","0.2","40","0","pos","166","68.69158878504673","31.308411214953267","68.42105263157895","68.9407540394973"
"419","260","0.4","40","0","pos","0","60.5607476635514","39.4392523364486","59.06432748538012","61.93895870736086"
"414","260","0.4","30","0","pos","259","72.14953271028037","27.850467289719628","72.12475633528264","72.17235188509873"
"415","260","0.5","30","0","pos","259","71.49532710280374","28.504672897196258","69.98050682261209","72.89048473967684"
"416","260","0.1","40","0","pos","259","63.36448598130842","36.63551401869159","61.98830409356725","64.63195691202873"
"412","260","0.2","30","0","pos","259","66.44859813084112","33.55140186915888","63.74269005847953","68.9407540394973"
"418","260","0.3","40","0","pos","166","69.25233644859813","30.74766355140187","68.61598440545808","69.83842010771993"
"419","260","0.4","40","0","pos","69","68.13084112149532","31.86915887850467","66.8615984405458","69.29982046678636"
"420","260","0.5","40","0","pos","0","60.5607476635514","39.4392523364486","59.06432748538012","61.93895870736086"
"421","260","0.1","50","0","pos","0","60.5607476635514","39.4392523364486","59.06432748538012","61.93895870736086"
"417","260","0.2","40","0","pos","259","71.1214953271028","28.878504672897197","70.76023391812866","71.45421903052065"
"420","260","0.5","40","0","pos","69","65.7943925233645","34.205607476635514","67.05653021442495","64.63195691202873"
"421","260","0.1","50","0","pos","69","61.308411214953274","38.691588785046726","59.4541910331384","63.016157989228006"
"419","260","0.4","40","0","pos","166","74.29906542056075","25.70093457943925","75.04873294346979","73.60861759425494"
"423","260","0.3","50","0","pos","0","60.5607476635514","39.4392523364486","59.06432748538012","61.93895870736086"
"422","260","0.2","50","0","pos","0","60.5607476635514","39.4392523364486","59.06432748538012","61.93895870736086"
"418","260","0.3","40","0","pos","259","72.61682242990655","27.38317757009346","72.90448343079922","72.35188509874327"
"423","260","0.3","50","0","pos","69","64.01869158878505","35.981308411214954","61.98830409356725","65.8886894075404"
"420","260","0.5","40","0","pos","166","70.46728971962617","29.53271028037383","73.09941520467837","68.04308797127469"
"421","260","0.1","50","0","pos","166","62.71028037383177","37.28971962616822","60.62378167641326","64.63195691202873"
"419","260","0.4","40","0","pos","259","76.91588785046729","23.08411214953271","77.19298245614034","76.66068222621185"
"425","260","0.5","50","0","pos","0","60.5607476635514","39.4392523364486","59.06432748538012","61.93895870736086"
"428","260","0.3","10","0","pos","0","60.5607476635514","39.4392523364486","59.06432748538012","61.93895870736086"
"420","260","0.5","40","0","pos","259","75.23364485981308","24.766355140186917","77.19298245614034","73.4290843806104"
"423","260","0.3","50","0","pos","166","68.13084112149532","31.86915887850467","64.32748538011695","71.63375224416517"
"425","260","0.5","50","0","pos","69","69.62616822429906","30.373831775700932","70.56530214424951","68.76122082585279"
"421","260","0.1","50","0","pos","259","64.67289719626169","35.32710280373832","62.37816764132553","66.78635547576302"
"426","260","0.1","10","0","pos","0","60.5607476635514","39.4392523364486","59.06432748538012","61.93895870736086"
"429","260","0.4","10","0","pos","0","60.5607476635514","39.4392523364486","59.06432748538012","61.93895870736086"
"422","260","0.2","50","0","pos","69","63.45794392523364","36.54205607476636","63.1578947368421","63.73429084380611"
"428","260","0.3","10","0","pos","69","61.6822429906542","38.31775700934579","61.01364522417154","62.29802513464991"
"423","260","0.3","50","0","pos","259","71.77570093457943","28.22429906542056","69.78557504873294","73.60861759425494"
"424","260","0.4","50","0","pos","0","60.5607476635514","39.4392523364486","59.06432748538012","61.93895870736086"
"427","260","0.2","10","0","pos","0","60.5607476635514","39.4392523364486","59.06432748538012","61.93895870736086"
"430","260","0.5","10","0","pos","0","60.5607476635514","39.4392523364486","59.06432748538012","61.93895870736086"
"425","260","0.5","50","0","pos","166","75.70093457943925","24.299065420560748","76.0233918128655","75.40394973070018"
"429","260","0.4","10","0","pos","69","62.616822429906534","37.38317757009346","60.81871345029239","64.27289048473968"
"426","260","0.1","10","0","pos","69","60.5607476635514","39.4392523364486","58.67446393762184","62.29802513464991"
"427","260","0.2","10","0","pos","69","60.5607476635514","39.4392523364486","59.4541910331384","61.57989228007181"
"428","260","0.3","10","0","pos","166","63.55140186915887","36.44859813084112","62.96296296296296","64.09335727109516"
"424","260","0.4","50","0","pos","69","64.01869158878505","35.981308411214954","63.35282651072125","64.63195691202873"
"431","260","0.1","20","0","pos","0","60.5607476635514","39.4392523364486","59.06432748538012","61.93895870736086"
"425","260","0.5","50","0","pos","259","78.8785046728972","21.121495327102803","77.97270955165692","79.71274685816876"
"430","260","0.5","10","0","pos","69","60.747663551401864","39.25233644859813","60.81871345029239","60.68222621184919"
"427","260","0.2","10","0","pos","166","60.8411214953271","39.15887850467289","61.01364522417154","60.68222621184919"
"429","260","0.4","10","0","pos","166","63.45794392523364","36.54205607476636","60.81871345029239","65.8886894075404"
"422","260","0.2","50","0","pos","166","66.26168224299064","33.73831775700935","64.71734892787524","67.68402154398564"
"431","260","0.1","20","0","pos","69","60.747663551401864","39.25233644859813","59.64912280701754","61.759425493716336"
"433","260","0.3","20","0","pos","0","60.5607476635514","39.4392523364486","59.06432748538012","61.93895870736086"
"424","260","0.4","50","0","pos","166","70.2803738317757","29.719626168224302","71.34502923976608","69.29982046678636"
"432","260","0.2","20","0","pos","0","60.5607476635514","39.4392523364486","59.06432748538012","61.93895870736086"
"426","260","0.1","10","0","pos","166","60.93457943925233","39.06542056074767","58.86939571150097","62.83662477558348"
"427","260","0.2","10","0","pos","259","62.80373831775701","37.19626168224299","63.547758284600384","62.11849192100538"
"434","260","0.4","20","0","pos","0","60.5607476635514","39.4392523364486","59.06432748538012","61.93895870736086"
"422","260","0.2","50","0","pos","259","69.90654205607477","30.093457943925234","67.2514619883041","72.35188509874327"
"428","260","0.3","10","0","pos","259","65.60747663551402","34.39252336448598","64.71734892787524","66.42728904847397"
"429","260","0.4","10","0","pos","259","63.64485981308411","36.35514018691588","61.79337231968811","65.35008976660683"
"424","260","0.4","50","0","pos","259","72.05607476635514","27.943925233644862","71.15009746588694","72.89048473967684"
"430","260","0.5","10","0","pos","166","61.49532710280374","38.504672897196265","61.01364522417154","61.93895870736086"
"433","260","0.3","20","0","pos","69","62.05607476635514","37.94392523364486","62.1832358674464","61.93895870736086"
"432","260","0.2","20","0","pos","69","61.96261682242991","38.03738317757009","60.81871345029239","63.016157989228006"
"434","260","0.4","20","0","pos","69","64.20560747663552","35.794392523364486","62.96296296296296","65.35008976660683"
"426","260","0.1","10","0","pos","259","61.40186915887851","38.598130841121495","59.84405458089669","62.83662477558348"
"431","260","0.1","20","0","pos","166","61.02803738317757","38.97196261682243","61.79337231968811","60.32315978456014"
"435","260","0.5","20","0","pos","0","60.5607476635514","39.4392523364486","59.06432748538012","61.93895870736086"
"430","260","0.5","10","0","pos","259","64.95327102803739","35.046728971962615","63.35282651072125","66.42728904847397"
"433","260","0.3","20","0","pos","166","64.01869158878505","35.981308411214954","66.08187134502924","62.11849192100538"
"434","260","0.4","20","0","pos","166","66.26168224299064","33.73831775700935","66.08187134502924","66.42728904847397"
"431","260","0.1","20","0","pos","259","61.6822429906542","38.31775700934579","62.96296296296296","60.502692998204665"
"432","260","0.2","20","0","pos","166","62.99065420560748","37.00934579439252","61.40350877192983","64.4524236983842"
"433","260","0.3","20","0","pos","259","66.6355140186916","33.36448598130841","69.00584795321637","64.4524236983842"
"434","260","0.4","20","0","pos","259","69.25233644859813","30.74766355140187","69.78557504873294","68.76122082585279"
"436","260","0.1","30","0","pos","0","60.5607476635514","39.4392523364486","59.06432748538012","61.93895870736086"
"437","260","0.2","30","0","pos","0","60.5607476635514","39.4392523364486","59.06432748538012","61.93895870736086"
"435","260","0.5","20","0","pos","69","64.48598130841121","35.51401869158878","64.13255360623782","64.81149012567326"
"438","260","0.3","30","0","pos","0","60.5607476635514","39.4392523364486","59.06432748538012","61.93895870736086"
"436","260","0.1","30","0","pos","69","60.373831775700936","39.626168224299064","59.4541910331384","61.22082585278277"
"437","260","0.2","30","0","pos","69","61.588785046728965","38.41121495327103","60.23391812865497","62.83662477558348"
"432","260","0.2","20","0","pos","259","64.57943925233644","35.42056074766355","63.35282651072125","65.70915619389586"
"438","260","0.3","30","0","pos","69","62.33644859813084","37.663551401869164","61.98830409356725","62.65709156193896"
"439","260","0.4","30","0","pos","0","60.5607476635514","39.4392523364486","59.06432748538012","61.93895870736086"
"441","260","0.1","40","0","pos","0","60.5607476635514","39.4392523364486","59.06432748538012","61.93895870736086"
"442","260","0.2","40","0","pos","0","60.5607476635514","39.4392523364486","59.06432748538012","61.93895870736086"
"435","260","0.5","20","0","pos","166","68.5981308411215","31.401869158878505","68.81091617933723","68.40215439856372"
"436","260","0.1","30","0","pos","166","62.05607476635514","37.94392523364486","60.03898635477582","63.91382405745063"
"437","260","0.2","30","0","pos","166","63.64485981308411","36.35514018691588","61.79337231968811","65.35008976660683"
"439","260","0.4","30","0","pos","69","63.925233644859816","36.074766355140184","60.81871345029239","66.78635547576302"
"440","260","0.5","30","0","pos","0","60.5607476635514","39.4392523364486","59.06432748538012","61.93895870736086"
"438","260","0.3","30","0","pos","166","66.72897196261682","33.271028037383175","65.69200779727096","67.68402154398564"
"443","260","0.3","40","0","pos","0","60.5607476635514","39.4392523364486","59.06432748538012","61.93895870736086"
"441","260","0.1","40","0","pos","69","63.084112149532714","36.915887850467286","62.37816764132553","63.73429084380611"
"435","260","0.5","20","0","pos","259","72.24299065420561","27.757009345794394","72.70955165692008","71.8132854578097"
"444","260","0.4","40","0","pos","0","60.5607476635514","39.4392523364486","59.06432748538012","61.93895870736086"
"442","260","0.2","40","0","pos","69","64.39252336448598","35.60747663551402","63.547758284600384","65.1705565529623"
"445","260","0.5","40","0","pos","0","60.5607476635514","39.4392523364486","59.06432748538012","61.93895870736086"
"437","260","0.2","30","0","pos","259","67.4766355140187","32.52336448598131","66.8615984405458","68.04308797127469"
"436","260","0.1","30","0","pos","259","62.616822429906534","37.38317757009346","59.84405458089669","65.1705565529623"
"443","260","0.3","40","0","pos","69","64.48598130841121","35.51401869158878","62.768031189083814","66.06822262118493"
"439","260","0.4","30","0","pos","166","69.34579439252336","30.654205607476637","66.8615984405458","71.63375224416517"
"440","260","0.5","30","0","pos","69","63.925233644859816","36.074766355140184","64.13255360623782","63.73429084380611"
"445","260","0.5","40","0","pos","69","66.9158878504673","33.084112149532714","65.49707602339181","68.2226211849192"
"442","260","0.2","40","0","pos","166","66.6355140186916","33.36448598130841","65.30214424951268","67.86355475763017"
"438","260","0.3","30","0","pos","259","70.93457943925233","29.06542056074766","68.61598440545808","73.07001795332137"
"443","260","0.3","40","0","pos","166","68.87850467289721","31.121495327102807","67.44639376218323","70.19748653500898"
"441","260","0.1","40","0","pos","166","65.7943925233645","34.205607476635514","64.32748538011695","67.14542190305207"
"446","260","0.1","50","0","pos","0","60.5607476635514","39.4392523364486","59.06432748538012","61.93895870736086"
"445","260","0.5","40","0","pos","166","69.4392523364486","30.560747663551403","68.61598440545808","70.19748653500898"
"442","260","0.2","40","0","pos","259","70.93457943925233","29.06542056074766","69.20077972709552","72.5314183123878"
"439","260","0.4","30","0","pos","259","73.36448598130842","26.635514018691588","70.9551656920078","75.58348294434471"
"444","260","0.4","40","0","pos","69","67.19626168224299","32.80373831775701","65.10721247563353","69.12028725314184"
"443","260","0.3","40","0","pos","259","73.08411214953271","26.91588785046729","70.76023391812866","75.22441651705566"
"440","260","0.5","30","0","pos","166","68.87850467289721","31.121495327102807","67.05653021442495","70.55655296229803"
"447","260","0.2","50","0","pos","0","60.5607476635514","39.4392523364486","59.06432748538012","61.93895870736086"
"445","260","0.5","40","0","pos","259","72.42990654205607","27.570093457943923","71.34502923976608","73.4290843806104"
"441","260","0.1","40","0","pos","259","67.94392523364486","32.05607476635514","66.8615984405458","68.9407540394973"
"444","260","0.4","40","0","pos","166","70.8411214953271","29.1588785046729","68.42105263157895","73.07001795332137"
"449","260","0.4","50","0","pos","0","60.5607476635514","39.4392523364486","59.06432748538012","61.93895870736086"
"446","260","0.1","50","0","pos","69","63.83177570093458","36.16822429906542","62.57309941520468","64.99102333931778"
"447","260","0.2","50","0","pos","69","63.36448598130842","36.63551401869159","63.35282651072125","63.37522441651705"
"449","260","0.4","50","0","pos","69","70.2803738317757","29.719626168224302","69.20077972709552","71.27468581687613"
"444","260","0.4","40","0","pos","259","72.61682242990655","27.38317757009346","70.17543859649122","74.86535008976661"
"450","260","0.5","50","0","pos","0","60.5607476635514","39.4392523364486","59.06432748538012","61.93895870736086"
"440","260","0.5","30","0","pos","259","70","30","68.81091617933723","71.0951526032316"
"446","260","0.1","50","0","pos","166","65.51401869158879","34.48598130841122","66.47173489278752","64.63195691202873"
"448","260","0.3","50","0","pos","0","60.5607476635514","39.4392523364486","59.06432748538012","61.93895870736086"
"452","260","0.2","10","0","pos","0","60.5607476635514","39.4392523364486","59.06432748538012","61.93895870736086"
"453","260","0.3","10","0","pos","0","60.5607476635514","39.4392523364486","59.06432748538012","61.93895870736086"
"447","260","0.2","50","0","pos","166","66.6355140186916","33.36448598130841","65.10721247563353","68.04308797127469"
"450","260","0.5","50","0","pos","69","67.28971962616822","32.71028037383177","66.66666666666666","67.86355475763017"
"449","260","0.4","50","0","pos","166","75.42056074766356","24.57943925233645","75.24366471734892","75.58348294434471"
"452","260","0.2","10","0","pos","69","61.02803738317757","38.97196261682243","60.23391812865497","61.759425493716336"
"454","260","0.4","10","0","pos","0","60.5607476635514","39.4392523364486","59.06432748538012","61.93895870736086"
"453","260","0.3","10","0","pos","69","61.86915887850467","38.13084112149533","58.47953216374269","64.99102333931778"
"455","260","0.5","10","0","pos","0","60.5607476635514","39.4392523364486","59.06432748538012","61.93895870736086"
"451","260","0.1","10","0","pos","0","60.5607476635514","39.4392523364486","59.06432748538012","61.93895870736086"
"448","260","0.3","50","0","pos","69","65.70093457943925","34.29906542056075","66.8615984405458","64.63195691202873"
"455","260","0.5","10","0","pos","69","62.99065420560748","37.00934579439252","63.547758284600384","62.47755834829444"
"446","260","0.1","50","0","pos","259","68.22429906542055","31.775700934579437","67.83625730994152","68.58168761220826"
"449","260","0.4","50","0","pos","259","77.75700934579439","22.242990654205606","77.19298245614034","78.27648114901257"
"451","260","0.1","10","0","pos","69","60.46728971962617","39.532710280373834","59.25925925925925","61.57989228007181"
"456","260","0.1","20","0","pos","0","60.5607476635514","39.4392523364486","59.06432748538012","61.93895870736086"
"448","260","0.3","50","0","pos","166","72.14953271028037","27.850467289719628","72.51461988304094","71.8132854578097"
"450","260","0.5","50","0","pos","166","73.83177570093457","26.168224299065418","73.2943469785575","74.32675044883304"
"447","260","0.2","50","0","pos","259","70","30","69.78557504873294","70.19748653500898"
"455","260","0.5","10","0","pos","166","63.64485981308411","36.35514018691588","63.74269005847953","63.55475763016158"
"456","260","0.1","20","0","pos","69","61.308411214953274","38.691588785046726","59.06432748538012","63.37522441651705"
"451","260","0.1","10","0","pos","166","60.09345794392523","39.90654205607477","59.25925925925925","60.86175942549371"
"454","260","0.4","10","0","pos","69","63.55140186915887","36.44859813084112","61.98830409356725","64.99102333931778"
"453","260","0.3","10","0","pos","166","63.83177570093458","36.16822429906542","61.40350877192983","66.06822262118493"
"452","260","0.2","10","0","pos","166","60.747663551401864","39.25233644859813","59.06432748538012","62.29802513464991"
"450","260","0.5","50","0","pos","259","76.16822429906543","23.83177570093458","74.85380116959064","77.37881508078995"
"448","260","0.3","50","0","pos","259","76.44859813084112","23.551401869158877","76.21832358674465","76.66068222621185"
"457","260","0.2","20","0","pos","0","60.5607476635514","39.4392523364486","59.06432748538012","61.93895870736086"
"451","260","0.1","10","0","pos","259","61.40186915887851","38.598130841121495","61.20857699805068","61.57989228007181"
"456","260","0.1","20","0","pos","166","62.149532710280376","37.850467289719624","61.79337231968811","62.47755834829444"
"455","260","0.5","10","0","pos","259","65.42056074766354","34.57943925233645","65.8869395711501","64.99102333931778"
"453","260","0.3","10","0","pos","259","63.83177570093458","36.16822429906542","60.42884990253411","66.96588868940754"
"452","260","0.2","10","0","pos","259","60.18691588785047","39.81308411214953","59.84405458089669","60.502692998204665"
"454","260","0.4","10","0","pos","166","63.55140186915887","36.44859813084112","63.35282651072125","63.73429084380611"
"459","260","0.4","20","0","pos","0","60.5607476635514","39.4392523364486","59.06432748538012","61.93895870736086"
"458","260","0.3","20","0","pos","0","60.5607476635514","39.4392523364486","59.06432748538012","61.93895870736086"
"456","260","0.1","20","0","pos","259","62.523364485981304","37.47663551401869","62.37816764132553","62.65709156193896"
"454","260","0.4","10","0","pos","259","64.29906542056075","35.700934579439256","62.768031189083814","65.70915619389586"
"457","260","0.2","20","0","pos","69","61.588785046728965","38.41121495327103","60.03898635477582","63.016157989228006"
"459","260","0.4","20","0","pos","69","62.24299065420561","37.75700934579439","60.62378167641326","63.73429084380611"
"460","260","0.5","20","0","pos","0","60.5607476635514","39.4392523364486","59.06432748538012","61.93895870736086"
"458","260","0.3","20","0","pos","69","59.813084112149525","40.18691588785047","60.42884990253411","59.245960502692995"
"462","260","0.2","30","0","pos","0","60.5607476635514","39.4392523364486","59.06432748538012","61.93895870736086"
"460","260","0.5","20","0","pos","69","60.747663551401864","39.25233644859813","60.23391812865497","61.22082585278277"
"463","260","0.3","30","0","pos","0","60.5607476635514","39.4392523364486","59.06432748538012","61.93895870736086"
"459","260","0.4","20","0","pos","166","63.36448598130842","36.63551401869159","62.768031189083814","63.91382405745063"
"464","260","0.4","30","0","pos","0","60.5607476635514","39.4392523364486","59.06432748538012","61.93895870736086"
"465","260","0.5","30","0","pos","0","60.5607476635514","39.4392523364486","59.06432748538012","61.93895870736086"
"463","260","0.3","30","0","pos","69","65.23364485981308","34.76635514018692","63.547758284600384","66.78635547576302"
"460","260","0.5","20","0","pos","166","64.39252336448598","35.60747663551402","63.1578947368421","65.52962298025135"
"458","260","0.3","20","0","pos","166","61.6822429906542","38.31775700934579","61.20857699805068","62.11849192100538"
"462","260","0.2","30","0","pos","69","63.177570093457945","36.822429906542055","62.96296296296296","63.37522441651705"
"464","260","0.4","30","0","pos","69","64.48598130841121","35.51401869158878","62.37816764132553","66.42728904847397"
"459","260","0.4","20","0","pos","259","66.6355140186916","33.36448598130841","65.10721247563353","68.04308797127469"
"466","260","0.1","40","0","pos","0","60.5607476635514","39.4392523364486","59.06432748538012","61.93895870736086"
"465","260","0.5","30","0","pos","69","65.14018691588785","34.859813084112155","64.71734892787524","65.52962298025135"
"457","260","0.2","20","0","pos","166","61.6822429906542","38.31775700934579","59.64912280701754","63.55475763016158"
"468","260","0.3","40","0","pos","0","60.5607476635514","39.4392523364486","59.06432748538012","61.93895870736086"
"467","260","0.2","40","0","pos","0","60.5607476635514","39.4392523364486","59.06432748538012","61.93895870736086"
"460","260","0.5","20","0","pos","259","67.57009345794393","32.429906542056074","66.66666666666666","68.40215439856372"
"458","260","0.3","20","0","pos","259","66.16822429906543","33.83177570093458","65.8869395711501","66.42728904847397"
"461","260","0.1","30","0","pos","0","60.5607476635514","39.4392523364486","59.06432748538012","61.93895870736086"
"463","260","0.3","30","0","pos","166","67.85046728971963","32.149532710280376","67.64132553606238","68.04308797127469"
"466","260","0.1","40","0","pos","69","60.46728971962617","39.532710280373834","59.64912280701754","61.22082585278277"
"468","260","0.3","40","0","pos","69","63.45794392523364","36.54205607476636","62.768031189083814","64.09335727109516"
"462","260","0.2","30","0","pos","166","65.60747663551402","34.39252336448598","65.49707602339181","65.70915619389586"
"467","260","0.2","40","0","pos","69","62.80373831775701","37.19626168224299","62.96296296296296","62.65709156193896"
"457","260","0.2","20","0","pos","259","62.71028037383177","37.28971962616822","60.42884990253411","64.81149012567326"
"464","260","0.4","30","0","pos","166","67.66355140186916","32.33644859813084","67.2514619883041","68.04308797127469"
"463","260","0.3","30","0","pos","259","70.2803738317757","29.719626168224302","68.81091617933723","71.63375224416517"
"465","260","0.5","30","0","pos","166","71.96261682242991","28.037383177570092","70.56530214424951","73.24955116696589"
"461","260","0.1","30","0","pos","69","61.12149532710281","38.87850467289719","60.03898635477582","62.11849192100538"
"462","260","0.2","30","0","pos","259","68.3177570093458","31.68224299065421","68.42105263157895","68.2226211849192"
"468","260","0.3","40","0","pos","166","68.69158878504673","31.308411214953267","69.00584795321637","68.40215439856372"
"466","260","0.1","40","0","pos","166","64.39252336448598","35.60747663551402","62.57309941520468","66.06822262118493"
"469","260","0.4","40","0","pos","0","60.5607476635514","39.4392523364486","59.06432748538012","61.93895870736086"
"465","260","0.5","30","0","pos","259","73.45794392523365","26.542056074766357","73.2943469785575","73.60861759425494"
"467","260","0.2","40","0","pos","166","65.04672897196262","34.953271028037385","63.1578947368421","66.78635547576302"
"461","260","0.1","30","0","pos","166","63.36448598130842","36.63551401869159","63.74269005847953","63.016157989228006"
"464","260","0.4","30","0","pos","259","69.4392523364486","30.560747663551403","69.20077972709552","69.6588868940754"
"469","260","0.4","40","0","pos","69","66.9158878504673","33.084112149532714","67.44639376218323","66.42728904847397"
"470","260","0.5","40","0","pos","0","60.5607476635514","39.4392523364486","59.06432748538012","61.93895870736086"
"466","260","0.1","40","0","pos","259","66.26168224299064","33.73831775700935","65.30214424951268","67.14542190305207"
"471","260","0.1","50","0","pos","0","60.5607476635514","39.4392523364486","59.06432748538012","61.93895870736086"
"468","260","0.3","40","0","pos","259","71.1214953271028","28.878504672897197","71.34502923976608","70.91561938958706"
"461","260","0.1","30","0","pos","259","64.29906542056075","35.700934579439256","64.13255360623782","64.4524236983842"
"472","260","0.2","50","0","pos","0","60.5607476635514","39.4392523364486","59.06432748538012","61.93895870736086"
"470","260","0.5","40","0","pos","69","68.13084112149532","31.86915887850467","67.05653021442495","69.12028725314184"
"473","260","0.3","50","0","pos","0","60.5607476635514","39.4392523364486","59.06432748538012","61.93895870736086"
"469","260","0.4","40","0","pos","166","71.96261682242991","28.037383177570092","72.12475633528264","71.8132854578097"
"474","260","0.4","50","0","pos","0","60.5607476635514","39.4392523364486","59.06432748538012","61.93895870736086"
"471","260","0.1","50","0","pos","69","61.49532710280374","38.504672897196265","61.79337231968811","61.22082585278277"
"472","260","0.2","50","0","pos","69","62.80373831775701","37.19626168224299","60.81871345029239","64.63195691202873"
"467","260","0.2","40","0","pos","259","65.7943925233645","34.205607476635514","63.547758284600384","67.86355475763017"
"474","260","0.4","50","0","pos","69","66.82242990654206","33.177570093457945","66.66666666666666","66.96588868940754"
"475","260","0.5","50","0","pos","0","60.5607476635514","39.4392523364486","59.06432748538012","61.93895870736086"
"473","260","0.3","50","0","pos","69","65.51401869158879","34.48598130841122","63.74269005847953","67.14542190305207"
"470","260","0.5","40","0","pos","166","74.76635514018692","25.233644859813083","72.51461988304094","76.84021543985638"
"469","260","0.4","40","0","pos","259","73.92523364485982","26.074766355140188","74.07407407407408","73.78815080789947"
"475","260","0.5","50","0","pos","69","69.4392523364486","30.560747663551403","69.00584795321637","69.83842010771993"
"477","260","0.2","10","0","pos","0","60.5607476635514","39.4392523364486","59.06432748538012","61.93895870736086"
"472","260","0.2","50","0","pos","166","65.7943925233645","34.205607476635514","62.1832358674464","69.12028725314184"
"470","260","0.5","40","0","pos","259","79.06542056074767","20.93457943925234","78.3625730994152","79.71274685816876"
"479","260","0.4","10","0","pos","0","60.5607476635514","39.4392523364486","59.06432748538012","61.93895870736086"
"476","260","0.1","10","0","pos","0","60.5607476635514","39.4392523364486","59.06432748538012","61.93895870736086"
"478","260","0.3","10","0","pos","0","60.5607476635514","39.4392523364486","59.06432748538012","61.93895870736086"
"477","260","0.2","10","0","pos","69","60.18691588785047","39.81308411214953","57.89473684210527","62.29802513464991"
"471","260","0.1","50","0","pos","166","62.80373831775701","37.19626168224299","61.98830409356725","63.55475763016158"
"479","260","0.4","10","0","pos","69","61.86915887850467","38.13084112149533","61.20857699805068","62.47755834829444"
"476","260","0.1","10","0","pos","69","61.308411214953274","38.691588785046726","59.64912280701754","62.83662477558348"
"478","260","0.3","10","0","pos","69","62.05607476635514","37.94392523364486","62.1832358674464","61.93895870736086"
"474","260","0.4","50","0","pos","166","72.14953271028037","27.850467289719628","72.51461988304094","71.8132854578097"
"475","260","0.5","50","0","pos","166","74.48598130841123","25.514018691588785","73.68421052631578","75.22441651705566"
"473","260","0.3","50","0","pos","166","69.1588785046729","30.8411214953271","67.05653021442495","71.0951526032316"
"472","260","0.2","50","0","pos","259","68.3177570093458","31.68224299065421","64.5224171539961","71.8132854578097"
"480","260","0.5","10","0","pos","0","60.5607476635514","39.4392523364486","59.06432748538012","61.93895870736086"
"471","260","0.1","50","0","pos","259","64.11214953271028","35.88785046728972","62.37816764132553","65.70915619389586"
"479","260","0.4","10","0","pos","166","64.57943925233644","35.42056074766355","64.71734892787524","64.4524236983842"
"477","260","0.2","10","0","pos","166","62.80373831775701","37.19626168224299","61.79337231968811","63.73429084380611"
"476","260","0.1","10","0","pos","166","61.49532710280374","38.504672897196265","60.23391812865497","62.65709156193896"
"481","260","0.1","20","0","pos","0","60.5607476635514","39.4392523364486","59.06432748538012","61.93895870736086"
"478","260","0.3","10","0","pos","166","63.64485981308411","36.35514018691588","63.74269005847953","63.55475763016158"
"475","260","0.5","50","0","pos","259","76.72897196261682","23.271028037383175","75.82846003898635","77.55834829443447"
"480","260","0.5","10","0","pos","69","63.64485981308411","36.35514018691588","62.96296296296296","64.27289048473968"
"473","260","0.3","50","0","pos","259","71.86915887850466","28.130841121495326","70.17543859649122","73.4290843806104"
"479","260","0.4","10","0","pos","259","65.42056074766354","34.57943925233645","66.08187134502924","64.81149012567326"
"481","260","0.1","20","0","pos","69","61.6822429906542","38.31775700934579","60.03898635477582","63.19569120287253"
"476","260","0.1","10","0","pos","259","61.588785046728965","38.41121495327103","61.01364522417154","62.11849192100538"
"477","260","0.2","10","0","pos","259","62.89719626168224","37.10280373831776","61.59844054580896","64.09335727109516"
"474","260","0.4","50","0","pos","259","75.70093457943925","24.299065420560748","76.21832358674465","75.22441651705566"
"480","260","0.5","10","0","pos","166","63.925233644859816","36.074766355140184","63.35282651072125","64.4524236983842"
"478","260","0.3","10","0","pos","259","65.98130841121495","34.018691588785046","67.64132553606238","64.4524236983842"
"481","260","0.1","20","0","pos","166","63.177570093457945","36.822429906542055","61.59844054580896","64.63195691202873"
"480","260","0.5","10","0","pos","259","67.28971962616822","32.71028037383177","66.66666666666666","67.86355475763017"
"483","260","0.3","20","0","pos","0","60.5607476635514","39.4392523364486","59.06432748538012","61.93895870736086"
"482","260","0.2","20","0","pos","0","60.5607476635514","39.4392523364486","59.06432748538012","61.93895870736086"
"484","260","0.4","20","0","pos","0","60.5607476635514","39.4392523364486","59.06432748538012","61.93895870736086"
"485","260","0.5","20","0","pos","0","60.5607476635514","39.4392523364486","59.06432748538012","61.93895870736086"
"481","260","0.1","20","0","pos","259","63.83177570093458","36.16822429906542","62.57309941520468","64.99102333931778"
"483","260","0.3","20","0","pos","69","60.65420560747663","39.345794392523366","58.47953216374269","62.65709156193896"
"484","260","0.4","20","0","pos","69","63.36448598130842","36.63551401869159","63.547758284600384","63.19569120287253"
"486","260","0.1","30","0","pos","0","60.5607476635514","39.4392523364486","59.06432748538012","61.93895870736086"
"487","260","0.2","30","0","pos","0","60.5607476635514","39.4392523364486","59.06432748538012","61.93895870736086"
"482","260","0.2","20","0","pos","69","62.523364485981304","37.47663551401869","60.62378167641326","64.27289048473968"
"489","260","0.4","30","0","pos","0","60.5607476635514","39.4392523364486","59.06432748538012","61.93895870736086"
"486","260","0.1","30","0","pos","69","61.6822429906542","38.31775700934579","59.64912280701754","63.55475763016158"
"487","260","0.2","30","0","pos","69","60.8411214953271","39.15887850467289","59.25925925925925","62.29802513464991"
"491","260","0.1","40","0","pos","0","60.5607476635514","39.4392523364486","59.06432748538012","61.93895870736086"
"484","260","0.4","20","0","pos","166","65.98130841121495","34.018691588785046","67.2514619883041","64.81149012567326"
"488","260","0.3","30","0","pos","0","60.5607476635514","39.4392523364486","59.06432748538012","61.93895870736086"
"485","260","0.5","20","0","pos","69","64.29906542056075","35.700934579439256","62.57309941520468","65.8886894075404"
"490","260","0.5","30","0","pos","0","60.5607476635514","39.4392523364486","59.06432748538012","61.93895870736086"
"489","260","0.4","30","0","pos","69","64.29906542056075","35.700934579439256","63.74269005847953","64.81149012567326"
"492","260","0.2","40","0","pos","0","60.5607476635514","39.4392523364486","59.06432748538012","61.93895870736086"
"483","260","0.3","20","0","pos","166","65.51401869158879","34.48598130841122","64.91228070175438","66.06822262118493"
"491","260","0.1","40","0","pos","69","61.77570093457943","38.22429906542056","60.62378167641326","62.83662477558348"
"490","260","0.5","30","0","pos","69","67.00934579439253","32.99065420560748","66.08187134502924","67.86355475763017"
"486","260","0.1","30","0","pos","166","62.99065420560748","37.00934579439252","59.64912280701754","66.06822262118493"
"487","260","0.2","30","0","pos","166","61.6822429906542","38.31775700934579","60.03898635477582","63.19569120287253"
"488","260","0.3","30","0","pos","69","64.76635514018692","35.23364485981308","66.27680311890838","63.37522441651705"
"482","260","0.2","20","0","pos","166","64.67289719626169","35.32710280373832","61.79337231968811","67.3249551166966"
"484","260","0.4","20","0","pos","259","68.03738317757009","31.962616822429908","68.61598440545808","67.50448833034112"
"492","260","0.2","40","0","pos","69","64.01869158878505","35.981308411214954","62.1832358674464","65.70915619389586"
"485","260","0.5","20","0","pos","166","68.22429906542055","31.775700934579437","66.08187134502924","70.19748653500898"
"493","260","0.3","40","0","pos","0","60.5607476635514","39.4392523364486","59.06432748538012","61.93895870736086"
"483","260","0.3","20","0","pos","259","67.66355140186916","32.33644859813084","67.64132553606238","67.68402154398564"
"487","260","0.2","30","0","pos","259","64.48598130841121","35.51401869158878","61.98830409356725","66.78635547576302"
"490","260","0.5","30","0","pos","166","71.86915887850466","28.130841121495326","70.56530214424951","73.07001795332137"
"489","260","0.4","30","0","pos","166","68.97196261682244","31.02803738317757","67.64132553606238","70.19748653500898"
"488","260","0.3","30","0","pos","166","68.41121495327103","31.588785046728972","69.78557504873294","67.14542190305207"
"486","260","0.1","30","0","pos","259","63.177570093457945","36.822429906542055","61.01364522417154","65.1705565529623"
"485","260","0.5","20","0","pos","259","69.90654205607477","30.093457943925234","67.83625730994152","71.8132854578097"
"491","260","0.1","40","0","pos","166","63.83177570093458","36.16822429906542","62.96296296296296","64.63195691202873"
"493","260","0.3","40","0","pos","69","64.48598130841121","35.51401869158878","63.547758284600384","65.35008976660683"
"492","260","0.2","40","0","pos","166","69.1588785046729","30.8411214953271","68.03118908382066","70.19748653500898"
"489","260","0.4","30","0","pos","259","71.58878504672897","28.41121495327103","70.9551656920078","72.17235188509873"
"482","260","0.2","20","0","pos","259","66.72897196261682","33.271028037383175","63.93762183235867","69.29982046678636"
"490","260","0.5","30","0","pos","259","74.76635514018692","25.233644859813083","75.82846003898635","73.78815080789947"
"492","260","0.2","40","0","pos","259","70","30","68.2261208576998","71.63375224416517"
"493","260","0.3","40","0","pos","166","69.1588785046729","30.8411214953271","68.81091617933723","69.47935368043088"
"488","260","0.3","30","0","pos","259","71.58878504672897","28.41121495327103","72.51461988304094","70.73608617594255"
"494","260","0.4","40","0","pos","0","60.5607476635514","39.4392523364486","59.06432748538012","61.93895870736086"
"491","260","0.1","40","0","pos","259","65.42056074766354","34.57943925233645","65.30214424951268","65.52962298025135"
"493","260","0.3","40","0","pos","259","72.99065420560747","27.009345794392527","72.70955165692008","73.24955116696589"
"494","260","0.4","40","0","pos","69","65.98130841121495","34.018691588785046","64.32748538011695","67.50448833034112"
"496","260","0.1","50","0","pos","0","60.5607476635514","39.4392523364486","59.06432748538012","61.93895870736086"
"495","260","0.5","40","0","pos","0","60.5607476635514","39.4392523364486","59.06432748538012","61.93895870736086"
"497","260","0.2","50","0","pos","0","60.5607476635514","39.4392523364486","59.06432748538012","61.93895870736086"
"498","260","0.3","50","0","pos","0","60.5607476635514","39.4392523364486","59.06432748538012","61.93895870736086"
"496","260","0.1","50","0","pos","69","61.49532710280374","38.504672897196265","61.59844054580896","61.40035906642729"
"500","260","0.5","50","0","pos","0","60.5607476635514","39.4392523364486","59.06432748538012","61.93895870736086"
"497","260","0.2","50","0","pos","69","66.44859813084112","33.55140186915888","66.27680311890838","66.6068222621185"
"495","260","0.5","40","0","pos","69","65.51401869158879","34.48598130841122","63.547758284600384","67.3249551166966"
"499","260","0.4","50","0","pos","0","60.5607476635514","39.4392523364486","59.06432748538012","61.93895870736086"
"501","260","0.1","10","0","pos","0","60.5607476635514","39.4392523364486","59.06432748538012","61.93895870736086"
"502","260","0.2","10","0","pos","0","60.5607476635514","39.4392523364486","59.06432748538012","61.93895870736086"
"498","260","0.3","50","0","pos","69","66.35514018691589","33.64485981308411","64.32748538011695","68.2226211849192"
"496","260","0.1","50","0","pos","166","63.83177570093458","36.16822429906542","63.74269005847953","63.91382405745063"
"494","260","0.4","40","0","pos","166","72.24299065420561","27.757009345794394","71.15009746588694","73.24955116696589"
"501","260","0.1","10","0","pos","69","61.40186915887851","38.598130841121495","59.84405458089669","62.83662477558348"
"500","260","0.5","50","0","pos","69","68.50467289719626","31.49532710280374","67.2514619883041","69.6588868940754"
"502","260","0.2","10","0","pos","69","60.373831775700936","39.626168224299064","58.86939571150097","61.759425493716336"
"497","260","0.2","50","0","pos","166","72.05607476635514","27.943925233644862","71.73489278752436","72.35188509874327"
"495","260","0.5","40","0","pos","166","70.65420560747664","29.345794392523366","69.20077972709552","71.99281867145422"
"505","260","0.5","10","0","pos","0","60.5607476635514","39.4392523364486","59.06432748538012","61.93895870736086"
"499","260","0.4","50","0","pos","69","67.4766355140187","32.52336448598131","68.42105263157895","66.6068222621185"
"503","260","0.3","10","0","pos","0","60.5607476635514","39.4392523364486","59.06432748538012","61.93895870736086"
"504","260","0.4","10","0","pos","0","60.5607476635514","39.4392523364486","59.06432748538012","61.93895870736086"
"505","260","0.5","10","0","pos","69","60.09345794392523","39.90654205607477","58.0896686159844","61.93895870736086"
"494","260","0.4","40","0","pos","259","75.98130841121495","24.018691588785046","76.0233918128655","75.94254937163375"
"502","260","0.2","10","0","pos","166","63.45794392523364","36.54205607476636","62.1832358674464","64.63195691202873"
"500","260","0.5","50","0","pos","166","74.57943925233644","25.42056074766355","73.87914230019493","75.22441651705566"
"498","260","0.3","50","0","pos","166","72.33644859813084","27.663551401869157","71.53996101364523","73.07001795332137"
"496","260","0.1","50","0","pos","259","66.16822429906543","33.83177570093458","64.5224171539961","67.68402154398564"
"501","260","0.1","10","0","pos","166","61.40186915887851","38.598130841121495","59.25925925925925","63.37522441651705"
"504","260","0.4","10","0","pos","69","62.80373831775701","37.19626168224299","60.42884990253411","64.99102333931778"
"495","260","0.5","40","0","pos","259","73.08411214953271","26.91588785046729","70.17543859649122","75.76301615798923"
"497","260","0.2","50","0","pos","259","74.67289719626167","25.327102803738317","74.85380116959064","74.50628366247756"
"503","260","0.3","10","0","pos","69","60.280373831775705","39.719626168224295","59.84405458089669","60.68222621184919"
"500","260","0.5","50","0","pos","259","78.03738317757009","21.962616822429908","75.04873294346979","80.78994614003591"
"505","260","0.5","10","0","pos","166","65.60747663551402","34.39252336448598","63.1578947368421","67.86355475763017"
"499","260","0.4","50","0","pos","166","71.1214953271028","28.878504672897197","73.87914230019493","68.58168761220826"
"501","260","0.1","10","0","pos","259","61.308411214953274","38.691588785046726","59.25925925925925","63.19569120287253"
"504","260","0.4","10","0","pos","166","65.60747663551402","34.39252336448598","64.32748538011695","66.78635547576302"
"502","260","0.2","10","0","pos","259","64.20560747663552","35.794392523364486","62.37816764132553","65.8886894075404"
"503","260","0.3","10","0","pos","166","61.49532710280374","38.504672897196265","60.23391812865497","62.65709156193896"
"505","260","0.5","10","0","pos","259","67.57009345794393","32.429906542056074","65.49707602339181","69.47935368043088"
"504","260","0.4","10","0","pos","259","69.34579439252336","30.654205607476637","68.03118908382066","70.55655296229803"
"498","260","0.3","50","0","pos","259","72.80373831775701","27.19626168224299","71.53996101364523","73.96768402154399"
"506","260","0.1","20","0","pos","0","60.5607476635514","39.4392523364486","59.06432748538012","61.93895870736086"
"503","260","0.3","10","0","pos","259","61.77570093457943","38.22429906542056","60.42884990253411","63.016157989228006"
"507","260","0.2","20","0","pos","0","60.5607476635514","39.4392523364486","59.06432748538012","61.93895870736086"
"506","260","0.1","20","0","pos","69","61.86915887850467","38.13084112149533","61.01364522417154","62.65709156193896"
"499","260","0.4","50","0","pos","259","72.71028037383176","27.289719626168225","74.46393762183236","71.0951526032316"
"507","260","0.2","20","0","pos","69","60.46728971962617","39.532710280373834","58.67446393762184","62.11849192100538"
"506","260","0.1","20","0","pos","166","62.24299065420561","37.75700934579439","60.81871345029239","63.55475763016158"
"509","260","0.4","20","0","pos","0","60.5607476635514","39.4392523364486","59.06432748538012","61.93895870736086"
"512","260","0.2","30","0","pos","0","60.5607476635514","39.4392523364486","59.06432748538012","61.93895870736086"
"511","260","0.1","30","0","pos","0","60.5607476635514","39.4392523364486","59.06432748538012","61.93895870736086"
"507","260","0.2","20","0","pos","166","61.02803738317757","38.97196261682243","59.4541910331384","62.47755834829444"
"509","260","0.4","20","0","pos","69","62.42990654205608","37.570093457943926","61.40350877192983","63.37522441651705"
"513","260","0.3","30","0","pos","0","60.5607476635514","39.4392523364486","59.06432748538012","61.93895870736086"
"514","260","0.4","30","0","pos","0","60.5607476635514","39.4392523364486","59.06432748538012","61.93895870736086"
"506","260","0.1","20","0","pos","259","61.86915887850467","38.13084112149533","59.84405458089669","63.73429084380611"
"508","260","0.3","20","0","pos","0","60.5607476635514","39.4392523364486","59.06432748538012","61.93895870736086"
"512","260","0.2","30","0","pos","69","61.96261682242991","38.03738317757009","60.62378167641326","63.19569120287253"
"511","260","0.1","30","0","pos","69","61.21495327102804","38.78504672897196","61.20857699805068","61.22082585278277"
"516","260","0.1","40","0","pos","0","60.5607476635514","39.4392523364486","59.06432748538012","61.93895870736086"
"513","260","0.3","30","0","pos","69","62.99065420560748","37.00934579439252","62.57309941520468","63.37522441651705"
"516","260","0.1","40","0","pos","69","61.588785046728965","38.41121495327103","62.1832358674464","61.04129263913825"
"507","260","0.2","20","0","pos","259","61.96261682242991","38.03738317757009","61.20857699805068","62.65709156193896"
"509","260","0.4","20","0","pos","166","65.88785046728972","34.112149532710276","64.91228070175438","66.78635547576302"
"514","260","0.4","30","0","pos","69","61.40186915887851","38.598130841121495","61.98830409356725","60.86175942549371"
"512","260","0.2","30","0","pos","166","65.42056074766354","34.57943925233645","65.49707602339181","65.35008976660683"
"517","260","0.2","40","0","pos","0","60.5607476635514","39.4392523364486","59.06432748538012","61.93895870736086"
"515","260","0.5","30","0","pos","0","60.5607476635514","39.4392523364486","59.06432748538012","61.93895870736086"
"511","260","0.1","30","0","pos","166","63.27102803738318","36.728971962616825","63.1578947368421","63.37522441651705"
"508","260","0.3","20","0","pos","69","61.6822429906542","38.31775700934579","61.01364522417154","62.29802513464991"
"510","260","0.5","20","0","pos","0","60.5607476635514","39.4392523364486","59.06432748538012","61.93895870736086"
"516","260","0.1","40","0","pos","166","63.925233644859816","36.074766355140184","63.93762183235867","63.91382405745063"
"509","260","0.4","20","0","pos","259","68.50467289719626","31.49532710280374","67.2514619883041","69.6588868940754"
"517","260","0.2","40","0","pos","69","62.149532710280376","37.850467289719624","59.25925925925925","64.81149012567326"
"513","260","0.3","30","0","pos","166","67.38317757009345","32.61682242990654","67.64132553606238","67.14542190305207"
"514","260","0.4","30","0","pos","166","67.85046728971963","32.149532710280376","65.69200779727096","69.83842010771993"
"510","260","0.5","20","0","pos","69","64.67289719626169","35.32710280373832","63.93762183235867","65.35008976660683"
"511","260","0.1","30","0","pos","259","64.11214953271028","35.88785046728972","64.5224171539961","63.73429084380611"
"512","260","0.2","30","0","pos","259","65.60747663551402","34.39252336448598","63.93762183235867","67.14542190305207"
"515","260","0.5","30","0","pos","69","65.23364485981308","34.76635514018692","65.49707602339181","64.99102333931778"
"518","260","0.3","40","0","pos","0","60.5607476635514","39.4392523364486","59.06432748538012","61.93895870736086"
"516","260","0.1","40","0","pos","259","65.60747663551402","34.39252336448598","65.69200779727096","65.52962298025135"
"517","260","0.2","40","0","pos","166","66.54205607476635","33.45794392523365","64.5224171539961","68.40215439856372"
"508","260","0.3","20","0","pos","166","66.07476635514018","33.925233644859816","65.69200779727096","66.42728904847397"
"514","260","0.4","30","0","pos","259","70.8411214953271","29.1588785046729","69.20077972709552","72.35188509874327"
"517","260","0.2","40","0","pos","259","71.96261682242991","28.037383177570092","70.37037037037037","73.4290843806104"
"515","260","0.5","30","0","pos","166","70.74766355140187","29.252336448598133","71.73489278752436","69.83842010771993"
"513","260","0.3","30","0","pos","259","69.34579439252336","30.654205607476637","67.83625730994152","70.73608617594255"
"518","260","0.3","40","0","pos","69","67.7570093457944","32.242990654205606","68.2261208576998","67.3249551166966"
"508","260","0.3","20","0","pos","259","68.13084112149532","31.86915887850467","68.2261208576998","68.04308797127469"
"519","260","0.4","40","0","pos","0","60.5607476635514","39.4392523364486","59.06432748538012","61.93895870736086"
"510","260","0.5","20","0","pos","166","69.34579439252336","30.654205607476637","68.03118908382066","70.55655296229803"
"522","260","0.2","50","0","pos","0","60.5607476635514","39.4392523364486","59.06432748538012","61.93895870736086"
"519","260","0.4","40","0","pos","69","66.9158878504673","33.084112149532714","64.5224171539961","69.12028725314184"
"523","260","0.3","50","0","pos","0","60.5607476635514","39.4392523364486","59.06432748538012","61.93895870736086"
"515","260","0.5","30","0","pos","259","73.83177570093457","26.168224299065418","74.46393762183236","73.24955116696589"
"521","260","0.1","50","0","pos","0","60.5607476635514","39.4392523364486","59.06432748538012","61.93895870736086"
"510","260","0.5","20","0","pos","259","71.96261682242991","28.037383177570092","69.78557504873294","73.96768402154399"
"522","260","0.2","50","0","pos","69","66.16822429906543","33.83177570093458","66.47173489278752","65.8886894075404"
"520","260","0.5","40","0","pos","0","60.5607476635514","39.4392523364486","59.06432748538012","61.93895870736086"
"519","260","0.4","40","0","pos","166","72.42990654205607","27.570093457943923","68.03118908382066","76.48114901256733"
"521","260","0.1","50","0","pos","69","62.24299065420561","37.75700934579439","61.20857699805068","63.19569120287253"
"524","260","0.4","50","0","pos","0","60.5607476635514","39.4392523364486","59.06432748538012","61.93895870736086"
"525","260","0.5","50","0","pos","0","60.5607476635514","39.4392523364486","59.06432748538012","61.93895870736086"
"518","260","0.3","40","0","pos","166","72.05607476635514","27.943925233644862","72.70955165692008","71.45421903052065"
"520","260","0.5","40","0","pos","69","66.54205607476635","33.45794392523365","65.10721247563353","67.86355475763017"
"523","260","0.3","50","0","pos","69","67.85046728971963","32.149532710280376","65.30214424951268","70.19748653500898"
"522","260","0.2","50","0","pos","166","70","30","68.61598440545808","71.27468581687613"
"525","260","0.5","50","0","pos","69","68.78504672897196","31.21495327102804","67.64132553606238","69.83842010771993"
"526","260","0.1","10","0","pos","0","60.5607476635514","39.4392523364486","59.06432748538012","61.93895870736086"
"519","260","0.4","40","0","pos","259","75.70093457943925","24.299065420560748","71.9298245614035","79.17414721723519"
"524","260","0.4","50","0","pos","69","66.9158878504673","33.084112149532714","67.05653021442495","66.78635547576302"
"523","260","0.3","50","0","pos","166","75.51401869158877","24.485981308411215","73.2943469785575","77.55834829443447"
"521","260","0.1","50","0","pos","166","63.83177570093458","36.16822429906542","62.768031189083814","64.81149012567326"
"522","260","0.2","50","0","pos","259","72.80373831775701","27.19626168224299","72.31968810916179","73.24955116696589"
"526","260","0.1","10","0","pos","69","60.5607476635514","39.4392523364486","58.0896686159844","62.83662477558348"
"525","260","0.5","50","0","pos","166","75.98130841121495","24.018691588785046","75.04873294346979","76.84021543985638"
"518","260","0.3","40","0","pos","259","74.67289719626167","25.327102803738317","75.43859649122807","73.96768402154399"
"520","260","0.5","40","0","pos","166","73.73831775700934","26.261682242990652","73.68421052631578","73.78815080789947"
"527","260","0.2","10","0","pos","0","60.5607476635514","39.4392523364486","59.06432748538012","61.93895870736086"
"529","260","0.4","10","0","pos","0","60.5607476635514","39.4392523364486","59.06432748538012","61.93895870736086"
"523","260","0.3","50","0","pos","259","78.41121495327103","21.588785046728972","76.80311890838206","79.89228007181327"
"527","260","0.2","10","0","pos","69","59.90654205607476","40.09345794392523","58.86939571150097","60.86175942549371"
"524","260","0.4","50","0","pos","166","71.21495327102804","28.785046728971963","72.12475633528264","70.3770197486535"
"521","260","0.1","50","0","pos","259","67.94392523364486","32.05607476635514","67.83625730994152","68.04308797127469"
"529","260","0.4","10","0","pos","69","61.21495327102804","38.78504672897196","61.59844054580896","60.86175942549371"
"520","260","0.5","40","0","pos","259","74.48598130841123","25.514018691588785","74.07407407407408","74.86535008976661"
"525","260","0.5","50","0","pos","259","78.50467289719626","21.49532710280374","77.97270955165692","78.99461400359067"
"528","260","0.3","10","0","pos","0","60.5607476635514","39.4392523364486","59.06432748538012","61.93895870736086"
"526","260","0.1","10","0","pos","166","60.65420560747663","39.345794392523366","58.86939571150097","62.29802513464991"
"527","260","0.2","10","0","pos","166","60.93457943925233","39.06542056074767","61.59844054580896","60.32315978456014"
"524","260","0.4","50","0","pos","259","74.85981308411215","25.140186915887853","74.6588693957115","75.04488330341114"
"530","260","0.5","10","0","pos","0","60.5607476635514","39.4392523364486","59.06432748538012","61.93895870736086"
"529","260","0.4","10","0","pos","166","63.177570093457945","36.822429906542055","63.1578947368421","63.19569120287253"
"528","260","0.3","10","0","pos","69","62.616822429906534","37.38317757009346","62.1832358674464","63.016157989228006"
"531","260","0.1","20","0","pos","0","60.5607476635514","39.4392523364486","59.06432748538012","61.93895870736086"
"527","260","0.2","10","0","pos","259","61.12149532710281","38.87850467289719","61.01364522417154","61.22082585278277"
"530","260","0.5","10","0","pos","69","61.77570093457943","38.22429906542056","62.37816764132553","61.22082585278277"
"532","260","0.2","20","0","pos","0","60.5607476635514","39.4392523364486","59.06432748538012","61.93895870736086"
"526","260","0.1","10","0","pos","259","61.86915887850467","38.13084112149533","61.01364522417154","62.65709156193896"
"529","260","0.4","10","0","pos","259","64.95327102803739","35.046728971962615","65.30214424951268","64.63195691202873"
"528","260","0.3","10","0","pos","166","62.24299065420561","37.75700934579439","62.1832358674464","62.29802513464991"
"533","260","0.3","20","0","pos","0","60.5607476635514","39.4392523364486","59.06432748538012","61.93895870736086"
"532","260","0.2","20","0","pos","69","62.05607476635514","37.94392523364486","60.03898635477582","63.91382405745063"
"531","260","0.1","20","0","pos","69","60.65420560747663","39.345794392523366","60.81871345029239","60.502692998204665"
"534","260","0.4","20","0","pos","0","60.5607476635514","39.4392523364486","59.06432748538012","61.93895870736086"
"536","260","0.1","30","0","pos","0","60.5607476635514","39.4392523364486","59.06432748538012","61.93895870736086"
"533","260","0.3","20","0","pos","69","61.40186915887851","38.598130841121495","60.62378167641326","62.11849192100538"
"534","260","0.4","20","0","pos","69","61.77570093457943","38.22429906542056","61.59844054580896","61.93895870736086"
"528","260","0.3","10","0","pos","259","63.73831775700934","36.26168224299066","64.13255360623782","63.37522441651705"
"532","260","0.2","20","0","pos","166","63.177570093457945","36.822429906542055","63.1578947368421","63.19569120287253"
"537","260","0.2","30","0","pos","0","60.5607476635514","39.4392523364486","59.06432748538012","61.93895870736086"
"536","260","0.1","30","0","pos","69","61.6822429906542","38.31775700934579","59.64912280701754","63.55475763016158"
"535","260","0.5","20","0","pos","0","60.5607476635514","39.4392523364486","59.06432748538012","61.93895870736086"
"530","260","0.5","10","0","pos","166","64.29906542056075","35.700934579439256","65.49707602339181","63.19569120287253"
"533","260","0.3","20","0","pos","166","64.57943925233644","35.42056074766355","65.69200779727096","63.55475763016158"
"531","260","0.1","20","0","pos","166","62.24299065420561","37.75700934579439","62.1832358674464","62.29802513464991"
"537","260","0.2","30","0","pos","69","62.33644859813084","37.663551401869164","62.57309941520468","62.11849192100538"
"534","260","0.4","20","0","pos","166","64.48598130841121","35.51401869158878","64.5224171539961","64.4524236983842"
"532","260","0.2","20","0","pos","259","65.32710280373831","34.67289719626168","65.49707602339181","65.1705565529623"
"539","260","0.4","30","0","pos","0","60.5607476635514","39.4392523364486","59.06432748538012","61.93895870736086"
"536","260","0.1","30","0","pos","166","64.29906542056075","35.700934579439256","63.547758284600384","64.99102333931778"
"535","260","0.5","20","0","pos","69","65.14018691588785","34.859813084112155","63.547758284600384","66.6068222621185"
"530","260","0.5","10","0","pos","259","65.32710280373831","34.67289719626168","66.66666666666666","64.09335727109516"
"539","260","0.4","30","0","pos","69","65.7943925233645","34.205607476635514","64.13255360623782","67.3249551166966"
"537","260","0.2","30","0","pos","166","66.35514018691589","33.64485981308411","66.27680311890838","66.42728904847397"
"533","260","0.3","20","0","pos","259","66.54205607476635","33.45794392523365","68.03118908382066","65.1705565529623"
"531","260","0.1","20","0","pos","259","63.55140186915887","36.44859813084112","63.74269005847953","63.37522441651705"
"540","260","0.5","30","0","pos","0","60.5607476635514","39.4392523364486","59.06432748538012","61.93895870736086"
"534","260","0.4","20","0","pos","259","66.6355140186916","33.36448598130841","66.08187134502924","67.14542190305207"
"536","260","0.1","30","0","pos","259","65.14018691588785","34.859813084112155","65.10721247563353","65.1705565529623"
"540","260","0.5","30","0","pos","69","64.11214953271028","35.88785046728972","62.768031189083814","65.35008976660683"
"539","260","0.4","30","0","pos","166","71.1214953271028","28.878504672897197","70.9551656920078","71.27468581687613"
"541","260","0.1","40","0","pos","0","60.5607476635514","39.4392523364486","59.06432748538012","61.93895870736086"
"535","260","0.5","20","0","pos","166","70.18691588785046","29.813084112149536","69.20077972709552","71.0951526032316"
"538","260","0.3","30","0","pos","0","60.5607476635514","39.4392523364486","59.06432748538012","61.93895870736086"
"540","260","0.5","30","0","pos","166","71.68224299065422","28.317757009345794","71.15009746588694","72.17235188509873"
"539","260","0.4","30","0","pos","259","73.92523364485982","26.074766355140188","72.90448343079922","74.86535008976661"
"542","260","0.2","40","0","pos","0","60.5607476635514","39.4392523364486","59.06432748538012","61.93895870736086"
"537","260","0.2","30","0","pos","259","67.38317757009345","32.61682242990654","67.44639376218323","67.3249551166966"
"541","260","0.1","40","0","pos","69","61.21495327102804","38.78504672897196","60.42884990253411","61.93895870736086"
"535","260","0.5","20","0","pos","259","73.08411214953271","26.91588785046729","72.12475633528264","73.96768402154399"
"538","260","0.3","30","0","pos","69","59.7196261682243","40.2803738317757","59.06432748538012","60.32315978456014"
"543","260","0.3","40","0","pos","0","60.5607476635514","39.4392523364486","59.06432748538012","61.93895870736086"
"540","260","0.5","30","0","pos","259","73.92523364485982","26.074766355140188","72.70955165692008","75.04488330341114"
"547","260","0.2","50","0","pos","0","60.5607476635514","39.4392523364486","59.06432748538012","61.93895870736086"
"545","260","0.5","40","0","pos","0","60.5607476635514","39.4392523364486","59.06432748538012","61.93895870736086"
"543","260","0.3","40","0","pos","69","63.177570093457945","36.822429906542055","63.35282651072125","63.016157989228006"
"542","260","0.2","40","0","pos","69","62.71028037383177","37.28971962616822","60.42884990253411","64.81149012567326"
"546","260","0.1","50","0","pos","0","60.5607476635514","39.4392523364486","59.06432748538012","61.93895870736086"
"544","260","0.4","40","0","pos","0","60.5607476635514","39.4392523364486","59.06432748538012","61.93895870736086"
"547","260","0.2","50","0","pos","69","62.89719626168224","37.10280373831776","63.1578947368421","62.65709156193896"
"545","260","0.5","40","0","pos","69","64.29906542056075","35.700934579439256","62.96296296296296","65.52962298025135"
"546","260","0.1","50","0","pos","69","62.523364485981304","37.47663551401869","60.62378167641326","64.27289048473968"
"544","260","0.4","40","0","pos","69","64.95327102803739","35.046728971962615","64.13255360623782","65.70915619389586"
"541","260","0.1","40","0","pos","166","61.86915887850467","38.13084112149533","59.64912280701754","63.91382405745063"
"538","260","0.3","30","0","pos","166","63.36448598130842","36.63551401869159","61.59844054580896","64.99102333931778"
"549","260","0.4","50","0","pos","0","60.5607476635514","39.4392523364486","59.06432748538012","61.93895870736086"
"547","260","0.2","50","0","pos","166","66.16822429906543","33.83177570093458","65.30214424951268","66.96588868940754"
"545","260","0.5","40","0","pos","166","69.25233644859813","30.74766355140187","69.78557504873294","68.76122082585279"
"550","260","0.5","50","0","pos","0","60.5607476635514","39.4392523364486","59.06432748538012","61.93895870736086"
"543","260","0.3","40","0","pos","166","66.82242990654206","33.177570093457945","67.64132553606238","66.06822262118493"
"542","260","0.2","40","0","pos","166","67.28971962616822","32.71028037383177","65.49707602339181","68.9407540394973"
"551","260","0.1","10","0","pos","0","60.5607476635514","39.4392523364486","59.06432748538012","61.93895870736086"
"541","260","0.1","40","0","pos","259","63.83177570093458","36.16822429906542","62.57309941520468","64.99102333931778"
"548","260","0.3","50","0","pos","0","60.5607476635514","39.4392523364486","59.06432748538012","61.93895870736086"
"550","260","0.5","50","0","pos","69","64.57943925233644","35.42056074766355","63.547758284600384","65.52962298025135"
"546","260","0.1","50","0","pos","166","62.80373831775701","37.19626168224299","61.59844054580896","63.91382405745063"
"545","260","0.5","40","0","pos","259","72.52336448598132","27.476635514018692","73.2943469785575","71.8132854578097"
"543","260","0.3","40","0","pos","259","69.25233644859813","30.74766355140187","69.5906432748538","68.9407540394973"
"551","260","0.1","10","0","pos","69","60.747663551401864","39.25233644859813","59.06432748538012","62.29802513464991"
"542","260","0.2","40","0","pos","259","71.86915887850466","28.130841121495326","70.76023391812866","72.89048473967684"
"548","260","0.3","50","0","pos","69","64.85981308411215","35.14018691588785","64.91228070175438","64.81149012567326"
"549","260","0.4","50","0","pos","69","68.69158878504673","31.308411214953267","68.2261208576998","69.12028725314184"
"547","260","0.2","50","0","pos","259","69.25233644859813","30.74766355140187","68.61598440545808","69.83842010771993"
"544","260","0.4","40","0","pos","166","70.56074766355141","29.439252336448597","70.37037037037037","70.73608617594255"
"538","260","0.3","30","0","pos","259","65.51401869158879","34.48598130841122","63.74269005847953","67.14542190305207"
"550","260","0.5","50","0","pos","166","72.99065420560747","27.009345794392527","72.70955165692008","73.24955116696589"
"546","260","0.1","50","0","pos","259","64.29906542056075","35.700934579439256","62.96296296296296","65.52962298025135"
"551","260","0.1","10","0","pos","166","61.02803738317757","38.97196261682243","60.03898635477582","61.93895870736086"
"544","260","0.4","40","0","pos","259","75.14018691588785","24.85981308411215","74.85380116959064","75.40394973070018"
"549","260","0.4","50","0","pos","166","75.42056074766356","24.57943925233645","73.68421052631578","77.0197486535009"
"550","260","0.5","50","0","pos","259","79.62616822429906","20.373831775700936","80.31189083820662","78.99461400359067"
"551","260","0.1","10","0","pos","259","62.71028037383177","37.28971962616822","61.40350877192983","63.91382405745063"
"548","260","0.3","50","0","pos","166","72.52336448598132","27.476635514018692","71.15009746588694","73.78815080789947"
"552","260","0.2","10","0","pos","0","60.5607476635514","39.4392523364486","59.06432748538012","61.93895870736086"
"554","260","0.4","10","0","pos","0","60.5607476635514","39.4392523364486","59.06432748538012","61.93895870736086"
"553","260","0.3","10","0","pos","0","60.5607476635514","39.4392523364486","59.06432748538012","61.93895870736086"
"556","260","0.1","20","0","pos","0","60.5607476635514","39.4392523364486","59.06432748538012","61.93895870736086"
"555","260","0.5","10","0","pos","0","60.5607476635514","39.4392523364486","59.06432748538012","61.93895870736086"
"548","260","0.3","50","0","pos","259","75.32710280373833","24.67289719626168","74.07407407407408","76.48114901256733"
"549","260","0.4","50","0","pos","259","80.5607476635514","19.439252336448597","79.14230019493176","81.86714542190305"
"552","260","0.2","10","0","pos","69","60.18691588785047","39.81308411214953","60.23391812865497","60.14362657091562"
"554","260","0.4","10","0","pos","69","64.01869158878505","35.981308411214954","62.96296296296296","64.99102333931778"
"556","260","0.1","20","0","pos","69","62.523364485981304","37.47663551401869","61.01364522417154","63.91382405745063"
"557","260","0.2","20","0","pos","0","60.5607476635514","39.4392523364486","59.06432748538012","61.93895870736086"
"555","260","0.5","10","0","pos","69","59.439252336448604","40.560747663551396","57.1150097465887","61.57989228007181"
"558","260","0.3","20","0","pos","0","60.5607476635514","39.4392523364486","59.06432748538012","61.93895870736086"
"553","260","0.3","10","0","pos","69","60.93457943925233","39.06542056074767","60.03898635477582","61.759425493716336"
"558","260","0.3","20","0","pos","69","62.42990654205608","37.570093457943926","62.96296296296296","61.93895870736086"
"560","260","0.5","20","0","pos","0","60.5607476635514","39.4392523364486","59.06432748538012","61.93895870736086"
"553","260","0.3","10","0","pos","166","62.05607476635514","37.94392523364486","60.62378167641326","63.37522441651705"
"559","260","0.4","20","0","pos","0","60.5607476635514","39.4392523364486","59.06432748538012","61.93895870736086"
"557","260","0.2","20","0","pos","69","62.80373831775701","37.19626168224299","61.01364522417154","64.4524236983842"
"554","260","0.4","10","0","pos","166","64.67289719626169","35.32710280373832","64.13255360623782","65.1705565529623"
"556","260","0.1","20","0","pos","166","63.084112149532714","36.915887850467286","61.40350877192983","64.63195691202873"
"561","260","0.1","30","0","pos","0","60.5607476635514","39.4392523364486","59.06432748538012","61.93895870736086"
"555","260","0.5","10","0","pos","166","61.96261682242991","38.03738317757009","60.62378167641326","63.19569120287253"
"552","260","0.2","10","0","pos","166","60.747663551401864","39.25233644859813","61.20857699805068","60.32315978456014"
"560","260","0.5","20","0","pos","69","61.96261682242991","38.03738317757009","62.768031189083814","61.22082585278277"
"558","260","0.3","20","0","pos","166","65.04672897196262","34.953271028037385","65.30214424951268","64.81149012567326"
"559","260","0.4","20","0","pos","69","61.40186915887851","38.598130841121495","59.06432748538012","63.55475763016158"
"561","260","0.1","30","0","pos","69","62.523364485981304","37.47663551401869","61.20857699805068","63.73429084380611"
"563","260","0.3","30","0","pos","0","60.5607476635514","39.4392523364486","59.06432748538012","61.93895870736086"
"553","260","0.3","10","0","pos","259","63.45794392523364","36.54205607476636","62.768031189083814","64.09335727109516"
"554","260","0.4","10","0","pos","259","67.10280373831776","32.89719626168225","65.8869395711501","68.2226211849192"
"556","260","0.1","20","0","pos","259","64.20560747663552","35.794392523364486","62.37816764132553","65.8886894075404"
"555","260","0.5","10","0","pos","259","65.42056074766354","34.57943925233645","65.10721247563353","65.70915619389586"
"562","260","0.2","30","0","pos","0","60.5607476635514","39.4392523364486","59.06432748538012","61.93895870736086"
"552","260","0.2","10","0","pos","259","61.86915887850467","38.13084112149533","62.1832358674464","61.57989228007181"
"563","260","0.3","30","0","pos","69","63.177570093457945","36.822429906542055","62.37816764132553","63.91382405745063"
"558","260","0.3","20","0","pos","259","67.28971962616822","32.71028037383177","67.05653021442495","67.50448833034112"
"559","260","0.4","20","0","pos","166","65.23364485981308","34.76635514018692","63.1578947368421","67.14542190305207"
"561","260","0.1","30","0","pos","166","63.64485981308411","36.35514018691588","64.71734892787524","62.65709156193896"
"560","260","0.5","20","0","pos","166","66.07476635514018","33.925233644859816","65.69200779727096","66.42728904847397"
"557","260","0.2","20","0","pos","166","64.57943925233644","35.42056074766355","62.57309941520468","66.42728904847397"
"563","260","0.3","30","0","pos","166","68.22429906542055","31.775700934579437","66.27680311890838","70.01795332136446"
"562","260","0.2","30","0","pos","69","62.71028037383177","37.28971962616822","62.768031189083814","62.65709156193896"
"559","260","0.4","20","0","pos","259","67.94392523364486","32.05607476635514","66.66666666666666","69.12028725314184"
"561","260","0.1","30","0","pos","259","65.7943925233645","34.205607476635514","66.8615984405458","64.81149012567326"
"566","260","0.1","40","0","pos","0","60.5607476635514","39.4392523364486","59.06432748538012","61.93895870736086"
"563","260","0.3","30","0","pos","259","70.74766355140187","29.252336448598133","68.42105263157895","72.89048473967684"
"565","260","0.5","30","0","pos","0","60.5607476635514","39.4392523364486","59.06432748538012","61.93895870736086"
"564","260","0.4","30","0","pos","0","60.5607476635514","39.4392523364486","59.06432748538012","61.93895870736086"
"560","260","0.5","20","0","pos","259","68.13084112149532","31.86915887850467","67.2514619883041","68.9407540394973"
"557","260","0.2","20","0","pos","259","65.7943925233645","34.205607476635514","64.91228070175438","66.6068222621185"
"562","260","0.2","30","0","pos","166","66.26168224299064","33.73831775700935","64.13255360623782","68.2226211849192"
"566","260","0.1","40","0","pos","69","62.523364485981304","37.47663551401869","62.1832358674464","62.83662477558348"
"569","260","0.4","40","0","pos","0","60.5607476635514","39.4392523364486","59.06432748538012","61.93895870736086"
"568","260","0.3","40","0","pos","0","60.5607476635514","39.4392523364486","59.06432748538012","61.93895870736086"
"567","260","0.2","40","0","pos","0","60.5607476635514","39.4392523364486","59.06432748538012","61.93895870736086"
"565","260","0.5","30","0","pos","69","64.85981308411215","35.14018691588785","64.71734892787524","64.99102333931778"
"564","260","0.4","30","0","pos","69","63.084112149532714","36.915887850467286","61.59844054580896","64.4524236983842"
"568","260","0.3","40","0","pos","69","63.177570093457945","36.822429906542055","63.1578947368421","63.19569120287253"
"562","260","0.2","30","0","pos","259","67.85046728971963","32.149532710280376","64.91228070175438","70.55655296229803"
"569","260","0.4","40","0","pos","69","62.33644859813084","37.663551401869164","64.5224171539961","60.32315978456014"
"566","260","0.1","40","0","pos","166","63.45794392523364","36.54205607476636","62.768031189083814","64.09335727109516"
"567","260","0.2","40","0","pos","69","65.7943925233645","34.205607476635514","63.1578947368421","68.2226211849192"
"565","260","0.5","30","0","pos","166","68.22429906542055","31.775700934579437","67.2514619883041","69.12028725314184"
"564","260","0.4","30","0","pos","166","69.25233644859813","30.74766355140187","69.78557504873294","68.76122082585279"
"568","260","0.3","40","0","pos","166","66.44859813084112","33.55140186915888","66.8615984405458","66.06822262118493"
"570","260","0.5","40","0","pos","0","60.5607476635514","39.4392523364486","59.06432748538012","61.93895870736086"
"569","260","0.4","40","0","pos","166","67.85046728971963","32.149532710280376","67.64132553606238","68.04308797127469"
"566","260","0.1","40","0","pos","259","64.76635514018692","35.23364485981308","64.5224171539961","64.99102333931778"
"571","260","0.1","50","0","pos","0","60.5607476635514","39.4392523364486","59.06432748538012","61.93895870736086"
"573","260","0.3","50","0","pos","0","60.5607476635514","39.4392523364486","59.06432748538012","61.93895870736086"
"565","260","0.5","30","0","pos","259","74.29906542056075","25.70093457943925","74.85380116959064","73.78815080789947"
"564","260","0.4","30","0","pos","259","71.68224299065422","28.317757009345794","72.12475633528264","71.27468581687613"
"567","260","0.2","40","0","pos","166","69.25233644859813","30.74766355140187","68.2261208576998","70.19748653500898"
"570","260","0.5","40","0","pos","69","67.57009345794393","32.429906542056074","68.03118908382066","67.14542190305207"
"571","260","0.1","50","0","pos","69","61.86915887850467","38.13084112149533","59.06432748538012","64.4524236983842"
"573","260","0.3","50","0","pos","69","64.11214953271028","35.88785046728972","61.98830409356725","66.06822262118493"
"569","260","0.4","40","0","pos","259","70","30","70.76023391812866","69.29982046678636"
"575","260","0.5","50","0","pos","0","60.5607476635514","39.4392523364486","59.06432748538012","61.93895870736086"
"567","260","0.2","40","0","pos","259","71.77570093457943","28.22429906542056","70.56530214424951","72.89048473967684"
"572","260","0.2","50","0","pos","0","60.5607476635514","39.4392523364486","59.06432748538012","61.93895870736086"
"571","260","0.1","50","0","pos","166","63.27102803738318","36.728971962616825","63.547758284600384","63.016157989228006"
"568","260","0.3","40","0","pos","259","69.25233644859813","30.74766355140187","70.17543859649122","68.40215439856372"
"575","260","0.5","50","0","pos","69","68.69158878504673","31.308411214953267","66.47173489278752","70.73608617594255"
"573","260","0.3","50","0","pos","166","70.56074766355141","29.439252336448597","68.42105263157895","72.5314183123878"
"570","260","0.5","40","0","pos","166","72.61682242990655","27.38317757009346","72.12475633528264","73.07001795332137"
"572","260","0.2","50","0","pos","69","63.27102803738318","36.728971962616825","63.93762183235867","62.65709156193896"
"574","260","0.4","50","0","pos","0","60.5607476635514","39.4392523364486","59.06432748538012","61.93895870736086"
"575","260","0.5","50","0","pos","166","73.27102803738318","26.72897196261682","71.34502923976608","75.04488330341114"
"577","260","0.2","10","0","pos","0","60.5607476635514","39.4392523364486","59.06432748538012","61.93895870736086"
"571","260","0.1","50","0","pos","259","65.14018691588785","34.859813084112155","64.32748538011695","65.8886894075404"
"578","260","0.3","10","0","pos","0","60.5607476635514","39.4392523364486","59.06432748538012","61.93895870736086"
"576","260","0.1","10","0","pos","0","60.5607476635514","39.4392523364486","59.06432748538012","61.93895870736086"
"570","260","0.5","40","0","pos","259","75.51401869158877","24.485981308411215","75.43859649122807","75.58348294434471"
"577","260","0.2","10","0","pos","69","60.93457943925233","39.06542056074767","60.23391812865497","61.57989228007181"
"578","260","0.3","10","0","pos","69","61.6822429906542","38.31775700934579","61.01364522417154","62.29802513464991"
"573","260","0.3","50","0","pos","259","73.73831775700934","26.261682242990652","73.48927875243665","73.96768402154399"
"575","260","0.5","50","0","pos","259","76.72897196261682","23.271028037383175","74.85380116959064","78.45601436265709"
"579","260","0.4","10","0","pos","0","60.5607476635514","39.4392523364486","59.06432748538012","61.93895870736086"
"576","260","0.1","10","0","pos","69","60.93457943925233","39.06542056074767","60.23391812865497","61.57989228007181"
"574","260","0.4","50","0","pos","69","66.6355140186916","33.36448598130841","64.32748538011695","68.76122082585279"
"572","260","0.2","50","0","pos","166","66.6355140186916","33.36448598130841","67.05653021442495","66.24775583482945"
"581","260","0.1","20","0","pos","0","60.5607476635514","39.4392523364486","59.06432748538012","61.93895870736086"
"580","260","0.5","10","0","pos","0","60.5607476635514","39.4392523364486","59.06432748538012","61.93895870736086"
"578","260","0.3","10","0","pos","166","62.42990654205608","37.570093457943926","61.79337231968811","63.016157989228006"
"579","260","0.4","10","0","pos","69","59.90654205607476","40.09345794392523","58.67446393762184","61.04129263913825"
"577","260","0.2","10","0","pos","166","63.177570093457945","36.822429906542055","63.1578947368421","63.19569120287253"
"580","260","0.5","10","0","pos","69","61.77570093457943","38.22429906542056","59.64912280701754","63.73429084380611"
"574","260","0.4","50","0","pos","166","72.05607476635514","27.943925233644862","69.98050682261209","73.96768402154399"
"582","260","0.2","20","0","pos","0","60.5607476635514","39.4392523364486","59.06432748538012","61.93895870736086"
"579","260","0.4","10","0","pos","166","63.084112149532714","36.915887850467286","60.62378167641326","65.35008976660683"
"576","260","0.1","10","0","pos","166","61.588785046728965","38.41121495327103","61.59844054580896","61.57989228007181"
"581","260","0.1","20","0","pos","69","60.93457943925233","39.06542056074767","58.67446393762184","63.016157989228006"
"572","260","0.2","50","0","pos","259","69.81308411214954","30.186915887850468","67.83625730994152","71.63375224416517"
"583","260","0.3","20","0","pos","0","60.5607476635514","39.4392523364486","59.06432748538012","61.93895870736086"
"584","260","0.4","20","0","pos","0","60.5607476635514","39.4392523364486","59.06432748538012","61.93895870736086"
"574","260","0.4","50","0","pos","259","74.95327102803738","25.04672897196262","74.46393762183236","75.40394973070018"
"585","260","0.5","20","0","pos","0","60.5607476635514","39.4392523364486","59.06432748538012","61.93895870736086"
"580","260","0.5","10","0","pos","166","64.85981308411215","35.14018691588785","63.93762183235867","65.70915619389586"
"582","260","0.2","20","0","pos","69","60.5607476635514","39.4392523364486","59.25925925925925","61.759425493716336"
"578","260","0.3","10","0","pos","259","63.36448598130842","36.63551401869159","64.5224171539961","62.29802513464991"
"577","260","0.2","10","0","pos","259","63.45794392523364","36.54205607476636","62.768031189083814","64.09335727109516"
"579","260","0.4","10","0","pos","259","67.10280373831776","32.89719626168225","64.91228070175438","69.12028725314184"
"583","260","0.3","20","0","pos","69","61.588785046728965","38.41121495327103","60.42884990253411","62.65709156193896"
"584","260","0.4","20","0","pos","69","62.05607476635514","37.94392523364486","59.4541910331384","64.4524236983842"
"576","260","0.1","10","0","pos","259","61.49532710280374","38.504672897196265","60.81871345029239","62.11849192100538"
"581","260","0.1","20","0","pos","166","62.33644859813084","37.663551401869164","59.64912280701754","64.81149012567326"
"580","260","0.5","10","0","pos","259","67.10280373831776","32.89719626168225","66.08187134502924","68.04308797127469"
"585","260","0.5","20","0","pos","69","60.93457943925233","39.06542056074767","59.84405458089669","61.93895870736086"
"583","260","0.3","20","0","pos","166","65.51401869158879","34.48598130841122","62.37816764132553","68.40215439856372"
"582","260","0.2","20","0","pos","166","62.42990654205608","37.570093457943926","61.98830409356725","62.83662477558348"
"584","260","0.4","20","0","pos","166","65.98130841121495","34.018691588785046","62.57309941520468","69.12028725314184"
"586","260","0.1","30","0","pos","0","60.5607476635514","39.4392523364486","59.06432748538012","61.93895870736086"
"581","260","0.1","20","0","pos","259","62.42990654205608","37.570093457943926","59.64912280701754","64.99102333931778"
"585","260","0.5","20","0","pos","166","67.19626168224299","32.80373831775701","67.44639376218323","66.96588868940754"
"583","260","0.3","20","0","pos","259","68.03738317757009","31.962616822429908","65.69200779727096","70.19748653500898"
"586","260","0.1","30","0","pos","69","62.523364485981304","37.47663551401869","60.42884990253411","64.4524236983842"
"584","260","0.4","20","0","pos","259","67.57009345794393","32.429906542056074","63.93762183235867","70.91561938958706"
"582","260","0.2","20","0","pos","259","63.55140186915887","36.44859813084112","62.57309941520468","64.4524236983842"
"590","260","0.5","30","0","pos","0","60.5607476635514","39.4392523364486","59.06432748538012","61.93895870736086"
"589","260","0.4","30","0","pos","0","60.5607476635514","39.4392523364486","59.06432748538012","61.93895870736086"
"588","260","0.3","30","0","pos","0","60.5607476635514","39.4392523364486","59.06432748538012","61.93895870736086"
"585","260","0.5","20","0","pos","259","70.56074766355141","29.439252336448597","72.12475633528264","69.12028725314184"
"587","260","0.2","30","0","pos","0","60.5607476635514","39.4392523364486","59.06432748538012","61.93895870736086"
"590","260","0.5","30","0","pos","69","65.14018691588785","34.859813084112155","64.5224171539961","65.70915619389586"
"591","260","0.1","40","0","pos","0","60.5607476635514","39.4392523364486","59.06432748538012","61.93895870736086"
"589","260","0.4","30","0","pos","69","63.177570093457945","36.822429906542055","61.98830409356725","64.27289048473968"
"586","260","0.1","30","0","pos","166","64.20560747663552","35.794392523364486","63.1578947368421","65.1705565529623"
"588","260","0.3","30","0","pos","69","63.36448598130842","36.63551401869159","60.03898635477582","66.42728904847397"
"591","260","0.1","40","0","pos","69","62.05607476635514","37.94392523364486","61.98830409356725","62.11849192100538"
"586","260","0.1","30","0","pos","259","66.72897196261682","33.271028037383175","66.27680311890838","67.14542190305207"
"587","260","0.2","30","0","pos","69","63.084112149532714","36.915887850467286","61.59844054580896","64.4524236983842"
"592","260","0.2","40","0","pos","0","60.5607476635514","39.4392523364486","59.06432748538012","61.93895870736086"
"590","260","0.5","30","0","pos","166","73.17757009345794","26.822429906542055","72.70955165692008","73.60861759425494"
"589","260","0.4","30","0","pos","166","66.16822429906543","33.83177570093458","64.32748538011695","67.86355475763017"
"593","260","0.3","40","0","pos","0","60.5607476635514","39.4392523364486","59.06432748538012","61.93895870736086"
"596","260","0.1","50","0","pos","0","60.5607476635514","39.4392523364486","59.06432748538012","61.93895870736086"
"595","260","0.5","40","0","pos","0","60.5607476635514","39.4392523364486","59.06432748538012","61.93895870736086"
"588","260","0.3","30","0","pos","166","65.60747663551402","34.39252336448598","61.98830409356725","68.9407540394973"
"590","260","0.5","30","0","pos","259","75.79439252336448","24.205607476635514","76.21832358674465","75.40394973070018"
"593","260","0.3","40","0","pos","69","64.57943925233644","35.42056074766355","63.35282651072125","65.70915619389586"
"596","260","0.1","50","0","pos","69","62.523364485981304","37.47663551401869","61.98830409356725","63.016157989228006"
"595","260","0.5","40","0","pos","69","67.66355140186916","32.33644859813084","65.8869395711501","69.29982046678636"
"594","260","0.4","40","0","pos","0","60.5607476635514","39.4392523364486","59.06432748538012","61.93895870736086"
"591","260","0.1","40","0","pos","166","62.89719626168224","37.10280373831776","61.79337231968811","63.91382405745063"
"592","260","0.2","40","0","pos","69","63.177570093457945","36.822429906542055","59.4541910331384","66.6068222621185"
"587","260","0.2","30","0","pos","166","68.3177570093458","31.68224299065421","67.83625730994152","68.76122082585279"
"597","260","0.2","50","0","pos","0","60.5607476635514","39.4392523364486","59.06432748538012","61.93895870736086"
"588","260","0.3","30","0","pos","259","68.3177570093458","31.68224299065421","65.10721247563353","71.27468581687613"
"593","260","0.3","40","0","pos","166","68.69158878504673","31.308411214953267","67.64132553606238","69.6588868940754"
"598","260","0.3","50","0","pos","0","60.5607476635514","39.4392523364486","59.06432748538012","61.93895870736086"
"589","260","0.4","30","0","pos","259","69.81308411214954","30.186915887850468","69.00584795321637","70.55655296229803"
"595","260","0.5","40","0","pos","166","71.49532710280374","28.504672897196258","70.9551656920078","71.99281867145422"
"591","260","0.1","40","0","pos","259","63.64485981308411","36.35514018691588","62.37816764132553","64.81149012567326"
"594","260","0.4","40","0","pos","69","65.32710280373831","34.67289719626168","67.05653021442495","63.73429084380611"
"597","260","0.2","50","0","pos","69","62.89719626168224","37.10280373831776","61.59844054580896","64.09335727109516"
"596","260","0.1","50","0","pos","166","63.73831775700934","36.26168224299066","63.1578947368421","64.27289048473968"
"587","260","0.2","30","0","pos","259","70.46728971962617","29.53271028037383","69.39571150097466","71.45421903052065"
"598","260","0.3","50","0","pos","69","68.97196261682244","31.02803738317757","69.78557504873294","68.2226211849192"
"595","260","0.5","40","0","pos","259","71.1214953271028","28.878504672897197","70.56530214424951","71.63375224416517"
"597","260","0.2","50","0","pos","166","70","30","68.03118908382066","71.8132854578097"
"599","260","0.4","50","0","pos","0","60.5607476635514","39.4392523364486","59.06432748538012","61.93895870736086"
"596","260","0.1","50","0","pos","259","65.88785046728972","34.112149532710276","64.91228070175438","66.78635547576302"
"594","260","0.4","40","0","pos","166","72.24299065420561","27.757009345794394","74.26900584795322","70.3770197486535"
"592","260","0.2","40","0","pos","166","66.35514018691589","33.64485981308411","63.35282651072125","69.12028725314184"
"593","260","0.3","40","0","pos","259","71.86915887850466","28.130841121495326","69.78557504873294","73.78815080789947"
"597","260","0.2","50","0","pos","259","71.58878504672897","28.41121495327103","70.56530214424951","72.5314183123878"
"594","260","0.4","40","0","pos","259","75.23364485981308","24.766355140186917","76.60818713450293","73.96768402154399"
"598","260","0.3","50","0","pos","166","73.45794392523365","26.542056074766357","73.68421052631578","73.24955116696589"
"602","260","0.2","10","0","pos","0","60.5607476635514","39.4392523364486","59.06432748538012","61.93895870736086"
"601","260","0.1","10","0","pos","0","60.5607476635514","39.4392523364486","59.06432748538012","61.93895870736086"
"600","260","0.5","50","0","pos","0","60.5607476635514","39.4392523364486","59.06432748538012","61.93895870736086"
"599","260","0.4","50","0","pos","69","66.82242990654206","33.177570093457945","63.35282651072125","70.01795332136446"
"603","260","0.3","10","0","pos","0","60.5607476635514","39.4392523364486","59.06432748538012","61.93895870736086"
"592","260","0.2","40","0","pos","259","69.06542056074765","30.934579439252335","67.2514619883041","70.73608617594255"
"601","260","0.1","10","0","pos","69","61.21495327102804","38.78504672897196","59.64912280701754","62.65709156193896"
"598","260","0.3","50","0","pos","259","77.00934579439253","22.990654205607477","77.38791423001949","76.66068222621185"
"602","260","0.2","10","0","pos","69","59.813084112149525","40.18691588785047","58.28460038986355","61.22082585278277"
"600","260","0.5","50","0","pos","69","69.81308411214954","30.186915887850468","67.64132553606238","71.8132854578097"
"604","260","0.4","10","0","pos","0","60.5607476635514","39.4392523364486","59.06432748538012","61.93895870736086"
"603","260","0.3","10","0","pos","69","63.36448598130842","36.63551401869159","61.40350877192983","65.1705565529623"
"605","260","0.5","10","0","pos","0","60.5607476635514","39.4392523364486","59.06432748538012","61.93895870736086"
"599","260","0.4","50","0","pos","166","72.52336448598132","27.476635514018692","70.37037037037037","74.50628366247756"
"607","260","0.2","20","0","pos","0","60.5607476635514","39.4392523364486","59.06432748538012","61.93895870736086"
"604","260","0.4","10","0","pos","69","62.05607476635514","37.94392523364486","61.59844054580896","62.47755834829444"
"606","260","0.1","20","0","pos","0","60.5607476635514","39.4392523364486","59.06432748538012","61.93895870736086"
"600","260","0.5","50","0","pos","166","74.67289719626167","25.327102803738317","73.09941520467837","76.12208258527828"
"608","260","0.3","20","0","pos","0","60.5607476635514","39.4392523364486","59.06432748538012","61.93895870736086"
"602","260","0.2","10","0","pos","166","60.373831775700936","39.626168224299064","59.25925925925925","61.40035906642729"
"607","260","0.2","20","0","pos","69","62.149532710280376","37.850467289719624","61.79337231968811","62.47755834829444"
"609","260","0.4","20","0","pos","0","60.5607476635514","39.4392523364486","59.06432748538012","61.93895870736086"
"605","260","0.5","10","0","pos","69","62.42990654205608","37.570093457943926","62.96296296296296","61.93895870736086"
"606","260","0.1","20","0","pos","69","61.588785046728965","38.41121495327103","59.4541910331384","63.55475763016158"
"601","260","0.1","10","0","pos","166","62.24299065420561","37.75700934579439","61.59844054580896","62.83662477558348"
"608","260","0.3","20","0","pos","69","60.09345794392523","39.90654205607477","59.06432748538012","61.04129263913825"
"600","260","0.5","50","0","pos","259","78.59813084112149","21.401869158878505","76.99805068226121","80.07181328545781"
"603","260","0.3","10","0","pos","166","63.27102803738318","36.728971962616825","61.59844054580896","64.81149012567326"
"609","260","0.4","20","0","pos","69","62.616822429906534","37.38317757009346","62.768031189083814","62.47755834829444"
"599","260","0.4","50","0","pos","259","74.67289719626167","25.327102803738317","73.68421052631578","75.58348294434471"
"605","260","0.5","10","0","pos","166","66.26168224299064","33.73831775700935","67.64132553606238","64.99102333931778"
"607","260","0.2","20","0","pos","166","64.01869158878505","35.981308411214954","62.768031189083814","65.1705565529623"
"601","260","0.1","10","0","pos","259","62.616822429906534","37.38317757009346","62.1832358674464","63.016157989228006"
"606","260","0.1","20","0","pos","166","61.49532710280374","38.504672897196265","59.06432748538012","63.73429084380611"
"608","260","0.3","20","0","pos","166","65.60747663551402","34.39252336448598","65.49707602339181","65.70915619389586"
"602","260","0.2","10","0","pos","259","60","40","57.89473684210527","61.93895870736086"
"610","260","0.5","20","0","pos","0","60.5607476635514","39.4392523364486","59.06432748538012","61.93895870736086"
"604","260","0.4","10","0","pos","166","62.149532710280376","37.850467289719624","60.23391812865497","63.91382405745063"
"609","260","0.4","20","0","pos","166","64.11214953271028","35.88785046728972","63.1578947368421","64.99102333931778"
"605","260","0.5","10","0","pos","259","67.94392523364486","32.05607476635514","69.98050682261209","66.06822262118493"
"608","260","0.3","20","0","pos","259","68.78504672897196","31.21495327102804","68.81091617933723","68.76122082585279"
"610","260","0.5","20","0","pos","69","63.925233644859816","36.074766355140184","62.57309941520468","65.1705565529623"
"604","260","0.4","10","0","pos","259","64.48598130841121","35.51401869158878","62.96296296296296","65.8886894075404"
"606","260","0.1","20","0","pos","259","62.24299065420561","37.75700934579439","60.42884990253411","63.91382405745063"
"603","260","0.3","10","0","pos","259","63.45794392523364","36.54205607476636","61.40350877192983","65.35008976660683"
"607","260","0.2","20","0","pos","259","65.14018691588785","34.859813084112155","64.32748538011695","65.8886894075404"
"609","260","0.4","20","0","pos","259","66.35514018691589","33.64485981308411","66.66666666666666","66.06822262118493"
"611","260","0.1","30","0","pos","0","60.5607476635514","39.4392523364486","59.06432748538012","61.93895870736086"
"610","260","0.5","20","0","pos","166","67.66355140186916","32.33644859813084","66.66666666666666","68.58168761220826"
"612","260","0.2","30","0","pos","0","60.5607476635514","39.4392523364486","59.06432748538012","61.93895870736086"
"614","260","0.4","30","0","pos","0","60.5607476635514","39.4392523364486","59.06432748538012","61.93895870736086"
"613","260","0.3","30","0","pos","0","60.5607476635514","39.4392523364486","59.06432748538012","61.93895870736086"
"610","260","0.5","20","0","pos","259","71.77570093457943","28.22429906542056","69.98050682261209","73.4290843806104"
"612","260","0.2","30","0","pos","69","62.523364485981304","37.47663551401869","63.1578947368421","61.93895870736086"
"613","260","0.3","30","0","pos","69","61.49532710280374","38.504672897196265","61.59844054580896","61.40035906642729"
"611","260","0.1","30","0","pos","69","62.24299065420561","37.75700934579439","61.40350877192983","63.016157989228006"
"615","260","0.5","30","0","pos","0","60.5607476635514","39.4392523364486","59.06432748538012","61.93895870736086"
"614","260","0.4","30","0","pos","69","62.42990654205608","37.570093457943926","62.96296296296296","61.93895870736086"
"616","260","0.1","40","0","pos","0","60.5607476635514","39.4392523364486","59.06432748538012","61.93895870736086"
"617","260","0.2","40","0","pos","0","60.5607476635514","39.4392523364486","59.06432748538012","61.93895870736086"
"619","260","0.4","40","0","pos","0","60.5607476635514","39.4392523364486","59.06432748538012","61.93895870736086"
"616","260","0.1","40","0","pos","69","63.73831775700934","36.26168224299066","62.37816764132553","64.99102333931778"
"613","260","0.3","30","0","pos","166","62.71028037383177","37.28971962616822","62.1832358674464","63.19569120287253"
"612","260","0.2","30","0","pos","166","64.95327102803739","35.046728971962615","64.5224171539961","65.35008976660683"
"614","260","0.4","30","0","pos","166","69.90654205607477","30.093457943925234","70.56530214424951","69.29982046678636"
"611","260","0.1","30","0","pos","166","63.36448598130842","36.63551401869159","61.98830409356725","64.63195691202873"
"619","260","0.4","40","0","pos","69","66.35514018691589","33.64485981308411","65.8869395711501","66.78635547576302"
"620","260","0.5","40","0","pos","0","60.5607476635514","39.4392523364486","59.06432748538012","61.93895870736086"
"615","260","0.5","30","0","pos","69","64.29906542056075","35.700934579439256","64.32748538011695","64.27289048473968"
"617","260","0.2","40","0","pos","69","60.46728971962617","39.532710280373834","59.64912280701754","61.22082585278277"
"618","260","0.3","40","0","pos","0","60.5607476635514","39.4392523364486","59.06432748538012","61.93895870736086"
"616","260","0.1","40","0","pos","166","67.7570093457944","32.242990654205606","65.8869395711501","69.47935368043088"
"612","260","0.2","30","0","pos","259","66.82242990654206","33.177570093457945","65.69200779727096","67.86355475763017"
"611","260","0.1","30","0","pos","259","63.83177570093458","36.16822429906542","61.98830409356725","65.52962298025135"
"620","260","0.5","40","0","pos","69","66.44859813084112","33.55140186915888","65.49707602339181","67.3249551166966"
"614","260","0.4","30","0","pos","259","73.73831775700934","26.261682242990652","74.85380116959064","72.71095152603232"
"622","260","0.2","50","0","pos","0","60.5607476635514","39.4392523364486","59.06432748538012","61.93895870736086"
"613","260","0.3","30","0","pos","259","63.45794392523364","36.54205607476636","62.96296296296296","63.91382405745063"
"619","260","0.4","40","0","pos","166","72.24299065420561","27.757009345794394","72.12475633528264","72.35188509874327"
"621","260","0.1","50","0","pos","0","60.5607476635514","39.4392523364486","59.06432748538012","61.93895870736086"
"618","260","0.3","40","0","pos","69","62.89719626168224","37.10280373831776","62.768031189083814","63.016157989228006"
"616","260","0.1","40","0","pos","259","69.4392523364486","30.560747663551403","65.49707602339181","73.07001795332137"
"615","260","0.5","30","0","pos","166","68.87850467289721","31.121495327102807","68.03118908382066","69.6588868940754"
"622","260","0.2","50","0","pos","69","63.64485981308411","36.35514018691588","60.42884990253411","66.6068222621185"
"621","260","0.1","50","0","pos","69","62.99065420560748","37.00934579439252","62.57309941520468","63.37522441651705"
"617","260","0.2","40","0","pos","166","65.04672897196262","34.953271028037385","62.96296296296296","66.96588868940754"
"618","260","0.3","40","0","pos","166","65.32710280373831","34.67289719626168","65.69200779727096","64.99102333931778"
"619","260","0.4","40","0","pos","259","74.29906542056075","25.70093457943925","74.6588693957115","73.96768402154399"
"622","260","0.2","50","0","pos","166","66.9158878504673","33.084112149532714","64.5224171539961","69.12028725314184"
"615","260","0.5","30","0","pos","259","72.80373831775701","27.19626168224299","72.90448343079922","72.71095152603232"
"617","260","0.2","40","0","pos","259","68.03738317757009","31.962616822429908","67.44639376218323","68.58168761220826"
"623","260","0.3","50","0","pos","0","60.5607476635514","39.4392523364486","59.06432748538012","61.93895870736086"
"620","260","0.5","40","0","pos","166","71.77570093457943","28.22429906542056","70.17543859649122","73.24955116696589"
"622","260","0.2","50","0","pos","259","70.46728971962617","29.53271028037383","68.42105263157895","72.35188509874327"
"624","260","0.4","50","0","pos","0","60.5607476635514","39.4392523364486","59.06432748538012","61.93895870736086"
"618","260","0.3","40","0","pos","259","67.38317757009345","32.61682242990654","68.03118908382066","66.78635547576302"
"621","260","0.1","50","0","pos","166","65.32710280373831","34.67289719626168","66.27680311890838","64.4524236983842"
"626","260","0.1","10","0","pos","0","60.5607476635514","39.4392523364486","59.06432748538012","61.93895870736086"
"623","260","0.3","50","0","pos","69","65.42056074766354","34.57943925233645","63.35282651072125","67.3249551166966"
"620","260","0.5","40","0","pos","259","76.54205607476635","23.457943925233646","75.6335282651072","77.37881508078995"
"625","260","0.5","50","0","pos","0","60.5607476635514","39.4392523364486","59.06432748538012","61.93895870736086"
"627","260","0.2","10","0","pos","0","60.5607476635514","39.4392523364486","59.06432748538012","61.93895870736086"
"625","260","0.5","50","0","pos","69","66.6355140186916","33.36448598130841","64.32748538011695","68.76122082585279"
"627","260","0.2","10","0","pos","69","61.02803738317757","38.97196261682243","58.28460038986355","63.55475763016158"
"628","260","0.3","10","0","pos","0","60.5607476635514","39.4392523364486","59.06432748538012","61.93895870736086"
"626","260","0.1","10","0","pos","69","59.90654205607476","40.09345794392523","57.69980506822612","61.93895870736086"
"624","260","0.4","50","0","pos","69","65.04672897196262","34.953271028037385","64.32748538011695","65.70915619389586"
"621","260","0.1","50","0","pos","259","67.10280373831776","32.89719626168225","68.03118908382066","66.24775583482945"
"631","260","0.1","20","0","pos","0","60.5607476635514","39.4392523364486","59.06432748538012","61.93895870736086"
"632","260","0.2","20","0","pos","0","60.5607476635514","39.4392523364486","59.06432748538012","61.93895870736086"
"627","260","0.2","10","0","pos","166","62.80373831775701","37.19626168224299","58.86939571150097","66.42728904847397"
"623","260","0.3","50","0","pos","166","70.37383177570094","29.626168224299064","68.2261208576998","72.35188509874327"
"625","260","0.5","50","0","pos","166","70.46728971962617","29.53271028037383","68.2261208576998","72.5314183123878"
"626","260","0.1","10","0","pos","166","61.02803738317757","38.97196261682243","58.47953216374269","63.37522441651705"
"632","260","0.2","20","0","pos","69","62.05607476635514","37.94392523364486","58.47953216374269","65.35008976660683"
"628","260","0.3","10","0","pos","69","61.77570093457943","38.22429906542056","60.03898635477582","63.37522441651705"
"631","260","0.1","20","0","pos","69","61.588785046728965","38.41121495327103","59.64912280701754","63.37522441651705"
"627","260","0.2","10","0","pos","259","64.39252336448598","35.60747663551402","61.01364522417154","67.50448833034112"
"630","260","0.5","10","0","pos","0","60.5607476635514","39.4392523364486","59.06432748538012","61.93895870736086"
"625","260","0.5","50","0","pos","259","72.33644859813084","27.663551401869157","69.78557504873294","74.68581687612208"
"626","260","0.1","10","0","pos","259","61.308411214953274","38.691588785046726","59.64912280701754","62.83662477558348"
"629","260","0.4","10","0","pos","0","60.5607476635514","39.4392523364486","59.06432748538012","61.93895870736086"
"624","260","0.4","50","0","pos","166","70.46728971962617","29.53271028037383","68.81091617933723","71.99281867145422"
"630","260","0.5","10","0","pos","69","62.42990654205608","37.570093457943926","62.1832358674464","62.65709156193896"
"632","260","0.2","20","0","pos","166","63.177570093457945","36.822429906542055","60.62378167641326","65.52962298025135"
"631","260","0.1","20","0","pos","166","63.084112149532714","36.915887850467286","60.23391812865497","65.70915619389586"
"623","260","0.3","50","0","pos","259","73.17757009345794","26.822429906542055","72.12475633528264","74.1472172351885"
"628","260","0.3","10","0","pos","166","62.89719626168224","37.10280373831776","60.62378167641326","64.99102333931778"
"629","260","0.4","10","0","pos","69","60.93457943925233","39.06542056074767","60.62378167641326","61.22082585278277"
"630","260","0.5","10","0","pos","166","65.60747663551402","34.39252336448598","65.10721247563353","66.06822262118493"
"632","260","0.2","20","0","pos","259","63.36448598130842","36.63551401869159","60.81871345029239","65.70915619389586"
"634","260","0.4","20","0","pos","0","60.5607476635514","39.4392523364486","59.06432748538012","61.93895870736086"
"624","260","0.4","50","0","pos","259","74.11214953271028","25.88785046728972","73.87914230019493","74.32675044883304"
"633","260","0.3","20","0","pos","0","60.5607476635514","39.4392523364486","59.06432748538012","61.93895870736086"
"634","260","0.4","20","0","pos","69","62.71028037383177","37.28971962616822","60.81871345029239","64.4524236983842"
"628","260","0.3","10","0","pos","259","64.76635514018692","35.23364485981308","63.547758284600384","65.8886894075404"
"631","260","0.1","20","0","pos","259","64.76635514018692","35.23364485981308","62.1832358674464","67.14542190305207"
"635","260","0.5","20","0","pos","0","60.5607476635514","39.4392523364486","59.06432748538012","61.93895870736086"
"637","260","0.2","30","0","pos","0","60.5607476635514","39.4392523364486","59.06432748538012","61.93895870736086"
"633","260","0.3","20","0","pos","69","61.86915887850467","38.13084112149533","61.40350877192983","62.29802513464991"
"629","260","0.4","10","0","pos","166","62.89719626168224","37.10280373831776","63.1578947368421","62.65709156193896"
"636","260","0.1","30","0","pos","0","60.5607476635514","39.4392523364486","59.06432748538012","61.93895870736086"
"634","260","0.4","20","0","pos","166","68.13084112149532","31.86915887850467","66.47173489278752","69.6588868940754"
"635","260","0.5","20","0","pos","69","63.64485981308411","36.35514018691588","61.98830409356725","65.1705565529623"
"637","260","0.2","30","0","pos","69","62.05607476635514","37.94392523364486","61.98830409356725","62.11849192100538"
"630","260","0.5","10","0","pos","259","68.13084112149532","31.86915887850467","66.27680311890838","69.83842010771993"
"638","260","0.3","30","0","pos","0","60.5607476635514","39.4392523364486","59.06432748538012","61.93895870736086"
"636","260","0.1","30","0","pos","69","61.96261682242991","38.03738317757009","61.01364522417154","62.83662477558348"
"639","260","0.4","30","0","pos","0","60.5607476635514","39.4392523364486","59.06432748538012","61.93895870736086"
"638","260","0.3","30","0","pos","69","61.40186915887851","38.598130841121495","61.40350877192983","61.40035906642729"
"634","260","0.4","20","0","pos","259","71.30841121495327","28.69158878504673","69.98050682261209","72.5314183123878"
"633","260","0.3","20","0","pos","166","65.23364485981308","34.76635514018692","64.91228070175438","65.52962298025135"
"629","260","0.4","10","0","pos","259","65.14018691588785","34.859813084112155","66.08187134502924","64.27289048473968"
"637","260","0.2","30","0","pos","166","64.48598130841121","35.51401869158878","64.5224171539961","64.4524236983842"
"640","260","0.5","30","0","pos","0","60.5607476635514","39.4392523364486","59.06432748538012","61.93895870736086"
"635","260","0.5","20","0","pos","166","65.32710280373831","34.67289719626168","61.98830409356725","68.40215439856372"
"639","260","0.4","30","0","pos","69","64.29906542056075","35.700934579439256","63.74269005847953","64.81149012567326"
"642","260","0.2","40","0","pos","0","60.5607476635514","39.4392523364486","59.06432748538012","61.93895870736086"
"640","260","0.5","30","0","pos","69","64.11214953271028","35.88785046728972","62.768031189083814","65.35008976660683"
"636","260","0.1","30","0","pos","166","61.21495327102804","38.78504672897196","61.59844054580896","60.86175942549371"
"641","260","0.1","40","0","pos","0","60.5607476635514","39.4392523364486","59.06432748538012","61.93895870736086"
"633","260","0.3","20","0","pos","259","69.4392523364486","30.560747663551403","69.78557504873294","69.12028725314184"
"637","260","0.2","30","0","pos","259","67.10280373831776","32.89719626168225","65.49707602339181","68.58168761220826"
"635","260","0.5","20","0","pos","259","70.2803738317757","29.719626168224302","67.83625730994152","72.5314183123878"
"638","260","0.3","30","0","pos","166","64.20560747663552","35.794392523364486","64.5224171539961","63.91382405745063"
"643","260","0.3","40","0","pos","0","60.5607476635514","39.4392523364486","59.06432748538012","61.93895870736086"
"641","260","0.1","40","0","pos","69","62.149532710280376","37.850467289719624","60.62378167641326","63.55475763016158"
"639","260","0.4","30","0","pos","166","70.56074766355141","29.439252336448597","70.37037037037037","70.73608617594255"
"644","260","0.4","40","0","pos","0","60.5607476635514","39.4392523364486","59.06432748538012","61.93895870736086"
"643","260","0.3","40","0","pos","69","64.67289719626169","35.32710280373832","62.768031189083814","66.42728904847397"
"642","260","0.2","40","0","pos","69","62.89719626168224","37.10280373831776","62.96296296296296","62.83662477558348"
"641","260","0.1","40","0","pos","166","62.89719626168224","37.10280373831776","60.03898635477582","65.52962298025135"
"639","260","0.4","30","0","pos","259","75.14018691588785","24.85981308411215","76.60818713450293","73.78815080789947"
"640","260","0.5","30","0","pos","166","70.74766355140187","29.252336448598133","68.2261208576998","73.07001795332137"
"636","260","0.1","30","0","pos","259","64.29906542056075","35.700934579439256","63.93762183235867","64.63195691202873"
"644","260","0.4","40","0","pos","69","66.07476635514018","33.925233644859816","64.13255360623782","67.86355475763017"
"643","260","0.3","40","0","pos","166","68.78504672897196","31.21495327102804","66.66666666666666","70.73608617594255"
"642","260","0.2","40","0","pos","166","66.16822429906543","33.83177570093458","66.47173489278752","65.8886894075404"
"641","260","0.1","40","0","pos","259","64.76635514018692","35.23364485981308","62.37816764132553","66.96588868940754"
"645","260","0.5","40","0","pos","0","60.5607476635514","39.4392523364486","59.06432748538012","61.93895870736086"
"638","260","0.3","30","0","pos","259","66.54205607476635","33.45794392523365","65.10721247563353","67.86355475763017"
"647","260","0.2","50","0","pos","0","60.5607476635514","39.4392523364486","59.06432748538012","61.93895870736086"
"646","260","0.1","50","0","pos","0","60.5607476635514","39.4392523364486","59.06432748538012","61.93895870736086"
"648","260","0.3","50","0","pos","0","60.5607476635514","39.4392523364486","59.06432748538012","61.93895870736086"
"640","260","0.5","30","0","pos","259","74.01869158878505","25.981308411214954","73.48927875243665","74.50628366247756"
"643","260","0.3","40","0","pos","259","71.86915887850466","28.130841121495326","70.17543859649122","73.4290843806104"
"645","260","0.5","40","0","pos","69","65.04672897196262","34.953271028037385","64.32748538011695","65.70915619389586"
"644","260","0.4","40","0","pos","166","70.74766355140187","29.252336448598133","69.5906432748538","71.8132854578097"
"648","260","0.3","50","0","pos","69","65.42056074766354","34.57943925233645","63.547758284600384","67.14542190305207"
"642","260","0.2","40","0","pos","259","69.34579439252336","30.654205607476637","70.76023391812866","68.04308797127469"
"647","260","0.2","50","0","pos","69","64.29906542056075","35.700934579439256","64.32748538011695","64.27289048473968"
"646","260","0.1","50","0","pos","69","62.05607476635514","37.94392523364486","60.81871345029239","63.19569120287253"
"649","260","0.4","50","0","pos","0","60.5607476635514","39.4392523364486","59.06432748538012","61.93895870736086"
"645","260","0.5","40","0","pos","166","71.02803738317756","28.971962616822427","69.39571150097466","72.5314183123878"
"648","260","0.3","50","0","pos","166","70.18691588785046","29.813084112149536","69.20077972709552","71.0951526032316"
"651","260","0.1","10","0","pos","0","60.5607476635514","39.4392523364486","59.06432748538012","61.93895870736086"
"650","260","0.5","50","0","pos","0","60.5607476635514","39.4392523364486","59.06432748538012","61.93895870736086"
"652","260","0.2","10","0","pos","0","60.5607476635514","39.4392523364486","59.06432748538012","61.93895870736086"
"647","260","0.2","50","0","pos","166","68.03738317757009","31.962616822429908","67.05653021442495","68.9407540394973"
"644","260","0.4","40","0","pos","259","73.83177570093457","26.168224299065418","72.31968810916179","75.22441651705566"
"651","260","0.1","10","0","pos","69","60.747663551401864","39.25233644859813","59.4541910331384","61.93895870736086"
"650","260","0.5","50","0","pos","69","67.57009345794393","32.429906542056074","66.8615984405458","68.2226211849192"
"652","260","0.2","10","0","pos","69","60.280373831775705","39.719626168224295","58.86939571150097","61.57989228007181"
"646","260","0.1","50","0","pos","166","63.27102803738318","36.728971962616825","60.42884990253411","65.8886894075404"
"645","260","0.5","40","0","pos","259","76.26168224299066","23.738317757009344","75.04873294346979","77.37881508078995"
"655","260","0.5","10","0","pos","0","60.5607476635514","39.4392523364486","59.06432748538012","61.93895870736086"
"647","260","0.2","50","0","pos","259","71.30841121495327","28.69158878504673","71.15009746588694","71.45421903052065"
"649","260","0.4","50","0","pos","69","66.07476635514018","33.925233644859816","63.74269005847953","68.2226211849192"
"653","260","0.3","10","0","pos","0","60.5607476635514","39.4392523364486","59.06432748538012","61.93895870736086"
"654","260","0.4","10","0","pos","0","60.5607476635514","39.4392523364486","59.06432748538012","61.93895870736086"
"651","260","0.1","10","0","pos","166","61.12149532710281","38.87850467289719","59.4541910331384","62.65709156193896"
"648","260","0.3","50","0","pos","259","72.33644859813084","27.663551401869157","71.34502923976608","73.24955116696589"
"652","260","0.2","10","0","pos","166","61.02803738317757","38.97196261682243","60.23391812865497","61.759425493716336"
"655","260","0.5","10","0","pos","69","61.21495327102804","38.78504672897196","60.62378167641326","61.759425493716336"
"650","260","0.5","50","0","pos","166","70.2803738317757","29.719626168224302","70.17543859649122","70.3770197486535"
"646","260","0.1","50","0","pos","259","65.14018691588785","34.859813084112155","64.32748538011695","65.8886894075404"
"653","260","0.3","10","0","pos","69","60.373831775700936","39.626168224299064","60.23391812865497","60.502692998204665"
"654","260","0.4","10","0","pos","69","59.7196261682243","40.2803738317757","59.25925925925925","60.14362657091562"
"649","260","0.4","50","0","pos","166","73.64485981308411","26.355140186915886","72.31968810916179","74.86535008976661"
"652","260","0.2","10","0","pos","259","62.616822429906534","37.38317757009346","60.81871345029239","64.27289048473968"
"651","260","0.1","10","0","pos","259","61.96261682242991","38.03738317757009","61.20857699805068","62.65709156193896"
"650","260","0.5","50","0","pos","259","75.04672897196262","24.95327102803738","74.6588693957115","75.40394973070018"
"655","260","0.5","10","0","pos","166","65.14018691588785","34.859813084112155","65.30214424951268","64.99102333931778"
"649","260","0.4","50","0","pos","259","77.85046728971963","22.149532710280372","76.60818713450293","78.99461400359067"
"657","260","0.2","20","0","pos","0","60.5607476635514","39.4392523364486","59.06432748538012","61.93895870736086"
"658","260","0.3","20","0","pos","0","60.5607476635514","39.4392523364486","59.06432748538012","61.93895870736086"
"656","260","0.1","20","0","pos","0","60.5607476635514","39.4392523364486","59.06432748538012","61.93895870736086"
"654","260","0.4","10","0","pos","166","62.149532710280376","37.850467289719624","62.57309941520468","61.759425493716336"
"653","260","0.3","10","0","pos","166","60.65420560747663","39.345794392523366","61.20857699805068","60.14362657091562"
"659","260","0.4","20","0","pos","0","60.5607476635514","39.4392523364486","59.06432748538012","61.93895870736086"
"656","260","0.1","20","0","pos","69","62.523364485981304","37.47663551401869","61.01364522417154","63.91382405745063"
"653","260","0.3","10","0","pos","259","61.588785046728965","38.41121495327103","61.01364522417154","62.11849192100538"
"660","260","0.5","20","0","pos","0","60.5607476635514","39.4392523364486","59.06432748538012","61.93895870736086"
"658","260","0.3","20","0","pos","69","61.588785046728965","38.41121495327103","60.42884990253411","62.65709156193896"
"655","260","0.5","10","0","pos","259","68.78504672897196","31.21495327102804","68.03118908382066","69.47935368043088"
"657","260","0.2","20","0","pos","69","61.77570093457943","38.22429906542056","61.40350877192983","62.11849192100538"
"654","260","0.4","10","0","pos","259","63.73831775700934","36.26168224299066","62.768031189083814","64.63195691202873"
"661","260","0.1","30","0","pos","0","60.5607476635514","39.4392523364486","59.06432748538012","61.93895870736086"
"663","260","0.3","30","0","pos","0","60.5607476635514","39.4392523364486","59.06432748538012","61.93895870736086"
"662","260","0.2","30","0","pos","0","60.5607476635514","39.4392523364486","59.06432748538012","61.93895870736086"
"659","260","0.4","20","0","pos","69","62.42990654205608","37.570093457943926","61.59844054580896","63.19569120287253"
"661","260","0.1","30","0","pos","69","61.6822429906542","38.31775700934579","59.64912280701754","63.55475763016158"
"660","260","0.5","20","0","pos","69","62.616822429906534","37.38317757009346","62.57309941520468","62.65709156193896"
"656","260","0.1","20","0","pos","166","62.80373831775701","37.19626168224299","61.79337231968811","63.73429084380611"
"657","260","0.2","20","0","pos","166","61.49532710280374","38.504672897196265","61.20857699805068","61.759425493716336"
"663","260","0.3","30","0","pos","69","63.925233644859816","36.074766355140184","62.57309941520468","65.1705565529623"
"664","260","0.4","30","0","pos","0","60.5607476635514","39.4392523364486","59.06432748538012","61.93895870736086"
"658","260","0.3","20","0","pos","166","64.01869158878505","35.981308411214954","63.35282651072125","64.63195691202873"
"660","260","0.5","20","0","pos","166","66.54205607476635","33.45794392523365","66.08187134502924","66.96588868940754"
"662","260","0.2","30","0","pos","69","63.36448598130842","36.63551401869159","62.37816764132553","64.27289048473968"
"661","260","0.1","30","0","pos","166","64.39252336448598","35.60747663551402","62.96296296296296","65.70915619389586"
"659","260","0.4","20","0","pos","166","65.14018691588785","34.859813084112155","65.69200779727096","64.63195691202873"
"657","260","0.2","20","0","pos","259","62.42990654205608","37.570093457943926","62.768031189083814","62.11849192100538"
"664","260","0.4","30","0","pos","69","64.39252336448598","35.60747663551402","63.35282651072125","65.35008976660683"
"665","260","0.5","30","0","pos","0","60.5607476635514","39.4392523364486","59.06432748538012","61.93895870736086"
"656","260","0.1","20","0","pos","259","64.48598130841121","35.51401869158878","63.74269005847953","65.1705565529623"
"666","260","0.1","40","0","pos","0","60.5607476635514","39.4392523364486","59.06432748538012","61.93895870736086"
"659","260","0.4","20","0","pos","259","68.41121495327103","31.588785046728972","68.61598440545808","68.2226211849192"
"663","260","0.3","30","0","pos","166","67.19626168224299","32.80373831775701","65.8869395711501","68.40215439856372"
"661","260","0.1","30","0","pos","259","65.14018691588785","34.859813084112155","63.547758284600384","66.6068222621185"
"667","260","0.2","40","0","pos","0","60.5607476635514","39.4392523364486","59.06432748538012","61.93895870736086"
"660","260","0.5","20","0","pos","259","70.46728971962617","29.53271028037383","70.37037037037037","70.55655296229803"
"658","260","0.3","20","0","pos","259","66.54205607476635","33.45794392523365","66.47173489278752","66.6068222621185"
"664","260","0.4","30","0","pos","166","67.66355140186916","32.33644859813084","66.66666666666666","68.58168761220826"
"662","260","0.2","30","0","pos","166","66.26168224299064","33.73831775700935","64.5224171539961","67.86355475763017"
"665","260","0.5","30","0","pos","69","63.83177570093458","36.16822429906542","61.59844054580896","65.8886894075404"
"667","260","0.2","40","0","pos","69","62.80373831775701","37.19626168224299","59.06432748538012","66.24775583482945"
"663","260","0.3","30","0","pos","259","70.2803738317757","29.719626168224302","69.5906432748538","70.91561938958706"
"666","260","0.1","40","0","pos","69","62.05607476635514","37.94392523364486","61.40350877192983","62.65709156193896"
"664","260","0.4","30","0","pos","259","70.93457943925233","29.06542056074766","71.15009746588694","70.73608617594255"
"662","260","0.2","30","0","pos","259","68.5981308411215","31.401869158878505","67.64132553606238","69.47935368043088"
"665","260","0.5","30","0","pos","166","70.8411214953271","29.1588785046729","71.15009746588694","70.55655296229803"
"668","260","0.3","40","0","pos","0","60.5607476635514","39.4392523364486","59.06432748538012","61.93895870736086"
"667","260","0.2","40","0","pos","166","66.16822429906543","33.83177570093458","63.1578947368421","68.9407540394973"
"669","260","0.4","40","0","pos","0","60.5607476635514","39.4392523364486","59.06432748538012","61.93895870736086"
"671","260","0.1","50","0","pos","0","60.5607476635514","39.4392523364486","59.06432748538012","61.93895870736086"
"666","260","0.1","40","0","pos","166","64.95327102803739","35.046728971962615","64.71734892787524","65.1705565529623"
"665","260","0.5","30","0","pos","259","74.01869158878505","25.981308411214954","72.70955165692008","75.22441651705566"
"670","260","0.5","40","0","pos","0","60.5607476635514","39.4392523364486","59.06432748538012","61.93895870736086"
"668","260","0.3","40","0","pos","69","65.51401869158879","34.48598130841122","63.35282651072125","67.50448833034112"
"669","260","0.4","40","0","pos","69","66.16822429906543","33.83177570093458","66.27680311890838","66.06822262118493"
"667","260","0.2","40","0","pos","259","68.50467289719626","31.49532710280374","67.44639376218323","69.47935368043088"
"672","260","0.2","50","0","pos","0","60.5607476635514","39.4392523364486","59.06432748538012","61.93895870736086"
"671","260","0.1","50","0","pos","69","61.12149532710281","38.87850467289719","60.62378167641326","61.57989228007181"
"673","260","0.3","50","0","pos","0","60.5607476635514","39.4392523364486","59.06432748538012","61.93895870736086"
"666","260","0.1","40","0","pos","259","65.60747663551402","34.39252336448598","64.5224171539961","66.6068222621185"
"675","260","0.5","50","0","pos","0","60.5607476635514","39.4392523364486","59.06432748538012","61.93895870736086"
"676","260","0.1","10","0","pos","0","60.5607476635514","39.4392523364486","59.06432748538012","61.93895870736086"
"670","260","0.5","40","0","pos","69","66.54205607476635","33.45794392523365","65.49707602339181","67.50448833034112"
"673","260","0.3","50","0","pos","69","64.48598130841121","35.51401869158878","65.69200779727096","63.37522441651705"
"672","260","0.2","50","0","pos","69","61.40186915887851","38.598130841121495","60.42884990253411","62.29802513464991"
"669","260","0.4","40","0","pos","166","68.41121495327103","31.588785046728972","70.37037037037037","66.6068222621185"
"674","260","0.4","50","0","pos","0","60.5607476635514","39.4392523364486","59.06432748538012","61.93895870736086"
"668","260","0.3","40","0","pos","166","70.2803738317757","29.719626168224302","69.20077972709552","71.27468581687613"
"675","260","0.5","50","0","pos","69","67.19626168224299","32.80373831775701","67.44639376218323","66.96588868940754"
"676","260","0.1","10","0","pos","69","61.12149532710281","38.87850467289719","59.84405458089669","62.29802513464991"
"677","260","0.2","10","0","pos","0","60.5607476635514","39.4392523364486","59.06432748538012","61.93895870736086"
"669","260","0.4","40","0","pos","259","72.05607476635514","27.943925233644862","73.09941520467837","71.0951526032316"
"672","260","0.2","50","0","pos","166","66.07476635514018","33.925233644859816","64.5224171539961","67.50448833034112"
"671","260","0.1","50","0","pos","166","63.83177570093458","36.16822429906542","63.93762183235867","63.73429084380611"
"668","260","0.3","40","0","pos","259","73.08411214953271","26.91588785046729","71.9298245614035","74.1472172351885"
"678","260","0.3","10","0","pos","0","60.5607476635514","39.4392523364486","59.06432748538012","61.93895870736086"
"670","260","0.5","40","0","pos","166","69.71962616822431","30.2803738317757","69.39571150097466","70.01795332136446"
"675","260","0.5","50","0","pos","166","71.86915887850466","28.130841121495326","72.12475633528264","71.63375224416517"
"677","260","0.2","10","0","pos","69","60.65420560747663","39.345794392523366","59.25925925925925","61.93895870736086"
"674","260","0.4","50","0","pos","69","68.87850467289721","31.121495327102807","69.20077972709552","68.58168761220826"
"672","260","0.2","50","0","pos","259","67.94392523364486","32.05607476635514","66.8615984405458","68.9407540394973"
"679","260","0.4","10","0","pos","0","60.5607476635514","39.4392523364486","59.06432748538012","61.93895870736086"
"673","260","0.3","50","0","pos","166","69.90654205607477","30.093457943925234","73.48927875243665","66.6068222621185"
"678","260","0.3","10","0","pos","69","63.084112149532714","36.915887850467286","62.768031189083814","63.37522441651705"
"676","260","0.1","10","0","pos","166","61.12149532710281","38.87850467289719","59.64912280701754","62.47755834829444"
"670","260","0.5","40","0","pos","259","72.99065420560747","27.009345794392527","72.70955165692008","73.24955116696589"
"671","260","0.1","50","0","pos","259","64.76635514018692","35.23364485981308","65.30214424951268","64.27289048473968"
"679","260","0.4","10","0","pos","69","62.99065420560748","37.00934579439252","61.20857699805068","64.63195691202873"
"677","260","0.2","10","0","pos","166","60.65420560747663","39.345794392523366","60.23391812865497","61.04129263913825"
"675","260","0.5","50","0","pos","259","74.76635514018692","25.233644859813083","75.24366471734892","74.32675044883304"
"673","260","0.3","50","0","pos","259","72.24299065420561","27.757009345794394","74.46393762183236","70.19748653500898"
"678","260","0.3","10","0","pos","166","64.01869158878505","35.981308411214954","63.1578947368421","64.81149012567326"
"679","260","0.4","10","0","pos","166","65.88785046728972","34.112149532710276","64.71734892787524","66.96588868940754"
"677","260","0.2","10","0","pos","259","62.149532710280376","37.850467289719624","61.01364522417154","63.19569120287253"
"674","260","0.4","50","0","pos","166","75.70093457943925","24.299065420560748","76.60818713450293","74.86535008976661"
"681","260","0.1","20","0","pos","0","60.5607476635514","39.4392523364486","59.06432748538012","61.93895870736086"
"678","260","0.3","10","0","pos","259","66.44859813084112","33.55140186915888","65.49707602339181","67.3249551166966"
"676","260","0.1","10","0","pos","259","61.588785046728965","38.41121495327103","59.4541910331384","63.55475763016158"
"679","260","0.4","10","0","pos","259","65.23364485981308","34.76635514018692","65.10721247563353","65.35008976660683"
"680","260","0.5","10","0","pos","0","60.5607476635514","39.4392523364486","59.06432748538012","61.93895870736086"
"682","260","0.2","20","0","pos","0","60.5607476635514","39.4392523364486","59.06432748538012","61.93895870736086"
"681","260","0.1","20","0","pos","69","60.09345794392523","39.90654205607477","59.4541910331384","60.68222621184919"
"683","260","0.3","20","0","pos","0","60.5607476635514","39.4392523364486","59.06432748538012","61.93895870736086"
"680","260","0.5","10","0","pos","69","63.36448598130842","36.63551401869159","62.96296296296296","63.73429084380611"
"684","260","0.4","20","0","pos","0","60.5607476635514","39.4392523364486","59.06432748538012","61.93895870736086"
"674","260","0.4","50","0","pos","259","79.7196261682243","20.280373831775698","80.50682261208577","78.99461400359067"
"681","260","0.1","20","0","pos","166","61.308411214953274","38.691588785046726","60.81871345029239","61.759425493716336"
"683","260","0.3","20","0","pos","69","63.36448598130842","36.63551401869159","63.1578947368421","63.55475763016158"
"686","260","0.1","30","0","pos","0","60.5607476635514","39.4392523364486","59.06432748538012","61.93895870736086"
"682","260","0.2","20","0","pos","69","62.33644859813084","37.663551401869164","61.59844054580896","63.016157989228006"
"685","260","0.5","20","0","pos","0","60.5607476635514","39.4392523364486","59.06432748538012","61.93895870736086"
"684","260","0.4","20","0","pos","69","61.588785046728965","38.41121495327103","61.20857699805068","61.93895870736086"
"680","260","0.5","10","0","pos","166","66.07476635514018","33.925233644859816","64.13255360623782","67.86355475763017"
"681","260","0.1","20","0","pos","259","62.89719626168224","37.10280373831776","61.98830409356725","63.73429084380611"
"683","260","0.3","20","0","pos","166","66.16822429906543","33.83177570093458","64.5224171539961","67.68402154398564"
"685","260","0.5","20","0","pos","69","63.177570093457945","36.822429906542055","63.93762183235867","62.47755834829444"
"686","260","0.1","30","0","pos","69","59.439252336448604","40.560747663551396","57.30994152046783","61.40035906642729"
"687","260","0.2","30","0","pos","0","60.5607476635514","39.4392523364486","59.06432748538012","61.93895870736086"
"689","260","0.4","30","0","pos","0","60.5607476635514","39.4392523364486","59.06432748538012","61.93895870736086"
"690","260","0.5","30","0","pos","0","60.5607476635514","39.4392523364486","59.06432748538012","61.93895870736086"
"688","260","0.3","30","0","pos","0","60.5607476635514","39.4392523364486","59.06432748538012","61.93895870736086"
"682","260","0.2","20","0","pos","166","64.95327102803739","35.046728971962615","64.71734892787524","65.1705565529623"
"684","260","0.4","20","0","pos","166","63.925233644859816","36.074766355140184","62.37816764132553","65.35008976660683"
"680","260","0.5","10","0","pos","259","67.57009345794393","32.429906542056074","66.27680311890838","68.76122082585279"
"683","260","0.3","20","0","pos","259","68.22429906542055","31.775700934579437","66.08187134502924","70.19748653500898"
"687","260","0.2","30","0","pos","69","61.12149532710281","38.87850467289719","60.42884990253411","61.759425493716336"
"685","260","0.5","20","0","pos","166","67.28971962616822","32.71028037383177","66.66666666666666","67.86355475763017"
"686","260","0.1","30","0","pos","166","60.18691588785047","39.81308411214953","57.89473684210527","62.29802513464991"
"691","260","0.1","40","0","pos","0","60.5607476635514","39.4392523364486","59.06432748538012","61.93895870736086"
"690","260","0.5","30","0","pos","69","65.04672897196262","34.953271028037385","64.13255360623782","65.8886894075404"
"689","260","0.4","30","0","pos","69","64.85981308411215","35.14018691588785","63.35282651072125","66.24775583482945"
"688","260","0.3","30","0","pos","69","63.925233644859816","36.074766355140184","62.1832358674464","65.52962298025135"
"684","260","0.4","20","0","pos","259","65.14018691588785","34.859813084112155","65.30214424951268","64.99102333931778"
"682","260","0.2","20","0","pos","259","67.10280373831776","32.89719626168225","66.08187134502924","68.04308797127469"
"692","260","0.2","40","0","pos","0","60.5607476635514","39.4392523364486","59.06432748538012","61.93895870736086"
"686","260","0.1","30","0","pos","259","61.77570093457943","38.22429906542056","59.84405458089669","63.55475763016158"
"690","260","0.5","30","0","pos","166","70.65420560747664","29.345794392523366","69.98050682261209","71.27468581687613"
"691","260","0.1","40","0","pos","69","62.24299065420561","37.75700934579439","61.40350877192983","63.016157989228006"
"687","260","0.2","30","0","pos","166","63.64485981308411","36.35514018691588","63.74269005847953","63.55475763016158"
"685","260","0.5","20","0","pos","259","70.56074766355141","29.439252336448597","70.56530214424951","70.55655296229803"
"689","260","0.4","30","0","pos","166","69.1588785046729","30.8411214953271","67.05653021442495","71.0951526032316"
"692","260","0.2","40","0","pos","69","64.48598130841121","35.51401869158878","62.57309941520468","66.24775583482945"
"690","260","0.5","30","0","pos","259","72.71028037383176","27.289719626168225","72.31968810916179","73.07001795332137"
"693","260","0.3","40","0","pos","0","60.5607476635514","39.4392523364486","59.06432748538012","61.93895870736086"
"688","260","0.3","30","0","pos","166","68.97196261682244","31.02803738317757","68.61598440545808","69.29982046678636"
"691","260","0.1","40","0","pos","166","64.76635514018692","35.23364485981308","63.547758284600384","65.8886894075404"
"694","260","0.4","40","0","pos","0","60.5607476635514","39.4392523364486","59.06432748538012","61.93895870736086"
"689","260","0.4","30","0","pos","259","72.14953271028037","27.850467289719628","71.73489278752436","72.5314183123878"
"687","260","0.2","30","0","pos","259","66.16822429906543","33.83177570093458","65.69200779727096","66.6068222621185"
"693","260","0.3","40","0","pos","69","62.80373831775701","37.19626168224299","61.98830409356725","63.55475763016158"
"694","260","0.4","40","0","pos","69","66.26168224299064","33.73831775700935","68.03118908382066","64.63195691202873"
"695","260","0.5","40","0","pos","0","60.5607476635514","39.4392523364486","59.06432748538012","61.93895870736086"
"692","260","0.2","40","0","pos","166","67.85046728971963","32.149532710280376","65.8869395711501","69.6588868940754"
"691","260","0.1","40","0","pos","259","64.57943925233644","35.42056074766355","62.96296296296296","66.06822262118493"
"697","260","0.2","50","0","pos","0","60.5607476635514","39.4392523364486","59.06432748538012","61.93895870736086"
"695","260","0.5","40","0","pos","69","66.9158878504673","33.084112149532714","65.49707602339181","68.2226211849192"
"698","260","0.3","50","0","pos","0","60.5607476635514","39.4392523364486","59.06432748538012","61.93895870736086"
"693","260","0.3","40","0","pos","166","68.13084112149532","31.86915887850467","67.83625730994152","68.40215439856372"
"696","260","0.1","50","0","pos","0","60.5607476635514","39.4392523364486","59.06432748538012","61.93895870736086"
"688","260","0.3","30","0","pos","259","71.86915887850466","28.130841121495326","72.70955165692008","71.0951526032316"
"697","260","0.2","50","0","pos","69","64.85981308411215","35.14018691588785","64.91228070175438","64.81149012567326"
"694","260","0.4","40","0","pos","166","70.65420560747664","29.345794392523366","72.70955165692008","68.76122082585279"
"698","260","0.3","50","0","pos","69","64.20560747663552","35.794392523364486","63.547758284600384","64.81149012567326"
"695","260","0.5","40","0","pos","166","72.14953271028037","27.850467289719628","71.73489278752436","72.5314183123878"
"699","260","0.4","50","0","pos","0","60.5607476635514","39.4392523364486","59.06432748538012","61.93895870736086"
"692","260","0.2","40","0","pos","259","71.02803738317756","28.971962616822427","70.37037037037037","71.63375224416517"
"700","260","0.5","50","0","pos","0","60.5607476635514","39.4392523364486","59.06432748538012","61.93895870736086"
"697","260","0.2","50","0","pos","166","71.02803738317756","28.971962616822427","71.9298245614035","70.19748653500898"
"696","260","0.1","50","0","pos","69","62.05607476635514","37.94392523364486","60.23391812865497","63.73429084380611"
"694","260","0.4","40","0","pos","259","73.45794392523365","26.542056074766357","74.85380116959064","72.17235188509873"
"701","260","0.1","10","0","pos","0","60.5607476635514","39.4392523364486","59.06432748538012","61.93895870736086"
"693","260","0.3","40","0","pos","259","73.36448598130842","26.635514018691588","72.51461988304094","74.1472172351885"
"699","260","0.4","50","0","pos","69","71.02803738317756","28.971962616822427","67.44639376218323","74.32675044883304"
"695","260","0.5","40","0","pos","259","74.95327102803738","25.04672897196262","74.85380116959064","75.04488330341114"
"701","260","0.1","10","0","pos","69","60.09345794392523","39.90654205607477","58.47953216374269","61.57989228007181"
"698","260","0.3","50","0","pos","166","68.69158878504673","31.308411214953267","69.00584795321637","68.40215439856372"
"696","260","0.1","50","0","pos","166","63.55140186915887","36.44859813084112","63.35282651072125","63.73429084380611"
"702","260","0.2","10","0","pos","0","60.5607476635514","39.4392523364486","59.06432748538012","61.93895870736086"
"697","260","0.2","50","0","pos","259","74.01869158878505","25.981308411214954","75.04873294346979","73.07001795332137"
"700","260","0.5","50","0","pos","69","65.32710280373831","34.67289719626168","64.91228070175438","65.70915619389586"
"703","260","0.3","10","0","pos","0","60.5607476635514","39.4392523364486","59.06432748538012","61.93895870736086"
"702","260","0.2","10","0","pos","69","60.93457943925233","39.06542056074767","59.4541910331384","62.29802513464991"
"699","260","0.4","50","0","pos","166","74.85981308411215","25.140186915887853","71.15009746588694","78.27648114901257"
"696","260","0.1","50","0","pos","259","65.51401869158879","34.48598130841122","64.91228070175438","66.06822262118493"
"701","260","0.1","10","0","pos","166","61.308411214953274","38.691588785046726","60.23391812865497","62.29802513464991"
"698","260","0.3","50","0","pos","259","74.11214953271028","25.88785046728972","73.68421052631578","74.50628366247756"
"705","260","0.5","10","0","pos","0","60.5607476635514","39.4392523364486","59.06432748538012","61.93895870736086"
"699","260","0.4","50","0","pos","259","79.53271028037383","20.46728971962617","76.80311890838206","82.04667863554758"
"706","260","0.1","20","0","pos","0","60.5607476635514","39.4392523364486","59.06432748538012","61.93895870736086"
"703","260","0.3","10","0","pos","69","59.25233644859813","40.74766355140187","59.06432748538012","59.42549371633752"
"702","260","0.2","10","0","pos","166","60.280373831775705","39.719626168224295","58.86939571150097","61.57989228007181"
"704","260","0.4","10","0","pos","0","60.5607476635514","39.4392523364486","59.06432748538012","61.93895870736086"
"707","260","0.2","20","0","pos","0","60.5607476635514","39.4392523364486","59.06432748538012","61.93895870736086"
"706","260","0.1","20","0","pos","69","60.747663551401864","39.25233644859813","60.23391812865497","61.22082585278277"
"700","260","0.5","50","0","pos","166","72.33644859813084","27.663551401869157","70.17543859649122","74.32675044883304"
"705","260","0.5","10","0","pos","69","63.925233644859816","36.074766355140184","62.57309941520468","65.1705565529623"
"703","260","0.3","10","0","pos","166","61.96261682242991","38.03738317757009","61.20857699805068","62.65709156193896"
"708","260","0.3","20","0","pos","0","60.5607476635514","39.4392523364486","59.06432748538012","61.93895870736086"
"707","260","0.2","20","0","pos","69","61.12149532710281","38.87850467289719","60.62378167641326","61.57989228007181"
"709","260","0.4","20","0","pos","0","60.5607476635514","39.4392523364486","59.06432748538012","61.93895870736086"
"702","260","0.2","10","0","pos","259","61.77570093457943","38.22429906542056","59.64912280701754","63.73429084380611"
"701","260","0.1","10","0","pos","259","61.86915887850467","38.13084112149533","60.62378167641326","63.016157989228006"
"704","260","0.4","10","0","pos","69","62.616822429906534","37.38317757009346","61.40350877192983","63.73429084380611"
"706","260","0.1","20","0","pos","166","62.80373831775701","37.19626168224299","62.37816764132553","63.19569120287253"
"708","260","0.3","20","0","pos","69","63.084112149532714","36.915887850467286","61.20857699805068","64.81149012567326"
"700","260","0.5","50","0","pos","259","75.04672897196262","24.95327102803738","71.73489278752436","78.09694793536805"
"705","260","0.5","10","0","pos","166","66.72897196261682","33.271028037383175","66.66666666666666","66.78635547576302"
"709","260","0.4","20","0","pos","69","63.27102803738318","36.728971962616825","60.42884990253411","65.8886894075404"
"710","260","0.5","20","0","pos","0","60.5607476635514","39.4392523364486","59.06432748538012","61.93895870736086"
"711","260","0.1","30","0","pos","0","60.5607476635514","39.4392523364486","59.06432748538012","61.93895870736086"
"707","260","0.2","20","0","pos","166","63.83177570093458","36.16822429906542","65.49707602339181","62.29802513464991"
"703","260","0.3","10","0","pos","259","61.86915887850467","38.13084112149533","61.40350877192983","62.29802513464991"
"708","260","0.3","20","0","pos","166","65.7943925233645","34.205607476635514","65.30214424951268","66.24775583482945"
"710","260","0.5","20","0","pos","69","60.8411214953271","39.15887850467289","60.03898635477582","61.57989228007181"
"705","260","0.5","10","0","pos","259","68.78504672897196","31.21495327102804","67.83625730994152","69.6588868940754"
"711","260","0.1","30","0","pos","69","60.747663551401864","39.25233644859813","59.64912280701754","61.759425493716336"
"704","260","0.4","10","0","pos","166","62.523364485981304","37.47663551401869","61.40350877192983","63.55475763016158"
"708","260","0.3","20","0","pos","259","68.22429906542055","31.775700934579437","67.83625730994152","68.58168761220826"
"709","260","0.4","20","0","pos","166","68.03738317757009","31.962616822429908","65.69200779727096","70.19748653500898"
"706","260","0.1","20","0","pos","259","64.01869158878505","35.981308411214954","64.13255360623782","63.91382405745063"
"710","260","0.5","20","0","pos","166","64.20560747663552","35.794392523364486","62.768031189083814","65.52962298025135"
"707","260","0.2","20","0","pos","259","65.42056074766354","34.57943925233645","66.27680311890838","64.63195691202873"
"711","260","0.1","30","0","pos","166","62.71028037383177","37.28971962616822","61.59844054580896","63.73429084380611"
"704","260","0.4","10","0","pos","259","64.39252336448598","35.60747663551402","62.768031189083814","65.8886894075404"
"712","260","0.2","30","0","pos","0","60.5607476635514","39.4392523364486","59.06432748538012","61.93895870736086"
"714","260","0.4","30","0","pos","0","60.5607476635514","39.4392523364486","59.06432748538012","61.93895870736086"
"710","260","0.5","20","0","pos","259","66.44859813084112","33.55140186915888","64.71734892787524","68.04308797127469"
"714","260","0.4","30","0","pos","69","64.48598130841121","35.51401869158878","64.71734892787524","64.27289048473968"
"712","260","0.2","30","0","pos","69","63.177570093457945","36.822429906542055","64.13255360623782","62.29802513464991"
"713","260","0.3","30","0","pos","0","60.5607476635514","39.4392523364486","59.06432748538012","61.93895870736086"
"709","260","0.4","20","0","pos","259","69.4392523364486","30.560747663551403","66.8615984405458","71.8132854578097"
"715","260","0.5","30","0","pos","0","60.5607476635514","39.4392523364486","59.06432748538012","61.93895870736086"
"716","260","0.1","40","0","pos","0","60.5607476635514","39.4392523364486","59.06432748538012","61.93895870736086"
"717","260","0.2","40","0","pos","0","60.5607476635514","39.4392523364486","59.06432748538012","61.93895870736086"
"711","260","0.1","30","0","pos","259","64.57943925233644","35.42056074766355","63.547758284600384","65.52962298025135"
"714","260","0.4","30","0","pos","166","67.19626168224299","32.80373831775701","66.8615984405458","67.50448833034112"
"713","260","0.3","30","0","pos","69","64.20560747663552","35.794392523364486","62.37816764132553","65.8886894075404"
"715","260","0.5","30","0","pos","69","65.98130841121495","34.018691588785046","65.8869395711501","66.06822262118493"
"718","260","0.3","40","0","pos","0","60.5607476635514","39.4392523364486","59.06432748538012","61.93895870736086"
"719","260","0.4","40","0","pos","0","60.5607476635514","39.4392523364486","59.06432748538012","61.93895870736086"
"716","260","0.1","40","0","pos","69","61.308411214953274","38.691588785046726","60.23391812865497","62.29802513464991"
"712","260","0.2","30","0","pos","166","66.6355140186916","33.36448598130841","66.27680311890838","66.96588868940754"
"720","260","0.5","40","0","pos","0","60.5607476635514","39.4392523364486","59.06432748538012","61.93895870736086"
"717","260","0.2","40","0","pos","69","65.04672897196262","34.953271028037385","63.74269005847953","66.24775583482945"
"721","260","0.1","50","0","pos","0","60.5607476635514","39.4392523364486","59.06432748538012","61.93895870736086"
"719","260","0.4","40","0","pos","69","62.99065420560748","37.00934579439252","61.79337231968811","64.09335727109516"
"713","260","0.3","30","0","pos","166","68.97196261682244","31.02803738317757","68.42105263157895","69.47935368043088"
"715","260","0.5","30","0","pos","166","72.42990654205607","27.570093457943923","71.9298245614035","72.89048473967684"
"720","260","0.5","40","0","pos","69","66.16822429906543","33.83177570093458","63.1578947368421","68.9407540394973"
"714","260","0.4","30","0","pos","259","70.18691588785046","29.813084112149536","70.17543859649122","70.19748653500898"
"712","260","0.2","30","0","pos","259","68.78504672897196","31.21495327102804","70.37037037037037","67.3249551166966"
"717","260","0.2","40","0","pos","166","68.03738317757009","31.962616822429908","67.05653021442495","68.9407540394973"
"716","260","0.1","40","0","pos","166","63.64485981308411","36.35514018691588","63.35282651072125","63.91382405745063"
"721","260","0.1","50","0","pos","69","62.99065420560748","37.00934579439252","62.37816764132553","63.55475763016158"
"718","260","0.3","40","0","pos","69","66.35514018691589","33.64485981308411","68.2261208576998","64.63195691202873"
"715","260","0.5","30","0","pos","259","76.44859813084112","23.551401869158877","77.19298245614034","75.76301615798923"
"720","260","0.5","40","0","pos","166","72.33644859813084","27.663551401869157","69.98050682261209","74.50628366247756"
"717","260","0.2","40","0","pos","259","70.93457943925233","29.06542056074766","68.61598440545808","73.07001795332137"
"716","260","0.1","40","0","pos","259","65.23364485981308","34.76635514018692","64.32748538011695","66.06822262118493"
"713","260","0.3","30","0","pos","259","71.58878504672897","28.41121495327103","72.51461988304094","70.73608617594255"
"723","260","0.3","50","0","pos","0","60.5607476635514","39.4392523364486","59.06432748538012","61.93895870736086"
"721","260","0.1","50","0","pos","166","64.11214953271028","35.88785046728972","64.13255360623782","64.09335727109516"
"722","260","0.2","50","0","pos","0","60.5607476635514","39.4392523364486","59.06432748538012","61.93895870736086"
"719","260","0.4","40","0","pos","166","68.3177570093458","31.68224299065421","66.66666666666666","69.83842010771993"
"718","260","0.3","40","0","pos","166","73.73831775700934","26.261682242990652","75.82846003898635","71.8132854578097"
"724","260","0.4","50","0","pos","0","60.5607476635514","39.4392523364486","59.06432748538012","61.93895870736086"
"721","260","0.1","50","0","pos","259","64.76635514018692","35.23364485981308","63.74269005847953","65.70915619389586"
"719","260","0.4","40","0","pos","259","71.49532710280374","28.504672897196258","69.5906432748538","73.24955116696589"
"725","260","0.5","50","0","pos","0","60.5607476635514","39.4392523364486","59.06432748538012","61.93895870736086"
"720","260","0.5","40","0","pos","259","74.48598130841123","25.514018691588785","73.2943469785575","75.58348294434471"
"723","260","0.3","50","0","pos","69","61.588785046728965","38.41121495327103","60.03898635477582","63.016157989228006"
"718","260","0.3","40","0","pos","259","76.82242990654206","23.177570093457945","78.3625730994152","75.40394973070018"
"722","260","0.2","50","0","pos","69","65.7943925233645","34.205607476635514","63.35282651072125","68.04308797127469"
"726","260","0.1","10","0","pos","0","60.5607476635514","39.4392523364486","59.06432748538012","61.93895870736086"
"725","260","0.5","50","0","pos","69","68.87850467289721","31.121495327102807","69.98050682261209","67.86355475763017"
"727","260","0.2","10","0","pos","0","60.5607476635514","39.4392523364486","59.06432748538012","61.93895870736086"
"724","260","0.4","50","0","pos","69","63.64485981308411","36.35514018691588","62.1832358674464","64.99102333931778"
"728","260","0.3","10","0","pos","0","60.5607476635514","39.4392523364486","59.06432748538012","61.93895870736086"
"726","260","0.1","10","0","pos","69","60.8411214953271","39.15887850467289","60.03898635477582","61.57989228007181"
"729","260","0.4","10","0","pos","0","60.5607476635514","39.4392523364486","59.06432748538012","61.93895870736086"
"727","260","0.2","10","0","pos","69","60.8411214953271","39.15887850467289","60.42884990253411","61.22082585278277"
"725","260","0.5","50","0","pos","166","76.44859813084112","23.551401869158877","76.21832358674465","76.66068222621185"
"723","260","0.3","50","0","pos","166","65.98130841121495","34.018691588785046","65.69200779727096","66.24775583482945"
"728","260","0.3","10","0","pos","69","62.05607476635514","37.94392523364486","59.4541910331384","64.4524236983842"
"726","260","0.1","10","0","pos","166","61.308411214953274","38.691588785046726","60.62378167641326","61.93895870736086"
"725","260","0.5","50","0","pos","259","80.8411214953271","19.158878504672895","79.92202729044834","81.68761220825853"
"724","260","0.4","50","0","pos","166","67.28971962616822","32.71028037383177","65.10721247563353","69.29982046678636"
"722","260","0.2","50","0","pos","166","71.86915887850466","28.130841121495326","70.9551656920078","72.71095152603232"
"727","260","0.2","10","0","pos","166","61.588785046728965","38.41121495327103","61.59844054580896","61.57989228007181"
"730","260","0.5","10","0","pos","0","60.5607476635514","39.4392523364486","59.06432748538012","61.93895870736086"
"731","260","0.1","20","0","pos","0","60.5607476635514","39.4392523364486","59.06432748538012","61.93895870736086"
"729","260","0.4","10","0","pos","69","60.09345794392523","39.90654205607477","57.89473684210527","62.11849192100538"
"726","260","0.1","10","0","pos","259","61.77570093457943","38.22429906542056","60.03898635477582","63.37522441651705"
"724","260","0.4","50","0","pos","259","69.34579439252336","30.654205607476637","67.64132553606238","70.91561938958706"
"733","260","0.3","20","0","pos","0","60.5607476635514","39.4392523364486","59.06432748538012","61.93895870736086"
"727","260","0.2","10","0","pos","259","62.149532710280376","37.850467289719624","63.1578947368421","61.22082585278277"
"730","260","0.5","10","0","pos","69","63.27102803738318","36.728971962616825","62.57309941520468","63.91382405745063"
"722","260","0.2","50","0","pos","259","74.39252336448598","25.607476635514022","73.09941520467837","75.58348294434471"
"723","260","0.3","50","0","pos","259","69.34579439252336","30.654205607476637","68.03118908382066","70.55655296229803"
"728","260","0.3","10","0","pos","166","62.80373831775701","37.19626168224299","58.86939571150097","66.42728904847397"
"731","260","0.1","20","0","pos","69","61.21495327102804","38.78504672897196","59.64912280701754","62.65709156193896"
"729","260","0.4","10","0","pos","166","62.99065420560748","37.00934579439252","60.81871345029239","64.99102333931778"
"732","260","0.2","20","0","pos","0","60.5607476635514","39.4392523364486","59.06432748538012","61.93895870736086"
"734","260","0.4","20","0","pos","0","60.5607476635514","39.4392523364486","59.06432748538012","61.93895870736086"
"728","260","0.3","10","0","pos","259","64.76635514018692","35.23364485981308","61.98830409356725","67.3249551166966"
"733","260","0.3","20","0","pos","69","61.6822429906542","38.31775700934579","61.20857699805068","62.11849192100538"
"731","260","0.1","20","0","pos","166","62.149532710280376","37.850467289719624","61.01364522417154","63.19569120287253"
"732","260","0.2","20","0","pos","69","61.77570093457943","38.22429906542056","60.81871345029239","62.65709156193896"
"734","260","0.4","20","0","pos","69","62.80373831775701","37.19626168224299","61.79337231968811","63.73429084380611"
"737","260","0.2","30","0","pos","0","60.5607476635514","39.4392523364486","59.06432748538012","61.93895870736086"
"736","260","0.1","30","0","pos","0","60.5607476635514","39.4392523364486","59.06432748538012","61.93895870736086"
"735","260","0.5","20","0","pos","0","60.5607476635514","39.4392523364486","59.06432748538012","61.93895870736086"
"731","260","0.1","20","0","pos","259","63.27102803738318","36.728971962616825","61.98830409356725","64.4524236983842"
"730","260","0.5","10","0","pos","166","64.67289719626169","35.32710280373832","63.93762183235867","65.35008976660683"
"739","260","0.4","30","0","pos","0","60.5607476635514","39.4392523364486","59.06432748538012","61.93895870736086"
"734","260","0.4","20","0","pos","166","66.54205607476635","33.45794392523365","65.69200779727096","67.3249551166966"
"733","260","0.3","20","0","pos","166","63.084112149532714","36.915887850467286","62.96296296296296","63.19569120287253"
"729","260","0.4","10","0","pos","259","65.23364485981308","34.76635514018692","63.35282651072125","66.96588868940754"
"732","260","0.2","20","0","pos","166","62.33644859813084","37.663551401869164","61.01364522417154","63.55475763016158"
"737","260","0.2","30","0","pos","69","60.93457943925233","39.06542056074767","59.84405458089669","61.93895870736086"
"735","260","0.5","20","0","pos","69","62.99065420560748","37.00934579439252","63.1578947368421","62.83662477558348"
"739","260","0.4","30","0","pos","69","63.084112149532714","36.915887850467286","61.59844054580896","64.4524236983842"
"730","260","0.5","10","0","pos","259","64.67289719626169","35.32710280373832","63.547758284600384","65.70915619389586"
"736","260","0.1","30","0","pos","69","61.588785046728965","38.41121495327103","60.62378167641326","62.47755834829444"
"738","260","0.3","30","0","pos","0","60.5607476635514","39.4392523364486","59.06432748538012","61.93895870736086"
"732","260","0.2","20","0","pos","259","63.925233644859816","36.074766355140184","62.768031189083814","64.99102333931778"
"740","260","0.5","30","0","pos","0","60.5607476635514","39.4392523364486","59.06432748538012","61.93895870736086"
"737","260","0.2","30","0","pos","166","63.925233644859816","36.074766355140184","61.98830409356725","65.70915619389586"
"733","260","0.3","20","0","pos","259","64.85981308411215","35.14018691588785","64.91228070175438","64.81149012567326"
"735","260","0.5","20","0","pos","166","66.72897196261682","33.271028037383175","65.30214424951268","68.04308797127469"
"734","260","0.4","20","0","pos","259","68.78504672897196","31.21495327102804","67.2514619883041","70.19748653500898"
"740","260","0.5","30","0","pos","69","64.48598130841121","35.51401869158878","66.27680311890838","62.83662477558348"
"739","260","0.4","30","0","pos","166","66.54205607476635","33.45794392523365","64.5224171539961","68.40215439856372"
"737","260","0.2","30","0","pos","259","66.82242990654206","33.177570093457945","63.93762183235867","69.47935368043088"
"735","260","0.5","20","0","pos","259","71.02803738317756","28.971962616822427","70.17543859649122","71.8132854578097"
"738","260","0.3","30","0","pos","69","63.73831775700934","36.26168224299066","63.547758284600384","63.91382405745063"
"741","260","0.1","40","0","pos","0","60.5607476635514","39.4392523364486","59.06432748538012","61.93895870736086"
"736","260","0.1","30","0","pos","166","62.80373831775701","37.19626168224299","62.57309941520468","63.016157989228006"
"740","260","0.5","30","0","pos","166","71.49532710280374","28.504672897196258","72.70955165692008","70.3770197486535"
"742","260","0.2","40","0","pos","0","60.5607476635514","39.4392523364486","59.06432748538012","61.93895870736086"
"741","260","0.1","40","0","pos","69","61.96261682242991","38.03738317757009","60.62378167641326","63.19569120287253"
"743","260","0.3","40","0","pos","0","60.5607476635514","39.4392523364486","59.06432748538012","61.93895870736086"
"736","260","0.1","30","0","pos","259","63.73831775700934","36.26168224299066","61.59844054580896","65.70915619389586"
"740","260","0.5","30","0","pos","259","73.17757009345794","26.822429906542055","74.46393762183236","71.99281867145422"
"739","260","0.4","30","0","pos","259","68.78504672897196","31.21495327102804","67.2514619883041","70.19748653500898"
"742","260","0.2","40","0","pos","69","64.01869158878505","35.981308411214954","64.13255360623782","63.91382405745063"
"744","260","0.4","40","0","pos","0","60.5607476635514","39.4392523364486","59.06432748538012","61.93895870736086"
"738","260","0.3","30","0","pos","166","67.28971962616822","32.71028037383177","65.69200779727096","68.76122082585279"
"743","260","0.3","40","0","pos","69","64.20560747663552","35.794392523364486","63.35282651072125","64.99102333931778"
"745","260","0.5","40","0","pos","0","60.5607476635514","39.4392523364486","59.06432748538012","61.93895870736086"
"741","260","0.1","40","0","pos","166","64.01869158878505","35.981308411214954","62.57309941520468","65.35008976660683"
"744","260","0.4","40","0","pos","69","64.95327102803739","35.046728971962615","65.10721247563353","64.81149012567326"
"742","260","0.2","40","0","pos","166","68.78504672897196","31.21495327102804","68.81091617933723","68.76122082585279"
"747","260","0.2","50","0","pos","0","60.5607476635514","39.4392523364486","59.06432748538012","61.93895870736086"
"745","260","0.5","40","0","pos","69","65.70093457943925","34.29906542056075","65.30214424951268","66.06822262118493"
"738","260","0.3","30","0","pos","259","71.1214953271028","28.878504672897197","70.56530214424951","71.63375224416517"
"748","260","0.3","50","0","pos","0","60.5607476635514","39.4392523364486","59.06432748538012","61.93895870736086"
"746","260","0.1","50","0","pos","0","60.5607476635514","39.4392523364486","59.06432748538012","61.93895870736086"
"743","260","0.3","40","0","pos","166","67.7570093457944","32.242990654205606","67.05653021442495","68.40215439856372"
"741","260","0.1","40","0","pos","259","66.07476635514018","33.925233644859816","65.30214424951268","66.78635547576302"
"744","260","0.4","40","0","pos","166","70.18691588785046","29.813084112149536","71.15009746588694","69.29982046678636"
"742","260","0.2","40","0","pos","259","72.61682242990655","27.38317757009346","73.87914230019493","71.45421903052065"
"747","260","0.2","50","0","pos","69","62.89719626168224","37.10280373831776","60.62378167641326","64.99102333931778"
"748","260","0.3","50","0","pos","69","64.39252336448598","35.60747663551402","63.547758284600384","65.1705565529623"
"749","260","0.4","50","0","pos","0","60.5607476635514","39.4392523364486","59.06432748538012","61.93895870736086"
"746","260","0.1","50","0","pos","69","61.40186915887851","38.598130841121495","59.4541910331384","63.19569120287253"
"745","260","0.5","40","0","pos","166","69.90654205607477","30.093457943925234","68.61598440545808","71.0951526032316"
"749","260","0.4","50","0","pos","69","64.48598130841121","35.51401869158878","63.35282651072125","65.52962298025135"
"743","260","0.3","40","0","pos","259","72.61682242990655","27.38317757009346","71.73489278752436","73.4290843806104"
"750","260","0.5","50","0","pos","0","60.5607476635514","39.4392523364486","59.06432748538012","61.93895870736086"
"744","260","0.4","40","0","pos","259","73.08411214953271","26.91588785046729","74.46393762183236","71.8132854578097"
"747","260","0.2","50","0","pos","166","66.26168224299064","33.73831775700935","63.547758284600384","68.76122082585279"
"748","260","0.3","50","0","pos","166","67.28971962616822","32.71028037383177","67.2514619883041","67.3249551166966"
"745","260","0.5","40","0","pos","259","72.52336448598132","27.476635514018692","71.34502923976608","73.60861759425494"
"746","260","0.1","50","0","pos","166","62.99065420560748","37.00934579439252","61.20857699805068","64.63195691202873"
"750","260","0.5","50","0","pos","69","65.51401869158879","34.48598130841122","64.71734892787524","66.24775583482945"
"749","260","0.4","50","0","pos","166","69.34579439252336","30.654205607476637","68.42105263157895","70.19748653500898"
"747","260","0.2","50","0","pos","259","69.90654205607477","30.093457943925234","66.8615984405458","72.71095152603232"
"748","260","0.3","50","0","pos","259","70.74766355140187","29.252336448598133","72.12475633528264","69.47935368043088"
"746","260","0.1","50","0","pos","259","64.95327102803739","35.046728971962615","64.71734892787524","65.1705565529623"
"750","260","0.5","50","0","pos","166","72.05607476635514","27.943925233644862","70.9551656920078","73.07001795332137"
"749","260","0.4","50","0","pos","259","71.96261682242991","28.037383177570092","69.78557504873294","73.96768402154399"
"750","260","0.5","50","0","pos","259","76.63551401869158","23.364485981308412","75.04873294346979","78.09694793536805"
